"STATION","LATITUDE","LONGITUDE","ELEVATION","DATE","DEWP","FRSHTT","GUST","MAX","MIN","MXSPD","PRCP","SLP","SNDP","STP","TEMP","VISIB","WDSP"
"34504099999","48.6","34.9666666","143.0","1973-01-01","   7.7","000000","999.9","  39.2","  24.8"," 17.5"," 0.00","1042.2","999.9","999.9","  30.4","  6.2"," 10.9"
"34504099999","48.6","34.9666666","143.0","1973-01-02","   9.9","000000","999.9","  44.6","  23.0","  9.7"," 0.00","1040.2","999.9","999.9","  30.6","  6.2","  7.5"
"34504099999","48.6","34.9666666","143.0","1973-01-03","  18.1","000000","999.9","  41.0","  23.0","  5.8"," 0.00","1033.0","999.9","999.9","  29.2","  6.2","  3.9"
"34504099999","48.6","34.9666666","143.0","1973-01-04","  27.7","101000","999.9","  30.2","  24.8","  7.8"," 0.00","1026.9","999.9","999.9","  28.2","  0.6","  1.2"
"34504099999","48.6","34.9666666","143.0","1973-01-05","  26.8","000000","999.9","  30.2","  26.6","  9.7"," 0.00","1027.3","999.9","999.9","  28.6","  1.5","  4.6"
"34504099999","48.6","34.9666666","143.0","1973-01-06","  27.5","010000","999.9","  32.0","  30.2"," 15.5"," 0.00","1028.3","999.9","999.9","  31.3","  2.3"," 11.4"
"34504099999","48.6","34.9666666","143.0","1973-01-07","  27.3","010000","999.9","  33.8","  24.8"," 15.5"," 0.00","1025.7","999.9","999.9","  30.9","  3.2"," 13.6"
"34504099999","48.6","34.9666666","143.0","1973-01-08","  15.8","000000","999.9","  30.2","  15.8"," 15.5"," 0.00","1027.6","999.9","999.9","  23.4","  6.2","  9.0"
"34504099999","48.6","34.9666666","143.0","1973-01-09","  21.6","010000","999.9","  35.6","  23.0"," 19.4"," 0.00","1017.4","999.9","999.9","  30.9","  6.2"," 17.0"
"34504099999","48.6","34.9666666","143.0","1973-01-10","  13.5","001000","999.9","  28.4","  14.0"," 19.4"," 0.00","1020.0","999.9","999.9","  23.3","  5.0","  9.2"
"34504099999","48.6","34.9666666","143.0","1973-01-11","  26.6","001000","999.9","  32.0","  24.8"," 23.3"," 0.20","1000.6","  3.1","999.9","  28.9","  1.6"," 16.5"
"34504099999","48.6","34.9666666","143.0","1973-01-12","   3.9","000000","999.9","  21.2","  -0.4"," 31.1"," 0.02","1011.0","999.9","999.9","  11.2","  2.2"," 22.8"
"34504099999","48.6","34.9666666","143.0","1973-01-13","  -1.1","001000","999.9","  12.2","  -0.4"," 17.5"," 0.04","1025.1","  5.1","999.9","   4.8","  2.7"," 12.6"
"34504099999","48.6","34.9666666","143.0","1973-01-14","  10.1","001000","999.9","  17.6","   6.8"," 15.5"," 0.12","1023.8","  5.1","999.9","  14.5","  2.4"," 11.9"
"34504099999","48.6","34.9666666","143.0","1973-01-15","  11.4","001000","999.9","  30.2","   6.8"," 15.5"," 0.01","1021.8","  5.5","999.9","  18.1","  4.1"," 12.5"
"34504099999","48.6","34.9666666","143.0","1973-01-16","   6.3","000000","999.9","  15.8","   3.2"," 17.5"," 0.00","1029.3","  5.1","999.9","   9.9","  3.0"," 11.2"
"34504099999","48.6","34.9666666","143.0","1973-01-17","   1.4","000000","999.9","  14.0","  -4.0"," 11.7"," 0.00","1033.4","  5.1","999.9","   6.1","  2.2","  4.1"
"34504099999","48.6","34.9666666","143.0","1973-01-18","  15.0","000000","999.9","  24.8","   5.0","  5.8"," 0.00","1030.4","  5.1","999.9","  20.4","  2.0","  3.1"
"34504099999","48.6","34.9666666","143.0","1973-01-20","   3.5","000000","999.9","  24.8","  -5.8"," 19.4"," 0.00","1033.4","  5.1","999.9","   9.5","  3.4"," 16.3"
"34504099999","48.6","34.9666666","143.0","1973-01-21"," -12.8","000000","999.9","   1.4"," -11.2"," 19.4"," 0.00","1040.5","  3.1","999.9","  -4.9","  4.8"," 18.9"
"34504099999","48.6","34.9666666","143.0","1973-01-22","  -9.4","000000","999.9","  10.4","  -5.8"," 19.4"," 0.00","1040.0","  3.1","999.9","   1.4"," 10.5"," 15.8"
"34504099999","48.6","34.9666666","143.0","1973-01-23"," -10.2","000000","999.9","  10.4","  -2.2"," 17.5"," 0.00","1042.2","  3.1","999.9","   1.8","  6.2"," 12.1"
"34504099999","48.6","34.9666666","143.0","1973-01-24","  -5.2","000000","999.9","  14.0","  -7.6"," 13.6"," 0.00","1045.8","  3.1","999.9","   3.2","  4.1","  6.9"
"34504099999","48.6","34.9666666","143.0","1973-01-25","   1.2","000000","999.9","  15.8","  -2.2"," 11.7"," 0.00","1047.0","  3.1","999.9","   6.8","  3.3","  9.5"
"34504099999","48.6","34.9666666","143.0","1973-01-26","   4.0","010000","999.9","  17.6","   1.4"," 11.7"," 0.00","1034.1","  3.1","999.9","   9.1","  2.3","  8.7"
"34504099999","48.6","34.9666666","143.0","1973-01-27","   7.9","000000","999.9","  19.4","   3.2","  9.7"," 0.00","1018.7","  3.1","999.9","  12.4","  2.3","  7.5"
"34504099999","48.6","34.9666666","143.0","1973-01-28","  20.4","001000","999.9","  26.6","  19.4"," 13.6"," 0.02","1012.0","  3.1","999.9","  23.3","  3.1","  6.4"
"34504099999","48.6","34.9666666","143.0","1973-01-29","  13.5","100000","999.9","  23.0","   6.8","  5.8"," 0.00","1019.5","  3.1","999.9","  17.4","  1.7","  2.7"
"34504099999","48.6","34.9666666","143.0","1973-01-30","  29.2","011000","999.9","  33.8","  17.6"," 13.6"," 0.43","1011.5","  5.1","999.9","  29.9","  0.6"," 10.8"
"34504099999","48.6","34.9666666","143.0","1973-01-31","  30.2","011000","999.9","  32.0","  26.6"," 13.6"," 0.16","1009.0","999.9","999.9","  30.9","  1.1"," 10.5"
"34504099999","48.6","34.9666666","143.0","1973-02-01","  10.4","000000","999.9","  19.4","  12.2","  9.7"," 0.08","1021.4","  3.1","999.9","  16.2","  3.4","  7.3"
"34504099999","48.6","34.9666666","143.0","1973-02-02","  14.0","001000","999.9","  21.2","  17.6"," 11.7"," 0.04","1027.1","  5.1","999.9","  19.4","  1.4","  9.1"
"34504099999","48.6","34.9666666","143.0","1973-02-03","  11.9","000000","999.9","  21.2","  10.4"," 13.6"," 0.00","1027.3","  5.1","999.9","  16.4","  1.7","  5.5"
"34504099999","48.6","34.9666666","143.0","1973-02-05","  10.1","000000","999.9","  21.2","  14.0"," 15.5"," 0.00","1019.9","  5.1","999.9","  18.1","  6.2"," 11.9"
"34504099999","48.6","34.9666666","143.0","1973-02-06","  24.8","010000","999.9","  35.6","  14.0"," 17.5"," 0.00","1013.7","  5.1","999.9","  29.5","  3.3"," 15.3"
"34504099999","48.6","34.9666666","143.0","1973-02-07","  28.7","001000","999.9","  35.6","  26.6"," 23.3","99.99","1005.8","999.9","999.9","  31.2","  2.8"," 16.7"
"34504099999","48.6","34.9666666","143.0","1973-02-08","  30.2","010000","999.9","  37.4","  33.8"," 23.3"," 0.00","1003.6","  3.1","999.9","  35.4","  5.7"," 16.8"
"34504099999","48.6","34.9666666","143.0","1973-02-09","  33.3","000000","999.9","  39.2","  30.2"," 13.6"," 0.00","1010.9","  3.1","999.9","  35.3","  2.9","  8.6"
"34504099999","48.6","34.9666666","143.0","1973-02-10","  33.8","100000","999.9","  35.6","  32.0"," 11.7"," 0.00","1009.4","  3.1","999.9","  33.8","  0.1","  8.6"
"34504099999","48.6","34.9666666","143.0","1973-02-11","  34.1","110000","999.9","  41.0","  32.0"," 13.6"," 0.13","1010.1","999.9","999.9","  35.1","  0.1","  8.6"
"34504099999","48.6","34.9666666","143.0","1973-02-12","  33.6","010000","999.9","  41.0","  32.0"," 17.5"," 0.08","1009.5","999.9","999.9","  36.5","  5.1"," 11.2"
"34504099999","48.6","34.9666666","143.0","1973-02-13","  28.9","101000","999.9","  32.0","  28.4","  7.8"," 0.35","1010.5","  0.8","999.9","  30.7","  2.2","  4.4"
"34504099999","48.6","34.9666666","143.0","1973-02-14","  31.2","100000","999.9","  33.8","  28.4","  7.8"," 0.00","1013.4","  1.6","999.9","  31.7","  0.2","  5.5"
"34504099999","48.6","34.9666666","143.0","1973-02-15","  35.8","100000","999.9","  42.8","  30.2"," 13.6"," 0.00","1016.2","  0.4","999.9","  37.6","  1.1"," 10.0"
"34504099999","48.6","34.9666666","143.0","1973-02-16","  33.6","100000","999.9","  39.2","  32.0"," 17.5"," 0.01","1018.3","  7.9","999.9","  34.0","  0.3"," 12.9"
"34504099999","48.6","34.9666666","143.0","1973-02-17","  32.5","100000","999.9","  35.6","  30.2"," 19.4"," 0.00","1012.0","999.9","999.9","  33.1","  0.7"," 15.8"
"34504099999","48.6","34.9666666","143.0","1973-02-18","  33.3","010000","999.9","  48.2","  33.8"," 27.2"," 0.51","1001.4","999.9","999.9","  37.4","  3.7"," 20.3"
"34504099999","48.6","34.9666666","143.0","1973-02-19","  31.5","010000","999.9","  37.4","  33.8"," 19.4"," 0.16","1009.3","999.9","999.9","  34.8","  3.9"," 13.3"
"34504099999","48.6","34.9666666","143.0","1973-02-20","  31.1","100000","999.9","  41.0","  32.0"," 13.6"," 0.00","1017.5","999.9","999.9","  34.9","  3.3","  6.1"
"34504099999","48.6","34.9666666","143.0","1973-02-21","  32.5","011000","999.9","  39.2","  32.0","  5.8"," 0.00","1011.3","999.9","999.9","  35.1","  3.1","  2.9"
"34504099999","48.6","34.9666666","143.0","1973-02-22","  30.2","101000","999.9","  33.8","  30.2"," 19.4"," 0.00","1004.5","999.9","999.9","  32.3","  1.6"," 11.1"
"34504099999","48.6","34.9666666","143.0","1973-02-23","  30.6","101000","999.9","  39.2","  32.0"," 13.6"," 0.04","1004.7","  0.4","999.9","  34.0","  5.0","  8.5"
"34504099999","48.6","34.9666666","143.0","1973-02-25","  32.9","111000","999.9","  35.6","  32.0"," 17.5"," 0.24"," 999.6","999.9","999.9","  34.1","  1.1"," 13.3"
"34504099999","48.6","34.9666666","143.0","1973-02-26","  31.8","010000","999.9","  39.2","  30.2"," 19.4"," 0.12","1003.6","999.9","999.9","  33.8","  1.0"," 10.8"
"34504099999","48.6","34.9666666","143.0","1973-02-27","  32.5","000000","999.9","  41.0","  33.8"," 29.1"," 0.08","1002.9","999.9","999.9","  37.4","  6.2"," 19.9"
"34504099999","48.6","34.9666666","143.0","1973-02-28","  32.0","111000","999.9","  33.8","  32.0"," 19.4"," 0.28","1009.4","  5.1","999.9","  32.2","  0.5"," 13.8"
"34504099999","48.6","34.9666666","143.0","1973-03-01","  31.3","111000","999.9","  35.6","  26.6"," 19.4"," 0.91","1004.0","  0.8","999.9","  32.2","  1.6"," 13.8"
"34504099999","48.6","34.9666666","143.0","1973-03-02","  23.9","001000","999.9","  32.0","  23.0"," 17.5"," 0.04","1009.5","999.9","999.9","  27.7","  4.0"," 10.2"
"34504099999","48.6","34.9666666","143.0","1973-03-03","  24.8","001000","999.9","  32.0","  26.6"," 11.7"," 0.06","1010.6","  0.4","999.9","  27.7","  3.0","  7.5"
"34504099999","48.6","34.9666666","143.0","1973-03-04","  23.9","001000","999.9","  30.2","  24.8","  9.7"," 0.02","1016.5","  0.4","999.9","  27.1","  2.3","  4.6"
"34504099999","48.6","34.9666666","143.0","1973-03-05","  22.6","100000","999.9","  30.2","  19.4"," 13.6"," 0.00","1020.8","999.9","999.9","  25.9","  1.6","  7.3"
"34504099999","48.6","34.9666666","143.0","1973-03-06","  25.3","100000","999.9","  30.2","  23.0","  7.8"," 0.00","1025.7","999.9","999.9","  27.5","  1.3","  4.4"
"34504099999","48.6","34.9666666","143.0","1973-03-07","  22.3","000000","999.9","  32.0","  23.0","  7.8"," 0.00","1027.0","999.9","999.9","  26.6","  1.9","  4.9"
"34504099999","48.6","34.9666666","143.0","1973-03-08","  21.7","100000","999.9","  30.2","  17.6","  9.7"," 0.00","1029.2","999.9","999.9","  25.0","  1.4","  6.1"
"34504099999","48.6","34.9666666","143.0","1973-03-09","  29.2","101000","999.9","  35.6","  26.6","  9.7"," 0.00","1025.3","999.9","999.9","  31.2","  1.4","  5.8"
"34504099999","48.6","34.9666666","143.0","1973-03-10","  31.4","111000","999.9","  35.6","  32.0"," 15.5"," 0.31","1024.4","  1.6","999.9","  32.9","  0.8","  9.1"
"34504099999","48.6","34.9666666","143.0","1973-03-11","  25.7","000000","999.9","  32.0","  28.4"," 17.5"," 0.00","1024.0","999.9","999.9","  30.9","  3.0"," 14.8"
"34504099999","48.6","34.9666666","143.0","1973-03-12","  21.7","000000","999.9","  35.6","  24.8"," 19.4"," 0.00","1020.4","999.9","999.9","  28.4","  5.0"," 15.8"
"34504099999","48.6","34.9666666","143.0","1973-03-13","  21.2","000000","999.9","  39.2","  23.0"," 17.5"," 0.00","1020.8","999.9","999.9","  29.8","  5.3"," 12.1"
"34504099999","48.6","34.9666666","143.0","1973-03-14","  26.6","000000","999.9","  37.4","  26.6"," 13.6"," 0.00","1020.4","999.9","999.9","  32.9","  4.3","  9.2"
"34504099999","48.6","34.9666666","143.0","1973-03-15","  29.2","001000","999.9","  32.0","  28.4"," 27.2"," 0.43","1016.8","999.9","999.9","  29.9","  0.7"," 21.4"
"34504099999","48.6","34.9666666","143.0","1973-03-16","  30.2","101000","999.9","  32.0","  30.2"," 23.3"," 0.35","1018.0","999.9","999.9","  31.7","  0.8"," 17.2"
"34504099999","48.6","34.9666666","143.0","1973-03-17","  30.7","100000","999.9","  33.8","  26.6","  7.8"," 0.00","1014.6","  7.9","999.9","  31.6","  0.7","  6.4"
"34504099999","48.6","34.9666666","143.0","1973-03-18","  25.7","000000","999.9","  39.2","  23.0"," 15.5"," 0.00","1013.0","  5.1","999.9","  30.9","  5.2"," 10.4"
"34504099999","48.6","34.9666666","143.0","1973-03-19","  32.0","000000","999.9","  39.2","  32.0","  9.7"," 0.00","1007.4","  3.1","999.9","  35.2","  3.3","  5.3"
"34504099999","48.6","34.9666666","143.0","1973-03-20","  21.2","000000","999.9","  33.8","  28.4"," 19.4"," 0.00","1012.8","  3.1","999.9","  31.5","  6.2"," 14.2"
"34504099999","48.6","34.9666666","143.0","1973-03-21","  29.7","001000","999.9","  39.2","  28.4"," 13.6"," 0.01","1016.2","  1.6","999.9","  34.8","  2.8","  9.4"
"34504099999","48.6","34.9666666","143.0","1973-03-22","  25.1","000000","999.9","  35.6","  28.4"," 17.5"," 0.00","1021.4","  0.4","999.9","  32.8","  4.8"," 11.9"
"34504099999","48.6","34.9666666","143.0","1973-03-23","  31.8","010000","999.9","  41.0","  28.4"," 13.6"," 0.00","1019.6","  0.4","999.9","  35.4","  3.4"," 10.2"
"34504099999","48.6","34.9666666","143.0","1973-03-24","  36.9","010000","999.9","  50.0","  32.0"," 19.4"," 0.00","1019.0","999.9","999.9","  42.1","  1.8"," 12.1"
"34504099999","48.6","34.9666666","143.0","1973-03-25","  35.3","100000","999.9","  53.6","  35.6"," 11.7"," 0.00","1023.2","999.9","999.9","  45.6","  4.3","  9.2"
"34504099999","48.6","34.9666666","143.0","1973-03-26","  34.4","000000","999.9","  51.8","  32.0"," 11.7"," 0.00","1029.1","999.9","999.9","  41.3","  6.2","  7.8"
"34504099999","48.6","34.9666666","143.0","1973-03-27","  33.5","000000","999.9","  51.8","  33.8","  9.7"," 0.00","1031.9","999.9","999.9","  42.5","  4.1","  4.2"
"34504099999","48.6","34.9666666","143.0","1973-03-28","  34.8","000000","999.9","  57.2","  33.8"," 11.7"," 0.00","1030.9","999.9","999.9","  44.3","  4.6","  6.7"
"34504099999","48.6","34.9666666","143.0","1973-03-29","  33.8","000000","999.9","  57.2","  39.2"," 15.5"," 0.00","1029.7","999.9","999.9","  48.5","  5.1"," 12.8"
"34504099999","48.6","34.9666666","143.0","1973-03-30","  17.9","000000","999.9","  59.0","  32.0"," 15.5"," 0.00","1023.9","999.9","999.9","  46.1","  5.1"," 12.2"
"34504099999","48.6","34.9666666","143.0","1973-03-31","  28.4","000000","999.9","  55.4","  32.0","  7.8"," 0.00","1017.0","999.9","999.9","  45.1","  6.2","  6.1"
"34504099999","48.6","34.9666666","143.0","1973-04-01","  28.2","000000","999.9","  60.8","  35.6","  5.8"," 0.00","1015.9","999.9","999.9","  49.6","  5.7","  1.7"
"34504099999","48.6","34.9666666","143.0","1973-04-02","  25.7","000000","999.9","  62.6","  39.2"," 15.5"," 0.00","1014.7","999.9","999.9","  49.5","  6.2"," 10.0"
"34504099999","48.6","34.9666666","143.0","1973-04-03","  35.0","000000","999.9","  59.0","  37.4"," 19.4"," 0.00","1014.6","999.9","999.9","  47.3","  6.2"," 11.3"
"34504099999","48.6","34.9666666","143.0","1973-04-04","  34.7","000000","999.9","  68.0","  37.4"," 13.6"," 0.00","1016.6","999.9","999.9","  48.2","  5.6","  9.7"
"34504099999","48.6","34.9666666","143.0","1973-04-05","  38.9","000000","999.9","  64.4","  46.4"," 11.7"," 0.00","1021.3","999.9","999.9","  55.1","  6.2","  6.8"
"34504099999","48.6","34.9666666","143.0","1973-04-06","  30.2","000000","999.9","  66.2","  42.8"," 13.6"," 0.00","1019.8","999.9","999.9","  52.2","  6.2","  7.4"
"34504099999","48.6","34.9666666","143.0","1973-04-07","  30.7","000000","999.9","  68.0","  42.8"," 15.5"," 0.00","1011.7","999.9","999.9","  54.5","  6.2"," 12.4"
"34504099999","48.6","34.9666666","143.0","1973-04-08","  35.6","000000","999.9","  60.8","  39.2"," 17.5"," 0.00","1009.7","999.9","999.9","  52.5","  6.2"," 11.7"
"34504099999","48.6","34.9666666","143.0","1973-04-09","  41.4","000000","999.9","  64.4","  42.8","  7.8"," 0.00","1017.9","999.9","999.9","  55.0","  6.2","  3.6"
"34504099999","48.6","34.9666666","143.0","1973-04-10","  41.3","000000","999.9","  68.0","  42.8"," 23.3"," 0.00","1020.8","999.9","999.9","  54.5","  4.2"," 13.6"
"34504099999","48.6","34.9666666","143.0","1973-04-11","  40.0","000000","999.9","  80.6","  44.6"," 25.3"," 0.00","1014.2","999.9","999.9","  55.1","  6.2"," 16.9"
"34504099999","48.6","34.9666666","143.0","1973-04-12","  36.6","000000","999.9","  69.8","  48.2"," 17.5"," 0.00","1008.7","999.9","999.9","  59.2","  6.2"," 15.3"
"34504099999","48.6","34.9666666","143.0","1973-04-13","  42.3","010000","999.9","  57.2","  44.6"," 15.5"," 0.00","1012.9","999.9","999.9","  51.1","  6.2","  9.7"
"34504099999","48.6","34.9666666","143.0","1973-04-14","  45.4","000000","999.9","  60.8","  44.6"," 17.5"," 0.16","1012.2","999.9","999.9","  54.0","  4.3"," 10.2"
"34504099999","48.6","34.9666666","143.0","1973-04-15","  41.0","000000","999.9","  57.2","  42.8"," 13.6"," 0.00","1013.7","999.9","999.9","  49.6","  3.4"," 10.9"
"34504099999","48.6","34.9666666","143.0","1973-04-16","  44.6","100000","999.9","  59.0","  44.6"," 17.5"," 0.01","1010.3","999.9","999.9","  49.3","  2.6"," 13.8"
"34504099999","48.6","34.9666666","143.0","1973-04-17","  45.1","010000","999.9","  51.8","  44.6"," 19.4"," 0.01","1004.9","999.9","999.9","  48.0","  1.5"," 13.6"
"34504099999","48.6","34.9666666","143.0","1973-04-18","  44.9","011010","999.9","  48.2","  44.6"," 17.5"," 0.02","1003.2","999.9","999.9","  46.4","  1.4","  8.5"
"34504099999","48.6","34.9666666","143.0","1973-04-19","  37.4","010000","999.9","  57.2","  44.6"," 25.3"," 0.08","1009.0","999.9","999.9","  49.5","  6.2"," 15.5"
"34504099999","48.6","34.9666666","143.0","1973-04-20","  33.8","000000","999.9","  60.8","  41.0"," 15.5"," 0.00","1010.5","999.9","999.9","  50.9","  6.2","  8.3"
"34504099999","48.6","34.9666666","143.0","1973-04-21","  41.3","000000","999.9","  59.0","  42.8"," 11.7"," 0.00","1007.3","999.9","999.9","  50.0","  4.2","  6.9"
"34504099999","48.6","34.9666666","143.0","1973-04-22","  40.2","000000","999.9","  66.2","  42.8"," 11.7"," 0.00","1008.5","999.9","999.9","  54.5","  4.3","  7.5"
"34504099999","48.6","34.9666666","143.0","1973-04-23","  38.9","000000","999.9","  62.6","  46.4"," 15.5"," 0.00","1010.8","999.9","999.9","  51.5","  5.1","  8.6"
"34504099999","48.6","34.9666666","143.0","1973-04-24","  38.2","000000","999.9","  64.4","  39.2","  5.8"," 0.00","1013.2","999.9","999.9","  53.3","  5.7","  1.7"
"34504099999","48.6","34.9666666","143.0","1973-04-25","  41.2","000000","999.9","  66.2","  44.6"," 13.6"," 0.00","1010.5","999.9","999.9","  55.4","  5.3","  7.0"
"34504099999","48.6","34.9666666","143.0","1973-04-26","  46.2","010000","999.9","  59.0","  50.0"," 19.4"," 0.12","1007.8","999.9","999.9","  52.2","  5.7"," 12.1"
"34504099999","48.6","34.9666666","143.0","1973-04-27","  50.5","010000","999.9","  55.4","  50.0","  7.8"," 0.16","1007.1","999.9","999.9","  52.0","  2.8","  6.1"
"34504099999","48.6","34.9666666","143.0","1973-04-28","  48.7","010000","999.9","  57.2","  48.2"," 13.6"," 0.22","1009.5","999.9","999.9","  51.1","  3.3","  5.6"
"34504099999","48.6","34.9666666","143.0","1973-04-29","  42.6","010000","999.9","  59.0","  46.4"," 13.6"," 0.43","1016.0","999.9","999.9","  51.3","  4.8","  7.3"
"34504099999","48.6","34.9666666","143.0","1973-04-30","  42.1","000000","999.9","  64.4","  42.8","  7.8"," 0.00","1019.7","999.9","999.9","  55.2","  6.2","  1.9"
"34504099999","48.6","34.9666666","143.0","1973-05-01","  45.3","000000","999.9","  68.0","  50.0","  7.8"," 0.00","1021.6","999.9","999.9","  59.2","  5.7","  4.1"
"34504099999","48.6","34.9666666","143.0","1973-05-02","  48.8","100000","999.9","  73.4","  51.8","  7.8"," 0.00","1020.7","999.9","999.9","  61.1","  5.6","  4.2"
"34504099999","48.6","34.9666666","143.0","1973-05-03","  46.0","000000","999.9","  77.0","  50.0"," 15.5"," 0.00","1018.0","999.9","999.9","  61.7","  6.2","  9.7"
"34504099999","48.6","34.9666666","143.0","1973-05-04","  46.2","000000","999.9","  71.6","  51.8"," 19.4"," 0.00","1014.5","999.9","999.9","  58.8","  6.2"," 14.1"
"34504099999","48.6","34.9666666","143.0","1973-05-05","  50.9","000000","999.9","  68.0","  48.2"," 13.6"," 0.00","1017.1","999.9","999.9","  57.7","  5.7","  7.8"
"34504099999","48.6","34.9666666","143.0","1973-05-06","  43.1","000000","999.9","  75.2","  50.0","  5.8"," 0.00","1024.0","999.9","999.9","  64.7","  5.7","  3.2"
"34504099999","48.6","34.9666666","143.0","1973-05-07","  45.4","000000","999.9","  71.6","  55.4"," 23.3"," 0.00","1019.3","999.9","999.9","  61.3","  6.2"," 14.7"
"34504099999","48.6","34.9666666","143.0","1973-05-08","  50.3","010000","999.9","  82.4","  53.6"," 17.5"," 0.00","1014.5","999.9","999.9","  63.7","  6.2"," 13.8"
"34504099999","48.6","34.9666666","143.0","1973-05-09","  51.6","000000","999.9","  82.4","  51.8"," 13.6"," 0.00","1013.4","999.9","999.9","  69.1","  5.7","  8.3"
"34504099999","48.6","34.9666666","143.0","1973-05-10","  55.1","000000","999.9","  80.6","  59.0"," 13.6"," 0.00","1009.1","999.9","999.9","  69.3","  6.2","  8.3"
"34504099999","48.6","34.9666666","143.0","1973-05-11","  51.6","000000","999.9","  82.4","  57.2"," 15.5"," 0.00","1007.5","999.9","999.9","  68.0","  6.2"," 13.4"
"34504099999","48.6","34.9666666","143.0","1973-05-12","  44.4","000000","999.9","  69.8","  46.4"," 19.4"," 0.00","1012.8","999.9","999.9","  57.7","  6.2"," 14.3"
"34504099999","48.6","34.9666666","143.0","1973-05-13","  35.6","000000","999.9","  62.6","  41.0"," 15.5"," 0.00","1021.2","999.9","999.9","  53.3","  6.2"," 11.9"
"34504099999","48.6","34.9666666","143.0","1973-05-14","  34.2","000000","999.9","  66.2","  44.6"," 13.6"," 0.00","1023.1","999.9","999.9","  55.6","  6.2"," 11.4"
"34504099999","48.6","34.9666666","143.0","1973-05-15","  38.1","000000","999.9","  66.2","  48.2"," 15.5"," 0.00","1017.7","999.9","999.9","  58.1","  6.2"," 10.2"
"34504099999","48.6","34.9666666","143.0","1973-05-16","  50.5","010000","999.9","  69.8","  51.8"," 23.3"," 0.87","1010.2","999.9","999.9","  55.2","  3.4"," 16.0"
"34504099999","48.6","34.9666666","143.0","1973-05-17","  47.2","010000","999.9","  55.4","  46.4"," 19.4"," 1.97","1009.1","999.9","999.9","  49.1","  2.5"," 17.5"
"34504099999","48.6","34.9666666","143.0","1973-05-18","  43.3","000000","999.9","  59.0","  46.4"," 13.6"," 0.00","1013.3","999.9","999.9","  50.5","  5.3"," 12.1"
"34504099999","48.6","34.9666666","143.0","1973-05-19","  38.1","000000","999.9","  60.8","  48.2"," 15.5"," 0.00","1017.5","999.9","999.9","  52.9","  6.2"," 11.9"
"34504099999","48.6","34.9666666","143.0","1973-05-20","  41.0","000000","999.9","  68.0","  41.0"," 15.5"," 0.00","1015.1","999.9","999.9","  55.0","  6.2","  9.4"
"34504099999","48.6","34.9666666","143.0","1973-05-21","  50.5","000000","999.9","  66.2","  48.2"," 11.7"," 0.00","1014.4","999.9","999.9","  57.2","  6.2","  6.1"
"34504099999","48.6","34.9666666","143.0","1973-05-22","  48.0","000000","999.9","  71.6","  48.2","  5.8"," 0.00","1016.3","999.9","999.9","  62.8","  5.7","  1.5"
"34504099999","48.6","34.9666666","143.0","1973-05-23","  48.2","000000","999.9","  77.0","  46.4"," 13.6"," 0.00","1016.2","999.9","999.9","  66.0","  6.2","  4.6"
"34504099999","48.6","34.9666666","143.0","1973-05-24","  52.5","000000","999.9","  75.2","  53.6","  7.8"," 0.00","1014.6","999.9","999.9","  64.8","  5.3","  2.2"
"34504099999","48.6","34.9666666","143.0","1973-05-25","  55.9","010010","999.9","  69.8","  55.4"," 13.6"," 0.35","1009.9","999.9","999.9","  61.1","  5.0"," 10.0"
"34504099999","48.6","34.9666666","143.0","1973-05-26","  55.2","010010","999.9","  64.4","  55.4"," 13.6"," 0.28","1006.5","999.9","999.9","  57.9","  3.6"," 11.4"
"34504099999","48.6","34.9666666","143.0","1973-05-27","  54.7","010000","999.9","  71.6","  51.8"," 11.7"," 0.04","1009.6","999.9","999.9","  59.5","  4.3","  5.8"
"34504099999","48.6","34.9666666","143.0","1973-05-28","  55.4","010000","999.9","  68.0","  53.6"," 17.5"," 0.87","1002.4","999.9","999.9","  59.2","  4.8"," 11.7"
"34504099999","48.6","34.9666666","143.0","1973-05-29","  55.4","010000","999.9","  64.4","  53.6"," 15.5"," 0.24"," 998.1","999.9","999.9","  57.9","  5.6"," 11.9"
"34504099999","48.6","34.9666666","143.0","1973-05-30","  55.4","010000","999.9","  66.2","  55.4"," 13.6"," 0.44","1002.3","  3.1","999.9","  57.7","  6.0"," 11.1"
"34504099999","48.6","34.9666666","143.0","1973-05-31","  55.9","010000","999.9","  66.2","  57.2"," 17.5"," 0.01","1008.5","999.9","999.9","  59.8","  4.3"," 12.2"
"34504099999","48.6","34.9666666","143.0","1973-06-01","  52.2","000000","999.9","  71.6","  55.4"," 17.5"," 0.00","1015.1","999.9","999.9","  60.1","  6.2"," 12.9"
"34504099999","48.6","34.9666666","143.0","1973-06-02","  45.5","000000","999.9","  66.2","  51.8"," 15.5"," 0.00","1020.6","999.9","999.9","  59.3","  6.2"," 11.1"
"34504099999","48.6","34.9666666","143.0","1973-06-03","  46.9","000000","999.9","  73.4","  55.4"," 17.5"," 0.00","1025.7","999.9","999.9","  62.9","  6.2"," 11.4"
"34504099999","48.6","34.9666666","143.0","1973-06-04","  48.5","000000","999.9","  75.2","  51.8","  9.7"," 0.00","1027.9","999.9","999.9","  64.9","  6.2","  7.8"
"34504099999","48.6","34.9666666","143.0","1973-06-05","  47.7","000000","999.9","  77.0","  53.6"," 11.7"," 0.00","1026.9","999.9","999.9","  66.9","  6.2","  4.6"
"34504099999","48.6","34.9666666","143.0","1973-06-06","  55.1","000000","999.9","  82.4","  53.6","  9.7"," 0.00","1024.7","999.9","999.9","  68.8","  6.2","  6.1"
"34504099999","48.6","34.9666666","143.0","1973-06-07","  55.1","000000","999.9","  80.6","  60.8","  9.7"," 0.00","1022.0","999.9","999.9","  70.6","  6.2","  8.0"
"34504099999","48.6","34.9666666","143.0","1973-06-08","  54.9","000000","999.9","  84.2","  62.6"," 13.6"," 0.00","1016.7","999.9","999.9","  74.4","  6.2","  6.2"
"34504099999","48.6","34.9666666","143.0","1973-06-09","  55.4","000000","999.9","  82.4","  62.6","  7.8"," 0.00","1013.5","999.9","999.9","  72.5","  6.2","  3.6"
"34504099999","48.6","34.9666666","143.0","1973-06-10","  53.8","000000","999.9","  82.4","  62.6"," 11.7"," 0.00","1009.1","999.9","999.9","  73.8","  6.2","  6.6"
"34504099999","48.6","34.9666666","143.0","1973-06-11","  56.2","000010","999.9","  86.0","  60.8","  7.8"," 0.00","1007.0","999.9","999.9","  72.4","  6.2","  4.7"
"34504099999","48.6","34.9666666","143.0","1973-06-12","  57.5","010010","999.9","  77.0","  60.8"," 17.5"," 0.08","1011.2","999.9","999.9","  67.0","  6.2"," 12.5"
"34504099999","48.6","34.9666666","143.0","1973-06-13","  50.0","000000","999.9","  73.4","  57.2"," 19.4"," 0.00","1018.8","999.9","999.9","  64.6","  7.0"," 13.6"
"34504099999","48.6","34.9666666","143.0","1973-06-14","  51.6","000000","999.9","  77.0","  53.6"," 15.5"," 0.00","1016.5","999.9","999.9","  68.7","  6.2"," 11.7"
"34504099999","48.6","34.9666666","143.0","1973-06-15","  55.7","010000","999.9","  78.8","  60.8"," 15.5"," 0.02","1008.6","999.9","999.9","  66.7","  6.2","  9.4"
"34504099999","48.6","34.9666666","143.0","1973-06-16","  50.5","010000","999.9","  66.2","  51.8"," 17.5"," 0.28","1005.0","999.9","999.9","  54.1","  5.1"," 11.4"
"34504099999","48.6","34.9666666","143.0","1973-06-17","  43.7","000000","999.9","  64.4","  44.6"," 17.5"," 0.00","1009.2","999.9","999.9","  55.6","  6.2"," 12.4"
"34504099999","48.6","34.9666666","143.0","1973-06-18","  44.1","000000","999.9","  64.4","  44.6"," 13.6"," 0.00","1012.1","999.9","999.9","  56.2","  6.2","  9.2"
"34504099999","48.6","34.9666666","143.0","1973-06-19","  50.3","000000","999.9","  68.0","  53.6"," 15.5"," 0.00","1012.8","999.9","999.9","  59.9","  5.6","  9.1"
"34504099999","48.6","34.9666666","143.0","1973-06-20","  55.7","001000","999.9","  69.8","  57.2","  7.8"," 0.04","1013.1","999.9","999.9","  62.0","  6.6","  4.3"
"34504099999","48.6","34.9666666","143.0","1973-06-21","  56.7","010000","999.9","  59.0","  57.2"," 11.7"," 0.20","1012.2","999.9","999.9","  58.0","  1.4","  8.3"
"34504099999","48.6","34.9666666","143.0","1973-06-22","  51.8","000000","999.9","  71.6","  51.8"," 33.0"," 0.00","1016.2","999.9","999.9","  63.9","  4.3"," 13.3"
"34504099999","48.6","34.9666666","143.0","1973-06-23","  56.0","010000","999.9","  71.6","  55.4"," 15.5"," 0.12","1015.6","999.9","999.9","  62.3","  5.6","  8.7"
"34504099999","48.6","34.9666666","143.0","1973-06-24","  55.9","000000","999.9","  75.2","  59.0","  5.8"," 0.00","1014.4","999.9","999.9","  67.5","  5.7","  3.2"
"34504099999","48.6","34.9666666","143.0","1973-06-25","  54.1","000000","999.9","  73.4","  60.8"," 11.7"," 0.00","1010.5","999.9","999.9","  65.4","  6.2","  8.0"
"34504099999","48.6","34.9666666","143.0","1973-06-26","  50.9","000000","999.9","  73.4","  57.2"," 17.5"," 0.00","1010.6","999.9","999.9","  64.6","  6.2"," 12.4"
"34504099999","48.6","34.9666666","143.0","1973-06-27","  50.9","000000","999.9","  73.4","  53.6"," 17.5"," 0.01","1014.9","999.9","999.9","  62.0","  6.2"," 10.0"
"34504099999","48.6","34.9666666","143.0","1973-06-28","  52.5","000000","999.9","  75.2","  57.2"," 15.5"," 0.00","1017.5","999.9","999.9","  66.2","  6.2"," 10.0"
"34504099999","48.6","34.9666666","143.0","1973-06-29","  57.2","000000","999.9","  80.6","  57.2","  9.7"," 0.01","1016.6","999.9","999.9","  69.8","  6.2","  4.1"
"34504099999","48.6","34.9666666","143.0","1973-06-30","  55.7","000000","999.9","  84.2","  62.6","  5.8"," 0.00","1017.3","999.9","999.9","  74.1","  5.7","  3.2"
"34504099999","48.6","34.9666666","143.0","1973-07-01","  55.9","000000","999.9","  86.0","  64.4","  5.8"," 0.00","1017.0","999.9","999.9","  76.5","  6.2","  0.8"
"34504099999","48.6","34.9666666","143.0","1973-07-02","  59.0","000010","999.9","  78.8","  64.4"," 15.5"," 0.12","1012.4","999.9","999.9","  71.6","  6.2","  9.7"
"34504099999","48.6","34.9666666","143.0","1973-07-03","  60.8","010010","999.9","  75.2","  60.8","  9.7"," 0.87","1009.2","999.9","999.9","  67.8","  6.2","  5.6"
"34504099999","48.6","34.9666666","143.0","1973-07-04","  61.0","000010","999.9","  82.4","  60.8"," 11.7"," 0.00","1009.6","999.9","999.9","  69.8","  5.3","  5.0"
"34504099999","48.6","34.9666666","143.0","1973-07-05","  61.5","000000","999.9","  80.6","  62.6"," 13.6"," 0.00","1011.9","999.9","999.9","  70.3","  5.3","  9.7"
"34504099999","48.6","34.9666666","143.0","1973-07-06","  59.0","000000","999.9","  80.6","  60.8"," 11.7"," 0.00","1014.0","999.9","999.9","  70.3","  6.2","  6.5"
"34504099999","48.6","34.9666666","143.0","1973-07-07","  61.3","000000","999.9","  82.4","  62.6"," 11.7"," 0.00","1012.0","999.9","999.9","  71.6","  6.2","  7.1"
"34504099999","48.6","34.9666666","143.0","1973-07-08","  60.6","010000","999.9","  78.8","  62.6"," 13.6"," 0.00","1009.5","999.9","999.9","  69.1","  5.7","  9.0"
"34504099999","48.6","34.9666666","143.0","1973-07-09","  54.7","000000","999.9","  75.2","  60.8"," 11.7"," 0.00","1010.9","999.9","999.9","  67.5","  5.7","  9.7"
"34504099999","48.6","34.9666666","143.0","1973-07-10","  48.2","000000","999.9","  75.2","  57.2"," 13.6"," 0.00","1012.4","999.9","999.9","  66.7","  6.2","  7.5"
"34504099999","48.6","34.9666666","143.0","1973-07-11","  44.1","000000","999.9","  71.6","  51.8","  9.7"," 0.00","1013.7","999.9","999.9","  64.9","  6.2","  7.2"
"34504099999","48.6","34.9666666","143.0","1973-07-12","  50.0","000000","999.9","  78.8","  53.6","  9.7"," 0.00","1011.4","999.9","999.9","  68.4","  6.2","  6.1"
"34504099999","48.6","34.9666666","143.0","1973-07-13","  52.8","000000","999.9","  80.6","  60.8","  5.8"," 0.00","1010.7","999.9","999.9","  72.9","  5.7","  5.0"
"34504099999","48.6","34.9666666","143.0","1973-07-14","  54.4","000000","999.9","  84.2","  60.8","  7.8"," 0.00","1011.4","999.9","999.9","  76.7","  6.2","  2.2"
"34504099999","48.6","34.9666666","143.0","1973-07-15","  58.2","000000","999.9","  84.2","  64.4","  7.8"," 0.00","1011.3","999.9","999.9","  77.5","  6.2","  4.7"
"34504099999","48.6","34.9666666","143.0","1973-07-16","  58.1","000000","999.9","  87.8","  64.4","  7.8"," 0.00","1010.9","999.9","999.9","  77.0","  5.3","  3.6"
"34504099999","48.6","34.9666666","143.0","1973-07-17","  62.3","000000","999.9","  84.2","  60.8"," 15.5"," 0.00","1010.7","999.9","999.9","  72.9","  6.2","  8.3"
"34504099999","48.6","34.9666666","143.0","1973-07-18","  61.6","000000","999.9","  87.8","  68.0","  9.7"," 0.00","1009.0","999.9","999.9","  78.8","  5.3","  3.6"
"34504099999","48.6","34.9666666","143.0","1973-07-19","  63.1","010000","999.9","  78.8","  62.6"," 15.5"," 0.04","1003.9","999.9","999.9","  71.6","  5.7"," 11.7"
"34504099999","48.6","34.9666666","143.0","1973-07-20","  51.8","000000","999.9","  75.2","  53.6"," 15.5"," 0.00","1006.5","999.9","999.9","  68.8","  6.2"," 10.8"
"34504099999","48.6","34.9666666","143.0","1973-07-21","  54.1","000000","999.9","  80.6","  55.4"," 15.5"," 0.00","1010.8","999.9","999.9","  69.3","  6.2","  8.5"
"34504099999","48.6","34.9666666","143.0","1973-07-22","  56.5","000000","999.9","  84.2","  60.8","  9.7"," 0.00","1012.7","999.9","999.9","  73.4","  8.8","  3.9"
"34504099999","48.6","34.9666666","143.0","1973-07-23","  57.2","000000","999.9","  82.4","  64.4"," 21.4"," 0.00","1007.5","999.9","999.9","  73.2","  5.4"," 10.0"
"34504099999","48.6","34.9666666","143.0","1973-07-24","  58.0","000000","999.9","  78.8","  62.6","  7.8"," 0.00","1006.0","999.9","999.9","  70.3","  5.5","  5.5"
"34504099999","48.6","34.9666666","143.0","1973-07-25","  59.8","010010","999.9","  82.4","  64.4"," 19.4"," 0.01"," 999.3","999.9","999.9","  71.1","  5.3"," 12.6"
"34504099999","48.6","34.9666666","143.0","1973-07-26","  56.9","010000","999.9","  64.4","  57.2"," 19.4"," 0.20"," 998.0","999.9","999.9","  60.3","  4.3"," 12.8"
"34504099999","48.6","34.9666666","143.0","1973-07-27","  50.2","000000","999.9","  77.0","  51.8"," 17.5"," 0.00","1005.0","999.9","999.9","  66.4","  5.7","  8.5"
"34504099999","48.6","34.9666666","143.0","1973-07-28","  54.6","010010","999.9","  71.6","  59.0","  5.8"," 0.04","1005.2","999.9","999.9","  64.0","  5.7","  2.7"
"34504099999","48.6","34.9666666","143.0","1973-07-29","  53.2","010000","999.9","  69.8","  57.2","  9.7"," 0.31","1005.0","999.9","999.9","  62.8","  7.2","  3.6"
"34504099999","48.6","34.9666666","143.0","1973-07-30","  56.1","100000","999.9","  78.8","  55.4","  9.7"," 0.00","1008.3","999.9","999.9","  65.3","  5.0","  4.9"
"34504099999","48.6","34.9666666","143.0","1973-07-31","  50.5","000000","999.9","  77.0","  57.2"," 13.6"," 0.00","1015.2","999.9","999.9","  65.8","  5.3","  9.0"
"34504099999","48.6","34.9666666","143.0","1973-08-01","  49.3","000000","999.9","  77.0","  57.2"," 11.7"," 0.00","1019.4","999.9","999.9","  67.3","  5.5","  6.3"
"34504099999","48.6","34.9666666","143.0","1973-08-02","  49.5","000000","999.9","  80.6","  55.4"," 13.6"," 0.00","1018.0","999.9","999.9","  70.0","  6.2","  6.8"
"34504099999","48.6","34.9666666","143.0","1973-08-03","  52.0","000000","999.9","  78.8","  59.0"," 15.5"," 0.00","1015.8","999.9","999.9","  68.9","  6.2","  8.7"
"34504099999","48.6","34.9666666","143.0","1973-08-04","  54.0","000000","999.9","  73.4","  60.8"," 11.7"," 0.00","1015.3","999.9","999.9","  67.8","  6.2","  5.3"
"34504099999","48.6","34.9666666","143.0","1973-08-05","  56.6","000000","999.9","  73.4","  57.2"," 17.5"," 0.00","1018.2","999.9","999.9","  65.0","  6.2","  7.8"
"34504099999","48.6","34.9666666","143.0","1973-08-06","  55.9","000000","999.9","  84.2","  59.0"," 13.6"," 0.00","1022.4","999.9","999.9","  70.6","  5.7","  8.9"
"34504099999","48.6","34.9666666","143.0","1973-08-07","  57.2","000000","999.9","  89.6","  62.6"," 19.4"," 0.00","1021.2","999.9","999.9","  75.8","  5.6"," 11.0"
"34504099999","48.6","34.9666666","143.0","1973-08-08","  59.3","010000","999.9","  80.6","  64.4"," 17.5"," 0.00","1014.0","999.9","999.9","  71.9","  6.2"," 10.7"
"34504099999","48.6","34.9666666","143.0","1973-08-09","  61.1","010000","999.9","  68.0","  57.2"," 19.4"," 0.87","1008.9","999.9","999.9","  62.9","  4.6"," 15.5"
"34504099999","48.6","34.9666666","143.0","1973-08-10","  55.4","010000","999.9","  60.8","  55.4"," 19.4"," 0.41","1008.7","999.9","999.9","  58.0","  3.6"," 14.2"
"34504099999","48.6","34.9666666","143.0","1973-08-11","  56.8","010000","999.9","  66.2","  57.2"," 17.5"," 0.02","1010.6","999.9","999.9","  59.9","  4.8"," 11.3"
"34504099999","48.6","34.9666666","143.0","1973-08-12","  58.3","011000","999.9","  69.8","  55.4","  9.7"," 0.08","1014.7","999.9","999.9","  60.8","  2.7","  3.1"
"34504099999","48.6","34.9666666","143.0","1973-08-13","  54.2","000000","999.9","  77.0","  57.2"," 11.7"," 0.00","1015.4","999.9","999.9","  67.1","  5.3","  7.0"
"34504099999","48.6","34.9666666","143.0","1973-08-14","  55.7","000000","999.9","  75.2","  57.2","  5.8"," 0.00","1015.1","999.9","999.9","  65.2","  5.1","  2.6"
"34504099999","48.6","34.9666666","143.0","1973-08-15","  53.0","000000","999.9","  75.2","  57.2"," 11.7"," 0.00","1014.6","999.9","999.9","  65.0","  5.6","  7.4"
"34504099999","48.6","34.9666666","143.0","1973-08-16","  53.9","000000","999.9","  77.0","  55.4","  9.7"," 0.00","1012.1","999.9","999.9","  65.3","  6.2","  3.9"
"34504099999","48.6","34.9666666","143.0","1973-08-17","  58.5","000010","999.9","  77.0","  59.0"," 13.6"," 0.00","1011.2","999.9","999.9","  66.2","  3.6","  3.3"
"34504099999","48.6","34.9666666","143.0","1973-08-18","  60.3","010010","999.9","  71.6","  60.8","  9.7"," 0.28","1011.8","999.9","999.9","  64.2","  4.8","  4.6"
"34504099999","48.6","34.9666666","143.0","1973-08-19","  61.1","000010","999.9","  73.4","  60.8","  7.8"," 0.24","1013.5","999.9","999.9","  64.7","  3.9","  5.0"
"34504099999","48.6","34.9666666","143.0","1973-08-20","  60.5","100010","999.9","  78.8","  57.2","  7.8"," 0.00","1014.7","999.9","999.9","  67.2","  4.3","  4.4"
"34504099999","48.6","34.9666666","143.0","1973-08-21","  58.7","000000","999.9","  78.8","  57.2","  5.8"," 0.00","1016.0","999.9","999.9","  67.2","  3.9","  3.1"
"34504099999","48.6","34.9666666","143.0","1973-08-22","  59.3","000000","999.9","  75.2","  62.6"," 13.6"," 0.00","1017.9","999.9","999.9","  67.2","  4.8","  7.5"
"34504099999","48.6","34.9666666","143.0","1973-08-23","  47.2","000000","999.9","  69.8","  55.4"," 15.5"," 0.00","1020.8","999.9","999.9","  61.6","  6.2","  9.7"
"34504099999","48.6","34.9666666","143.0","1973-08-24","  41.6","000000","999.9","  64.4","  48.2","  9.7"," 0.00","1022.9","999.9","999.9","  58.4","  6.2","  2.6"
"34504099999","48.6","34.9666666","143.0","1973-08-25","  44.3","000000","999.9","  71.6","  51.8","  9.7"," 0.00","1016.5","999.9","999.9","  65.0","  6.2","  6.2"
"34504099999","48.6","34.9666666","143.0","1973-08-26","  44.9","000000","999.9","  66.2","  53.6"," 13.6"," 0.00","1016.6","999.9","999.9","  59.3","  6.2"," 10.5"
"34504099999","48.6","34.9666666","143.0","1973-08-27","  40.1","000000","999.9","  62.6","  46.4"," 13.6"," 0.00","1020.7","999.9","999.9","  54.5","  6.2","  7.4"
"34504099999","48.6","34.9666666","143.0","1973-08-28","  42.1","000000","999.9","  64.4","  42.8","  9.7"," 0.00","1021.5","999.9","999.9","  55.4","  6.2","  5.3"
"34504099999","48.6","34.9666666","143.0","1973-08-29","  44.1","000000","999.9","  73.4","  48.2","  9.7"," 0.00","1019.7","999.9","999.9","  61.0","  6.2","  5.1"
"34504099999","48.6","34.9666666","143.0","1973-08-30","  48.8","000000","999.9","  78.8","  53.6","  7.8"," 0.00","1016.1","999.9","999.9","  66.2","  6.2","  5.5"
"34504099999","48.6","34.9666666","143.0","1973-08-31","  51.5","000000","999.9","  78.8","  55.4","  5.8"," 0.00","1014.9","999.9","999.9","  65.2","  5.7","  2.5"
"34504099999","48.6","34.9666666","143.0","1973-09-01","  52.4","000000","999.9","  80.6","  59.0","  5.8"," 0.00","1015.6","999.9","999.9","  68.3","  5.6","  1.6"
"34504099999","48.6","34.9666666","143.0","1973-09-02","  52.6","000000","999.9","  71.6","  57.2"," 15.5"," 0.00","1011.8","999.9","999.9","  62.1","  6.2","  8.6"
"34504099999","48.6","34.9666666","143.0","1973-09-03","  54.6","000000","999.9","  71.6","  53.6"," 15.5"," 0.00","1012.6","999.9","999.9","  61.6","  4.4"," 10.7"
"34504099999","48.6","34.9666666","143.0","1973-09-04","  51.5","000010","999.9","  64.4","  51.8"," 19.4"," 0.00","1012.1","999.9","999.9","  56.7","  5.1"," 10.8"
"34504099999","48.6","34.9666666","143.0","1973-09-05","  44.4","000000","999.9","  62.6","  46.4"," 17.5"," 0.00","1019.8","999.9","999.9","  53.6","  6.0"," 10.2"
"34504099999","48.6","34.9666666","143.0","1973-09-06","  45.4","000000","999.9","  71.6","  42.8","  9.7"," 0.00","1023.8","999.9","999.9","  56.5","  5.7","  4.9"
"34504099999","48.6","34.9666666","143.0","1973-09-07","  52.2","000010","999.9","  80.6","  53.6"," 17.5"," 0.00","1015.6","999.9","999.9","  64.8","  6.2"," 11.2"
"34504099999","48.6","34.9666666","143.0","1973-09-08","  46.4","000000","999.9","  71.6","  55.4"," 19.4"," 0.00","1012.5","999.9","999.9","  62.6","  5.6"," 13.9"
"34504099999","48.6","34.9666666","143.0","1973-09-09","  43.7","000000","999.9","  71.6","  44.6","  9.7"," 0.00","1018.1","999.9","999.9","  59.0","  6.2","  5.8"
"34504099999","48.6","34.9666666","143.0","1973-09-10","  51.8","000000","999.9","  78.8","  60.8"," 17.5"," 0.00","1012.0","999.9","999.9","  67.8","  6.2"," 13.6"
"34504099999","48.6","34.9666666","143.0","1973-09-11","  50.9","010000","999.9","  66.2","  55.4"," 19.4"," 0.00","1009.8","999.9","999.9","  59.9","  5.4"," 12.0"
"34504099999","48.6","34.9666666","143.0","1973-09-12","  37.7","000000","999.9","  64.4","  41.0","  9.7"," 0.00","1017.1","999.9","999.9","  50.5","  6.2","  5.6"
"34504099999","48.6","34.9666666","143.0","1973-09-13","  40.5","010000","999.9","  60.8","  41.0"," 15.5"," 0.12","1013.3","999.9","999.9","  48.9","  5.7","  7.5"
"34504099999","48.6","34.9666666","143.0","1973-09-14","  37.4","000000","999.9","  59.0","  37.4"," 13.6"," 0.00","1017.6","999.9","999.9","  45.1","  6.2"," 10.3"
"34504099999","48.6","34.9666666","143.0","1973-09-15","  37.1","000000","999.9","  59.0","  39.2"," 17.5"," 0.00","1019.7","999.9","999.9","  49.2","  6.2"," 10.0"
"34504099999","48.6","34.9666666","143.0","1973-09-16","  36.2","000000","999.9","  64.4","  37.4"," 13.6"," 0.00","1019.3","999.9","999.9","  54.8","  6.2","  6.2"
"34504099999","48.6","34.9666666","143.0","1973-09-17","  45.3","010000","999.9","  59.0","  44.6"," 15.5"," 0.01","1014.7","999.9","999.9","  53.1","  6.2","  8.9"
"34504099999","48.6","34.9666666","143.0","1973-09-18","  40.5","000000","999.9","  51.8","  41.0"," 11.7"," 0.00","1022.2","999.9","999.9","  46.7","  3.5","  7.8"
"34504099999","48.6","34.9666666","143.0","1973-09-19","  35.6","000000","999.9","  55.4","  33.8","  7.8"," 0.00","1029.2","999.9","999.9","  47.6","  6.2","  4.2"
"34504099999","48.6","34.9666666","143.0","1973-09-20","  37.2","000000","999.9","  62.6","  37.4"," 11.7"," 0.00","1026.1","999.9","999.9","  50.7","  6.2","  5.8"
"34504099999","48.6","34.9666666","143.0","1973-09-21","  36.8","000000","999.9","  68.0","  42.8"," 11.7"," 0.00","1018.6","999.9","999.9","  58.4","  6.2","  6.2"
"34504099999","48.6","34.9666666","143.0","1973-09-22","  41.9","000000","999.9","  73.4","  44.6"," 13.6"," 0.00","1014.2","999.9","999.9","  61.1","  6.2","  5.8"
"34504099999","48.6","34.9666666","143.0","1973-09-23","  52.3","100000","999.9","  75.2","  48.2"," 15.5"," 0.00","1014.4","999.9","999.9","  61.5","  5.0","  9.7"
"34504099999","48.6","34.9666666","143.0","1973-09-24","  35.6","000000","999.9","  42.8","  39.2"," 17.5"," 0.00","1027.3","999.9","999.9","  41.0","  6.2"," 16.7"
"34504099999","48.6","34.9666666","143.0","1973-09-25","  24.5","000000","999.9","  51.8","  35.6"," 17.5"," 0.00","1033.8","999.9","999.9","  42.8","  6.2"," 14.2"
"34504099999","48.6","34.9666666","143.0","1973-09-26","  22.7","000000","999.9","  57.2","  37.4"," 17.5"," 0.00","1030.1","999.9","999.9","  44.9","  6.2"," 13.2"
"34504099999","48.6","34.9666666","143.0","1973-09-27","  25.1","000000","999.9","  62.6","  41.0"," 15.5"," 0.00","1024.5","999.9","999.9","  51.8","  6.2"," 12.2"
"34504099999","48.6","34.9666666","143.0","1973-09-28","  25.5","000000","999.9","  69.8","  42.8"," 19.4"," 0.00","1023.4","999.9","999.9","  53.6","  5.7"," 16.0"
"34504099999","48.6","34.9666666","143.0","1973-09-29","  35.1","000000","999.9","  62.6","  39.2"," 19.4"," 0.00","1020.9","999.9","999.9","  52.6","  6.2"," 15.3"
"34504099999","48.6","34.9666666","143.0","1973-09-30","  41.8","000000","999.9","  66.2","  44.6"," 11.7"," 0.00","1018.4","999.9","999.9","  52.5","  5.7"," 10.2"
"34504099999","48.6","34.9666666","143.0","1973-10-01","  48.2","000000","999.9","  68.0","  42.8","  7.8"," 0.00","1020.5","999.9","999.9","  57.9","  6.2","  5.4"
"34504099999","48.6","34.9666666","143.0","1973-10-02","  46.4","000000","999.9","  68.0","  46.4","  7.8"," 0.00","1022.9","999.9","999.9","  58.5","  6.2","  4.7"
"34504099999","48.6","34.9666666","143.0","1973-10-03","  46.4","010000","999.9","  59.0","  48.2","  5.8"," 0.00","1021.0","999.9","999.9","  52.8","  2.1","  1.9"
"34504099999","48.6","34.9666666","143.0","1973-10-04","  44.3","010000","999.9","  64.4","  46.4"," 13.6"," 0.04","1022.6","999.9","999.9","  52.3","  4.1"," 10.0"
"34504099999","48.6","34.9666666","143.0","1973-10-05","  42.0","000000","999.9","  64.4","  39.2"," 11.7"," 0.00","1026.2","999.9","999.9","  51.5","  5.7","  7.8"
"34504099999","48.6","34.9666666","143.0","1973-10-06","  45.1","000000","999.9","  69.8","  46.4"," 13.6"," 0.00","1025.1","999.9","999.9","  56.2","  5.7","  5.5"
"34504099999","48.6","34.9666666","143.0","1973-10-07","  28.7","010000","999.9","  59.0","  41.0"," 15.5"," 0.00","1025.8","999.9","999.9","  49.3","  5.7"," 11.2"
"34504099999","48.6","34.9666666","143.0","1973-10-08","  24.8","000000","999.9","  57.2","  37.4"," 15.5"," 0.00","1022.1","999.9","999.9","  46.4","  6.2"," 12.1"
"34504099999","48.6","34.9666666","143.0","1973-10-09","  35.6","000000","999.9","  48.2","  44.6"," 13.6"," 0.00","1017.1","999.9","999.9","  46.0","  4.0"," 10.2"
"34504099999","48.6","34.9666666","143.0","1973-10-10","  43.0","000000","999.9","  55.4","  44.6","  7.8"," 0.00","1015.6","999.9","999.9","  47.1","  2.3","  2.4"
"34504099999","48.6","34.9666666","143.0","1973-10-11","  44.6","100000","999.9","  64.4","  42.8","  7.8"," 0.00","1016.2","999.9","999.9","  49.7","  2.8","  3.6"
"34504099999","48.6","34.9666666","143.0","1973-10-12","  42.8","000000","999.9","  68.0","  41.0","999.9"," 0.00","1014.9","999.9","999.9","  54.9","  3.6","  0.0"
"34504099999","48.6","34.9666666","143.0","1973-10-13","  38.2","000000","999.9","  64.4","  35.6"," 15.5"," 0.00","1013.7","999.9","999.9","  48.7","  4.3","  7.8"
"34504099999","48.6","34.9666666","143.0","1973-10-14","  26.1","000000","999.9","  50.0","  26.6","  7.8"," 0.00","1019.7","999.9","999.9","  37.6","  5.7","  4.6"
"34504099999","48.6","34.9666666","143.0","1973-10-15","  44.3","010000","999.9","  57.2","  37.4"," 17.5"," 0.24","1010.6","999.9","999.9","  50.3","  3.7"," 15.5"
"34504099999","48.6","34.9666666","143.0","1973-10-16","  56.6","000010","999.9","  68.0","  57.2"," 15.5"," 0.43","1002.2","999.9","999.9","  59.9","  3.7"," 12.0"
"34504099999","48.6","34.9666666","143.0","1973-10-17","  52.8","100000","999.9","  69.8","  50.0"," 19.4"," 0.00","1003.9","999.9","999.9","  56.3","  4.4"," 10.7"
"34504099999","48.6","34.9666666","143.0","1973-10-18","  49.0","010000","999.9","  68.0","  46.4","  7.8"," 0.00","1011.1","999.9","999.9","  57.7","  5.7","  5.0"
"34504099999","48.6","34.9666666","143.0","1973-10-19","  33.5","010000","999.9","  57.2","  35.6"," 29.1"," 0.35","1014.9","999.9","999.9","  43.4","  5.6"," 17.8"
"34504099999","48.6","34.9666666","143.0","1973-10-20","  33.5","010000","999.9","  51.8","  32.0"," 19.4"," 0.39","1015.5","999.9","999.9","  41.8","  6.2"," 10.0"
"34504099999","48.6","34.9666666","143.0","1973-10-21","  22.1","000000","999.9","  42.8","  35.6"," 11.7"," 0.00","1018.7","999.9","999.9","  39.7","  6.2","  6.1"
"34504099999","48.6","34.9666666","143.0","1973-10-22","  42.8","010000","999.9","  53.6","  33.8"," 13.6"," 0.00","1010.8","999.9","999.9","  44.6","  3.0"," 10.4"
"34504099999","48.6","34.9666666","143.0","1973-10-23","  24.8","000000","999.9","  41.0","  32.0"," 19.4"," 0.00","1017.8","999.9","999.9","  36.8","  6.2"," 10.7"
"34504099999","48.6","34.9666666","143.0","1973-10-24","  19.4","000000","999.9","  39.2","  26.6"," 13.6"," 0.00","1025.6","999.9","999.9","  30.8","  6.2","  8.4"
"34504099999","48.6","34.9666666","143.0","1973-10-25","  21.5","001000","999.9","  35.6","  26.6","  7.8"," 0.00","1033.4","999.9","999.9","  29.3","  6.2","  5.8"
"34504099999","48.6","34.9666666","143.0","1973-10-26","  23.0","010000","999.9","  39.2","  24.8"," 19.4"," 0.01","1031.3","999.9","999.9","  34.3","  6.2"," 14.2"
"34504099999","48.6","34.9666666","143.0","1973-10-27","  35.4","000000","999.9","  44.6","  37.4"," 19.4"," 0.01","1024.2","999.9","999.9","  41.0","  5.0"," 12.4"
"34504099999","48.6","34.9666666","143.0","1973-10-28","  31.8","010000","999.9","  39.2","  33.8"," 15.5"," 0.04","1024.9","999.9","999.9","  37.2","  6.2"," 12.9"
"34504099999","48.6","34.9666666","143.0","1973-10-29","  22.1","000000","999.9","  35.6","  24.8"," 15.5"," 0.00","1027.0","999.9","999.9","  30.5","  6.2","  8.4"
"34504099999","48.6","34.9666666","143.0","1973-10-30","  27.6","010000","999.9","  42.8","  26.6"," 17.5"," 0.01","1012.2","999.9","999.9","  35.4","  4.7"," 12.9"
"34504099999","48.6","34.9666666","143.0","1973-10-31","  32.8","011000","999.9","  39.2","  30.2"," 19.4"," 0.24"," 997.8","999.9","999.9","  34.6","  1.8"," 15.0"
"34504099999","48.6","34.9666666","143.0","1973-11-01","  26.8","001000","999.9","  33.8","9999.9"," 19.4"," 0.06","1008.2","999.9","999.9","  30.2","  3.7"," 13.6"
"34504099999","48.6","34.9666666","143.0","1973-11-02","  25.5","001000","999.9","  32.0","  28.4"," 11.7"," 0.08","1011.2","  1.2","999.9","  29.1","  4.3","  8.5"
"34504099999","48.6","34.9666666","143.0","1973-11-03","  26.1","001000","999.9","  32.0","  26.6"," 19.4"," 0.02","1020.8","999.9","999.9","  30.0","  1.7"," 12.2"
"34504099999","48.6","34.9666666","143.0","1973-11-04","  28.9","100000","999.9","  35.6","  26.6","  7.8"," 0.00","1031.8","999.9","999.9","  31.0","  1.3","  3.3"
"34504099999","48.6","34.9666666","143.0","1973-11-05","  26.8","101000","999.9","  28.4","  24.8","  9.7"," 0.01","1033.3","999.9","999.9","  27.3","  0.1","  6.1"
"34504099999","48.6","34.9666666","143.0","1973-11-06","  29.1","100000","999.9","  35.6","  24.8","  9.7"," 0.00","1029.7","999.9","999.9","  30.2","  1.3","  6.8"
"34504099999","48.6","34.9666666","143.0","1973-11-07","  38.1","010000","999.9","  48.2","  33.8"," 15.5"," 0.00","1019.0","999.9","999.9","  41.7","  3.1"," 13.4"
"34504099999","48.6","34.9666666","143.0","1973-11-08","  28.0","010000","999.9","  41.0","  32.0"," 15.5"," 0.28","1018.8","999.9","999.9","  35.9","  4.5","  8.4"
"34504099999","48.6","34.9666666","143.0","1973-11-09","  32.2","000000","999.9","  41.0","  26.6"," 11.7"," 0.00","1024.6","999.9","999.9","  34.2","  3.0","  5.3"
"34504099999","48.6","34.9666666","143.0","1973-11-10","  36.9","010010","999.9","  53.6","  35.6"," 15.5"," 0.00","1017.9","999.9","999.9","  42.5","  4.8"," 10.8"
"34504099999","48.6","34.9666666","143.0","1973-11-11","  38.4","000000","999.9","  51.8","  39.2","  7.8"," 0.00","1018.0","999.9","999.9","  43.1","  4.1","  5.0"
"34504099999","48.6","34.9666666","143.0","1973-11-12","  36.9","100000","999.9","  41.0","  33.8","  3.9"," 0.00","1018.4","999.9","999.9","  37.1","  0.3","  2.5"
"34504099999","48.6","34.9666666","143.0","1973-11-13","  36.3","100000","999.9","  41.0","  32.0"," 15.5"," 0.00","1010.0","999.9","999.9","  36.7","  0.2","  6.3"
"34504099999","48.6","34.9666666","143.0","1973-11-14","  38.6","100000","999.9","  44.6","  39.2"," 11.7"," 0.00","1002.5","999.9","999.9","  42.1","  2.8","  8.3"
"34504099999","48.6","34.9666666","143.0","1973-11-15","  27.8","000000","999.9","  42.8","  30.2"," 13.6"," 0.00","1010.1","999.9","999.9","  35.6","  5.6","  6.8"
"34504099999","48.6","34.9666666","143.0","1973-11-16","  29.8","010000","999.9","  41.0","  28.4"," 17.5"," 0.16","1006.9","999.9","999.9","  35.0","  4.1"," 10.0"
"34504099999","48.6","34.9666666","143.0","1973-11-17","  31.0","101000","999.9","  37.4","  30.2"," 13.6"," 0.16","1009.5","999.9","999.9","  32.5","  3.3","  6.8"
"34504099999","48.6","34.9666666","143.0","1973-11-18","  29.3","011000","999.9","  33.8","  30.2"," 13.6"," 0.12","1013.6","  1.2","999.9","  32.0","  2.4","  8.4"
"34504099999","48.6","34.9666666","143.0","1973-11-19","  24.0","001000","999.9","  32.0","  26.6"," 17.5"," 0.00","1026.0","999.9","999.9","  29.4","  5.7"," 10.8"
"34504099999","48.6","34.9666666","143.0","1973-11-20","  31.0","010000","999.9","  42.8","  30.2"," 23.3"," 0.12","1009.2","999.9","999.9","  34.9","  4.6"," 16.8"
"34504099999","48.6","34.9666666","143.0","1973-11-21","  29.9","001000","999.9","  50.0","  32.0"," 15.5"," 0.02","1009.2","999.9","999.9","  34.7","  4.8"," 12.9"
"34504099999","48.6","34.9666666","143.0","1973-11-22","  18.5","001000","999.9","  30.2","  17.6"," 13.6"," 0.02","1020.6","999.9","999.9","  24.6","  5.3","  9.5"
"34504099999","48.6","34.9666666","143.0","1973-11-23","  21.0","000000","999.9","  32.0","  17.6"," 15.5"," 0.00","1020.3","999.9","999.9","  26.4","  3.9","  8.3"
"34504099999","48.6","34.9666666","143.0","1973-11-24","  29.2","000000","999.9","  35.6","  30.2"," 15.5"," 0.02","1012.4","999.9","999.9","  32.5","  3.0","  8.0"
"34504099999","48.6","34.9666666","143.0","1973-11-25","  33.1","010000","999.9","  46.4","  33.8"," 19.4"," 0.00","1002.2","999.9","999.9","  39.9","  3.7"," 16.5"
"34504099999","48.6","34.9666666","143.0","1973-11-26","  25.8","001000","999.9","  35.6","  28.4"," 15.5"," 0.00","1011.9","999.9","999.9","  32.5","  6.2","  9.2"
"34504099999","48.6","34.9666666","143.0","1973-11-27","  28.4","001000","999.9","  32.0","  28.4","  9.7"," 0.12","1012.0","999.9","999.9","  30.9","  2.6","  3.2"
"34504099999","48.6","34.9666666","143.0","1973-11-28","  16.2","000000","999.9","  26.6","  15.8","  5.8"," 0.00","1020.8","999.9","999.9","  20.5","  4.3","  3.4"
"34504099999","48.6","34.9666666","143.0","1973-11-29","  17.6","001000","999.9","  23.0","  15.8"," 11.7"," 0.24","1013.1","999.9","999.9","  20.7","  1.9","  9.4"
"34504099999","48.6","34.9666666","143.0","1973-11-30","  15.1","100000","999.9","  21.2","  12.2"," 11.7"," 0.00","1016.4","999.9","999.9","  16.5","  1.7","  6.8"
"34504099999","48.6","34.9666666","143.0","1973-12-01","  17.3","001000","999.9","  32.0","  19.4"," 27.2"," 0.31","1000.2","999.9","999.9","  22.5","  2.9"," 20.3"
"34504099999","48.6","34.9666666","143.0","1973-12-02","  10.4","001000","999.9","  19.4","  14.0"," 21.4"," 0.00","1009.9","  5.9","999.9","  16.0","  4.0"," 16.6"
"34504099999","48.6","34.9666666","143.0","1973-12-03","   2.7","000000","999.9","  14.0","   1.4","  9.7"," 0.04","1025.6","999.9","999.9","   9.9","  6.2","  7.5"
"34504099999","48.6","34.9666666","143.0","1973-12-04","  16.2","001000","999.9","  32.0","   5.0"," 19.4"," 0.01","1014.6","  5.9","999.9","  21.4","  4.2"," 15.5"
"34504099999","48.6","34.9666666","143.0","1973-12-05","  20.6","000000","999.9","  30.2","  24.8"," 19.4"," 0.00","1003.7","999.9","999.9","  27.2","  5.0"," 14.2"
"34504099999","48.6","34.9666666","143.0","1973-12-06","  18.1","000000","999.9","  30.2","  14.0"," 11.7"," 0.00","1009.3","999.9","999.9","  23.0","  5.7","  9.2"
"34504099999","48.6","34.9666666","143.0","1973-12-07","  24.8","001000","999.9","  35.6","  14.0"," 17.5"," 0.04","1003.9","999.9","999.9","  26.9","  3.3"," 10.5"
"34504099999","48.6","34.9666666","143.0","1973-12-08","  26.6","000000","999.9","  30.2","  26.6"," 13.6"," 0.02","1002.9","999.9","999.9","  29.5","  4.3","  7.4"
"34504099999","48.6","34.9666666","143.0","1973-12-09","  30.2","100000","999.9","  37.4","  21.2"," 19.4"," 0.00","1009.2","999.9","999.9","  32.3","  2.8"," 13.6"
"34504099999","48.6","34.9666666","143.0","1973-12-10","  13.7","011000","999.9","  33.8","   6.8"," 19.4"," 0.01","1016.4","999.9","999.9","  19.7","  2.3"," 14.2"
"34504099999","48.6","34.9666666","143.0","1973-12-11","   6.8","000000","999.9","  21.2","   5.0"," 11.7"," 0.00","1032.5","999.9","999.9","  13.1","  6.2","  8.0"
"34504099999","48.6","34.9666666","143.0","1973-12-12","  17.1","000000","999.9","  32.0","  15.8"," 17.5"," 0.00","1023.7","999.9","999.9","  23.7","  6.2"," 14.2"
"34504099999","48.6","34.9666666","143.0","1973-12-13","  19.9","000000","999.9","  28.4","  19.4","  9.7"," 0.00","1022.1","999.9","999.9","  24.5","  3.6","  4.2"
"34504099999","48.6","34.9666666","143.0","1973-12-14","  32.5","010000","999.9","  37.4","  23.0"," 19.4"," 0.02","1004.8","999.9","999.9","  34.6","  2.2"," 12.8"
"34504099999","48.6","34.9666666","143.0","1973-12-15","  30.2","001000","999.9","  35.6","  32.0"," 15.5"," 0.08","1002.3","999.9","999.9","  33.1","  4.7","  9.0"
"34504099999","48.6","34.9666666","143.0","1973-12-16","  35.3","110000","999.9","  41.0","  32.0"," 19.4"," 0.31"," 993.4","999.9","999.9","  36.7","  2.0"," 14.1"
"34504099999","48.6","34.9666666","143.0","1973-12-17","  22.7","010000","999.9","  32.0","  28.4"," 25.3"," 0.00","1002.0","999.9","999.9","  29.2","  6.2"," 20.1"
"34504099999","48.6","34.9666666","143.0","1973-12-18","  30.5","010000","999.9","  35.6","  28.4"," 13.6"," 0.00","1010.2","999.9","999.9","  33.5","  4.1"," 10.8"
"34504099999","48.6","34.9666666","143.0","1973-12-19","  23.0","001000","999.9","  32.0","  21.2","  7.8"," 0.16","1021.1","999.9","999.9","  25.7","  1.9","  4.9"
"34504099999","48.6","34.9666666","143.0","1973-12-20","  20.7","000000","999.9","  30.2","  19.4","  7.8"," 0.00","1029.7","999.9","999.9","  24.5","  2.4","  3.6"
"34504099999","48.6","34.9666666","143.0","1973-12-21","  28.0","010000","999.9","  35.6","  24.8"," 15.5"," 0.00","1023.4","999.9","999.9","  33.8","  2.8"," 12.1"
"34504099999","48.6","34.9666666","143.0","1973-12-22","  36.1","000000","999.9","  41.0","  35.6"," 11.7"," 0.00","1018.1","999.9","999.9","  38.2","  1.6"," 10.0"
"34504099999","48.6","34.9666666","143.0","1973-12-23","  39.2","100000","999.9","9999.9","9999.9","  9.7"," 0.00","1019.6","999.9","999.9","  39.2","  0.1","  8.3"
"34504099999","48.6","34.9666666","143.0","1973-12-24","  37.4","100000","999.9","  39.2","  35.6","  7.8"," 0.00","1026.3","999.9","999.9","  37.4","  0.1","  4.6"
"34504099999","48.6","34.9666666","143.0","1973-12-25","  35.6","100000","999.9","  42.8","  32.0","  7.8"," 0.00","1029.6","999.9","999.9","  37.2","  1.6","  3.6"
"34504099999","48.6","34.9666666","143.0","1973-12-26","  29.9","100000","999.9","  35.6","  30.2"," 17.5"," 0.00","1029.3","999.9","999.9","  32.5","  2.2"," 10.5"
"34504099999","48.6","34.9666666","143.0","1973-12-27","  35.3","010000","999.9","  39.2","  33.8"," 19.4"," 0.39","1015.6","999.9","999.9","  37.4","  2.2"," 14.2"
"34504099999","48.6","34.9666666","143.0","1973-12-28","  30.2","010000","999.9","  35.6","  32.0"," 17.5"," 0.00","1025.0","999.9","999.9","  34.1","  4.0"," 10.4"
"34504099999","48.6","34.9666666","143.0","1973-12-29","  34.1","010000","999.9","  37.4","  33.8","  9.7"," 0.06","1027.7","999.9","999.9","  35.3","  1.6","  6.7"
"34504099999","48.6","34.9666666","143.0","1973-12-30","  26.1","000000","999.9","  32.0","  28.4","  5.8"," 0.00","1033.9","999.9","999.9","  29.4","  3.1","  3.1"
"34504099999","48.6","34.9666666","143.0","1973-12-31","  26.6","001000","999.9","  32.0","  28.4"," 11.7"," 0.00","1031.0","999.9","999.9","  30.2","  3.1","  7.1"
"34504099999","48.6","34.9666666","143.0","1974-01-01","  28.7","011000","999.9","  33.8","9999.9"," 13.6"," 0.00","1026.9","999.9","999.9","  32.0","  3.4","  9.2"
"34504099999","48.6","34.9666666","143.0","1974-01-02","  20.1","000000","999.9","  33.8","  26.6"," 15.5"," 0.00","1032.2","999.9","999.9","  30.6","  6.2"," 10.9"
"34504099999","48.6","34.9666666","143.0","1974-01-03","  20.1","000000","999.9","  30.2","  21.2","  5.8"," 0.00","1035.9","999.9","999.9","  24.3","  7.0","  1.9"
"34504099999","48.6","34.9666666","143.0","1974-01-04","  16.3","000000","999.9","  28.4","  17.6","  7.8"," 0.00","1040.0","999.9","999.9","  21.7","  4.6","  6.1"
"34504099999","48.6","34.9666666","143.0","1974-01-05","  13.3","000000","999.9","  30.2","  14.0"," 11.7"," 0.00","1037.2","999.9","999.9","  21.6","  3.3","  7.0"
"34504099999","48.6","34.9666666","143.0","1974-01-06","  18.6","000000","999.9","  28.4","  19.4"," 11.7"," 0.00","1028.8","999.9","999.9","  25.1","  4.6","  9.2"
"34504099999","48.6","34.9666666","143.0","1974-01-07","  23.4","000000","999.9","  42.8","  24.8"," 42.7"," 0.00","1026.3","999.9","999.9","  29.3","  4.3"," 16.0"
"34504099999","48.6","34.9666666","143.0","1974-01-08","  14.6","001000","999.9","  24.8","  15.8"," 15.5"," 0.00","1032.8","999.9","999.9","  22.0","  5.1"," 13.6"
"34504099999","48.6","34.9666666","143.0","1974-01-09","   0.1","000000","999.9","  15.8","   6.8"," 15.5"," 0.00","1037.2","999.9","999.9","   9.9","  6.2"," 13.3"
"34504099999","48.6","34.9666666","143.0","1974-01-10","   2.7","000000","999.9","  17.6","   5.0"," 19.4"," 0.00","1037.5","999.9","999.9","  11.2","  6.2"," 15.0"
"34504099999","48.6","34.9666666","143.0","1974-01-11","   9.4","001000","999.9","  23.0","  12.2"," 13.6"," 0.00","1039.3","999.9","999.9","  17.3","  5.1"," 11.4"
"34504099999","48.6","34.9666666","143.0","1974-01-12","   1.1","000000","999.9","  21.2","  10.4"," 15.5"," 0.00","1036.5","999.9","999.9","  14.8","  6.2"," 11.4"
"34504099999","48.6","34.9666666","143.0","1974-01-13","   2.7","000000","999.9","  21.2","   6.8"," 15.5"," 0.00","1035.5","999.9","999.9","  11.7","  6.2"," 11.4"
"34504099999","48.6","34.9666666","143.0","1974-01-14","  -0.9","000000","999.9","  14.0","   1.4"," 19.4"," 0.00","1034.6","999.9","999.9","   7.9","  4.2"," 13.9"
"34504099999","48.6","34.9666666","143.0","1974-01-15","   2.1","000000","999.9","  30.2","   5.0"," 17.5"," 0.00","1034.8","999.9","999.9","  11.5","  6.8"," 15.3"
"34504099999","48.6","34.9666666","143.0","1974-01-16","   2.7","000000","999.9","  15.8","   3.2","  9.7"," 0.00","1031.6","999.9","999.9","   7.8","  6.2","  5.8"
"34504099999","48.6","34.9666666","143.0","1974-01-17","   4.3","000000","999.9","  21.2","   3.2","  5.8"," 0.00","1024.0","999.9","999.9","  11.7","  5.3","  4.1"
"34504099999","48.6","34.9666666","143.0","1974-01-18","   9.9","000000","999.9","  21.2","  10.4","  9.7"," 0.00","1019.5","999.9","999.9","  16.1","  5.7","  8.6"
"34504099999","48.6","34.9666666","143.0","1974-01-19","  16.6","001000","999.9","  30.2","  19.4","  9.7"," 0.01","1016.3","999.9","999.9","  23.0","  3.6","  6.1"
"34504099999","48.6","34.9666666","143.0","1974-01-20","  20.6","001000","999.9","  30.2","  21.2"," 13.6"," 0.20","1002.7","999.9","999.9","  23.5","  2.9","  7.2"
"34504099999","48.6","34.9666666","143.0","1974-01-21","  22.2","001000","999.9","  28.4","  21.2"," 15.5"," 0.06","1008.1","999.9","999.9","  25.8","  2.6"," 11.7"
"34504099999","48.6","34.9666666","143.0","1974-01-22","  14.6","000000","999.9","  21.2","  15.8"," 19.4"," 0.01","1023.0","999.9","999.9","  19.4","  2.1"," 13.3"
"34504099999","48.6","34.9666666","143.0","1974-01-23","   9.4","100000","999.9","  15.8","   3.2","  9.7"," 0.00","1023.6","999.9","999.9","  11.2","  1.2","  4.2"
"34504099999","48.6","34.9666666","143.0","1974-01-24","  19.9","101000","999.9","  28.4","  12.2","  7.8"," 0.02","1018.8","999.9","999.9","  22.2","  0.9","  4.2"
"34504099999","48.6","34.9666666","143.0","1974-01-25","  18.3","100000","999.9","  28.4","   8.6"," 15.5"," 0.00","1019.9","999.9","999.9","  20.3","  2.6","  7.0"
"34504099999","48.6","34.9666666","143.0","1974-01-26","  28.8","001000","999.9","  32.0","  26.6","  9.7"," 0.04","1016.4","999.9","999.9","  30.6","  1.7","  5.4"
"34504099999","48.6","34.9666666","143.0","1974-01-27","  27.3","001000","999.9","  33.8","  28.4","  7.8"," 0.00","1018.0","999.9","999.9","  31.8","  7.8","  5.3"
"34504099999","48.6","34.9666666","143.0","1974-01-28","  26.2","001000","999.9","  32.0","  24.8","  5.8"," 0.04","1020.5","999.9","999.9","  27.7","  1.7","  3.6"
"34504099999","48.6","34.9666666","143.0","1974-01-29","  18.9","100000","999.9","  28.4","  12.2","  7.8"," 0.00","1030.2","999.9","999.9","  20.2","  1.1","  3.3"
"34504099999","48.6","34.9666666","143.0","1974-01-30","  10.4","000000","999.9","  23.0","   6.8","  7.8"," 0.00","1037.9","999.9","999.9","  14.4","  1.9","  5.3"
"34504099999","48.6","34.9666666","143.0","1974-01-31","   5.0","000000","999.9","  15.8","   3.2","  5.8"," 0.00","1036.8","999.9","999.9","   8.6","  2.2","  3.1"
"34504099999","48.6","34.9666666","143.0","1974-02-01","  14.4","001000","999.9","  26.6","  10.4","  5.8"," 0.00","1028.7","999.9","999.9","  18.3","  1.7","  2.7"
"34504099999","48.6","34.9666666","143.0","1974-02-02","  23.2","011000","999.9","  26.6","  19.4","  5.8"," 0.18","1026.1","999.9","999.9","  24.8","  1.1","  3.2"
"34504099999","48.6","34.9666666","143.0","1974-02-03","  28.9","100000","999.9","  51.8","  26.6","  5.8"," 0.00","1027.7","999.9","999.9","  30.2","  1.0","  3.6"
"34504099999","48.6","34.9666666","143.0","1974-02-04","  31.5","100000","999.9","  33.8","  30.2","  7.8"," 0.00","1025.2","999.9","999.9","  32.2","  0.7","  5.1"
"34504099999","48.6","34.9666666","143.0","1974-02-05","  31.8","010000","999.9","  37.4","  32.0"," 17.5"," 0.02","1016.6","999.9","999.9","  34.5","  3.3"," 14.1"
"34504099999","48.6","34.9666666","143.0","1974-02-06","  37.4","110000","999.9","  41.0","  33.8"," 19.4"," 0.08","1006.1","999.9","999.9","  38.1","  0.9"," 12.6"
"34504099999","48.6","34.9666666","143.0","1974-02-07","  37.2","010000","999.9","  50.0","  37.4"," 23.3"," 0.10"," 999.9","999.9","999.9","  42.8","  4.8"," 17.8"
"34504099999","48.6","34.9666666","143.0","1974-02-08","  39.8","010000","999.9","  48.2","  33.8"," 27.2"," 0.43","1001.8","999.9","999.9","  41.6","  4.3"," 17.8"
"34504099999","48.6","34.9666666","143.0","1974-02-09","  30.6","100000","999.9","  39.2","  30.2","  7.8"," 0.04","1015.9","999.9","999.9","  32.7","  3.1","  5.3"
"34504099999","48.6","34.9666666","143.0","1974-02-10","  31.5","000000","999.9","  39.2","  30.2"," 15.5"," 0.00","1018.0","999.9","999.9","  35.1","  4.6"," 10.8"
"34504099999","48.6","34.9666666","143.0","1974-02-11","  34.7","110000","999.9","  37.4","  33.8","  9.7"," 0.12","1015.4","999.9","999.9","  35.4","  1.2","  4.7"
"34504099999","48.6","34.9666666","143.0","1974-02-12","  33.0","100000","999.9","  35.6","  30.2","  5.8"," 0.00","1018.9","999.9","999.9","  33.5","  0.9","  2.2"
"34504099999","48.6","34.9666666","143.0","1974-02-13","  28.4","110000","999.9","  30.2","  28.4","  7.8"," 0.00","1022.1","999.9","999.9","  29.6","  2.0","  5.2"
"34504099999","48.6","34.9666666","143.0","1974-02-14","  26.4","100000","999.9","  28.4","  26.6","  7.8"," 0.00","1023.4","999.9","999.9","  27.7","  0.8","  3.6"
"34504099999","48.6","34.9666666","143.0","1974-02-15","  29.7","100000","999.9","  39.2","  24.8","  5.8"," 0.00","1022.7","999.9","999.9","  30.7","  1.2","  1.9"
"34504099999","48.6","34.9666666","143.0","1974-02-16","  29.2","000000","999.9","  42.8","  30.2","  5.8"," 0.00","1022.5","999.9","999.9","  34.8","  4.1","  5.3"
"34504099999","48.6","34.9666666","143.0","1974-02-17","  27.9","110000","999.9","  30.2","  26.6","  7.8"," 0.00","1026.4","999.9","999.9","  28.4","  0.7","  2.4"
"34504099999","48.6","34.9666666","143.0","1974-02-18","  29.0","100000","999.9","  32.0","  28.4","  9.7"," 0.00","1029.3","999.9","999.9","  30.2","  0.7","  7.8"
"34504099999","48.6","34.9666666","143.0","1974-02-19","  29.4","100000","999.9","  32.0","  28.4"," 17.5"," 0.00","1028.7","999.9","999.9","  31.0","  3.4"," 10.8"
"34504099999","48.6","34.9666666","143.0","1974-02-20","  29.6","000000","999.9","  37.4","  32.0"," 13.6"," 0.00","1023.8","999.9","999.9","  34.4","  4.3"," 12.6"
"34504099999","48.6","34.9666666","143.0","1974-02-21","  26.3","000000","999.9","  32.0","  28.4"," 19.4"," 0.00","1021.2","999.9","999.9","  30.2","  5.7"," 13.6"
"34504099999","48.6","34.9666666","143.0","1974-02-22","  21.0","001000","999.9","  28.4","  23.0"," 19.4"," 0.02","1025.1","999.9","999.9","  25.0","  2.3"," 16.3"
"34504099999","48.6","34.9666666","143.0","1974-02-23","  18.5","000000","999.9","  33.8","  21.2"," 17.5"," 0.00","1027.9","999.9","999.9","  25.9","  5.3"," 16.3"
"34504099999","48.6","34.9666666","143.0","1974-02-24","  17.6","001000","999.9","  32.0","  19.4"," 19.4"," 0.02","1027.3","999.9","999.9","  25.2","  5.6"," 15.5"
"34504099999","48.6","34.9666666","143.0","1974-02-25","   8.1","000000","999.9","  32.0","  15.8"," 23.3"," 0.00","1025.2","999.9","999.9","  21.9","  6.2"," 20.2"
"34504099999","48.6","34.9666666","143.0","1974-02-26","   6.8","000000","999.9","  33.8","  14.0"," 23.3"," 0.00","1030.8","999.9","999.9","  22.3","  6.2"," 18.9"
"34504099999","48.6","34.9666666","143.0","1974-02-27","   6.4","000000","999.9","  35.6","  12.2"," 19.4"," 0.00","1033.4","999.9","999.9","  24.4","  6.2"," 17.5"
"34504099999","48.6","34.9666666","143.0","1974-02-28","  11.5","000000","999.9","  39.2","  21.2"," 15.5"," 0.00","1032.5","999.9","999.9","  29.8","  6.2"," 15.3"
"34504099999","48.6","34.9666666","143.0","1974-03-01","  10.4","000000","999.9","  42.8","  19.4"," 19.4"," 0.00","1030.2","999.9","999.9","  30.5","  6.2"," 17.2"
"34504099999","48.6","34.9666666","143.0","1974-03-02","  14.0","000000","999.9","  41.0","  -0.4"," 17.5"," 0.00","1028.3","999.9","999.9","  27.4","  6.2"," 15.8"
"34504099999","48.6","34.9666666","143.0","1974-03-03","  20.0","000000","999.9","  41.0","  21.2"," 17.5"," 0.00","1031.2","999.9","999.9","  31.2","  5.7"," 15.8"
"34504099999","48.6","34.9666666","143.0","1974-03-04","  17.9","000000","999.9","  32.0","  24.8"," 19.4"," 0.00","1036.1","999.9","999.9","  29.2","  4.6"," 14.9"
"34504099999","48.6","34.9666666","143.0","1974-03-05","  14.4","000000","999.9","  44.6","  26.6"," 15.5"," 0.00","1033.9","999.9","999.9","  32.9","  5.7"," 14.1"
"34504099999","48.6","34.9666666","143.0","1974-03-06","  17.6","000000","999.9","  44.6","  21.2"," 19.4"," 0.00","1034.6","999.9","999.9","  31.4","  5.2"," 17.8"
"34504099999","48.6","34.9666666","143.0","1974-03-07","  18.9","000000","999.9","  41.0","  21.2"," 29.1"," 0.00","1032.9","999.9","999.9","  30.2","  6.2"," 23.3"
"34504099999","48.6","34.9666666","143.0","1974-03-08","  13.3","000000","999.9","  48.2","  19.4"," 38.9"," 0.00","1031.7","999.9","999.9","  30.6","  4.3"," 27.7"
"34504099999","48.6","34.9666666","143.0","1974-03-09","  14.5","000000","999.9","  42.8","  21.2"," 23.3"," 0.00","1031.2","999.9","999.9","  29.4","  4.4"," 20.0"
"34504099999","48.6","34.9666666","143.0","1974-03-10","  12.2","000000","999.9","  48.2","  21.2"," 15.5"," 0.00","1034.6","999.9","999.9","  33.0","  6.2"," 12.2"
"34504099999","48.6","34.9666666","143.0","1974-03-11","  14.4","000000","999.9","  46.4","  19.4"," 13.6"," 0.00","1033.7","999.9","999.9","  33.3","  6.2"," 10.9"
"34504099999","48.6","34.9666666","143.0","1974-03-12","  20.5","000000","999.9","  44.6","  24.8"," 17.5"," 0.00","1035.3","999.9","999.9","  32.2","  5.7"," 13.8"
"34504099999","48.6","34.9666666","143.0","1974-03-13","  19.8","000000","999.9","  50.0","   5.0"," 15.5"," 0.00","1027.3","999.9","999.9","  34.5","  5.7"," 14.2"
"34504099999","48.6","34.9666666","143.0","1974-03-14","  24.3","000000","999.9","  41.0","  24.8"," 13.6"," 0.00","1019.1","999.9","999.9","  30.2","  4.1","  9.4"
"34504099999","48.6","34.9666666","143.0","1974-03-15","  29.9","010000","999.9","  35.6","  26.6"," 15.5"," 0.47","1010.6","999.9","999.9","  33.5","  1.8"," 13.9"
"34504099999","48.6","34.9666666","143.0","1974-03-16","  36.6","110000","999.9","  42.8","  35.6"," 11.7"," 0.09","1005.2","999.9","999.9","  37.4","  0.5","  7.5"
"34504099999","48.6","34.9666666","143.0","1974-03-17","  33.4","110000","999.9","  37.4","  32.0","  7.8"," 0.03","1004.6","999.9","999.9","  34.0","  0.8","  3.6"
"34504099999","48.6","34.9666666","143.0","1974-03-18","  35.8","110000","999.9","  48.2","  32.0"," 15.5"," 0.00","1009.6","999.9","999.9","  38.8","  1.4","  9.2"
"34504099999","48.6","34.9666666","143.0","1974-03-19","  38.4","100000","999.9","  57.2","  28.4"," 13.6"," 0.00","1017.8","999.9","999.9","  43.1","  2.5","  7.5"
"34504099999","48.6","34.9666666","143.0","1974-03-20","  44.9","000000","999.9","  59.0","  35.6","  7.8"," 0.00","1026.6","999.9","999.9","  50.0","  2.3","  2.9"
"34504099999","48.6","34.9666666","143.0","1974-03-21","  44.3","100000","999.9","  62.6","  39.2"," 13.6"," 0.00","1031.0","999.9","999.9","  48.7","  2.5","  6.7"
"34504099999","48.6","34.9666666","143.0","1974-03-22","  42.5","000000","999.9","  64.4","  39.2"," 11.7"," 0.00","1026.7","999.9","999.9","  51.5","  5.1","  8.9"
"34504099999","48.6","34.9666666","143.0","1974-03-23","  39.0","000000","999.9","  62.6","  37.4"," 17.5"," 0.00","1022.2","999.9","999.9","  47.5","  3.9"," 10.9"
"34504099999","48.6","34.9666666","143.0","1974-03-24","  25.6","000000","999.9","  39.2","  32.0"," 19.4"," 0.00","1027.4","999.9","999.9","  36.1","  5.1"," 16.6"
"34504099999","48.6","34.9666666","143.0","1974-03-25","  25.3","001000","999.9","  39.2","  32.0"," 15.5"," 0.00","1030.1","999.9","999.9","  35.6","  5.5"," 11.4"
"34504099999","48.6","34.9666666","143.0","1974-03-26","  24.5","000000","999.9","  39.2","  32.0"," 11.7"," 0.00","1021.1","999.9","999.9","  35.6","  6.2","  6.4"
"34504099999","48.6","34.9666666","143.0","1974-03-27","  27.9","011100","999.9","  44.6","  32.0"," 13.6"," 0.00","1013.4","999.9","999.9","  36.5","  5.1","  9.0"
"34504099999","48.6","34.9666666","143.0","1974-03-28","  27.1","000000","999.9","  41.0","  30.2"," 11.7"," 0.00","1021.0","999.9","999.9","  34.5","  4.7","  9.0"
"34504099999","48.6","34.9666666","143.0","1974-03-29","  24.5","000000","999.9","  42.8","  28.4","  7.8"," 0.00","1029.5","999.9","999.9","  34.5","  4.4","  4.4"
"34504099999","48.6","34.9666666","143.0","1974-03-30","  26.3","000000","999.9","  51.8","  28.4","  5.8"," 0.00","1032.1","999.9","999.9","  40.1","  5.3","  1.9"
"34504099999","48.6","34.9666666","143.0","1974-03-31","  29.6","000000","999.9","  55.4","  39.2"," 11.7"," 0.00","1031.3","999.9","999.9","  43.7","  5.0","  6.2"
"34504099999","48.6","34.9666666","143.0","1974-04-01","  25.0","000000","999.9","  46.4","  35.6"," 17.5"," 0.00","1031.3","999.9","999.9","  40.1","  6.2"," 11.9"
"34504099999","48.6","34.9666666","143.0","1974-04-02","  24.8","000000","999.9","  51.8","  28.4"," 17.5"," 0.00","1027.7","999.9","999.9","  40.8","  5.4"," 12.6"
"34504099999","48.6","34.9666666","143.0","1974-04-03","  25.3","000000","999.9","  51.8","  33.8"," 17.5"," 0.00","1025.9","999.9","999.9","  41.5","  6.2"," 11.7"
"34504099999","48.6","34.9666666","143.0","1974-04-04","  26.1","000000","999.9","  55.4","  32.0"," 17.5"," 0.00","1022.5","999.9","999.9","  44.2","  6.2"," 12.1"
"34504099999","48.6","34.9666666","143.0","1974-04-05","  26.3","000000","999.9","  51.8","  37.4"," 15.5"," 0.00","1017.8","999.9","999.9","  44.3","  6.2"," 11.4"
"34504099999","48.6","34.9666666","143.0","1974-04-06","  39.0","010000","999.9","  50.0","  39.2","  7.8"," 0.10","1013.6","999.9","999.9","  42.6","  2.8","  3.2"
"34504099999","48.6","34.9666666","143.0","1974-04-07","  34.7","010000","999.9","  53.6","  39.2","  9.7"," 0.02","1011.7","999.9","999.9","  44.9","  3.4","  4.7"
"34504099999","48.6","34.9666666","143.0","1974-04-08","  28.1","010000","999.9","  50.0","  37.4"," 11.7"," 0.00","1011.1","999.9","999.9","  42.3","  4.6","  5.2"
"34504099999","48.6","34.9666666","143.0","1974-04-09","  25.7","000000","999.9","  48.2","  33.8","  7.8"," 0.00","1011.2","999.9","999.9","  40.2","  5.3","  2.9"
"34504099999","48.6","34.9666666","143.0","1974-04-10","  32.9","000000","999.9","  50.0","  33.8","  7.8"," 0.00","1012.4","999.9","999.9","  41.0","  3.9","  5.3"
"34504099999","48.6","34.9666666","143.0","1974-04-11","  31.8","000000","999.9","  60.8","  30.2"," 11.7"," 0.00","1014.8","999.9","999.9","  48.4","  6.2","  4.7"
"34504099999","48.6","34.9666666","143.0","1974-04-12","  33.2","000000","999.9","  60.8","  37.4"," 15.5"," 0.00","1011.7","999.9","999.9","  49.4","  5.6","  9.1"
"34504099999","48.6","34.9666666","143.0","1974-04-13","  35.6","000000","999.9","  60.8","  39.2","  7.8"," 0.00","1006.7","999.9","999.9","  49.6","  6.2","  4.4"
"34504099999","48.6","34.9666666","143.0","1974-04-14","  35.3","010001","999.9","  46.4","  33.8"," 21.4"," 0.12","1004.5","999.9","999.9","  38.5","  4.1"," 12.4"
"34504099999","48.6","34.9666666","143.0","1974-04-15","  28.9","001000","999.9","  41.0","  30.2"," 15.5"," 0.24","1006.9","999.9","999.9","  33.5","  3.9"," 13.6"
"34504099999","48.6","34.9666666","143.0","1974-04-16","  32.9","010000","999.9","  35.6","  32.0"," 15.5"," 0.09","1006.0","999.9","999.9","  34.6","  3.0"," 11.9"
"34504099999","48.6","34.9666666","143.0","1974-04-17","  32.5","000000","999.9","  46.4","  33.8","  5.8"," 0.00","1014.9","999.9","999.9","  39.7","  5.0","  3.1"
"34504099999","48.6","34.9666666","143.0","1974-04-18","  36.9","010000","999.9","  48.2","  39.2","  9.7"," 0.02","1014.7","999.9","999.9","  42.3","  2.6","  5.8"
"34504099999","48.6","34.9666666","143.0","1974-04-19","  38.6","010000","999.9","  41.0","  39.2"," 15.5"," 0.31","1005.0","999.9","999.9","  39.8","  1.6"," 12.3"
"34504099999","48.6","34.9666666","143.0","1974-04-20","  22.5","000000","999.9","  46.4","  32.0"," 23.3"," 0.00","1009.5","999.9","999.9","  38.5","  6.2"," 13.4"
"34504099999","48.6","34.9666666","143.0","1974-04-21","  29.7","000000","999.9","  46.4","  35.6","  7.8"," 0.00","1009.4","999.9","999.9","  40.2","  4.4","  6.9"
"34504099999","48.6","34.9666666","143.0","1974-04-22","  23.3","000000","999.9","  51.8","  32.0"," 15.5"," 0.00","1008.7","999.9","999.9","  39.5","  6.2","  7.8"
"34504099999","48.6","34.9666666","143.0","1974-04-23","  30.5","010000","999.9","  44.6","  35.6"," 11.7"," 0.08","1007.9","999.9","999.9","  39.2","  6.2","  4.4"
"34504099999","48.6","34.9666666","143.0","1974-04-24","  30.7","000000","999.9","  55.4","  33.8"," 17.5"," 0.00","1013.3","999.9","999.9","  43.3","  6.2","  9.7"
"34504099999","48.6","34.9666666","143.0","1974-04-25","  34.7","000000","999.9","  64.4","  39.2"," 44.7"," 0.00","1017.0","999.9","999.9","  50.7","  5.7"," 16.0"
"34504099999","48.6","34.9666666","143.0","1974-04-26","  34.1","000000","999.9","  64.4","  39.2"," 13.6"," 0.00","1012.6","999.9","999.9","  50.9","  6.2","  6.5"
"34504099999","48.6","34.9666666","143.0","1974-04-27","  39.2","010000","999.9","  55.4","  46.4"," 13.6"," 0.00","1009.2","999.9","999.9","  50.7","  5.3","  9.0"
"34504099999","48.6","34.9666666","143.0","1974-04-28","  39.2","010000","999.9","  53.6","  42.8"," 15.5"," 0.04","1016.0","999.9","999.9","  47.7","  4.1"," 12.0"
"34504099999","48.6","34.9666666","143.0","1974-04-29","  41.0","000000","999.9","  57.2","  46.4","  9.7"," 0.00","1017.6","999.9","999.9","  51.5","  8.0","  8.4"
"34504099999","48.6","34.9666666","143.0","1974-04-30","  44.8","100000","999.9","  60.8","  41.0"," 13.6"," 0.00","1016.1","999.9","999.9","  52.2","  5.3","  7.0"
"34504099999","48.6","34.9666666","143.0","1974-05-01","  35.6","000000","999.9","  68.0","  42.8"," 17.5"," 0.00","1008.6","999.9","999.9","  60.2","  6.2"," 12.9"
"34504099999","48.6","34.9666666","143.0","1974-05-02","  46.0","010000","999.9","  60.8","  50.0"," 11.7"," 0.08","1000.0","999.9","999.9","  54.5","  6.2","  7.8"
"34504099999","48.6","34.9666666","143.0","1974-05-03","  50.0","000000","999.9","  57.2","  44.6"," 11.7"," 5.51","1002.1","999.9","999.9","  53.3","  3.0","  7.8"
"34504099999","48.6","34.9666666","143.0","1974-05-04","  50.8","100000","999.9","  57.2","  48.2"," 11.7"," 0.00","1008.7","999.9","999.9","  52.6","  1.2","  8.0"
"34504099999","48.6","34.9666666","143.0","1974-05-05","  49.4","100000","999.9","  69.8","  50.0"," 11.7"," 0.00","1011.9","999.9","999.9","  59.9","  4.6","  7.8"
"34504099999","48.6","34.9666666","143.0","1974-05-06","  48.7","010000","999.9","  68.0","  50.0"," 17.5"," 0.00","1012.9","999.9","999.9","  59.0","  4.3"," 10.7"
"34504099999","48.6","34.9666666","143.0","1974-05-07","  51.5","010010","999.9","  68.0","  51.8"," 17.5"," 0.32","1011.8","999.9","999.9","  59.0","  5.6","  5.2"
"34504099999","48.6","34.9666666","143.0","1974-05-08","  48.8","000010","999.9","  66.2","  48.2","  5.8"," 0.06","1014.0","999.9","999.9","  58.7","  5.1","  3.9"
"34504099999","48.6","34.9666666","143.0","1974-05-09","  46.2","000000","999.9","  73.4","  48.2","  9.7"," 0.00","1013.3","999.9","999.9","  60.6","  5.3","  4.4"
"34504099999","48.6","34.9666666","143.0","1974-05-10","  49.2","000000","999.9","  71.6","  51.8","  9.7"," 0.00","1009.4","999.9","999.9","  62.6","  5.0","  6.4"
"34504099999","48.6","34.9666666","143.0","1974-05-11","  54.8","010010","999.9","  60.8","  53.6"," 15.5"," 0.12","1010.4","999.9","999.9","  57.5","  3.0"," 10.8"
"34504099999","48.6","34.9666666","143.0","1974-05-12","  46.4","010000","999.9","  59.0","  48.2"," 19.4"," 0.00","1014.1","999.9","999.9","  55.6","  6.2"," 15.3"
"34504099999","48.6","34.9666666","143.0","1974-05-13","  43.8","010000","999.9","  57.2","  46.4"," 17.5"," 0.12","1017.4","999.9","999.9","  51.3","  5.7"," 13.0"
"34504099999","48.6","34.9666666","143.0","1974-05-14","  37.1","000000","999.9","  50.0","  42.8","  9.7"," 0.00","1018.5","999.9","999.9","  46.1","  5.6","  5.8"
"34504099999","48.6","34.9666666","143.0","1974-05-15","  41.2","000000","999.9","  64.4","  39.2","  7.8"," 0.00","1019.2","999.9","999.9","  51.6","  5.3","  5.1"
"34504099999","48.6","34.9666666","143.0","1974-05-16","  41.7","000000","999.9","  71.6","  44.6"," 19.4"," 0.00","1019.7","999.9","999.9","  58.7","  6.2","  6.8"
"34504099999","48.6","34.9666666","143.0","1974-05-17","  42.1","000000","999.9","  71.6","  50.0"," 19.4"," 0.00","1016.1","999.9","999.9","  61.5","  5.5"," 12.1"
"34504099999","48.6","34.9666666","143.0","1974-05-18","  45.7","000000","999.9","  69.8","  51.8"," 17.5"," 0.08","1010.7","999.9","999.9","  59.0","  6.2","  8.7"
"34504099999","48.6","34.9666666","143.0","1974-05-19","  36.3","000000","999.9","  60.8","  44.6"," 19.4"," 0.00","1008.0","999.9","999.9","  53.4","  6.2"," 11.7"
"34504099999","48.6","34.9666666","143.0","1974-05-20","  29.9","000000","999.9","  60.8","  39.2"," 13.6"," 0.00","1009.8","999.9","999.9","  53.3","  5.2","  8.4"
"34504099999","48.6","34.9666666","143.0","1974-05-21","  33.2","010000","999.9","  55.4","  39.2"," 15.5"," 0.00","1009.9","999.9","999.9","  49.7","  5.1","  9.2"
"34504099999","48.6","34.9666666","143.0","1974-05-22","  29.7","000000","999.9","  62.6","  41.0","  7.8"," 0.00","1009.7","999.9","999.9","  53.1","  5.7","  5.1"
"34504099999","48.6","34.9666666","143.0","1974-05-23","  46.9","010000","999.9","  60.8","  50.0"," 19.4"," 0.20","1001.7","999.9","999.9","  54.3","  3.9"," 13.1"
"34504099999","48.6","34.9666666","143.0","1974-05-24","  48.2","010000","999.9","  57.2","  50.0"," 19.4"," 0.71"," 997.3","999.9","999.9","  53.6","  3.7"," 14.8"
"34504099999","48.6","34.9666666","143.0","1974-05-25","  46.4","010000","999.9","  68.0","  46.4"," 13.6"," 0.12","1008.2","999.9","999.9","  56.9","  6.8","  7.8"
"34504099999","48.6","34.9666666","143.0","1974-05-26","  46.7","010000","999.9","  62.6","  46.4"," 19.4"," 0.04","1006.2","999.9","999.9","  53.8","  4.8","  9.0"
"34504099999","48.6","34.9666666","143.0","1974-05-27","  45.3","010000","999.9","  59.0","  42.8"," 40.8"," 0.00","1007.0","999.9","999.9","  52.5","  5.5"," 13.1"
"34504099999","48.6","34.9666666","143.0","1974-05-28","  44.4","000000","999.9","  66.2","  46.4","  7.8"," 0.00","1009.9","999.9","999.9","  56.8","  5.4","  5.3"
"34504099999","48.6","34.9666666","143.0","1974-05-29","  47.9","000000","999.9","  71.6","  50.0"," 13.6"," 0.00","1014.6","999.9","999.9","  63.4","  6.2","  6.1"
"34504099999","48.6","34.9666666","143.0","1974-05-30","  51.5","000000","999.9","  77.0","  53.6","  9.7"," 0.00","1016.5","999.9","999.9","  67.5","  6.2","  7.5"
"34504099999","48.6","34.9666666","143.0","1974-05-31","  50.8","000000","999.9","  73.4","  57.2"," 11.7"," 0.00","1019.0","999.9","999.9","  64.9","  6.2","  6.9"
"34504099999","48.6","34.9666666","143.0","1974-06-01","  51.1","000000","999.9","  80.6","  53.6","  7.8"," 0.00","1018.1","999.9","999.9","  70.1","  6.2","  6.8"
"34504099999","48.6","34.9666666","143.0","1974-06-02","  53.3","000000","999.9","  84.2","  60.8"," 11.7"," 0.00","1016.2","999.9","999.9","  72.3","  5.7","  6.1"
"34504099999","48.6","34.9666666","143.0","1974-06-03","  57.0","000010","999.9","  84.2","  64.4"," 11.7"," 0.00","1016.0","999.9","999.9","  72.3","  6.2","  6.1"
"34504099999","48.6","34.9666666","143.0","1974-06-04","  53.1","000000","999.9","  77.0","  57.2"," 11.7"," 0.00","1014.7","999.9","999.9","  67.1","  6.2","  3.9"
"34504099999","48.6","34.9666666","143.0","1974-06-05","  45.3","000000","999.9","  71.6","  57.2"," 11.7"," 0.00","1013.0","999.9","999.9","  64.4","  5.7","  9.0"
"34504099999","48.6","34.9666666","143.0","1974-06-06","  41.0","000000","999.9","  66.2","  50.0"," 11.7"," 0.00","1016.6","999.9","999.9","  56.9","  6.2","  6.9"
"34504099999","48.6","34.9666666","143.0","1974-06-07","  42.5","000000","999.9","  75.2","  51.8","  9.7"," 0.00","1017.2","999.9","999.9","  65.2","  6.2","  5.8"
"34504099999","48.6","34.9666666","143.0","1974-06-08","  48.7","010000","999.9","  75.2","  55.4"," 17.5"," 0.00","1012.5","999.9","999.9","  64.2","  4.8"," 11.4"
"34504099999","48.6","34.9666666","143.0","1974-06-09","  43.1","010000","999.9","  68.0","  50.0"," 15.5"," 0.12","1015.7","999.9","999.9","  58.6","  5.3"," 10.9"
"34504099999","48.6","34.9666666","143.0","1974-06-10","  43.7","000000","999.9","  75.2","  50.0","  9.7"," 0.00","1018.0","999.9","999.9","  64.4","  6.2","  3.2"
"34504099999","48.6","34.9666666","143.0","1974-06-11","  47.4","000000","999.9","  78.8","  55.4","  9.7"," 0.00","1012.8","999.9","999.9","  66.7","  6.2","  5.6"
"34504099999","48.6","34.9666666","143.0","1974-06-12","  49.3","010000","999.9","  77.0","  53.6"," 29.1"," 0.00","1003.9","999.9","999.9","  66.2","  6.2"," 13.6"
"34504099999","48.6","34.9666666","143.0","1974-06-13","  47.1","010000","999.9","  73.4","  57.2"," 13.6"," 0.51","1006.7","999.9","999.9","  64.2","  6.2","  9.5"
"34504099999","48.6","34.9666666","143.0","1974-06-14","  43.5","010000","999.9","  69.8","  51.8","  7.8"," 0.00","1011.7","999.9","999.9","  62.1","  5.3","  3.4"
"34504099999","48.6","34.9666666","143.0","1974-06-15","  53.6","010000","999.9","  73.4","  55.4"," 11.7"," 0.00","1008.9","999.9","999.9","  60.8","  4.3","  7.5"
"34504099999","48.6","34.9666666","143.0","1974-06-16","  53.3","010000","999.9","  59.0","  51.8"," 13.6"," 0.00","1003.5","999.9","999.9","  55.9","  2.7"," 10.8"
"34504099999","48.6","34.9666666","143.0","1974-06-17","  52.1","000000","999.9","  64.4","  53.6"," 13.6"," 0.24","1004.5","999.9","999.9","  59.0","  4.6","  6.9"
"34504099999","48.6","34.9666666","143.0","1974-06-18","  55.4","010010","999.9","  71.6","  53.6","  9.7"," 0.00","1011.3","999.9","999.9","  62.6","  4.1","  6.4"
"34504099999","48.6","34.9666666","143.0","1974-06-19","  56.7","010010","999.9","  71.6","  57.2","  5.8"," 0.24","1011.8","999.9","999.9","  63.7","  5.6","  3.4"
"34504099999","48.6","34.9666666","143.0","1974-06-20","  54.6","000000","999.9","  77.0","  57.2","  5.8"," 0.00","1012.9","999.9","999.9","  67.6","  4.4","  2.7"
"34504099999","48.6","34.9666666","143.0","1974-06-21","  57.5","000000","999.9","  78.8","  60.8","  7.8"," 0.00","1015.0","999.9","999.9","  69.8","  4.1","  3.1"
"34504099999","48.6","34.9666666","143.0","1974-06-22","  57.2","000000","999.9","  82.4","  64.4","  7.8"," 0.00","1015.6","999.9","999.9","  73.9","  5.1","  4.4"
"34504099999","48.6","34.9666666","143.0","1974-06-23","  59.3","010010","999.9","  78.8","  64.4","  9.7"," 0.31","1011.7","999.9","999.9","  71.6","  5.7","  3.6"
"34504099999","48.6","34.9666666","143.0","1974-06-24","  57.5","010010","999.9","  71.6","  59.0"," 15.5"," 0.63","1004.5","999.9","999.9","  67.0","  5.0","  7.2"
"34504099999","48.6","34.9666666","143.0","1974-06-25","  58.8","010010","999.9","  69.8","  57.2","  9.7"," 0.16","1002.6","999.9","999.9","  63.0","  5.3","  5.6"
"34504099999","48.6","34.9666666","143.0","1974-06-26","  55.4","000000","999.9","  71.6","  53.6"," 15.5"," 0.00","1004.0","999.9","999.9","  61.1","  3.6","  6.1"
"34504099999","48.6","34.9666666","143.0","1974-06-27","  53.9","000000","999.9","  80.6","  51.8","  9.7"," 0.00","1010.7","999.9","999.9","  67.2","  6.2","  7.4"
"34504099999","48.6","34.9666666","143.0","1974-06-28","  56.4","000000","999.9","  78.8","  60.8"," 17.5"," 0.00","1009.9","999.9","999.9","  70.5","  4.7"," 10.7"
"34504099999","48.6","34.9666666","143.0","1974-06-29","  60.2","010000","999.9","  71.6","  62.6"," 11.7"," 0.08","1006.1","999.9","999.9","  65.3","  5.0","  7.8"
"34504099999","48.6","34.9666666","143.0","1974-06-30","  62.6","000000","999.9","  80.6","  59.0"," 15.5"," 0.00","1004.6","999.9","999.9","  72.6","  5.1","  7.2"
"34504099999","48.6","34.9666666","143.0","1974-07-01","  62.4","010000","999.9","  71.6","  64.4"," 13.6"," 0.12","1002.6","999.9","999.9","  68.0","  2.7","  5.6"
"34504099999","48.6","34.9666666","143.0","1974-07-02","  59.0","010000","999.9","  71.6","  60.8"," 13.6"," 0.00","1005.3","999.9","999.9","  64.4","  4.4","  4.2"
"34504099999","48.6","34.9666666","143.0","1974-07-03","  55.0","010110","999.9","  64.4","  57.2"," 13.6"," 0.04","1008.3","999.9","999.9","  60.3","  4.7","  4.9"
"34504099999","48.6","34.9666666","143.0","1974-07-04","  52.6","100000","999.9","  75.2","  53.6","  9.7"," 0.00","1009.4","999.9","999.9","  63.6","  4.3","  4.7"
"34504099999","48.6","34.9666666","143.0","1974-07-05","  52.9","000000","999.9","  68.0","  57.2"," 13.6"," 0.00","1012.2","999.9","999.9","  63.1","  5.3","  7.0"
"34504099999","48.6","34.9666666","143.0","1974-07-06","  50.3","000000","999.9","  71.6","  51.8"," 15.5"," 0.00","1015.7","999.9","999.9","  62.8","  5.3","  5.8"
"34504099999","48.6","34.9666666","143.0","1974-07-07","  51.3","000000","999.9","  80.6","  57.2"," 19.4"," 0.00","1012.2","999.9","999.9","  69.6","  6.2"," 10.4"
"34504099999","48.6","34.9666666","143.0","1974-07-08","  56.3","000000","999.9","  86.0","  57.2"," 19.4"," 0.00","1006.4","999.9","999.9","  71.4","  6.2"," 12.1"
"34504099999","48.6","34.9666666","143.0","1974-07-09","  54.6","010010","999.9","  64.4","  53.6"," 17.5"," 0.71","1006.4","999.9","999.9","  58.1","  3.7"," 11.4"
"34504099999","48.6","34.9666666","143.0","1974-07-10","  54.1","000010","999.9","  69.8","  53.6"," 13.6"," 0.08","1011.0","999.9","999.9","  59.3","  5.7"," 10.8"
"34504099999","48.6","34.9666666","143.0","1974-07-11","  55.2","000000","999.9","  75.2","  55.4"," 13.6"," 0.00","1012.8","999.9","999.9","  65.3","  4.3","  8.5"
"34504099999","48.6","34.9666666","143.0","1974-07-12","  57.7","010010","999.9","  73.4","  57.2"," 11.7"," 0.20","1012.1","999.9","999.9","  62.1","  3.4","  4.4"
"34504099999","48.6","34.9666666","143.0","1974-07-13","  53.6","010000","999.9","  71.6","  57.2"," 15.5"," 0.24","1012.8","999.9","999.9","  63.0","  4.8","  7.5"
"34504099999","48.6","34.9666666","143.0","1974-07-14","  49.5","000000","999.9","  73.4","  51.8"," 15.5"," 0.00","1017.1","999.9","999.9","  64.8","  5.3","  7.0"
"34504099999","48.6","34.9666666","143.0","1974-07-15","  60.8","000000","999.9","  86.0","  60.8","  9.7"," 0.00","1015.6","999.9","999.9","  72.9","  5.7","  3.6"
"34504099999","48.6","34.9666666","143.0","1974-07-16","  63.5","000000","999.9","  80.6","  64.4"," 15.5"," 0.00","1012.6","999.9","999.9","  71.6","  4.3","  8.7"
"34504099999","48.6","34.9666666","143.0","1974-07-17","  59.8","000000","999.9","  75.2","  62.6"," 11.7"," 0.00","1013.1","999.9","999.9","  68.3","  5.1","  7.8"
"34504099999","48.6","34.9666666","143.0","1974-07-18","  63.2","000000","999.9","  80.6","  60.8","  5.8"," 0.00","1012.6","999.9","999.9","  71.9","  4.3","  5.4"
"34504099999","48.6","34.9666666","143.0","1974-07-19","  63.4","010010","999.9","  84.2","  66.2","  5.8"," 0.12","1011.2","999.9","999.9","  72.1","  4.3","  5.0"
"34504099999","48.6","34.9666666","143.0","1974-07-20","  61.8","000010","999.9","  86.0","  62.6","  5.8"," 0.00","1009.1","999.9","999.9","  73.4","  5.7","  3.9"
"34504099999","48.6","34.9666666","143.0","1974-07-21","  60.2","000000","999.9","  84.2","  66.2","  9.7"," 0.00","1006.3","999.9","999.9","  75.2","  5.0","  5.2"
"34504099999","48.6","34.9666666","143.0","1974-07-22","  61.3","000010","999.9","  84.2","  64.4","  9.7"," 0.87","1007.3","999.9","999.9","  70.9","  5.3","  5.8"
"34504099999","48.6","34.9666666","143.0","1974-07-23","  63.3","010000","999.9","  75.2","  62.6","  7.8"," 0.39","1010.2","999.9","999.9","  67.3","  4.7","  2.9"
"34504099999","48.6","34.9666666","143.0","1974-07-24","  59.5","000000","999.9","  77.0","  60.8","  9.7"," 0.00","1011.3","999.9","999.9","  67.2","  5.1","  5.5"
"34504099999","48.6","34.9666666","143.0","1974-07-25","  59.0","000000","999.9","  78.8","  60.8","  7.8"," 0.00","1011.0","999.9","999.9","  68.3","  6.2","  3.2"
"34504099999","48.6","34.9666666","143.0","1974-07-26","  61.4","000000","999.9","  84.2","  62.6"," 13.6"," 0.00","1011.2","999.9","999.9","  72.8","  4.3","  5.8"
"34504099999","48.6","34.9666666","143.0","1974-07-27","  52.2","000000","999.9","  73.4","  59.0"," 11.7"," 0.00","1016.3","999.9","999.9","  66.6","  4.3"," 10.7"
"34504099999","48.6","34.9666666","143.0","1974-07-28","  48.5","000000","999.9","  75.2","  57.2","  9.7"," 0.00","1020.0","999.9","999.9","  65.2","  6.2","  3.9"
"34504099999","48.6","34.9666666","143.0","1974-07-29","  53.8","000000","999.9","  78.8","  57.2","  5.8"," 0.00","1018.9","999.9","999.9","  68.0","  5.7","  2.5"
"34504099999","48.6","34.9666666","143.0","1974-07-30","  56.2","000000","999.9","  84.2","  59.0"," 11.7"," 0.00","1015.2","999.9","999.9","  70.8","  5.7","  6.4"
"34504099999","48.6","34.9666666","143.0","1974-07-31","  56.8","010000","999.9","  82.4","  59.0"," 13.6"," 0.01","1012.6","999.9","999.9","  68.7","  5.7","  4.6"
"34504099999","48.6","34.9666666","143.0","1974-08-01","  52.1","000000","999.9","  80.6","  55.4","  9.7"," 0.00","1014.6","999.9","999.9","  69.5","  5.1","  4.4"
"34504099999","48.6","34.9666666","143.0","1974-08-02","  55.0","000000","999.9","  78.8","  60.8","  5.8"," 0.00","1015.8","999.9","999.9","  70.0","  5.6","  3.9"
"34504099999","48.6","34.9666666","143.0","1974-08-03","  60.6","000000","999.9","  78.8","  62.6"," 11.7"," 0.39","1015.5","999.9","999.9","  71.6","  5.3","  7.5"
"34504099999","48.6","34.9666666","143.0","1974-08-04","  54.4","000000","999.9","  78.8","  62.6","  9.7"," 0.00","1020.4","999.9","999.9","  70.1","  6.2","  6.5"
"34504099999","48.6","34.9666666","143.0","1974-08-05","  50.5","000000","999.9","  78.8","  55.4","  5.8"," 0.00","1020.1","999.9","999.9","  68.4","  5.3","  0.8"
"34504099999","48.6","34.9666666","143.0","1974-08-06","  56.1","000010","999.9","  86.0","  59.0"," 11.7"," 0.00","1011.8","999.9","999.9","  70.9","  6.2","  7.2"
"34504099999","48.6","34.9666666","143.0","1974-08-07","  50.3","000000","999.9","  71.6","  57.2"," 11.7"," 0.00","1011.2","999.9","999.9","  62.6","  6.2","  7.8"
"34504099999","48.6","34.9666666","143.0","1974-08-08","  46.1","000000","999.9","  71.6","  50.0","  9.7"," 0.00","1013.5","999.9","999.9","  62.9","  6.2","  4.2"
"34504099999","48.6","34.9666666","143.0","1974-08-09","  47.7","000000","999.9","  78.8","  53.6","  3.9"," 0.00","1013.5","999.9","999.9","  67.5","  5.0","  2.2"
"34504099999","48.6","34.9666666","143.0","1974-08-10","  49.7","000000","999.9","  80.6","  57.2"," 13.6"," 0.00","1011.6","999.9","999.9","  72.4","  6.2","  7.2"
"34504099999","48.6","34.9666666","143.0","1974-08-11","  48.7","000000","999.9","  80.6","  60.8","  9.7"," 0.00","1010.2","999.9","999.9","  71.6","  6.2","  6.3"
"34504099999","48.6","34.9666666","143.0","1974-08-12","  53.2","000000","999.9","  84.2","  60.8","  7.8"," 0.00","1007.9","999.9","999.9","  72.6","  6.2","  5.8"
"34504099999","48.6","34.9666666","143.0","1974-08-13","  60.0","000000","999.9","  82.4","  62.6","  9.7"," 0.00","1009.8","999.9","999.9","  73.9","  6.2","  6.7"
"34504099999","48.6","34.9666666","143.0","1974-08-14","  60.3","010010","999.9","  71.6","  64.4"," 11.7"," 0.50","1012.3","999.9","999.9","  67.5","  5.1","  7.8"
"34504099999","48.6","34.9666666","143.0","1974-08-15","  62.6","010000","999.9","  68.0","  62.6"," 15.5"," 1.02","1011.1","999.9","999.9","  65.3","  5.5","  9.7"
"34504099999","48.6","34.9666666","143.0","1974-08-16","  56.4","000000","999.9","  73.4","  60.8"," 17.5"," 0.00","1012.2","999.9","999.9","  67.7","  5.7"," 15.0"
"34504099999","48.6","34.9666666","143.0","1974-08-17","  55.1","000000","999.9","  78.8","  60.8"," 17.5"," 0.00","1013.7","999.9","999.9","  69.5","  6.2"," 15.3"
"34504099999","48.6","34.9666666","143.0","1974-08-18","  59.8","000000","999.9","  87.8","  62.6"," 13.6"," 0.00","1017.2","999.9","999.9","  75.5","  6.2"," 10.0"
"34504099999","48.6","34.9666666","143.0","1974-08-19","  61.1","000000","999.9","  87.8","  66.2","  9.7"," 0.00","1016.8","999.9","999.9","  78.1","  5.3","  7.2"
"34504099999","48.6","34.9666666","143.0","1974-08-20","  59.0","000000","999.9","  84.2","  68.0"," 15.5"," 0.00","1017.4","999.9","999.9","  74.5","  5.3"," 11.1"
"34504099999","48.6","34.9666666","143.0","1974-08-21","  48.2","000000","999.9","  75.2","  59.0"," 11.7"," 0.00","1020.3","999.9","999.9","  66.5","  6.2","  8.4"
"34504099999","48.6","34.9666666","143.0","1974-08-22","  47.1","000000","999.9","  69.8","  53.6","  9.7"," 0.00","1022.0","999.9","999.9","  60.8","  6.2","  7.8"
"34504099999","48.6","34.9666666","143.0","1974-08-23","  43.5","000000","999.9","  71.6","  51.8"," 11.7"," 0.00","1023.2","999.9","999.9","  61.9","  5.5","  8.5"
"34504099999","48.6","34.9666666","143.0","1974-08-24","  41.3","000000","999.9","  75.2","  50.0"," 11.7"," 0.00","1023.6","999.9","999.9","  63.1","  6.2","  7.8"
"34504099999","48.6","34.9666666","143.0","1974-08-25","  43.1","000000","999.9","  78.8","  53.6","  9.7"," 0.00","1020.5","999.9","999.9","  65.3","  6.2","  3.9"
"34504099999","48.6","34.9666666","143.0","1974-08-26","  43.3","000000","999.9","  80.6","  55.4","  9.7"," 0.00","1017.8","999.9","999.9","  67.5","  6.2","  3.9"
"34504099999","48.6","34.9666666","143.0","1974-08-27","  44.8","000000","999.9","  84.2","  57.2"," 11.7"," 0.00","1017.2","999.9","999.9","  69.8","  6.2","  9.7"
"34504099999","48.6","34.9666666","143.0","1974-08-28","  42.1","000000","999.9","  82.4","  59.0"," 19.4"," 0.00","1019.6","999.9","999.9","  70.7","  6.2"," 13.1"
"34504099999","48.6","34.9666666","143.0","1974-08-29","  38.1","000000","999.9","  77.0","  59.0"," 17.5"," 0.00","1021.5","999.9","999.9","  67.3","  5.5"," 14.4"
"34504099999","48.6","34.9666666","143.0","1974-08-30","  42.0","000000","999.9","  80.6","  55.4"," 15.5"," 0.00","1019.9","999.9","999.9","  68.8","  7.1"," 11.7"
"34504099999","48.6","34.9666666","143.0","1974-08-31","  49.3","000000","999.9","  80.6","  59.0"," 13.6"," 0.00","1017.5","999.9","999.9","  69.8","  6.2","  8.7"
"34504099999","48.6","34.9666666","143.0","1974-09-01","  49.3","000000","999.9","  78.8","  59.0","  9.7"," 0.00","1014.8","999.9","999.9","  68.9","  6.2","  7.3"
"34504099999","48.6","34.9666666","143.0","1974-09-02","  51.2","000000","999.9","  78.8","  51.8","  9.7"," 0.00","1015.7","999.9","999.9","  70.1","  5.1","  7.5"
"34504099999","48.6","34.9666666","143.0","1974-09-03","  48.5","000000","999.9","  77.0","  57.2"," 11.7"," 0.00","1018.5","999.9","999.9","  66.4","  7.0","  8.5"
"34504099999","48.6","34.9666666","143.0","1974-09-04","  42.1","000000","999.9","  78.8","  55.4"," 11.7"," 0.00","1020.8","999.9","999.9","  66.9","  6.2","  8.7"
"34504099999","48.6","34.9666666","143.0","1974-09-05","  39.7","000000","999.9","  77.0","  51.8","  9.7"," 0.00","1020.0","999.9","999.9","  63.1","  6.2","  6.7"
"34504099999","48.6","34.9666666","143.0","1974-09-06","  38.9","000000","999.9","  77.0","  51.8"," 19.4"," 0.00","1019.4","999.9","999.9","  66.0","  9.3"," 11.7"
"34504099999","48.6","34.9666666","143.0","1974-09-07","  45.9","010010","999.9","  78.8","  59.0"," 17.5"," 0.00","1013.4","999.9","999.9","  66.7","  6.2"," 13.0"
"34504099999","48.6","34.9666666","143.0","1974-09-08","  54.7","000000","999.9","  73.4","  59.0"," 13.6"," 0.20","1013.6","999.9","999.9","  66.2","  6.2","  7.3"
"34504099999","48.6","34.9666666","143.0","1974-09-09","  56.4","000000","999.9","  80.6","  59.0","  7.8"," 0.00","1018.8","999.9","999.9","  69.5","  5.1","  3.6"
"34504099999","48.6","34.9666666","143.0","1974-09-10","  53.1","000000","999.9","  82.4","  59.0","  7.8"," 0.00","1022.6","999.9","999.9","  69.8","  5.1","  2.5"
"34504099999","48.6","34.9666666","143.0","1974-09-11","  52.1","000000","999.9","  84.2","  60.8"," 15.5"," 0.00","1021.3","999.9","999.9","  70.3","  5.1","  6.1"
"34504099999","48.6","34.9666666","143.0","1974-09-12","  47.3","000000","999.9","  71.6","  53.6"," 15.5"," 0.00","1023.7","999.9","999.9","  60.8","  5.6"," 13.9"
"34504099999","48.6","34.9666666","143.0","1974-09-13","  44.2","000000","999.9","  69.8","  50.0","  9.7"," 0.00","1023.5","999.9","999.9","  59.7","  6.2","  7.3"
"34504099999","48.6","34.9666666","143.0","1974-09-14","  40.2","000000","999.9","  68.0","  50.0","  7.8"," 0.00","1019.4","999.9","999.9","  60.8","  6.2","  3.9"
"34504099999","48.6","34.9666666","143.0","1974-09-15","  47.2","010000","999.9","  60.8","  50.0"," 15.5"," 0.00","1015.4","999.9","999.9","  56.4","  4.1","  7.5"
"34504099999","48.6","34.9666666","143.0","1974-09-16","  45.0","010000","999.9","  53.6","  48.2"," 25.3"," 0.12","1016.6","999.9","999.9","  49.8","  4.8"," 15.3"
"34504099999","48.6","34.9666666","143.0","1974-09-17","  47.0","010000","999.9","  59.0","  46.4"," 29.1"," 0.08","1017.8","999.9","999.9","  52.8","  5.1"," 17.8"
"34504099999","48.6","34.9666666","143.0","1974-09-18","  42.8","000000","999.9","  64.4","  48.2"," 13.6"," 0.00","1022.0","999.9","999.9","  54.5","  6.2","  8.3"
"34504099999","48.6","34.9666666","143.0","1974-09-19","  41.8","000000","999.9","  66.2","  42.8","  5.8"," 0.00","1020.2","999.9","999.9","  52.8","  4.6","  1.1"
"34504099999","48.6","34.9666666","143.0","1974-09-20","  40.7","000000","999.9","  71.6","  44.6","  5.8"," 0.00","1016.9","999.9","999.9","  59.5","  6.2","  2.5"
"34504099999","48.6","34.9666666","143.0","1974-09-21","  41.0","000000","999.9","  75.2","  42.8"," 15.5"," 0.00","1016.8","999.9","999.9","  59.0","  5.3","  4.6"
"34504099999","48.6","34.9666666","143.0","1974-09-22","  46.7","000000","999.9","  75.2","  48.2","  9.7"," 0.00","1019.9","999.9","999.9","  60.0","  5.1","  5.3"
"34504099999","48.6","34.9666666","143.0","1974-09-23","  45.3","000000","999.9","  77.0","  48.2"," 13.6"," 0.00","1020.2","999.9","999.9","  61.9","  5.3","  9.0"
"34504099999","48.6","34.9666666","143.0","1974-09-24","  46.4","000000","999.9","  82.4","  51.8"," 15.5"," 0.00","1014.5","999.9","999.9","  65.1","  6.2"," 10.4"
"34504099999","48.6","34.9666666","143.0","1974-09-25","  48.2","000000","999.9","  80.6","  51.8","  9.7"," 0.00","1010.2","999.9","999.9","  65.1","  6.2","  6.1"
"34504099999","48.6","34.9666666","143.0","1974-09-26","  51.6","000000","999.9","  78.8","  51.8"," 19.4"," 0.00","1004.5","999.9","999.9","  65.1","  6.2"," 11.9"
"34504099999","48.6","34.9666666","143.0","1974-09-27","  54.1","000000","999.9","  78.8","  59.0"," 15.5"," 0.00","1000.7","999.9","999.9","  68.9","  6.2"," 13.6"
"34504099999","48.6","34.9666666","143.0","1974-09-28","  53.9","010000","999.9","  68.0","  55.4"," 19.4"," 0.55","1005.8","999.9","999.9","  59.8","  5.1"," 13.9"
"34504099999","48.6","34.9666666","143.0","1974-09-29","  52.3","010000","999.9","  64.4","  53.6"," 17.5"," 0.08","1014.3","999.9","999.9","  57.7","  6.2"," 13.0"
"34504099999","48.6","34.9666666","143.0","1974-09-30","  53.9","010000","999.9","  66.2","  53.6","  7.8"," 0.04","1021.3","999.9","999.9","  58.2","  4.4","  4.4"
"34504099999","48.6","34.9666666","143.0","1974-10-01","  51.8","100000","999.9","  59.0","  50.0"," 11.7"," 0.00","1021.8","999.9","999.9","  53.6","  0.8","  6.8"
"34504099999","48.6","34.9666666","143.0","1974-10-02","  56.8","100000","999.9","  69.8","  51.8"," 13.6"," 0.00","1017.4","999.9","999.9","  59.4","  1.6","  7.3"
"34504099999","48.6","34.9666666","143.0","1974-10-03","  56.5","000000","999.9","  73.4","  53.6"," 15.5"," 0.00","1016.5","999.9","999.9","  61.9","  4.3"," 10.7"
"34504099999","48.6","34.9666666","143.0","1974-10-04","  44.3","000000","999.9","  64.4","  53.6"," 11.7"," 0.00","1019.7","999.9","999.9","  58.2","  5.1","  6.9"
"34504099999","48.6","34.9666666","143.0","1974-10-05","  45.9","000000","999.9","  62.6","  44.6","  9.7"," 0.00","1021.5","999.9","999.9","  54.3","  5.3","  7.0"
"34504099999","48.6","34.9666666","143.0","1974-10-06","  49.4","000000","999.9","  71.6","  48.2"," 17.5"," 0.00","1019.3","999.9","999.9","  60.3","  8.0"," 13.0"
"34504099999","48.6","34.9666666","143.0","1974-10-07","  48.2","000000","999.9","  71.6","  50.0"," 19.4"," 0.00","1017.8","999.9","999.9","  58.6","  5.2"," 11.2"
"34504099999","48.6","34.9666666","143.0","1974-10-08","  50.5","000000","999.9","  78.8","  50.0"," 15.5"," 0.00","1016.9","999.9","999.9","  61.9","  5.3","  9.2"
"34504099999","48.6","34.9666666","143.0","1974-10-09","  52.7","000000","999.9","  71.6","  51.8"," 19.4"," 0.00","1012.6","999.9","999.9","  61.2","  5.7"," 13.6"
"34504099999","48.6","34.9666666","143.0","1974-10-10","  52.0","000010","999.9","  73.4","  51.8"," 13.6"," 0.02","1015.6","999.9","999.9","  60.6","  4.2","  7.8"
"34504099999","48.6","34.9666666","143.0","1974-10-11","  54.4","000000","999.9","  68.0","  51.8","  5.8"," 0.00","1019.6","999.9","999.9","  58.5","  4.1","  3.3"
"34504099999","48.6","34.9666666","143.0","1974-10-12","  51.3","000000","999.9","  68.0","  51.8","  9.7"," 0.00","1022.8","999.9","999.9","  56.2","  4.2","  7.2"
"34504099999","48.6","34.9666666","143.0","1974-10-13","  46.4","000000","999.9","  68.0","  46.4","  9.7"," 0.00","1022.8","999.9","999.9","  55.6","  5.3","  7.8"
"34504099999","48.6","34.9666666","143.0","1974-10-14","  47.2","000000","999.9","  73.4","  48.2","  9.7"," 0.00","1019.6","999.9","999.9","  59.3","  5.1","  7.5"
"34504099999","48.6","34.9666666","143.0","1974-10-15","  52.1","000000","999.9","  71.6","  50.0","  9.7"," 0.00","1018.2","999.9","999.9","  58.2","  5.7","  6.4"
"34504099999","48.6","34.9666666","143.0","1974-10-16","  58.3","110000","999.9","  69.8","  55.4"," 17.5"," 0.02","1013.3","999.9","999.9","  63.3","  3.9"," 12.1"
"34504099999","48.6","34.9666666","143.0","1974-10-17","  50.3","010010","999.9","  55.4","  50.0","  9.7"," 0.47","1013.4","999.9","999.9","  52.8","  5.1","  6.7"
"34504099999","48.6","34.9666666","143.0","1974-10-18","  38.3","000000","999.9","  59.0","  41.0","  9.7"," 0.00","1017.5","999.9","999.9","  47.0","  5.6","  2.3"
"34504099999","48.6","34.9666666","143.0","1974-10-19","  34.8","000000","999.9","  51.8","  35.6","  7.8"," 0.00","1022.0","999.9","999.9","  42.3","  5.1","  3.6"
"34504099999","48.6","34.9666666","143.0","1974-10-20","  34.1","000000","999.9","  57.2","  33.8"," 15.5"," 0.00","1019.5","999.9","999.9","  45.9","  5.7","  9.2"
"34504099999","48.6","34.9666666","143.0","1974-10-21","  38.5","100000","999.9","  60.8","  39.2"," 27.2"," 0.00","1016.1","999.9","999.9","  47.5","  4.9"," 16.8"
"34504099999","48.6","34.9666666","143.0","1974-10-22","  44.4","000000","999.9","  69.8","  44.6"," 27.2"," 0.00","1009.6","999.9","999.9","  55.8","  6.2"," 20.2"
"34504099999","48.6","34.9666666","143.0","1974-10-23","  53.9","010000","999.9","  64.4","  55.4"," 19.4"," 0.17","1012.0","999.9","999.9","  58.2","  5.1"," 12.2"
"34504099999","48.6","34.9666666","143.0","1974-10-24","  48.2","010000","999.9","  60.8","  50.0","  7.8"," 0.01","1010.4","999.9","999.9","  53.2","  2.8","  5.3"
"34504099999","48.6","34.9666666","143.0","1974-10-25","  42.0","010000","999.9","  48.2","  39.2","  5.8"," 0.24","1012.4","999.9","999.9","  45.1","  2.3","  3.1"
"34504099999","48.6","34.9666666","143.0","1974-10-26","  40.1","000000","999.9","  53.6","  35.6","  9.7"," 0.00","1010.5","999.9","999.9","  44.1","  3.0","  6.8"
"34504099999","48.6","34.9666666","143.0","1974-10-27","  46.1","110000","999.9","  50.0","  44.6","  9.7"," 0.04","1007.3","999.9","999.9","  48.5","  2.4","  6.4"
"34504099999","48.6","34.9666666","143.0","1974-10-28","  46.6","110000","999.9","  50.0","  44.6","  9.7"," 0.25","1003.9","999.9","999.9","  48.4","  1.7","  7.8"
"34504099999","48.6","34.9666666","143.0","1974-10-29","  46.4","100000","999.9","  53.6","  46.4"," 11.7"," 0.04","1008.8","999.9","999.9","  49.5","  1.9","  6.7"
"34504099999","48.6","34.9666666","143.0","1974-10-30","  47.8","100000","999.9","  57.2","  44.6"," 17.5"," 0.00","1009.7","999.9","999.9","  49.6","  1.9"," 11.2"
"34504099999","48.6","34.9666666","143.0","1974-10-31","  43.1","000000","999.9","  59.0","  41.0"," 19.4"," 0.02","1013.1","999.9","999.9","  50.8","  5.5"," 10.5"
"34504099999","48.6","34.9666666","143.0","1974-11-01","  42.3","000000","999.9","  57.2","  35.6"," 19.4"," 0.00","1012.7","999.9","999.9","  48.0","  5.3"," 14.6"
"34504099999","48.6","34.9666666","143.0","1974-11-02","  44.4","010000","999.9","  53.6","  41.0"," 27.2"," 0.12","1002.0","999.9","999.9","  49.6","  6.2"," 17.0"
"34504099999","48.6","34.9666666","143.0","1974-11-03","  37.0","000000","999.9","  50.0","  37.4"," 11.7"," 0.00","1010.5","999.9","999.9","  43.7","  6.2","  8.0"
"34504099999","48.6","34.9666666","143.0","1974-11-04","  36.9","100000","999.9","  48.2","  37.4","  5.8"," 0.00","1015.9","999.9","999.9","  41.2","  4.9","  3.2"
"34504099999","48.6","34.9666666","143.0","1974-11-05","  36.0","000000","999.9","  48.2","  35.6","  9.7"," 0.00","1027.1","999.9","999.9","  42.6","  5.7","  6.1"
"34504099999","48.6","34.9666666","143.0","1974-11-06","  36.6","000000","999.9","  48.2","  37.4"," 11.7"," 0.00","1033.1","999.9","999.9","  42.5","  5.1","  9.4"
"34504099999","48.6","34.9666666","143.0","1974-11-07","  36.2","100000","999.9","  44.6","  35.6"," 13.6"," 0.00","1032.2","999.9","999.9","  38.0","  1.3","  8.9"
"34504099999","48.6","34.9666666","143.0","1974-11-08","  38.5","110000","999.9","  44.6","  37.4"," 13.6"," 0.10","1026.6","999.9","999.9","  40.6","  0.8","  5.1"
"34504099999","48.6","34.9666666","143.0","1974-11-09","  32.8","100000","999.9","  39.2","  33.8","  9.7"," 0.00","1021.3","999.9","999.9","  37.1","  3.9","  6.1"
"34504099999","48.6","34.9666666","143.0","1974-11-10","  27.1","000000","999.9","  39.2","  32.0","  9.7"," 0.00","1023.0","999.9","999.9","  34.9","  4.7","  5.8"
"34504099999","48.6","34.9666666","143.0","1974-11-11","  26.9","100000","999.9","  42.8","  28.4"," 15.5"," 0.00","1028.6","999.9","999.9","  34.8","  4.9","  7.2"
"34504099999","48.6","34.9666666","143.0","1974-11-12","  33.8","000000","999.9","  57.2","  35.6"," 13.6"," 0.00","1027.7","999.9","999.9","  41.9","  6.2"," 10.3"
"34504099999","48.6","34.9666666","143.0","1974-11-13","  29.3","000000","999.9","  48.2","  32.0","  7.8"," 0.00","1024.2","999.9","999.9","  37.8","  4.6","  6.4"
"34504099999","48.6","34.9666666","143.0","1974-11-14","  33.5","100000","999.9","  42.8","  30.2"," 11.7"," 0.00","1024.6","999.9","999.9","  36.6","  1.3","  6.9"
"34504099999","48.6","34.9666666","143.0","1974-11-15","  30.6","000000","999.9","  42.8","  30.2","  9.7"," 0.00","1030.6","999.9","999.9","  35.2","  3.6","  4.9"
"34504099999","48.6","34.9666666","143.0","1974-11-16","  32.0","100000","999.9","  42.8","  28.4"," 13.6"," 0.00","1029.3","999.9","999.9","  34.1","  1.5","  8.3"
"34504099999","48.6","34.9666666","143.0","1974-11-17","  37.9","100000","999.9","  46.4","  32.0"," 13.6"," 0.00","1026.5","999.9","999.9","  41.7","  3.4"," 10.4"
"34504099999","48.6","34.9666666","143.0","1974-11-18","  39.4","000000","999.9","  50.0","  41.0","  9.7"," 0.00","1026.6","999.9","999.9","  43.5","  2.9","  6.1"
"34504099999","48.6","34.9666666","143.0","1974-11-19","  39.0","100000","999.9","  46.4","  37.4"," 11.7"," 0.00","1025.5","999.9","999.9","  42.1","  1.6","  7.0"
"34504099999","48.6","34.9666666","143.0","1974-11-20","  37.7","100000","999.9","  46.4","  35.6"," 13.6"," 0.00","1018.4","999.9","999.9","  40.5","  2.8"," 10.5"
"34504099999","48.6","34.9666666","143.0","1974-11-21","  32.9","000000","999.9","  44.6","  35.6"," 11.7"," 0.00","1023.5","999.9","999.9","  39.2","  5.6","  7.8"
"34504099999","48.6","34.9666666","143.0","1974-11-22","  30.7","100000","999.9","  44.6","  26.6","  3.9"," 0.00","1022.1","999.9","999.9","  34.6","  0.7","  0.8"
"34504099999","48.6","34.9666666","143.0","1974-11-23","  30.8","111000","999.9","  37.4","  26.6","  7.8"," 0.08","1015.9","999.9","999.9","  32.0","  1.5","  1.3"
"34504099999","48.6","34.9666666","143.0","1974-11-24","  31.2","001000","999.9","  42.8","  28.4"," 17.5"," 0.17","1019.5","999.9","999.9","  33.3","  5.2"," 11.7"
"34504099999","48.6","34.9666666","143.0","1974-11-25","  25.0","001000","999.9","  30.2","  26.6"," 17.5"," 0.08","1027.2","999.9","999.9","  27.7","  2.5"," 11.7"
"34504099999","48.6","34.9666666","143.0","1974-11-26","  26.8","100000","999.9","  33.8","  24.8"," 15.5"," 0.00","1027.3","999.9","999.9","  29.3","  2.8"," 11.1"
"34504099999","48.6","34.9666666","143.0","1974-11-27","  31.5","010000","999.9","  41.0","  26.6"," 19.4"," 0.08","1015.3","999.9","999.9","  33.3","  1.7"," 14.7"
"34504099999","48.6","34.9666666","143.0","1974-11-28","  34.0","100000","999.9","  41.0","  30.2"," 11.7"," 0.02","1009.6","999.9","999.9","  35.2","  2.1","  7.3"
"34504099999","48.6","34.9666666","143.0","1974-11-29","  44.6","110000","999.9","  53.6","  39.2"," 33.0"," 0.08"," 998.5","999.9","999.9","  46.9","  2.4"," 21.4"
"34504099999","48.6","34.9666666","143.0","1974-11-30","  34.3","000000","999.9","  44.6","  32.0","  9.7"," 0.16","1011.5","999.9","999.9","  37.4","  2.1","  8.0"
"34504099999","48.6","34.9666666","143.0","1974-12-01","  32.7","100000","999.9","  51.8","  30.2"," 13.6"," 0.00","1014.9","999.9","999.9","  35.6","  0.9","  9.0"
"34504099999","48.6","34.9666666","143.0","1974-12-02","  30.4","100000","999.9","  35.6","  28.4","  9.7"," 0.00","1025.4","999.9","999.9","  31.6","  1.0","  6.6"
"34504099999","48.6","34.9666666","143.0","1974-12-03","  32.0","101000","999.9","  35.6","  30.2"," 11.7"," 0.04","1023.6","999.9","999.9","  33.3","  2.2"," 10.0"
"34504099999","48.6","34.9666666","143.0","1974-12-04","  32.3","101000","999.9","  37.4","  32.0"," 11.7"," 0.16","1016.1","999.9","999.9","  34.6","  3.5","  8.3"
"34504099999","48.6","34.9666666","143.0","1974-12-05","  29.3","000000","999.9","  35.6","  32.0","  7.8"," 0.00","1014.6","999.9","999.9","  33.3","  5.1","  5.3"
"34504099999","48.6","34.9666666","143.0","1974-12-06","  29.3","011000","999.9","  33.8","  30.2"," 13.6"," 0.08","1011.0","999.9","999.9","  31.7","  7.9","  8.1"
"34504099999","48.6","34.9666666","143.0","1974-12-07","  28.6","000000","999.9","  32.0","  30.2","  3.9"," 0.00","1013.9","999.9","999.9","  31.3","  1.6","  2.2"
"34504099999","48.6","34.9666666","143.0","1974-12-08","  25.5","000000","999.9","  32.0","  26.6","  5.8"," 0.00","1011.8","999.9","999.9","  29.5","  3.4","  1.2"
"34504099999","48.6","34.9666666","143.0","1974-12-09","  25.9","111000","999.9","  30.2","  23.0"," 15.5"," 0.16","1018.5","999.9","999.9","  27.7","  1.7","  9.0"
"34504099999","48.6","34.9666666","143.0","1974-12-10","  30.0","010000","999.9","  32.0","  30.2"," 15.5"," 0.02","1025.8","999.9","999.9","  31.8","  1.6"," 11.2"
"34504099999","48.6","34.9666666","143.0","1974-12-11","  31.1","011000","999.9","  32.0","  30.2","  9.7"," 0.04","1025.9","999.9","999.9","  31.5","  1.9","  7.8"
"34504099999","48.6","34.9666666","143.0","1974-12-12","  31.5","010000","999.9","9999.9","9999.9"," 11.7"," 0.01","1021.9","999.9","999.9","  32.0","  2.1","  9.4"
"34504099999","48.6","34.9666666","143.0","1974-12-13","  29.8","010000","999.9","  33.8","  28.4"," 19.4"," 0.00","1020.7","999.9","999.9","  31.8","  1.8"," 14.8"
"34504099999","48.6","34.9666666","143.0","1974-12-14","  22.1","001000","999.9","  33.8","  24.8"," 19.4"," 0.00","1026.7","999.9","999.9","  25.9","  4.8"," 16.3"
"34504099999","48.6","34.9666666","143.0","1974-12-15","  21.5","011000","999.9","  26.6","  24.8"," 17.5"," 0.00","1026.7","999.9","999.9","  25.1","  2.5"," 14.9"
"34504099999","48.6","34.9666666","143.0","1974-12-16","  18.9","000000","999.9","  41.0","  21.2"," 19.4"," 0.00","1021.3","999.9","999.9","  26.4","  6.2"," 16.5"
"34504099999","48.6","34.9666666","143.0","1974-12-17","  24.1","010000","999.9","  32.0","  21.2"," 11.7"," 0.02","1016.3","999.9","999.9","  27.9","  4.8"," 10.7"
"34504099999","48.6","34.9666666","143.0","1974-12-18","  35.6","110000","999.9","  39.2","  32.0"," 17.5"," 0.08","1011.4","999.9","999.9","  35.6","  0.9"," 12.5"
"34504099999","48.6","34.9666666","143.0","1974-12-19","  34.6","110000","999.9","  37.4","  32.0"," 11.7"," 0.43","1009.7","999.9","999.9","  34.6","  0.3","  6.5"
"34504099999","48.6","34.9666666","143.0","1974-12-20","  31.3","110000","999.9","  41.0","  32.0"," 19.4"," 0.24","1007.4","999.9","999.9","  34.5","  3.1"," 12.9"
"34504099999","48.6","34.9666666","143.0","1974-12-21","  27.9","000000","999.9","  35.6","  28.4","  9.7"," 0.00","1020.4","999.9","999.9","  30.9","  3.3","  6.3"
"34504099999","48.6","34.9666666","143.0","1974-12-22","  31.4","111000","999.9","  33.8","  28.4","  9.7"," 0.02","1022.4","999.9","999.9","  32.3","  0.6","  5.5"
"34504099999","48.6","34.9666666","143.0","1974-12-23","  34.8","110000","999.9","  35.6","  33.8","  5.8"," 0.06","1023.8","999.9","999.9","  34.8","  0.1","  2.5"
"34504099999","48.6","34.9666666","143.0","1974-12-24","  32.9","000000","999.9","  39.2","  33.8"," 19.4"," 0.00","1022.7","999.9","999.9","  36.5","  2.7"," 14.3"
"34504099999","48.6","34.9666666","143.0","1974-12-25","  27.3","000000","999.9","  32.0","  30.2","  5.8"," 0.00","1026.8","999.9","999.9","  31.5","  4.7","  4.1"
"34504099999","48.6","34.9666666","143.0","1974-12-26","  30.9","101000","999.9","  33.8","  30.2","  7.8"," 0.06","1021.7","999.9","999.9","  32.5","  0.9","  4.9"
"34504099999","48.6","34.9666666","143.0","1974-12-27","  32.7","111000","999.9","  33.8","  32.0"," 17.5"," 0.08","1012.9","999.9","999.9","  33.1","  0.6"," 11.7"
"34504099999","48.6","34.9666666","143.0","1974-12-28","  34.7","110000","999.9","  39.2","  32.0","  9.7"," 0.02","1015.3","999.9","999.9","  35.8","  0.8","  5.3"
"34504099999","48.6","34.9666666","143.0","1974-12-29","  36.7","110000","999.9","  41.0","  30.2"," 17.5"," 0.06","1006.0","999.9","999.9","  37.9","  1.7"," 13.3"
"34504099999","48.6","34.9666666","143.0","1974-12-30","  32.9","010000","999.9","  42.8","  33.8"," 33.0"," 0.12","1003.9","999.9","999.9","  38.4","  5.0"," 15.5"
"34504099999","48.6","34.9666666","143.0","1974-12-31","  21.7","000000","999.9","  33.8","  24.8"," 11.7"," 0.00","1017.0","999.9","999.9","  29.5","  6.2","  6.8"
"34504099999","48.6","34.9666666","143.0","1975-01-01","  17.6","010000","999.9","  30.2","  19.4","  5.8"," 0.00","1022.1","999.9","999.9","  24.0","  6.2","  3.3"
"34504099999","48.6","34.9666666","143.0","1975-01-02","  18.1","000000","999.9","  28.4","  19.4","  5.8"," 0.00","1025.2","999.9","999.9","  24.3","  5.7","  2.6"
"34504099999","48.6","34.9666666","143.0","1975-01-03","  23.3","001000","999.9","  32.0","  17.6"," 13.6"," 0.00","1023.2","999.9","999.9","  26.3","  3.3","  6.4"
"34504099999","48.6","34.9666666","143.0","1975-01-04","  29.9","011000","999.9","  32.0","  30.2"," 15.5"," 0.00","1017.6","999.9","999.9","  31.0","  0.6","  9.4"
"34504099999","48.6","34.9666666","143.0","1975-01-05","  25.6","001000","999.9","  33.8","  28.4"," 29.1"," 0.03","1004.9","999.9","999.9","  31.7","  3.9"," 18.6"
"34504099999","48.6","34.9666666","143.0","1975-01-06","  32.3","011000","999.9","  42.8","  28.4"," 19.4"," 0.10","1000.1","999.9","999.9","  35.6","  2.3"," 15.8"
"34504099999","48.6","34.9666666","143.0","1975-01-07","  34.7","010000","999.9","  51.8","  39.2"," 23.3"," 0.00"," 999.1","999.9","999.9","  42.4","  5.7"," 15.5"
"34504099999","48.6","34.9666666","143.0","1975-01-08","  28.9","010000","999.9","  37.4","  30.2"," 15.5"," 0.00","1001.2","999.9","999.9","  34.6","  5.1","  8.0"
"34504099999","48.6","34.9666666","143.0","1975-01-09","  21.2","000000","999.9","  33.8","  24.8"," 13.6"," 0.00","1013.1","999.9","999.9","  28.0","  5.5","  5.8"
"34504099999","48.6","34.9666666","143.0","1975-01-10","  12.2","011000","999.9","  24.8","  15.8"," 17.5"," 0.00","1022.9","999.9","999.9","  19.8","  6.2"," 10.2"
"34504099999","48.6","34.9666666","143.0","1975-01-11","  25.5","011000","999.9","  35.6","  21.2"," 15.5"," 0.00","1015.2","999.9","999.9","  29.5","  4.7"," 10.5"
"34504099999","48.6","34.9666666","143.0","1975-01-12","  28.9","010000","999.9","  37.4","  26.6"," 17.5"," 0.02","1016.0","999.9","999.9","  33.3","  3.6"," 12.2"
"34504099999","48.6","34.9666666","143.0","1975-01-13","  11.3","000000","999.9","  28.4","  15.8"," 17.5"," 0.00","1033.6","999.9","999.9","  23.3","  6.2","  9.4"
"34504099999","48.6","34.9666666","143.0","1975-01-14","  27.0","000000","999.9","  35.6","  24.8"," 15.5"," 0.00","1029.0","999.9","999.9","  30.9","  3.5","  8.5"
"34504099999","48.6","34.9666666","143.0","1975-01-15","  30.0","100000","999.9","  42.8","  30.2"," 13.6"," 0.00","1031.2","999.9","999.9","  33.6","  5.8","  7.0"
"34504099999","48.6","34.9666666","143.0","1975-01-16","  32.7","100000","999.9","  37.4","  30.2"," 15.5"," 0.00","1030.7","999.9","999.9","  34.0","  1.5"," 12.6"
"34504099999","48.6","34.9666666","143.0","1975-01-17","  33.3","100000","999.9","  35.6","  33.8"," 13.6"," 0.00","1027.1","999.9","999.9","  35.3","  2.0"," 12.8"
"34504099999","48.6","34.9666666","143.0","1975-01-18","  30.6","100000","999.9","  33.8","  28.4"," 15.5"," 0.00","1025.0","999.9","999.9","  31.3","  0.8"," 13.4"
"34504099999","48.6","34.9666666","143.0","1975-01-19","  26.6","100000","999.9","  32.0","  24.8"," 11.7"," 0.00","1028.2","999.9","999.9","  27.5","  0.6","  4.9"
"34504099999","48.6","34.9666666","143.0","1975-01-20","  25.1","100000","999.9","  26.6","  24.8","  9.7"," 0.00","1030.7","999.9","999.9","  25.1","  0.3","  4.9"
"34504099999","48.6","34.9666666","143.0","1975-01-21","  24.5","100000","999.9","  32.0","  23.0"," 17.5"," 0.00","1026.6","999.9","999.9","  26.6","  0.8","  4.2"
"34504099999","48.6","34.9666666","143.0","1975-01-22","  24.8","010000","999.9","  32.0","  24.8","  9.7"," 0.00","1025.7","999.9","999.9","  29.2","  5.1","  5.2"
"34504099999","48.6","34.9666666","143.0","1975-01-23","  20.5","000000","999.9","  28.4","  23.0","  7.8"," 0.00","1022.8","999.9","999.9","  27.3","  4.2","  4.7"
"34504099999","48.6","34.9666666","143.0","1975-01-24","  25.7","000000","999.9","  35.6","  26.6"," 13.6"," 0.00","1021.4","999.9","999.9","  31.2","  3.6","  8.3"
"34504099999","48.6","34.9666666","143.0","1975-01-25","  29.4","001000","999.9","  35.6","  32.0"," 17.5"," 0.02","1020.5","999.9","999.9","  33.8","  3.8"," 15.8"
"34504099999","48.6","34.9666666","143.0","1975-01-26","  31.5","001000","999.9","  35.6","  32.0"," 13.6"," 0.04","1018.6","999.9","999.9","  33.8","  2.0","  9.7"
"34504099999","48.6","34.9666666","143.0","1975-01-27","  31.0","111000","999.9","  33.8","  30.2"," 13.6"," 0.00","1016.1","999.9","999.9","  32.5","  1.3","  7.8"
"34504099999","48.6","34.9666666","143.0","1975-01-28","  31.5","101000","999.9","  33.8","  32.0","  7.8"," 0.12","1013.1","999.9","999.9","  32.3","  0.7","  5.8"
"34504099999","48.6","34.9666666","143.0","1975-01-29","  28.1","100000","999.9","  32.0","  28.4"," 13.6"," 0.00","1017.9","999.9","999.9","  30.5","  1.5","  9.2"
"34504099999","48.6","34.9666666","143.0","1975-01-30","  29.7","011000","999.9","  33.8","  26.6"," 19.4"," 0.12","1019.6","999.9","999.9","  32.3","  3.0"," 15.3"
"34504099999","48.6","34.9666666","143.0","1975-01-31","  24.4","000000","999.9","  30.2","  26.6"," 19.4"," 0.01","1025.4","999.9","999.9","  29.1","  4.8"," 17.0"
"34504099999","48.6","34.9666666","143.0","1975-02-01","  13.7","000000","999.9","  26.6","  15.8"," 17.5"," 0.00","1030.1","999.9","999.9","  21.2","  6.2"," 16.8"
"34504099999","48.6","34.9666666","143.0","1975-02-02","  11.7","000000","999.9","  23.0","  12.2"," 17.5"," 0.00","1029.8","999.9","999.9","  17.6","  6.2"," 15.8"
"34504099999","48.6","34.9666666","143.0","1975-02-03","  14.4","001000","999.9","  24.8","  15.8"," 19.4"," 0.01","1029.8","999.9","999.9","  18.9","  3.7"," 16.0"
"34504099999","48.6","34.9666666","143.0","1975-02-04","   7.2","001000","999.9","  32.0","   8.6"," 11.7"," 0.00","1023.2","999.9","999.9","  21.6","  4.7","  8.9"
"34504099999","48.6","34.9666666","143.0","1975-02-05","  26.6","001000","999.9","  32.0","  21.2"," 17.5"," 0.01","1018.0","999.9","999.9","  28.7","  1.4"," 13.3"
"34504099999","48.6","34.9666666","143.0","1975-02-06","  25.2","001000","999.9","  32.0","  30.2"," 19.4"," 0.00","1013.4","999.9","999.9","  30.9","  6.2"," 16.3"
"34504099999","48.6","34.9666666","143.0","1975-02-07","  25.3","001000","999.9","  32.0","  26.6"," 23.3"," 0.08"," 998.5","999.9","999.9","  29.2","  2.9"," 11.1"
"34504099999","48.6","34.9666666","143.0","1975-02-08","  11.7","001000","999.9","  24.8","   6.8"," 15.5"," 0.02","1005.2","  3.1","999.9","  17.4","  4.3"," 12.6"
"34504099999","48.6","34.9666666","143.0","1975-02-09","   7.2","001000","999.9","  23.0","   3.2","  7.8"," 0.00","1015.8","999.9","999.9","  14.9","  2.5","  3.1"
"34504099999","48.6","34.9666666","143.0","1975-02-10","  18.9","011000","999.9","  32.0","  14.0","  9.7"," 0.02","1012.6","999.9","999.9","  23.0","  3.4","  5.8"
"34504099999","48.6","34.9666666","143.0","1975-02-11","  21.0","101000","999.9","  32.0","  17.6"," 11.7"," 0.00","1011.5","999.9","999.9","  26.1","  2.3","  6.3"
"34504099999","48.6","34.9666666","143.0","1975-02-12","  24.0","000000","999.9","  35.6","  21.2","  7.8"," 0.00","1014.3","999.9","999.9","  28.7","  2.0","  3.9"
"34504099999","48.6","34.9666666","143.0","1975-02-13","  25.4","000000","999.9","  37.4","  24.8"," 17.5"," 0.00","1012.2","999.9","999.9","  32.0","  4.8"," 12.0"
"34504099999","48.6","34.9666666","143.0","1975-02-14","  34.0","110000","999.9","  39.2","  30.2"," 15.5"," 0.00","1007.5","999.9","999.9","  34.7","  0.8"," 11.4"
"34504099999","48.6","34.9666666","143.0","1975-02-15","  35.4","011000","999.9","  41.0","  30.2"," 19.4"," 0.12","1006.7","999.9","999.9","  37.4","  1.2"," 10.0"
"34504099999","48.6","34.9666666","143.0","1975-02-16","  13.3","001000","999.9","  24.8","  15.8"," 15.5"," 0.16","1026.9","999.9","999.9","  19.8","  5.3","  9.0"
"34504099999","48.6","34.9666666","143.0","1975-02-17","  14.0","000000","999.9","  26.6","  17.6","  5.8"," 0.00","1034.1","999.9","999.9","  21.5","  5.1","  3.1"
"34504099999","48.6","34.9666666","143.0","1975-02-18","  21.2","000000","999.9","  32.0","  19.4"," 15.5"," 0.00","1028.6","999.9","999.9","  27.5","  5.6","  9.1"
"34504099999","48.6","34.9666666","143.0","1975-02-19","  24.8","000000","999.9","  33.8","  26.6"," 15.5"," 0.00","1020.3","999.9","999.9","  30.4","  3.9","  7.0"
"34504099999","48.6","34.9666666","143.0","1975-02-20","  22.5","000000","999.9","  32.0","  23.0"," 11.7"," 0.00","1024.6","  2.0","999.9","  28.4","  3.6","  8.6"
"34504099999","48.6","34.9666666","143.0","1975-02-21","  16.0","000000","999.9","  32.0","  17.6"," 15.5"," 0.00","1032.1","999.9","999.9","  24.3","  3.9","  9.5"
"34504099999","48.6","34.9666666","143.0","1975-02-22","  19.1","000000","999.9","  30.2","  23.0","  7.8"," 0.00","1032.2","999.9","999.9","  27.4","  4.4","  2.6"
"34504099999","48.6","34.9666666","143.0","1975-02-23","  25.5","001000","999.9","  32.0","  26.6","  5.8"," 0.04","1033.8","999.9","999.9","  29.5","  1.7","  2.2"
"34504099999","48.6","34.9666666","143.0","1975-02-24","  23.0","000000","999.9","  33.8","  26.6","  7.8"," 0.00","1033.7","999.9","999.9","  28.7","  3.6","  4.4"
"34504099999","48.6","34.9666666","143.0","1975-02-25","  23.0","100000","999.9","  37.4","  23.0","  5.8"," 0.00","1026.4","999.9","999.9","  29.0","  2.2","  3.2"
"34504099999","48.6","34.9666666","143.0","1975-02-26","  18.2","000000","999.9","  30.2","  24.8"," 15.5"," 0.00","1019.2","999.9","999.9","  27.4","  5.1"," 13.0"
"34504099999","48.6","34.9666666","143.0","1975-02-27","  17.3","001000","999.9","  28.4","  17.6","  9.7"," 0.16","1023.2","999.9","999.9","  23.3","  3.0","  3.6"
"34504099999","48.6","34.9666666","143.0","1975-02-28","  17.0","001000","999.9","  32.0","  14.0","  5.8"," 0.01","1016.1","  2.0","999.9","  25.1","  4.3","  5.5"
"34504099999","48.6","34.9666666","143.0","1975-03-01","  23.7","101000","999.9","  32.0","  17.6"," 13.6"," 0.01","1010.6","999.9","999.9","  25.9","  0.6","  5.3"
"34504099999","48.6","34.9666666","143.0","1975-03-02","  20.1","001000","999.9","  50.0","  23.0","  7.8"," 0.02","1013.2","999.9","999.9","  30.0","  4.6","  4.4"
"34504099999","48.6","34.9666666","143.0","1975-03-03","  16.2","000000","999.9","  33.8","  17.6","  9.7"," 0.00","1024.5","999.9","999.9","  25.3","  5.3","  5.1"
"34504099999","48.6","34.9666666","143.0","1975-03-04","  21.2","000000","999.9","  39.2","  21.2"," 15.5"," 0.00","1022.3","999.9","999.9","  31.0","  5.1"," 11.1"
"34504099999","48.6","34.9666666","143.0","1975-03-05","  29.0","000000","999.9","  41.0","  24.8"," 11.7"," 0.00","1022.4","999.9","999.9","  34.4","  3.1","  5.2"
"34504099999","48.6","34.9666666","143.0","1975-03-06","  29.4","000000","999.9","  50.0","  30.2","  9.7"," 0.00","1025.9","999.9","999.9","  38.7","  5.7","  6.9"
"34504099999","48.6","34.9666666","143.0","1975-03-07","  27.4","000000","999.9","  50.0","  30.2"," 13.6"," 0.00","1025.5","999.9","999.9","  38.9","  4.4","  8.9"
"34504099999","48.6","34.9666666","143.0","1975-03-08","  33.2","010000","999.9","  44.6","  33.8"," 17.5"," 0.00","1020.1","999.9","999.9","  38.0","  2.4","  8.4"
"34504099999","48.6","34.9666666","143.0","1975-03-09","  36.4","000000","999.9","  55.4","  32.0"," 11.7"," 0.00","1017.3","999.9","999.9","  41.0","  2.7","  8.6"
"34504099999","48.6","34.9666666","143.0","1975-03-10","  36.6","100000","999.9","  57.2","  37.4"," 11.7"," 0.00","1016.5","999.9","999.9","  45.1","  2.9","  6.9"
"34504099999","48.6","34.9666666","143.0","1975-03-11","  37.0","100000","999.9","  42.8","  35.6"," 15.5"," 0.00","1018.0","999.9","999.9","  39.2","  1.0"," 13.2"
"34504099999","48.6","34.9666666","143.0","1975-03-12","  35.3","100000","999.9","  41.0","  33.8"," 11.7"," 0.00","1018.3","999.9","999.9","  37.7","  0.8","  4.7"
"34504099999","48.6","34.9666666","143.0","1975-03-13","  34.6","110000","999.9","  41.0","  32.0"," 15.5"," 0.12","1017.4","999.9","999.9","  36.6","  1.4","  6.9"
"34504099999","48.6","34.9666666","143.0","1975-03-14","  25.2","000000","999.9","  41.0","  28.4"," 15.5"," 0.00","1030.0","999.9","999.9","  33.6","  5.7"," 10.2"
"34504099999","48.6","34.9666666","143.0","1975-03-15","  25.7","000000","999.9","  46.4","  26.6"," 11.7"," 0.00","1032.3","999.9","999.9","  34.7","  4.3","  7.8"
"34504099999","48.6","34.9666666","143.0","1975-03-16","  27.5","000000","999.9","  53.6","  30.2"," 19.4"," 0.00","1021.6","999.9","999.9","  39.0","  5.3"," 13.8"
"34504099999","48.6","34.9666666","143.0","1975-03-17","  29.7","000000","999.9","  55.4","  30.2"," 17.5"," 0.00","1013.9","999.9","999.9","  43.8","  5.7"," 15.5"
"34504099999","48.6","34.9666666","143.0","1975-03-18","  31.7","010000","999.9","  46.4","  33.8"," 15.5"," 0.00","1017.5","999.9","999.9","  40.2","  5.1"," 12.2"
"34504099999","48.6","34.9666666","143.0","1975-03-19","  30.7","010000","999.9","  41.0","  30.2","  7.8"," 0.00","1020.9","999.9","999.9","  35.1","  2.0","  4.7"
"34504099999","48.6","34.9666666","143.0","1975-03-20","  32.8","000000","999.9","  51.8","  30.2"," 13.6"," 0.00","1014.7","999.9","999.9","  43.3","  2.0","  6.4"
"34504099999","48.6","34.9666666","143.0","1975-03-21","  26.6","010000","999.9","  41.0","  32.0"," 13.6"," 0.04","1008.8","999.9","999.9","  36.7","  4.9","  8.0"
"34504099999","48.6","34.9666666","143.0","1975-03-22","  23.3","000000","999.9","  37.4","  30.2"," 13.6"," 0.00","1016.3","999.9","999.9","  33.5","  4.6","  9.2"
"34504099999","48.6","34.9666666","143.0","1975-03-23","  22.6","000000","999.9","  42.8","  24.8"," 17.5"," 0.00","1016.3","999.9","999.9","  34.0","  4.8"," 10.7"
"34504099999","48.6","34.9666666","143.0","1975-03-24","  29.2","011000","999.9","  33.8","  30.2"," 19.4"," 0.84","1002.9","999.9","999.9","  32.0","  1.5"," 15.9"
"34504099999","48.6","34.9666666","143.0","1975-03-25","  31.2","100000","999.9","  41.0","  30.2"," 19.4"," 0.09","1000.7","999.9","999.9","  34.2","  1.5"," 10.0"
"34504099999","48.6","34.9666666","143.0","1975-03-26","  30.0","000000","999.9","  35.6","  32.0"," 19.4"," 0.00","1001.1","999.9","999.9","  34.0","  1.7","  8.7"
"34504099999","48.6","34.9666666","143.0","1975-03-27","  31.2","000000","999.9","  46.4","  28.4"," 15.5"," 0.00","1007.9","  1.2","999.9","  38.9","  3.5","  8.0"
"34504099999","48.6","34.9666666","143.0","1975-03-28","  34.9","100000","999.9","  57.2","  30.2"," 19.4"," 0.00","1014.7","999.9","999.9","  41.2","  3.4"," 11.7"
"34504099999","48.6","34.9666666","143.0","1975-03-29","  38.3","000000","999.9","  53.6","  35.6"," 25.3"," 0.00","1015.5","999.9","999.9","  45.0","  1.9"," 16.8"
"34504099999","48.6","34.9666666","143.0","1975-03-30","  39.4","000000","999.9","  62.6","  42.8"," 15.5"," 0.00","1016.4","999.9","999.9","  51.3","  3.3"," 13.4"
"34504099999","48.6","34.9666666","143.0","1975-03-31","  39.4","000000","999.9","  73.4","  41.0"," 23.3"," 0.00","1015.4","999.9","999.9","  54.7","  4.8"," 15.8"
"34504099999","48.6","34.9666666","143.0","1975-04-01","  45.1","000000","999.9","  73.4","  46.4"," 17.5"," 0.00","1010.9","999.9","999.9","  61.1","  5.1"," 12.3"
"34504099999","48.6","34.9666666","143.0","1975-04-02","  47.1","000000","999.9","  71.6","  50.0"," 15.5"," 0.00","1013.8","999.9","999.9","  59.9","  6.2","  8.5"
"34504099999","48.6","34.9666666","143.0","1975-04-03","  41.5","000000","999.9","  82.4","  51.8"," 19.4"," 0.00","1011.9","999.9","999.9","  66.2","  6.2"," 12.8"
"34504099999","48.6","34.9666666","143.0","1975-04-04","  36.1","000000","999.9","  66.2","  50.0"," 11.7"," 0.31","1017.9","999.9","999.9","  55.9","  6.2","  6.7"
"34504099999","48.6","34.9666666","143.0","1975-04-05","  33.3","000000","999.9","  71.6","  44.6"," 11.7"," 0.00","1024.7","999.9","999.9","  58.3","  6.2","  5.3"
"34504099999","48.6","34.9666666","143.0","1975-04-06","  43.7","000000","999.9","  78.8","  46.4"," 15.5"," 0.00","1021.7","999.9","999.9","  63.5","  6.2","  8.0"
"34504099999","48.6","34.9666666","143.0","1975-04-07","  40.8","000000","999.9","  78.8","  48.2","  9.7"," 0.00","1019.5","999.9","999.9","  64.2","  6.2","  5.6"
"34504099999","48.6","34.9666666","143.0","1975-04-08","  45.6","000000","999.9","  82.4","  51.8"," 21.4"," 0.00","1013.7","999.9","999.9","  66.0","  5.1"," 12.6"
"34504099999","48.6","34.9666666","143.0","1975-04-09","  43.6","000000","999.9","  78.8","  51.8"," 23.3"," 0.00","1007.3","999.9","999.9","  63.4","  6.2"," 17.2"
"34504099999","48.6","34.9666666","143.0","1975-04-10","  38.8","000000","999.9","  66.2","  44.6","  7.8"," 0.00","1014.5","999.9","999.9","  56.3","  5.7","  3.6"
"34504099999","48.6","34.9666666","143.0","1975-04-11","  43.0","010000","999.9","  71.6","  46.4"," 17.5"," 0.00","1006.6","999.9","999.9","  57.4","  6.2"," 12.9"
"34504099999","48.6","34.9666666","143.0","1975-04-12","  31.8","000000","999.9","  48.2","  37.4"," 29.1"," 0.00","1003.0","999.9","999.9","  44.1","  4.8"," 19.7"
"34504099999","48.6","34.9666666","143.0","1975-04-13","  23.3","000000","999.9","  48.2","  32.0"," 23.3"," 0.00","1006.1","999.9","999.9","  42.0","  6.2"," 18.8"
"34504099999","48.6","34.9666666","143.0","1975-04-14","  33.8","010000","999.9","  42.8","  33.8"," 19.4"," 0.08","1004.1","999.9","999.9","  36.8","  5.0"," 10.4"
"34504099999","48.6","34.9666666","143.0","1975-04-15","  27.7","000000","999.9","  50.0","  32.0"," 15.5"," 0.00","9999.9","999.9","999.9","  41.7","  7.1"," 11.3"
"34504099999","48.6","34.9666666","143.0","1975-04-16","  40.2","010000","999.9","  62.6","  39.2"," 17.5"," 0.02","1011.1","999.9","999.9","  51.3","  4.4"," 12.2"
"34504099999","48.6","34.9666666","143.0","1975-04-17","  39.5","000000","999.9","  73.4","  42.8"," 17.5"," 0.00","1013.0","999.9","999.9","  59.0","  6.2"," 12.8"
"34504099999","48.6","34.9666666","143.0","1975-04-18","  47.4","000000","999.9","  71.6","  53.6"," 11.7"," 0.00","1008.2","999.9","999.9","  62.3","  6.2","  9.4"
"34504099999","48.6","34.9666666","143.0","1975-04-19","  51.8","000000","999.9","  68.0","  57.2"," 15.5"," 0.00","1006.2","999.9","999.9","  60.0","  4.1","  8.6"
"34504099999","48.6","34.9666666","143.0","1975-04-20","  51.3","100000","999.9","  55.4","  50.0"," 15.5"," 0.00","1011.0","999.9","999.9","  53.6","  1.6","  7.5"
"34504099999","48.6","34.9666666","143.0","1975-04-21","  50.3","010000","999.9","  66.2","  50.0"," 15.5"," 0.04","1014.0","999.9","999.9","  56.6","  2.0","  4.9"
"34504099999","48.6","34.9666666","143.0","1975-04-22","  35.9","000000","999.9","  62.6","  46.4"," 29.1"," 0.00","1019.4","999.9","999.9","  54.6","  6.2"," 11.4"
"34504099999","48.6","34.9666666","143.0","1975-04-23","  42.8","000000","999.9","  73.4","  48.2"," 13.6"," 0.00","1016.6","999.9","999.9","  59.9","  3.9","  8.0"
"34504099999","48.6","34.9666666","143.0","1975-04-24","  46.4","000000","999.9","  68.0","  51.8"," 11.7"," 0.00","1012.1","999.9","999.9","  58.3","  5.3","  7.0"
"34504099999","48.6","34.9666666","143.0","1975-04-25","  47.2","010000","999.9","  66.2","  46.4","  7.8"," 0.16","1008.1","999.9","999.9","  55.9","  3.9","  3.5"
"34504099999","48.6","34.9666666","143.0","1975-04-26","  50.3","010000","999.9","  60.8","  51.8","  7.8"," 0.04","1005.9","999.9","999.9","  55.1","  2.8","  5.0"
"34504099999","48.6","34.9666666","143.0","1975-04-27","  51.8","010000","999.9","  57.2","  51.8"," 11.7"," 0.12","1007.0","999.9","999.9","  54.2","  1.6","  8.1"
"34504099999","48.6","34.9666666","143.0","1975-04-28","  52.6","010010","999.9","  57.2","  50.0"," 13.6"," 0.55","1008.1","999.9","999.9","  54.1","  1.4","  9.1"
"34504099999","48.6","34.9666666","143.0","1975-04-29","  52.1","100000","999.9","  57.2","  50.0","  7.8"," 0.01","1009.4","999.9","999.9","  53.1","  1.0","  6.1"
"34504099999","48.6","34.9666666","143.0","1975-04-30","  51.8","010000","999.9","  66.2","  50.0"," 19.4"," 0.02","1012.1","999.9","999.9","  57.2","  3.5"," 12.6"
"34504099999","48.6","34.9666666","143.0","1975-05-01","  48.0","010000","999.9","  71.6","  53.6"," 17.5"," 0.02","1015.6","999.9","999.9","  61.0","  4.8"," 13.1"
"34504099999","48.6","34.9666666","143.0","1975-05-02","  46.4","010000","999.9","  59.0","  51.8"," 13.6"," 0.12","1018.0","999.9","999.9","  55.6","  5.3","  9.5"
"34504099999","48.6","34.9666666","143.0","1975-05-03","  50.9","100000","999.9","  68.0","  50.0"," 15.5"," 0.01","1014.2","999.9","999.9","  60.6","  5.0","  8.5"
"34504099999","48.6","34.9666666","143.0","1975-05-04","  45.2","000000","999.9","  68.0","  53.6"," 11.7"," 0.00","1011.3","999.9","999.9","  59.3","  2.9","  9.7"
"34504099999","48.6","34.9666666","143.0","1975-05-05","  49.8","000000","999.9","  60.8","  50.0","  7.8"," 0.00","1016.9","999.9","999.9","  55.0","  1.6","  3.2"
"34504099999","48.6","34.9666666","143.0","1975-05-06","  51.8","000010","999.9","  66.2","  46.4","  9.7"," 0.00","1019.7","999.9","999.9","  57.4","  1.7","  5.6"
"34504099999","48.6","34.9666666","143.0","1975-05-07","  50.3","000000","999.9","  71.6","  55.4"," 11.7"," 0.12","1018.4","999.9","999.9","  62.6","  4.3","  7.2"
"34504099999","48.6","34.9666666","143.0","1975-05-08","  43.8","000000","999.9","  78.8","  53.6"," 19.4"," 0.00","1017.6","999.9","999.9","  67.2","  6.2"," 12.5"
"34504099999","48.6","34.9666666","143.0","1975-05-09","  43.1","000000","999.9","  82.4","  59.0"," 19.4"," 0.00","1016.7","999.9","999.9","  69.0","  6.2"," 11.7"
"34504099999","48.6","34.9666666","143.0","1975-05-10","  43.2","000000","999.9","  82.4","  57.2"," 17.5"," 0.00","1015.8","999.9","999.9","  69.6","  6.2"," 10.2"
"34504099999","48.6","34.9666666","143.0","1975-05-11","  45.7","000000","999.9","  82.4","  55.4"," 15.5"," 0.00","1015.8","999.9","999.9","  69.6","  5.7","  9.7"
"34504099999","48.6","34.9666666","143.0","1975-05-12","  41.2","000000","999.9","  82.4","  57.2"," 23.3"," 0.00","1014.7","999.9","999.9","  70.0","  6.2"," 12.9"
"34504099999","48.6","34.9666666","143.0","1975-05-13","  34.7","000000","999.9","  84.2","  57.2"," 19.4"," 0.00","1012.7","999.9","999.9","  73.4","  6.2"," 14.6"
"34504099999","48.6","34.9666666","143.0","1975-05-14","  38.2","000000","999.9","  80.6","  64.4"," 15.5"," 0.00","1010.8","999.9","999.9","  72.1","  6.2"," 15.0"
"34504099999","48.6","34.9666666","143.0","1975-05-15","  47.8","000000","999.9","  71.6","  62.6"," 23.3"," 0.00","1008.2","999.9","999.9","  68.0","  6.2"," 15.9"
"34504099999","48.6","34.9666666","143.0","1975-05-16","  40.7","000000","999.9","  86.0","  62.6"," 19.4"," 0.00","1010.2","999.9","999.9","  71.1","  4.6"," 11.1"
"34504099999","48.6","34.9666666","143.0","1975-05-17","  46.0","000000","999.9","  84.2","  59.0"," 17.5"," 0.00","1014.5","999.9","999.9","  72.3","  6.2"," 11.7"
"34504099999","48.6","34.9666666","143.0","1975-05-18","  43.7","000000","999.9","  84.2","  62.6"," 13.6"," 0.00","1018.4","999.9","999.9","  74.6","  6.2","  9.7"
"34504099999","48.6","34.9666666","143.0","1975-05-19","  43.0","000000","999.9","  86.0","  59.0"," 13.6"," 0.00","1018.6","999.9","999.9","  72.3","  6.2","  7.0"
"34504099999","48.6","34.9666666","143.0","1975-05-20","  46.2","000000","999.9","  86.0","  59.0","  9.7"," 0.00","1014.4","999.9","999.9","  73.4","  5.7","  6.6"
"34504099999","48.6","34.9666666","143.0","1975-05-21","  51.0","000000","999.9","  84.2","  57.2"," 13.6"," 0.00","1012.2","999.9","999.9","  70.8","  6.2","  5.8"
"34504099999","48.6","34.9666666","143.0","1975-05-22","  56.2","000000","999.9","  80.6","  60.8","  7.8"," 0.04","1013.6","999.9","999.9","  66.2","  5.5","  3.3"
"34504099999","48.6","34.9666666","143.0","1975-05-23","  55.7","000000","999.9","  80.6","  57.2","  7.8"," 0.00","1013.6","999.9","999.9","  65.2","  6.2","  2.5"
"34504099999","48.6","34.9666666","143.0","1975-05-24","  57.2","000010","999.9","  80.6","  57.2"," 11.7"," 0.00","1013.5","999.9","999.9","  68.5","  5.7","  6.7"
"34504099999","48.6","34.9666666","143.0","1975-05-25","  58.1","010010","999.9","  80.6","  59.0","  9.7"," 0.47","1014.6","999.9","999.9","  68.5","  4.4","  4.6"
"34504099999","48.6","34.9666666","143.0","1975-05-26","  58.6","010010","999.9","  87.8","  60.8","  7.8"," 0.02","1014.3","999.9","999.9","  71.2","  4.8","  4.1"
"34504099999","48.6","34.9666666","143.0","1975-05-27","  58.2","010010","999.9","  68.0","  57.2"," 13.6"," 0.41","1014.1","999.9","999.9","  62.6","  3.6","  8.0"
"34504099999","48.6","34.9666666","143.0","1975-05-28","  45.5","010000","999.9","  59.0","  50.0"," 15.5"," 0.01","1014.6","999.9","999.9","  53.6","  5.0"," 11.7"
"34504099999","48.6","34.9666666","143.0","1975-05-29","  49.1","100000","999.9","  71.6","  48.2","  9.7"," 0.08","1011.4","999.9","999.9","  60.5","  4.4","  4.2"
"34504099999","48.6","34.9666666","143.0","1975-05-30","  55.1","000000","999.9","  78.8","  53.6"," 13.6"," 0.00","1012.0","999.9","999.9","  69.5","  6.2","  9.1"
"34504099999","48.6","34.9666666","143.0","1975-06-01","  56.4","110000","999.9","  80.6","  55.4","  9.7"," 0.02","1011.8","999.9","999.9","  66.7","  5.9","  4.4"
"34504099999","48.6","34.9666666","143.0","1975-06-02","  58.2","000000","999.9","  84.2","  60.8","  7.8"," 0.00","1010.6","999.9","999.9","  72.1","  4.6","  3.9"
"34504099999","48.6","34.9666666","143.0","1975-06-03","  59.9","000000","999.9","  87.8","  64.4"," 15.5"," 0.00","1011.2","999.9","999.9","  76.4","  3.7","  8.7"
"34504099999","48.6","34.9666666","143.0","1975-06-04","  57.5","000000","999.9","  93.2","  64.4"," 17.5"," 0.00","1007.3","999.9","999.9","  77.9","  6.2","  9.1"
"34504099999","48.6","34.9666666","143.0","1975-06-05","  56.5","000000","999.9","  93.2","  69.8"," 17.5"," 0.00","1003.0","999.9","999.9","  81.1","  6.2"," 12.5"
"34504099999","48.6","34.9666666","143.0","1975-06-06","  63.4","000000","999.9","  87.8","  66.2"," 11.7"," 0.00","1007.0","999.9","999.9","  78.3","  5.7","  7.5"
"34504099999","48.6","34.9666666","143.0","1975-06-07","  57.7","000000","999.9","  96.8","  66.2"," 17.5"," 0.00","1010.2","999.9","999.9","  80.4","  5.7"," 11.2"
"34504099999","48.6","34.9666666","143.0","1975-06-08","  51.4","010010","999.9","  82.4","  57.2"," 19.4"," 0.00","1015.2","999.9","999.9","  69.2","  6.2","  5.2"
"34504099999","48.6","34.9666666","143.0","1975-06-09","  60.3","000010","999.9","  75.2","  62.6","  9.7"," 0.55","1013.1","999.9","999.9","  67.2","  5.1","  6.1"
"34504099999","48.6","34.9666666","143.0","1975-06-10","  59.0","000010","999.9","  78.8","  60.8","  9.7"," 0.00","1011.3","999.9","999.9","  71.9","  5.7","  7.2"
"34504099999","48.6","34.9666666","143.0","1975-06-11","  61.4","010000","999.9","  71.6","  60.8"," 13.6"," 0.91","1008.3","999.9","999.9","  66.8","  3.7","  4.9"
"34504099999","48.6","34.9666666","143.0","1975-06-12","  46.4","000000","999.9","  66.2","  57.2"," 17.5"," 0.00","1012.9","999.9","999.9","  61.1","  6.2"," 12.6"
"34504099999","48.6","34.9666666","143.0","1975-06-13","  42.4","000000","999.9","  71.6","  51.8","  9.7"," 0.00","1017.5","999.9","999.9","  62.6","  6.2","  5.3"
"34504099999","48.6","34.9666666","143.0","1975-06-14","  46.9","000000","999.9","  78.8","  53.6"," 11.7"," 0.00","1012.5","999.9","999.9","  65.7","  5.7","  5.8"
"34504099999","48.6","34.9666666","143.0","1975-06-15","  52.0","000000","999.9","  75.2","  57.2"," 13.6"," 0.00","1012.2","999.9","999.9","  66.4","  6.2","  4.1"
"34504099999","48.6","34.9666666","143.0","1975-06-16","  56.3","000000","999.9","  84.2","  57.2","  9.7"," 0.00","1016.5","999.9","999.9","  74.5","  5.6","  5.8"
"34504099999","48.6","34.9666666","143.0","1975-06-17","  55.9","000000","999.9","  87.8","  62.6"," 11.7"," 0.00","1016.7","999.9","999.9","  75.9","  6.2","  6.1"
"34504099999","48.6","34.9666666","143.0","1975-06-18","  51.8","000000","999.9","  93.2","  68.0"," 13.6"," 0.00","1014.4","999.9","999.9","  81.1","  6.2","  7.0"
"34504099999","48.6","34.9666666","143.0","1975-06-19","  52.0","000000","999.9","  93.2","  68.0"," 17.5"," 0.00","1014.5","999.9","999.9","  79.5","  5.0","  6.3"
"34504099999","48.6","34.9666666","143.0","1975-06-20","  53.4","010000","999.9","  91.4","  69.8"," 15.5"," 0.00","1015.4","999.9","999.9","  78.1","  6.2"," 10.4"
"34504099999","48.6","34.9666666","143.0","1975-06-21","  53.1","000000","999.9","  93.2","  69.8"," 17.5"," 0.00","1015.1","999.9","999.9","  82.7","  6.2"," 13.6"
"34504099999","48.6","34.9666666","143.0","1975-06-22","  45.4","000000","999.9","  93.2","  75.2"," 15.5"," 0.00","1014.3","999.9","999.9","  84.5","  6.2"," 12.8"
"34504099999","48.6","34.9666666","143.0","1975-06-23","  45.9","000000","999.9","  89.6","  68.0"," 15.5"," 0.00","1013.9","999.9","999.9","  78.3","  5.6","  9.7"
"34504099999","48.6","34.9666666","143.0","1975-06-24","  51.3","000000","999.9","  86.0","  69.8"," 13.6"," 0.00","1011.8","999.9","999.9","  76.2","  5.1"," 11.1"
"34504099999","48.6","34.9666666","143.0","1975-06-25","  47.9","000000","999.9","  86.0","  68.0"," 13.6"," 0.00","1007.9","999.9","999.9","  76.2","  5.7","  6.9"
"34504099999","48.6","34.9666666","143.0","1975-06-26","  50.9","000000","999.9","  93.2","  68.0","  9.7"," 0.00","1006.2","999.9","999.9","  80.6","  6.2","  7.1"
"34504099999","48.6","34.9666666","143.0","1975-06-27","  56.6","000000","999.9","  89.6","  68.0","  3.9"," 0.00","1011.0","999.9","999.9","  76.4","  6.2","  0.6"
"34504099999","48.6","34.9666666","143.0","1975-06-28","  58.1","000010","999.9","  89.6","  69.8","  9.7"," 0.02","1012.0","999.9","999.9","  78.5","  6.2","  4.2"
"34504099999","48.6","34.9666666","143.0","1975-06-29","  57.5","000000","999.9","  89.6","  68.0"," 11.7"," 0.02","1010.7","999.9","999.9","  80.3","  5.5","  4.2"
"34504099999","48.6","34.9666666","143.0","1975-06-30","  54.9","000000","999.9","  89.6","  69.8"," 13.6"," 0.00","1008.3","999.9","999.9","  81.4","  5.1","  8.9"
"34504099999","48.6","34.9666666","143.0","1975-07-01","  48.2","000000","999.9","  82.4","  62.6"," 15.5"," 0.00","1008.0","999.9","999.9","  76.1","  5.6"," 10.7"
"34504099999","48.6","34.9666666","143.0","1975-07-02","  47.6","000000","999.9","  80.6","  64.4"," 15.5"," 0.00","1008.6","999.9","999.9","  71.9","  6.2"," 12.0"
"34504099999","48.6","34.9666666","143.0","1975-07-03","  50.3","000000","999.9","  80.6","  59.0"," 15.5"," 0.00","1007.5","999.9","999.9","  68.6","  7.5"," 10.1"
"34504099999","48.6","34.9666666","143.0","1975-07-04","  60.2","010010","999.9","  84.2","  62.6"," 15.5"," 0.28","1002.5","999.9","999.9","  68.3","  5.7","  5.8"
"34504099999","48.6","34.9666666","143.0","1975-07-05","  59.6","010010","999.9","  77.0","  60.8","  5.8"," 0.28","1001.8","999.9","999.9","  66.8","  2.9","  4.2"
"34504099999","48.6","34.9666666","143.0","1975-07-06","  57.5","000000","999.9","  84.2","  60.8"," 13.6"," 0.16","1008.9","999.9","999.9","  76.1","  5.6","  7.4"
"34504099999","48.6","34.9666666","143.0","1975-07-07","  55.4","000000","999.9","  86.0","  66.2"," 11.7"," 0.00","1013.9","999.9","999.9","  77.8","  5.9","  6.9"
"34504099999","48.6","34.9666666","143.0","1975-07-08","  57.2","000000","999.9","  86.0","  66.2","  9.7"," 0.00","1012.4","999.9","999.9","  76.2","  6.2","  8.4"
"34504099999","48.6","34.9666666","143.0","1975-07-09","  58.5","010010","999.9","  75.2","  66.2"," 15.5"," 0.00","1012.0","999.9","999.9","  70.8","  6.2","  8.6"
"34504099999","48.6","34.9666666","143.0","1975-07-10","  55.1","010000","999.9","  82.4","  66.2"," 19.4"," 0.00","1013.2","999.9","999.9","  74.3","  6.2"," 13.9"
"34504099999","48.6","34.9666666","143.0","1975-07-11","  37.1","000000","999.9","  78.8","  60.8"," 15.5"," 0.00","1017.1","999.9","999.9","  70.8","  6.2"," 11.3"
"34504099999","48.6","34.9666666","143.0","1975-07-12","  43.8","000000","999.9","  86.0","  57.2","  3.9"," 0.00","1018.4","999.9","999.9","  73.4","  6.2","  2.2"
"34504099999","48.6","34.9666666","143.0","1975-07-13","  46.4","000000","999.9","  87.8","  60.8","  7.8"," 0.00","1018.7","999.9","999.9","  73.7","  6.2","  3.9"
"34504099999","48.6","34.9666666","143.0","1975-07-14","  45.1","000000","999.9","  87.8","  64.4","  3.9"," 0.00","1015.8","999.9","999.9","  77.2","  6.2","  1.1"
"34504099999","48.6","34.9666666","143.0","1975-07-15","  52.9","000000","999.9","  87.8","  66.2","  9.7"," 0.00","1013.0","999.9","999.9","  77.5","  5.5","  5.6"
"34504099999","48.6","34.9666666","143.0","1975-07-16","  54.9","000000","999.9","  89.6","  69.8","  9.7"," 0.00","1011.2","999.9","999.9","  81.6","  6.2","  2.8"
"34504099999","48.6","34.9666666","143.0","1975-07-17","  57.2","000010","999.9","  91.4","  71.6"," 11.7"," 0.00","1008.1","999.9","999.9","  79.5","  5.7","  3.9"
"34504099999","48.6","34.9666666","143.0","1975-07-18","  57.2","000010","999.9","  78.8","  62.6","  9.7"," 0.20","1011.1","999.9","999.9","  72.9","  5.7","  5.3"
"34504099999","48.6","34.9666666","143.0","1975-07-19","  51.8","000000","999.9","  86.0","  60.8","  5.8"," 0.00","1014.1","999.9","999.9","  75.8","  6.2","  4.2"
"34504099999","48.6","34.9666666","143.0","1975-07-20","  52.0","000000","999.9","  87.8","  62.6","  7.8"," 0.00","1012.1","999.9","999.9","  77.0","  5.7","  2.7"
"34504099999","48.6","34.9666666","143.0","1975-07-21","  54.4","000000","999.9","  91.4","  66.2"," 11.7"," 0.00","1007.1","999.9","999.9","  82.1","  6.2","  5.0"
"34504099999","48.6","34.9666666","143.0","1975-07-22","  54.8","000010","999.9","  86.0","  68.0","  9.7"," 0.00","1007.2","999.9","999.9","  77.0","  5.7","  5.0"
"34504099999","48.6","34.9666666","143.0","1975-07-23","  58.0","000010","999.9","  87.8","  66.2","  7.8"," 0.31","1009.0","999.9","999.9","  74.7","  5.1","  3.6"
"34504099999","48.6","34.9666666","143.0","1975-07-24","  60.5","010010","999.9","  82.4","  66.2","  9.7"," 0.00","1009.0","999.9","999.9","  74.2","  6.2","  4.7"
"34504099999","48.6","34.9666666","143.0","1975-07-25","  57.7","000000","999.9","  87.8","  62.6"," 11.7"," 0.00","1009.8","999.9","999.9","  75.2","  5.7","  2.9"
"34504099999","48.6","34.9666666","143.0","1975-07-26","  57.2","000000","999.9","  93.2","  68.0"," 15.5"," 0.00","1010.6","999.9","999.9","  81.1","  6.2","  5.8"
"34504099999","48.6","34.9666666","143.0","1975-07-27","  55.9","010000","999.9","  75.2","  59.0"," 15.5"," 0.04","1014.0","999.9","999.9","  65.3","  6.2","  7.8"
"34504099999","48.6","34.9666666","143.0","1975-07-28","  49.7","000000","999.9","  78.8","  51.8","  5.8"," 0.00","1013.6","999.9","999.9","  66.7","  5.1","  1.7"
"34504099999","48.6","34.9666666","143.0","1975-07-29","  54.5","010000","999.9","  64.4","  59.0","  7.8"," 0.09","1007.6","999.9","999.9","  61.7","  3.9","  5.5"
"34504099999","48.6","34.9666666","143.0","1975-07-30","  58.0","000000","999.9","  71.6","  55.4"," 17.5"," 0.00","1005.5","999.9","999.9","  65.2","  5.7"," 11.4"
"34504099999","48.6","34.9666666","143.0","1975-07-31","  53.1","000000","999.9","  84.2","  59.0"," 17.5"," 0.00","1008.6","999.9","999.9","  68.0","  6.2","  8.7"
"34504099999","48.6","34.9666666","143.0","1975-08-01","  52.2","000000","999.9","  78.8","  59.0","  9.7"," 0.00","1008.8","999.9","999.9","  70.0","  6.2","  5.6"
"34504099999","48.6","34.9666666","143.0","1975-08-02","  49.5","000000","999.9","  82.4","  59.0","  7.8"," 0.39","1010.4","999.9","999.9","  71.6","  5.7","  4.2"
"34504099999","48.6","34.9666666","143.0","1975-08-03","  52.1","000000","999.9","  89.6","  59.0"," 17.5"," 0.00","1012.7","999.9","999.9","  75.5","  6.2","  5.8"
"34504099999","48.6","34.9666666","143.0","1975-08-04","  54.9","000000","999.9","  84.2","  66.2","  7.8"," 0.00","1014.0","999.9","999.9","  74.7","  6.2","  5.3"
"34504099999","48.6","34.9666666","143.0","1975-08-05","  56.5","000000","999.9","  86.0","  64.4","  7.8"," 0.04","1013.1","999.9","999.9","  75.4","  7.1","  5.6"
"34504099999","48.6","34.9666666","143.0","1975-08-06","  56.4","000000","999.9","  86.0","  66.2"," 11.7"," 0.00","1012.6","999.9","999.9","  76.0","  5.7","  7.2"
"34504099999","48.6","34.9666666","143.0","1975-08-07","  58.1","000000","999.9","  86.0","  66.2"," 17.5"," 0.00","1015.5","999.9","999.9","  77.2","  6.2","  8.3"
"34504099999","48.6","34.9666666","143.0","1975-08-08","  53.8","000000","999.9","  84.2","  68.0"," 15.5"," 0.00","1015.3","999.9","999.9","  75.9","  6.2","  8.7"
"34504099999","48.6","34.9666666","143.0","1975-08-09","  50.0","000000","999.9","  82.4","  62.6"," 13.6"," 0.00","1013.0","999.9","999.9","  74.8","  6.2","  9.2"
"34504099999","48.6","34.9666666","143.0","1975-08-10","  49.0","000000","999.9","  84.2","  60.8"," 13.6"," 0.00","1011.7","999.9","999.9","  69.5","  6.2","  7.5"
"34504099999","48.6","34.9666666","143.0","1975-08-11","  37.7","000000","999.9","  77.0","  53.6","  9.7"," 0.00","1015.1","999.9","999.9","  65.9","  6.2","  4.2"
"34504099999","48.6","34.9666666","143.0","1975-08-12","  42.1","000000","999.9","  84.2","  53.6"," 15.5"," 0.00","1008.6","999.9","999.9","  71.4","  6.2","  6.6"
"34504099999","48.6","34.9666666","143.0","1975-08-13","  56.0","010010","999.9","  69.8","  53.6"," 15.5"," 0.35","1004.5","999.9","999.9","  64.4","  6.2","  6.8"
"34504099999","48.6","34.9666666","143.0","1975-08-14","  43.4","000000","999.9","  64.4","  50.0"," 15.5"," 0.00","1009.9","999.9","999.9","  59.9","  6.2"," 12.3"
"34504099999","48.6","34.9666666","143.0","1975-08-15","  46.9","000010","999.9","  86.0","  51.8"," 17.5"," 0.16","1012.8","999.9","999.9","  63.0","  6.2","  8.7"
"34504099999","48.6","34.9666666","143.0","1975-08-16","  47.0","000000","999.9","  77.0","  51.8","  5.8"," 0.00","1016.2","999.9","999.9","  66.2","  5.6","  2.6"
"34504099999","48.6","34.9666666","143.0","1975-08-17","  47.2","000000","999.9","  82.4","  55.4"," 13.6"," 0.00","1017.7","999.9","999.9","  70.3","  6.2","  7.8"
"34504099999","48.6","34.9666666","143.0","1975-08-18","  44.9","000000","999.9","  87.8","  55.4"," 15.5"," 0.00","1016.5","999.9","999.9","  76.4","  6.2","  8.7"
"34504099999","48.6","34.9666666","143.0","1975-08-19","  43.1","000000","999.9","  89.6","  55.4","  7.8"," 0.00","1014.7","999.9","999.9","  72.8","  6.2","  5.5"
"34504099999","48.6","34.9666666","143.0","1975-08-20","  46.7","000000","999.9","  89.6","  60.8","  5.8"," 0.00","1012.2","999.9","999.9","  78.8","  6.2","  3.1"
"34504099999","48.6","34.9666666","143.0","1975-08-21","  56.2","000000","999.9","  86.0","  62.6"," 17.5"," 0.00","1010.8","999.9","999.9","  71.9","  6.2"," 11.9"
"34504099999","48.6","34.9666666","143.0","1975-08-22","  56.2","000000","999.9","  80.6","  59.0"," 17.5"," 0.00","1010.7","999.9","999.9","  68.0","  5.7"," 15.0"
"34504099999","48.6","34.9666666","143.0","1975-08-23","  49.6","000000","999.9","  86.0","  60.8"," 15.5"," 0.00","1013.0","999.9","999.9","  72.7","  6.2"," 12.9"
"34504099999","48.6","34.9666666","143.0","1975-08-24","  48.7","000000","999.9","  87.8","  62.6"," 13.6"," 0.00","1013.5","999.9","999.9","  74.9","  6.2"," 10.5"
"34504099999","48.6","34.9666666","143.0","1975-08-25","  47.0","000000","999.9","  87.8","  64.4"," 13.6"," 0.00","1015.0","999.9","999.9","  76.7","  6.2"," 10.0"
"34504099999","48.6","34.9666666","143.0","1975-08-26","  49.8","000000","999.9","  87.8","  64.4","  9.7"," 0.00","1016.2","999.9","999.9","  77.7","  6.2","  5.1"
"34504099999","48.6","34.9666666","143.0","1975-08-27","  52.9","000000","999.9","  89.6","  66.2"," 13.6"," 0.00","1013.9","999.9","999.9","  79.0","  6.2","  5.6"
"34504099999","48.6","34.9666666","143.0","1975-08-28","  51.3","010000","999.9","  75.2","  62.6"," 15.5"," 0.12","1017.5","999.9","999.9","  68.9","  6.2"," 12.6"
"34504099999","48.6","34.9666666","143.0","1975-08-29","  44.6","000000","999.9","  75.2","  53.6","  9.7"," 0.00","1019.9","999.9","999.9","  67.3","  6.2","  5.1"
"34504099999","48.6","34.9666666","143.0","1975-08-30","  48.2","000000","999.9","  86.0","  60.8"," 13.6"," 0.00","1015.6","999.9","999.9","  72.4","  6.2","  4.4"
"34504099999","48.6","34.9666666","143.0","1975-08-31","  44.8","000000","999.9","  86.0","  62.6"," 11.7"," 0.00","1012.6","999.9","999.9","  75.9","  6.2","  4.1"
"34504099999","48.6","34.9666666","143.0","1975-09-01","  51.2","000000","999.9","  84.2","  66.2"," 15.5"," 0.00","1015.5","999.9","999.9","  73.9","  6.2"," 13.9"
"34504099999","48.6","34.9666666","143.0","1975-09-02","  42.8","000000","999.9","  80.6","  60.8"," 13.6"," 0.00","1018.2","999.9","999.9","  69.6","  6.2"," 10.4"
"34504099999","48.6","34.9666666","143.0","1975-09-03","  37.1","000000","999.9","  78.8","  57.2"," 11.7"," 0.00","1018.1","999.9","999.9","  70.3","  6.2","  6.7"
"34504099999","48.6","34.9666666","143.0","1975-09-04","  41.0","000000","999.9","  80.6","  57.2"," 15.5"," 0.02","1016.3","999.9","999.9","  67.7","  6.2","  8.4"
"34504099999","48.6","34.9666666","143.0","1975-09-05","  49.6","000000","999.9","  78.8","  62.6"," 17.5"," 0.02","1009.0","999.9","999.9","  69.2","  6.2"," 14.6"
"34504099999","48.6","34.9666666","143.0","1975-09-06","  47.0","000000","999.9","  84.2","  57.2","  9.7"," 0.00","1008.7","999.9","999.9","  71.0","  5.6","  7.4"
"34504099999","48.6","34.9666666","143.0","1975-09-07","  52.2","010000","999.9","  87.8","  59.0"," 11.7"," 0.20","1006.8","999.9","999.9","  66.9","  5.5","  3.1"
"34504099999","48.6","34.9666666","143.0","1975-09-08","  52.3","000000","999.9","  68.0","  53.6"," 19.4"," 0.00","1008.5","999.9","999.9","  60.0","  3.8"," 10.8"
"34504099999","48.6","34.9666666","143.0","1975-09-09","  40.0","010000","999.9","  57.2","  44.6"," 25.3"," 0.39","1010.1","999.9","999.9","  51.3","  5.1"," 19.4"
"34504099999","48.6","34.9666666","143.0","1975-09-10","  43.7","010000","999.9","  53.6","  44.6"," 17.5"," 0.28","1007.3","999.9","999.9","  48.5","  4.3"," 11.7"
"34504099999","48.6","34.9666666","143.0","1975-09-11","  44.3","010000","999.9","  59.0","  48.2"," 15.5"," 0.02","1014.5","999.9","999.9","  53.0","  6.2"," 13.0"
"34504099999","48.6","34.9666666","143.0","1975-09-12","  50.6","000000","999.9","  66.2","  50.0"," 11.7"," 0.00","1020.0","999.9","999.9","  57.2","  5.5","  5.3"
"34504099999","48.6","34.9666666","143.0","1975-09-13","  55.0","100000","999.9","  68.0","  51.8","  5.8"," 0.00","1018.7","999.9","999.9","  61.9","  2.1","  2.7"
"34504099999","48.6","34.9666666","143.0","1975-09-14","  54.1","100000","999.9","  71.6","  50.0","  5.8"," 0.00","1018.1","999.9","999.9","  62.9","  2.8","  1.9"
"34504099999","48.6","34.9666666","143.0","1975-09-15","  53.1","000000","999.9","  77.0","  55.4","  7.8"," 0.00","1022.0","999.9","999.9","  67.7","  5.7","  2.5"
"34504099999","48.6","34.9666666","143.0","1975-09-16","  50.0","000000","999.9","  80.6","  57.2","  3.9"," 0.00","1025.2","999.9","999.9","  70.2","  4.7","  1.9"
"34504099999","48.6","34.9666666","143.0","1975-09-17","  48.7","000000","999.9","  80.6","  55.4","  3.9"," 0.00","1026.1","999.9","999.9","  69.5","  4.1","  2.5"
"34504099999","48.6","34.9666666","143.0","1975-09-18","  51.3","000000","999.9","  77.0","  59.0","  9.7"," 0.00","1028.7","999.9","999.9","  66.5","  3.0","  4.4"
"34504099999","48.6","34.9666666","143.0","1975-09-19","  53.2","000000","999.9","  77.0","  59.0"," 15.5"," 0.00","1025.2","999.9","999.9","  67.6","  4.2"," 10.4"
"34504099999","48.6","34.9666666","143.0","1975-09-20","  50.0","000000","999.9","  73.4","  55.4"," 11.7"," 0.00","1024.1","999.9","999.9","  64.4","  5.6","  8.7"
"34504099999","48.6","34.9666666","143.0","1975-09-21","  51.5","000000","999.9","  77.0","  57.2","  9.7"," 0.00","1021.5","999.9","999.9","  66.5","  5.1","  7.5"
"34504099999","48.6","34.9666666","143.0","1975-09-22","  52.5","000000","999.9","  82.4","  60.8","  7.8"," 0.00","1021.4","999.9","999.9","  70.9","  3.5","  4.6"
"34504099999","48.6","34.9666666","143.0","1975-09-23","  48.0","000000","999.9","  73.4","  59.0"," 13.6"," 0.00","1024.7","999.9","999.9","  64.8","  3.7","  9.0"
"34504099999","48.6","34.9666666","143.0","1975-09-24","  36.4","000000","999.9","  68.0","  50.0","  5.8"," 0.00","1023.4","999.9","999.9","  61.6","  5.6","  3.6"
"34504099999","48.6","34.9666666","143.0","1975-09-25","  42.8","000000","999.9","  75.2","  51.8","  5.8"," 0.00","1020.4","999.9","999.9","  64.1","  2.8","  1.7"
"34504099999","48.6","34.9666666","143.0","1975-09-26","  38.0","000000","999.9","  78.8","  53.6","  7.8"," 0.00","1019.7","999.9","999.9","  62.9","  4.6","  2.8"
"34504099999","48.6","34.9666666","143.0","1975-09-27","  42.0","000000","999.9","  78.8","  50.0","  7.8"," 0.00","1018.8","999.9","999.9","  64.2","  5.3","  3.9"
"34504099999","48.6","34.9666666","143.0","1975-09-28","  44.8","000000","999.9","  77.0","  50.0","  5.8"," 0.00","1023.3","999.9","999.9","  64.4","  2.8","  3.3"
"34504099999","48.6","34.9666666","143.0","1975-09-29","  49.7","000000","999.9","  80.6","  53.6","  7.8"," 0.00","1025.1","999.9","999.9","  65.5","  2.2","  2.7"
"34504099999","48.6","34.9666666","143.0","1975-09-30","  40.4","000000","999.9","  71.6","  53.6"," 11.7"," 0.00","1026.5","999.9","999.9","  62.0","  3.4","  8.9"
"34504099999","48.6","34.9666666","143.0","1975-10-01","  34.1","000000","999.9","  64.4","  46.4"," 17.5"," 0.00","1030.4","999.9","999.9","  54.1","  5.7"," 11.7"
"34504099999","48.6","34.9666666","143.0","1975-10-02","  30.8","000000","999.9","  62.6","  44.6"," 15.5"," 0.00","1029.4","999.9","999.9","  53.6","  6.2"," 12.3"
"34504099999","48.6","34.9666666","143.0","1975-10-03","  30.0","000000","999.9","  66.2","  42.8"," 13.6"," 0.00","1023.4","999.9","999.9","  54.3","  6.2","  6.6"
"34504099999","48.6","34.9666666","143.0","1975-10-04","  38.8","010000","999.9","  69.8","  42.8","  9.7"," 0.01","1015.1","999.9","999.9","  55.8","  5.2","  4.3"
"34504099999","48.6","34.9666666","143.0","1975-10-05","  48.2","000000","999.9","  59.0","  50.0","  5.8"," 0.04","1013.5","999.9","999.9","  54.6","  4.9","  4.2"
"34504099999","48.6","34.9666666","143.0","1975-10-06","  39.6","010000","999.9","  53.6","  33.8"," 21.4"," 0.00","1019.7","999.9","999.9","  42.8","  2.2","  7.8"
"34504099999","48.6","34.9666666","143.0","1975-10-07","  37.1","110000","999.9","  57.2","  32.0"," 11.7"," 0.00","1016.4","999.9","999.9","  45.6","  3.9","  7.5"
"34504099999","48.6","34.9666666","143.0","1975-10-08","  43.9","010010","999.9","  53.6","  42.8","  9.7"," 0.87","1005.0","999.9","999.9","  47.5","  3.7","  2.7"
"34504099999","48.6","34.9666666","143.0","1975-10-09","  39.7","010000","999.9","  50.0","  39.2"," 11.7"," 0.16","1006.7","999.9","999.9","  43.1","  5.0","  5.8"
"34504099999","48.6","34.9666666","143.0","1975-10-10","  37.1","000000","999.9","  50.0","  35.6"," 13.6"," 0.00","1011.8","999.9","999.9","  41.6","  5.6","  5.8"
"34504099999","48.6","34.9666666","143.0","1975-10-11","  32.6","000000","999.9","  50.0","  32.0","  7.8"," 0.00","1021.1","999.9","999.9","  40.4","  3.9","  4.2"
"34504099999","48.6","34.9666666","143.0","1975-10-12","  25.2","000000","999.9","  42.8","  32.0"," 11.7"," 0.00","1028.9","999.9","999.9","  37.4","  6.2","  7.5"
"34504099999","48.6","34.9666666","143.0","1975-10-13","  29.0","000000","999.9","  48.2","  26.6","  9.7"," 0.00","1031.1","999.9","999.9","  37.1","  5.1","  3.2"
"34504099999","48.6","34.9666666","143.0","1975-10-14","  32.3","010000","999.9","  55.4","  30.2","  3.9"," 0.00","1025.6","999.9","999.9","  43.6","  5.7","  1.1"
"34504099999","48.6","34.9666666","143.0","1975-10-15","  39.5","000000","999.9","  57.2","  35.6"," 11.7"," 0.00","1021.1","999.9","999.9","  46.1","  3.4","  6.7"
"34504099999","48.6","34.9666666","143.0","1975-10-16","  39.5","000000","999.9","  59.0","  39.2"," 11.7"," 0.00","1025.2","999.9","999.9","  49.4","  4.8","  8.1"
"34504099999","48.6","34.9666666","143.0","1975-10-17","  36.4","000000","999.9","  51.8","  41.0"," 15.5"," 0.00","1028.2","999.9","999.9","  45.7","  6.2"," 13.4"
"34504099999","48.6","34.9666666","143.0","1975-10-18","  36.9","010000","999.9","  53.6","  37.4"," 19.4"," 0.00","1023.0","999.9","999.9","  46.0","  6.2"," 15.5"
"34504099999","48.6","34.9666666","143.0","1975-10-19","  42.8","010000","999.9","  55.4","  46.4"," 17.5"," 0.01","1017.8","999.9","999.9","  50.3","  6.2"," 15.9"
"34504099999","48.6","34.9666666","143.0","1975-10-20","  45.5","000000","999.9","  62.6","  48.2"," 17.5"," 0.00","1020.3","999.9","999.9","  52.7","  6.2"," 11.0"
"34504099999","48.6","34.9666666","143.0","1975-10-21","  43.8","000000","999.9","  62.6","  42.8"," 13.6"," 0.00","1022.9","999.9","999.9","  52.3","  6.2"," 10.5"
"34504099999","48.6","34.9666666","143.0","1975-10-22","  38.4","000000","999.9","  57.2","  41.0"," 17.5"," 0.00","1029.3","999.9","999.9","  49.0","  5.4"," 14.7"
"34504099999","48.6","34.9666666","143.0","1975-10-23","  24.5","000000","999.9","  51.8","  33.8"," 17.5"," 0.00","1032.4","999.9","999.9","  41.6","  6.2"," 12.0"
"34504099999","48.6","34.9666666","143.0","1975-10-24","  26.3","000000","999.9","  51.8","  30.2"," 15.5"," 0.00","1026.6","999.9","999.9","  41.5","  6.2"," 12.3"
"34504099999","48.6","34.9666666","143.0","1975-10-25","  27.7","000000","999.9","  53.6","  32.0"," 15.5"," 0.00","1023.2","999.9","999.9","  42.1","  5.5"," 14.4"
"34504099999","48.6","34.9666666","143.0","1975-10-26","  35.0","000000","999.9","  50.0","  35.6"," 11.7"," 0.00","1021.1","999.9","999.9","  44.3","  2.5"," 10.0"
"34504099999","48.6","34.9666666","143.0","1975-10-27","  43.1","010000","999.9","  50.0","  42.8"," 13.6"," 0.00","1020.6","999.9","999.9","  47.2","  2.5","  7.4"
"34504099999","48.6","34.9666666","143.0","1975-10-28","  39.9","010000","999.9","  46.4","  42.8"," 15.5"," 0.00","1019.3","999.9","999.9","  44.6","  3.4"," 10.0"
"34504099999","48.6","34.9666666","143.0","1975-10-29","  29.9","000000","999.9","  44.6","  35.6"," 13.6"," 0.00","1026.7","999.9","999.9","  41.0","  4.3","  9.4"
"34504099999","48.6","34.9666666","143.0","1975-10-30","  32.0","000000","999.9","  57.2","  30.2"," 19.4"," 0.00","1014.9","999.9","999.9","  45.2","  5.6"," 13.3"
"34504099999","48.6","34.9666666","143.0","1975-10-31","  19.0","000000","999.9","  44.6","  32.0"," 17.5"," 0.00","1016.6","999.9","999.9","  38.6","  3.7"," 15.5"
"34504099999","48.6","34.9666666","143.0","1975-11-01","  14.4","000000","999.9","  35.6","  23.0","  9.7"," 0.00","1031.6","999.9","999.9","  27.3","  6.2","  6.6"
"34504099999","48.6","34.9666666","143.0","1975-11-02","  14.9","000000","999.9","  39.2","  19.4","  9.7"," 0.00","1031.9","999.9","999.9","  30.0","  5.7","  6.3"
"34504099999","48.6","34.9666666","143.0","1975-11-03","  25.2","000000","999.9","  46.4","  33.8"," 13.6"," 0.00","1030.2","999.9","999.9","  38.3","  5.3","  8.7"
"34504099999","48.6","34.9666666","143.0","1975-11-04","  16.3","000000","999.9","  35.6","  23.0"," 13.6"," 0.00","1037.6","999.9","999.9","  28.4","  5.7"," 11.4"
"34504099999","48.6","34.9666666","143.0","1975-11-05","  12.2","000000","999.9","  39.2","  17.6","  9.7"," 0.00","1039.2","999.9","999.9","  27.9","  5.3","  6.6"
"34504099999","48.6","34.9666666","143.0","1975-11-06","   7.6","000000","999.9","  37.4","  19.4","  9.7"," 0.00","1036.3","999.9","999.9","  27.6","  6.2","  6.2"
"34504099999","48.6","34.9666666","143.0","1975-11-07","  12.8","000000","999.9","  39.2","  17.6","  9.7"," 0.00","1034.9","999.9","999.9","  30.2","  5.6","  4.9"
"34504099999","48.6","34.9666666","143.0","1975-11-08","  20.7","000000","999.9","  44.6","  23.0","  9.7"," 0.00","1033.5","999.9","999.9","  33.5","  5.1","  6.1"
"34504099999","48.6","34.9666666","143.0","1975-11-09","  21.2","000000","999.9","  42.8","  26.6"," 11.7"," 0.00","1033.1","999.9","999.9","  34.4","  5.6","  8.4"
"34504099999","48.6","34.9666666","143.0","1975-11-10","  22.5","000000","999.9","  41.0","  28.4","  9.7"," 0.00","1031.5","999.9","999.9","  35.1","  5.7","  6.9"
"34504099999","48.6","34.9666666","143.0","1975-11-11","  22.1","000000","999.9","  46.4","  28.4","  7.8"," 0.00","1030.9","999.9","999.9","  35.4","  5.1","  6.7"
"34504099999","48.6","34.9666666","143.0","1975-11-12","  23.3","100000","999.9","  39.2","  23.0"," 19.4"," 0.00","1035.5","999.9","999.9","  31.4","  3.9"," 13.6"
"34504099999","48.6","34.9666666","143.0","1975-11-13","  12.4","000000","999.9","  33.8","  21.2"," 13.6"," 0.00","1043.5","999.9","999.9","  26.1","  6.2"," 12.4"
"34504099999","48.6","34.9666666","143.0","1975-11-14","   6.5","000000","999.9","  37.4","  17.6"," 17.5"," 0.00","1038.5","999.9","999.9","  25.3","  6.2"," 11.7"
"34504099999","48.6","34.9666666","143.0","1975-11-15","   8.6","000000","999.9","  39.2","  21.2"," 11.7"," 0.00","1030.2","999.9","999.9","  27.0","  5.5","  9.7"
"34504099999","48.6","34.9666666","143.0","1975-11-16","  19.1","010000","999.9","  33.8","  21.2"," 11.7"," 0.00","1022.9","999.9","999.9","  28.1","  3.6","  8.0"
"34504099999","48.6","34.9666666","143.0","1975-11-17","  31.5","101000","999.9","  35.6","  32.0","  9.7"," 0.00","1020.1","999.9","999.9","  33.1","  1.4","  4.6"
"34504099999","48.6","34.9666666","143.0","1975-11-18","  36.6","110000","999.9","  42.8","  33.8"," 15.5"," 0.00","1020.4","999.9","999.9","  38.9","  1.7"," 12.2"
"34504099999","48.6","34.9666666","143.0","1975-11-19","  47.1","100000","999.9","  57.2","  39.2"," 17.5"," 0.00","1010.2","999.9","999.9","  49.3","  2.8"," 13.6"
"34504099999","48.6","34.9666666","143.0","1975-11-20","  45.6","010000","999.9","  51.8","  42.8"," 19.4"," 0.67","1003.1","999.9","999.9","  47.1","  2.5"," 10.4"
"34504099999","48.6","34.9666666","143.0","1975-11-21","  37.7","000000","999.9","  46.4","  37.4"," 17.5"," 0.00","1002.7","999.9","999.9","  41.5","  3.7"," 10.0"
"34504099999","48.6","34.9666666","143.0","1975-11-22","  25.5","000000","999.9","  37.4","  32.0","  7.8"," 0.00","1014.2","999.9","999.9","  34.9","  6.2","  3.9"
"34504099999","48.6","34.9666666","143.0","1975-11-23","  26.3","001000","999.9","  32.0","  28.4"," 23.3"," 0.35","1020.2","999.9","999.9","  29.6","  2.9"," 18.6"
"34504099999","48.6","34.9666666","143.0","1975-11-24","  29.9","011000","999.9","  32.0","  28.4"," 21.4"," 0.47","1015.8","999.9","999.9","  31.2","  2.1"," 18.3"
"34504099999","48.6","34.9666666","143.0","1975-11-25","  35.6","010000","999.9","  39.2","  32.0"," 13.6"," 0.35","1010.3","999.9","999.9","  36.1","  1.0","  9.4"
"34504099999","48.6","34.9666666","143.0","1975-11-26","  28.9","010000","999.9","  35.6","  30.2","  7.8"," 0.16","1018.0","999.9","999.9","  32.8","  3.6","  3.1"
"34504099999","48.6","34.9666666","143.0","1975-11-27","  26.6","101010","999.9","  32.0","  26.6","  7.8"," 0.02","1023.7","999.9","999.9","  28.6","  1.3","  6.8"
"34504099999","48.6","34.9666666","143.0","1975-11-28","  23.9","101000","999.9","  30.2","  17.6","  7.8"," 0.04","1026.4","999.9","999.9","  24.8","  0.8","  4.9"
"34504099999","48.6","34.9666666","143.0","1975-11-29","  29.0","000000","999.9","  33.8","  30.2","  7.8"," 0.00","1024.3","999.9","999.9","  31.4","  1.6","  4.2"
"34504099999","48.6","34.9666666","143.0","1975-11-30","  29.2","001000","999.9","  32.0","  30.2","  9.7"," 0.00","1025.4","999.9","999.9","  31.8","  2.1","  7.0"
"34504099999","48.6","34.9666666","143.0","1975-12-01","  27.9","000000","999.9","  33.8","  28.4","  9.7"," 0.00","1031.3","999.9","999.9","  31.5","  2.1","  8.0"
"34504099999","48.6","34.9666666","143.0","1975-12-02","  29.6","000000","999.9","  39.2","  28.4"," 13.6"," 0.00","1032.5","999.9","999.9","  32.3","  2.1"," 11.7"
"34504099999","48.6","34.9666666","143.0","1975-12-03","  29.3","000000","999.9","  33.8","  26.6"," 15.5"," 0.00","1030.9","999.9","999.9","  31.7","  2.1","  9.4"
"34504099999","48.6","34.9666666","143.0","1975-12-04","  28.4","100000","999.9","9999.9","  26.6","  9.7"," 0.00","1028.0","999.9","999.9","  28.4","  0.1","  5.8"
"34504099999","48.6","34.9666666","143.0","1975-12-05","  31.1","110000","999.9","  33.8","  26.6"," 13.6"," 0.01","1020.2","999.9","999.9","  31.1","  0.1"," 10.4"
"34504099999","48.6","34.9666666","143.0","1975-12-06","  29.9","011000","999.9","  33.8","  32.0"," 17.5"," 0.20","1011.7","999.9","999.9","  32.2","  3.4","  8.5"
"34504099999","48.6","34.9666666","143.0","1975-12-07","  31.1","111000","999.9","  35.6","  30.2"," 17.5"," 0.00","1007.9","999.9","999.9","  32.9","  2.4","  7.4"
"34504099999","48.6","34.9666666","143.0","1975-12-08","  24.0","000000","999.9","  32.0","  24.8"," 15.5"," 0.00","1014.0","999.9","999.9","  29.2","  5.1","  8.6"
"34504099999","48.6","34.9666666","143.0","1975-12-09","  27.9","001000","999.9","  33.8","  28.4"," 15.5"," 0.03","1011.0","999.9","999.9","  31.0","  1.5"," 10.0"
"34504099999","48.6","34.9666666","143.0","1975-12-10","  24.8","001000","999.9","  32.0","  21.2"," 19.4"," 0.20","1014.8","999.9","999.9","  27.1","  1.7"," 11.7"
"34504099999","48.6","34.9666666","143.0","1975-12-11","  17.8","001000","999.9","  33.8","  23.0"," 19.4"," 0.08","1016.3","999.9","999.9","  25.9","  3.9"," 13.1"
"34504099999","48.6","34.9666666","143.0","1975-12-12","  11.5","000000","999.9","  24.8","  14.0"," 13.6"," 0.00","1023.0","999.9","999.9","  20.3","  6.2"," 11.2"
"34504099999","48.6","34.9666666","143.0","1975-12-13","  18.9","100000","999.9","  30.2","  12.2"," 11.7"," 0.00","1028.7","999.9","999.9","  23.0","  1.1","  7.5"
"34504099999","48.6","34.9666666","143.0","1975-12-14","  29.1","101000","999.9","  33.8","  23.0"," 11.7"," 0.09","1023.2","999.9","999.9","  30.0","  0.5","  6.8"
"34504099999","48.6","34.9666666","143.0","1975-12-15","  17.9","000000","999.9","  33.8","  12.2"," 11.7"," 0.00","1026.8","999.9","999.9","  22.5","  3.5","  6.7"
"34504099999","48.6","34.9666666","143.0","1975-12-16","   8.9","000000","999.9","  26.6","  10.4","  9.7"," 0.00","1026.1","999.9","999.9","  17.6","  5.0","  6.3"
"34504099999","48.6","34.9666666","143.0","1975-12-17","  20.4","000000","999.9","  35.6","  15.8"," 19.4"," 0.00","1017.8","999.9","999.9","  25.3","  4.1"," 16.9"
"34504099999","48.6","34.9666666","143.0","1975-12-18","  35.6","010000","999.9","  41.0","  35.6"," 19.4"," 0.28","1008.5","999.9","999.9","  37.1","  2.3"," 17.2"
"34504099999","48.6","34.9666666","143.0","1975-12-19","  14.3","000000","999.9","  28.4","  17.6"," 17.5"," 0.04","1018.1","999.9","999.9","  21.5","  5.7"," 12.0"
"34504099999","48.6","34.9666666","143.0","1975-12-20","   8.2","000000","999.9","  26.6","  12.2","  7.8"," 0.00","1019.9","999.9","999.9","  16.9","  6.2","  6.6"
"34504099999","48.6","34.9666666","143.0","1975-12-21","   8.9","000000","999.9","  21.2","  12.2"," 11.7"," 0.00","1023.3","999.9","999.9","  16.6","  5.5","  8.0"
"34504099999","48.6","34.9666666","143.0","1975-12-22","  16.2","101000","999.9","  35.6","   8.6"," 21.4"," 0.16","1009.9","999.9","999.9","  19.6","  2.3"," 12.6"
"34504099999","48.6","34.9666666","143.0","1975-12-23","  26.3","000000","999.9","  33.8","  26.6"," 29.1"," 0.00","1014.6","  3.1","999.9","  31.2","  4.4"," 16.4"
"34504099999","48.6","34.9666666","143.0","1975-12-24","  32.0","010000","999.9","  51.8","  24.8","  9.7"," 0.00","1016.3","  2.0","999.9","  33.8","  1.4","  8.7"
"34504099999","48.6","34.9666666","143.0","1975-12-25","  29.8","101000","999.9","  33.8","  30.2","  9.7"," 0.02","1012.5","999.9","999.9","  32.7","  1.6","  6.8"
"34504099999","48.6","34.9666666","143.0","1975-12-26","  23.6","000000","999.9","  30.2","  24.8"," 15.5"," 0.00","1012.3","999.9","999.9","  27.6","  2.5","  7.2"
"34504099999","48.6","34.9666666","143.0","1975-12-27","  17.0","000000","999.9","  28.4","  17.6","  7.8"," 0.00","1016.9","999.9","999.9","  22.4","  5.0","  3.6"
"34504099999","48.6","34.9666666","143.0","1975-12-28","  21.2","100000","999.9","  30.2","  14.0"," 17.5"," 0.00","1022.6","999.9","999.9","  22.5","  1.0","  8.6"
"34504099999","48.6","34.9666666","143.0","1975-12-29","  31.2","110000","999.9","  46.4","  28.4","  7.8"," 0.01","1020.5","999.9","999.9","  34.3","  0.7","  5.5"
"34504099999","48.6","34.9666666","143.0","1975-12-30","  30.9","000000","999.9","  44.6","  32.0","  7.8"," 0.00","1023.2","999.9","999.9","  35.3","  1.7","  4.9"
"34504099999","48.6","34.9666666","143.0","1975-12-31","  30.5","110000","999.9","  32.0","  28.4"," 17.5"," 0.00","1025.0","999.9","999.9","  30.7","  0.3"," 12.0"
"34504099999","48.6","34.9666666","143.0","1976-01-01","  30.2","110000","999.9","  33.8","  28.4"," 17.5"," 0.00","1018.5","999.9","999.9","  31.3","  0.6"," 13.1"
"34504099999","48.6","34.9666666","143.0","1976-01-02","  29.3","111000","999.9","  33.8","  30.2"," 15.5"," 0.04","1009.4","  1.2","999.9","  31.3","  1.1","  7.5"
"34504099999","48.6","34.9666666","143.0","1976-01-03","  20.8","001000","999.9","  32.0","  15.8"," 29.1"," 0.55","1001.6","  3.1","999.9","  22.8","  3.3"," 15.8"
"34504099999","48.6","34.9666666","143.0","1976-01-04","  29.5","101000","999.9","  33.8","  15.8"," 17.5"," 0.14"," 994.2","  7.1","999.9","  30.4","  0.6","  9.2"
"34504099999","48.6","34.9666666","143.0","1976-01-05","  19.4","011000","999.9","  30.2","   6.8"," 13.6"," 0.17","1001.2","  9.1","999.9","  22.8","  1.7","  8.9"
"34504099999","48.6","34.9666666","143.0","1976-01-06","   1.9","000000","999.9","  14.0","  -2.2","  7.8"," 0.00","1007.7","  9.1","999.9","   4.5","  2.2","  4.4"
"34504099999","48.6","34.9666666","143.0","1976-01-07","  -9.1","000000","999.9","   3.2","  -9.4","  7.8"," 0.00","1027.5","999.9","999.9","  -2.5","  1.1","  3.3"
"34504099999","48.6","34.9666666","143.0","1976-01-08","   6.3","001000","999.9","  28.4"," -11.2"," 17.5"," 0.00","1027.8","  7.9","999.9","   9.0","  1.9"," 10.0"
"34504099999","48.6","34.9666666","143.0","1976-01-09","  30.4","001000","999.9","  33.8","  26.6"," 17.5"," 0.00","1016.0","  7.9","999.9","  33.1","  3.7"," 11.2"
"34504099999","48.6","34.9666666","143.0","1976-01-10","  31.1","000000","999.9","  35.6","  32.0"," 11.7"," 0.00","1014.3","  5.1","999.9","  33.3","  1.7","  8.3"
"34504099999","48.6","34.9666666","143.0","1976-01-11","  27.9","001000","999.9","  33.8","  30.2"," 13.6"," 0.08","1010.0","  3.9","999.9","  31.1","  1.8","  6.3"
"34504099999","48.6","34.9666666","143.0","1976-01-12","  29.7","001000","999.9","  32.0","  28.4"," 11.7"," 0.31"," 996.5","  9.1","999.9","  31.3","  1.3","  7.8"
"34504099999","48.6","34.9666666","143.0","1976-01-13","  23.9","001000","999.9","  33.8","  19.4"," 23.3"," 0.05"," 993.2"," 11.0","999.9","  29.6","  4.3"," 18.1"
"34504099999","48.6","34.9666666","143.0","1976-01-14","  17.6","000000","999.9","  28.4","  10.4"," 19.4"," 0.02","1005.1","999.9","999.9","  21.7","  3.9"," 12.5"
"34504099999","48.6","34.9666666","143.0","1976-01-15","  20.0","001000","999.9","  26.6","  15.8"," 13.6"," 0.17","1005.7","  9.8","999.9","  23.6","  3.1","  7.1"
"34504099999","48.6","34.9666666","143.0","1976-01-16","  -7.9","000000","999.9","   6.8","  -2.2"," 13.6"," 0.02","1014.0","  9.1","999.9","   0.1","  5.1"," 11.7"
"34504099999","48.6","34.9666666","143.0","1976-01-17"," -10.9","000000","999.9","   1.4"," -11.2","  7.8"," 0.00","1018.4","  9.1","999.9","  -6.6","  1.8","  4.7"
"34504099999","48.6","34.9666666","143.0","1976-01-18","  -7.4","000000","999.9","   5.0","  -7.6","  7.8"," 0.00","1017.1","  9.1","999.9","  -2.4","  1.9","  4.4"
"34504099999","48.6","34.9666666","143.0","1976-01-19","  -2.7","001000","999.9","   8.6","  -4.0","  7.8"," 0.01","1020.7","  9.1","999.9","   1.1","  0.6","  5.8"
"34504099999","48.6","34.9666666","143.0","1976-01-20","   0.6","001000","999.9","  14.0","   1.4"," 13.6"," 0.00","1021.6","  9.1","999.9","   4.8","  0.9","  6.3"
"34504099999","48.6","34.9666666","143.0","1976-01-21","  24.4","001000","999.9","  32.0","   1.4"," 19.4"," 0.08","1007.9","  9.1","999.9","  25.5","  0.9"," 15.5"
"34504099999","48.6","34.9666666","143.0","1976-01-22","  29.6","100000","999.9","  32.0","  28.4"," 13.6"," 0.02","1004.7","  9.8","999.9","  29.7","  0.1"," 11.4"
"34504099999","48.6","34.9666666","143.0","1976-01-23","  28.4","001000","999.9","  32.0","  24.8"," 15.5"," 0.02","1000.1","999.9","999.9","  30.4","  1.5"," 10.0"
"34504099999","48.6","34.9666666","143.0","1976-01-24","  32.0","010000","999.9","  35.6","  23.0"," 17.5"," 0.00","1001.4"," 11.0","999.9","  33.8","  2.2"," 10.7"
"34504099999","48.6","34.9666666","143.0","1976-01-25","  25.9","011000","999.9","  32.0","  19.4","  9.7"," 4.33","1007.1"," 11.0","999.9","  27.5","  1.6","  3.3"
"34504099999","48.6","34.9666666","143.0","1976-01-26","  21.2","101000","999.9","  26.6","  15.8"," 11.7"," 0.29","1011.9"," 13.0","999.9","  22.6","  0.9","  7.5"
"34504099999","48.6","34.9666666","143.0","1976-01-27","  26.8","111000","999.9","  37.4","  15.8"," 13.6"," 0.63","1010.8"," 14.2","999.9","  28.2","  1.3","  9.0"
"34504099999","48.6","34.9666666","143.0","1976-01-28","  32.5","000000","999.9","  37.4","  33.8"," 13.6"," 0.12","1004.4","999.9","999.9","  35.9","  4.4","  9.7"
"34504099999","48.6","34.9666666","143.0","1976-01-29","  32.0","010000","999.9","  39.2","  32.0"," 15.5"," 0.08","1001.3"," 11.8","999.9","  34.2","  2.8"," 12.1"
"34504099999","48.6","34.9666666","143.0","1976-01-30","  23.3","001000","999.9","  30.2","  26.6"," 15.5"," 0.02","1006.4"," 11.0","999.9","  28.4","  2.3","  9.4"
"34504099999","48.6","34.9666666","143.0","1976-01-31","  18.0","001000","999.9","  26.6","  10.4"," 15.5"," 0.08","1011.9"," 11.0","999.9","  21.4","  1.9"," 14.7"
"34504099999","48.6","34.9666666","143.0","1976-02-01","  -0.6","000000","999.9","  28.4","   1.4"," 13.6"," 0.00","1025.0"," 11.0","999.9","   8.1","  5.3","  5.3"
"34504099999","48.6","34.9666666","143.0","1976-02-02","   3.9","000000","999.9","  15.8","  -0.4","  9.7"," 0.00","1022.5"," 11.0","999.9","   7.7","  1.4","  3.6"
"34504099999","48.6","34.9666666","143.0","1976-02-03","   0.9","000000","999.9","  14.0","   3.2"," 11.7"," 0.00","1025.0"," 11.0","999.9","   6.8","  4.0","  6.6"
"34504099999","48.6","34.9666666","143.0","1976-02-04","  -0.9","000000","999.9","  17.6","   1.4","  7.8"," 0.00","1020.2","  9.1","999.9","  10.2","  3.4","  6.3"
"34504099999","48.6","34.9666666","143.0","1976-02-05","   7.4","001000","999.9","  23.0","  10.4","  7.8"," 0.01","1018.5"," 11.0","999.9","  16.4","  2.7","  4.2"
"34504099999","48.6","34.9666666","143.0","1976-02-06","   5.9","000000","999.9","  17.6","   3.2"," 11.7"," 0.00","1020.9"," 11.0","999.9","  12.6","  1.3","  5.3"
"34504099999","48.6","34.9666666","143.0","1976-02-07","  -9.9","000000","999.9","   1.4","  -7.6"," 17.5"," 0.00","1030.5"," 11.0","999.9","  -2.9","  1.9"," 14.3"
"34504099999","48.6","34.9666666","143.0","1976-02-08"," -14.4","000000","999.9","  -2.2"," -13.0"," 17.5"," 0.00","1037.4","  9.8","999.9","  -7.3","  3.7"," 10.4"
"34504099999","48.6","34.9666666","143.0","1976-02-09","   5.7","001000","999.9","  23.0","   1.4"," 11.7"," 0.00","1026.1","999.9","999.9","  13.5","  4.2","  5.6"
"34504099999","48.6","34.9666666","143.0","1976-02-10","   8.6","001000","999.9","  19.4","   8.6"," 11.7"," 0.02","1025.0","  9.8","999.9","  12.9","  1.6"," 10.0"
"34504099999","48.6","34.9666666","143.0","1976-02-11","  -1.8","000000","999.9","  23.0","  -0.4"," 17.5"," 0.00","1028.4","999.9","999.9","   7.7","  3.4"," 14.1"
"34504099999","48.6","34.9666666","143.0","1976-02-12","   1.4","001000","999.9","  10.4","   1.4"," 19.4"," 0.02","1027.6","  9.8","999.9","   7.1","  2.2"," 14.4"
"34504099999","48.6","34.9666666","143.0","1976-02-13","  -1.0","000000","999.9","  15.8","   1.4"," 17.5"," 0.00","1029.3","999.9","999.9","   8.6","  5.0"," 13.9"
"34504099999","48.6","34.9666666","143.0","1976-02-14","   3.4","000000","999.9","  19.4","   5.0"," 17.5"," 0.00","1032.0","  9.8","999.9","  11.7","  6.2"," 16.9"
"34504099999","48.6","34.9666666","143.0","1976-02-15","   6.0","000000","999.9","  21.2","   6.8"," 17.5"," 0.00","1037.4","  9.8","999.9","  13.5","  4.1"," 14.7"
"34504099999","48.6","34.9666666","143.0","1976-02-16","  -4.0","000000","999.9","  14.0","  -2.2"," 15.5"," 0.00","1039.7","  9.1","999.9","   5.2","  5.3"," 13.4"
"34504099999","48.6","34.9666666","143.0","1976-02-17","  -3.0","000000","999.9","  19.4","  -4.0","  7.8"," 0.00","1039.7","  9.1","999.9","   7.6","  2.7","  6.5"
"34504099999","48.6","34.9666666","143.0","1976-02-18","   8.1","000000","999.9","  30.2","   6.8","  9.7"," 0.00","1037.2","999.9","999.9","  18.9","  1.9","  6.4"
"34504099999","48.6","34.9666666","143.0","1976-02-19","  17.3","100000","999.9","  24.8","  10.4","  5.8"," 0.00","1037.5","  9.1","999.9","  18.6","  0.6","  4.7"
"34504099999","48.6","34.9666666","143.0","1976-02-20","  19.4","100000","999.9","  26.6","  14.0","  7.8"," 0.00","1037.1","  9.1","999.9","  20.0","  1.0","  5.5"
"34504099999","48.6","34.9666666","143.0","1976-02-21","  22.0","100000","999.9","  24.8","  15.8","  5.8"," 0.00","1033.7","  7.9","999.9","  22.0","  0.3","  4.2"
"34504099999","48.6","34.9666666","143.0","1976-02-22","  20.9","100000","999.9","  26.6","  19.4"," 13.6"," 0.00","1030.5","999.9","999.9","  22.5","  0.7","  6.7"
"34504099999","48.6","34.9666666","143.0","1976-02-23","   9.9","000000","999.9","  21.2","   8.6"," 19.4"," 0.00","1041.6","  7.1","999.9","  15.8","  5.1"," 18.0"
"34504099999","48.6","34.9666666","143.0","1976-02-24","   1.7","000000","999.9","  15.8","   3.2"," 17.5"," 0.00","1047.2","999.9","999.9","   8.6","  5.7"," 14.7"
"34504099999","48.6","34.9666666","143.0","1976-02-25","   3.7","010000","999.9","  21.2","   1.4","  9.7"," 0.00","1041.3","  5.9","999.9","  11.7","  3.9","  6.9"
"34504099999","48.6","34.9666666","143.0","1976-02-26","  16.7","111000","999.9","  30.2","   6.8"," 15.5"," 0.04","1022.1","  5.9","999.9","  19.6","  1.2","  9.5"
"34504099999","48.6","34.9666666","143.0","1976-02-27","  30.4","010000","999.9","  37.4","  26.6"," 25.3"," 0.02","1011.4","  5.9","999.9","  34.2","  3.3"," 13.3"
"34504099999","48.6","34.9666666","143.0","1976-02-28","  27.3","001000","999.9","  33.8","  28.4"," 15.5"," 0.04","1017.3","  5.9","999.9","  31.8","  5.5"," 14.7"
"34504099999","48.6","34.9666666","143.0","1976-02-29","  15.4","000000","999.9","  28.4","  21.2"," 17.5"," 0.00","1028.7","  5.9","999.9","  25.5","  5.3"," 10.9"
"34504099999","48.6","34.9666666","143.0","1976-03-01","  26.4","001000","999.9","  33.8","  21.2"," 19.4"," 0.04","1022.3","  5.1","999.9","  28.6","  2.7"," 15.8"
"34504099999","48.6","34.9666666","143.0","1976-03-02","  31.0","001000","999.9","  35.6","  28.4"," 19.4"," 0.16","1005.4","  5.9","999.9","  32.8","  1.4"," 10.5"
"34504099999","48.6","34.9666666","143.0","1976-03-03","  29.3","001000","999.9","  33.8","  28.4"," 13.6"," 0.16","1004.2","  5.9","999.9","  31.1","  1.6","  8.7"
"34504099999","48.6","34.9666666","143.0","1976-03-04","  23.2","001000","999.9","  32.0","  24.8","  7.8"," 0.01","1015.3","  5.9","999.9","  27.5","  2.3","  4.6"
"34504099999","48.6","34.9666666","143.0","1976-03-05","  21.6","001000","999.9","  24.8","  21.2"," 15.5"," 0.12","1020.1","  7.1","999.9","  23.4","  1.3"," 10.9"
"34504099999","48.6","34.9666666","143.0","1976-03-06","  19.1","101000","999.9","  28.4","  15.8","  9.7"," 0.04","1023.0","999.9","999.9","  20.6","  1.1","  6.8"
"34504099999","48.6","34.9666666","143.0","1976-03-07","  23.2","101000","999.9","  32.0","  14.0"," 13.6"," 0.02","1030.8","  9.1","999.9","  25.2","  1.5","  8.7"
"34504099999","48.6","34.9666666","143.0","1976-03-08","  27.4","000000","999.9","  33.8","  28.4"," 19.4"," 0.00","1030.0","  7.1","999.9","  29.4","  3.6"," 18.0"
"34504099999","48.6","34.9666666","143.0","1976-03-09","  14.7","000000","999.9","  28.4","  17.6"," 17.5"," 0.00","1033.3","  7.1","999.9","  23.4","  4.0"," 15.9"
"34504099999","48.6","34.9666666","143.0","1976-03-10","  14.9","000000","999.9","  35.6","  12.2"," 13.6"," 0.00","1033.6","  7.1","999.9","  23.9","  2.6"," 10.7"
"34504099999","48.6","34.9666666","143.0","1976-03-11","  19.0","000000","999.9","  32.0","  17.6"," 15.5"," 0.00","1027.8","  5.9","999.9","  24.8","  4.0"," 12.4"
"34504099999","48.6","34.9666666","143.0","1976-03-12","  19.9","001000","999.9","  35.6","  15.8"," 38.9"," 0.00","1019.8","  5.9","999.9","  25.2","  4.6"," 17.7"
"34504099999","48.6","34.9666666","143.0","1976-03-13","  12.2","000000","999.9","  24.8","  10.4"," 17.5"," 0.00","1017.9","  5.9","999.9","  17.2","  2.5"," 15.2"
"34504099999","48.6","34.9666666","143.0","1976-03-14","  12.4","000000","999.9","  28.4","  10.4"," 11.7"," 0.00","1020.9","  5.9","999.9","  19.2","  3.3","  7.0"
"34504099999","48.6","34.9666666","143.0","1976-03-15","  19.8","000000","999.9","  33.8","  15.8"," 11.7"," 0.00","1022.0","  3.9","999.9","  25.9","  1.7","  9.3"
"34504099999","48.6","34.9666666","143.0","1976-03-16","  27.1","000000","999.9","  39.2","  26.6"," 17.5"," 0.00","1019.7","  3.9","999.9","  32.0","  2.8"," 12.8"
"34504099999","48.6","34.9666666","143.0","1976-03-17","  29.9","001000","999.9","  32.0","  30.2"," 13.6"," 0.02","1019.8","  2.0","999.9","  31.0","  1.6"," 11.1"
"34504099999","48.6","34.9666666","143.0","1976-03-18","  30.2","101000","999.9","  33.8","  30.2","  3.9"," 0.01","1018.7","  3.1","999.9","  32.0","  0.6","  1.2"
"34504099999","48.6","34.9666666","143.0","1976-03-19","  28.4","011000","999.9","  35.6","  32.0","  5.8"," 0.00","1018.4","  3.1","999.9","  32.5","  1.1","  1.5"
"34504099999","48.6","34.9666666","143.0","1976-03-20","  31.1","101000","999.9","  33.8","  30.2"," 13.6"," 0.08","1014.3","  2.0","999.9","  32.5","  0.6","  9.2"
"34504099999","48.6","34.9666666","143.0","1976-03-21","  32.9","110000","999.9","  35.6","  32.0","  9.7"," 0.02","1015.1","  3.1","999.9","  32.9","  0.1","  7.8"
"34504099999","48.6","34.9666666","143.0","1976-03-22","  32.2","110000","999.9","  35.6","  32.0"," 15.5"," 0.00","1016.7","  2.0","999.9","  33.1","  0.9"," 12.6"
"34504099999","48.6","34.9666666","143.0","1976-03-23","  31.5","011000","999.9","  33.8","  30.2"," 13.6"," 0.59","1017.0","  3.9","999.9","  32.2","  1.4","  9.0"
"34504099999","48.6","34.9666666","143.0","1976-03-24","  27.4","000000","999.9","  35.6","  23.0"," 11.7"," 0.00","1028.7","  3.1","999.9","  30.7","  1.3","  7.2"
"34504099999","48.6","34.9666666","143.0","1976-03-25","  33.5","000000","999.9","  41.0","  28.4"," 15.5"," 0.00","1027.0","  2.0","999.9","  35.4","  2.0"," 11.1"
"34504099999","48.6","34.9666666","143.0","1976-03-26","  34.7","000000","999.9","  39.2","  33.8"," 15.5"," 0.00","1024.1","999.9","999.9","  36.7","  2.3"," 10.0"
"34504099999","48.6","34.9666666","143.0","1976-03-27","  34.7","010000","999.9","  44.6","  33.8","  9.7"," 0.01","1025.3","999.9","999.9","  36.5","  1.0","  5.6"
"34504099999","48.6","34.9666666","143.0","1976-03-28","  34.2","110000","999.9","  37.4","  33.8","  7.8"," 0.04","1027.1","999.9","999.9","  35.2","  0.6","  4.1"
"34504099999","48.6","34.9666666","143.0","1976-03-29","  21.5","001000","999.9","  37.4","  32.0","  9.7"," 0.00","1027.1","999.9","999.9","  33.8","  2.1","  5.8"
"34504099999","48.6","34.9666666","143.0","1976-03-30","  31.5","100000","999.9","  39.2","  30.2","  9.7"," 0.00","1022.3","999.9","999.9","  32.3","  0.9","  3.6"
"34504099999","48.6","34.9666666","143.0","1976-03-31","  35.4","110000","999.9","  44.6","  32.0"," 15.5"," 0.00","1017.8","999.9","999.9","  37.0","  1.3"," 10.4"
"34504099999","48.6","34.9666666","143.0","1976-04-01","  32.7","100000","999.9","  50.0","  32.0","  9.7"," 0.00","1024.1","999.9","999.9","  36.7","  1.9","  3.9"
"34504099999","48.6","34.9666666","143.0","1976-04-02","  37.2","000000","999.9","  64.4","  33.8"," 11.7"," 0.00","1022.4","999.9","999.9","  48.0","  3.9","  5.6"
"34504099999","48.6","34.9666666","143.0","1976-04-03","  41.5","000000","999.9","  60.8","  37.4","  7.8"," 0.00","1022.7","999.9","999.9","  49.5","  1.2","  5.8"
"34504099999","48.6","34.9666666","143.0","1976-04-04","  41.0","000000","999.9","  64.4","  39.2","  7.8"," 0.00","1017.9","999.9","999.9","  52.9","  3.3","  3.2"
"34504099999","48.6","34.9666666","143.0","1976-04-05","  38.3","000000","999.9","  55.4","  39.2"," 11.7"," 0.00","1018.2","999.9","999.9","  47.9","  3.4","  8.6"
"34504099999","48.6","34.9666666","143.0","1976-04-06","  40.7","000000","999.9","  64.4","  35.6"," 15.5"," 0.00","1017.1","999.9","999.9","  49.1","  2.3"," 11.4"
"34504099999","48.6","34.9666666","143.0","1976-04-07","  41.0","100000","999.9","  66.2","  37.4"," 15.5"," 0.00","1011.6","999.9","999.9","  50.0","  3.0"," 12.4"
"34504099999","48.6","34.9666666","143.0","1976-04-08","  40.6","000000","999.9","  68.0","  37.4","  9.7"," 0.00","1009.8","999.9","999.9","  54.0","  4.0","  6.1"
"34504099999","48.6","34.9666666","143.0","1976-04-09","  40.7","000000","999.9","  73.4","  44.6"," 11.7"," 0.79","1007.5","999.9","999.9","  56.9","  6.2","  7.8"
"34504099999","48.6","34.9666666","143.0","1976-04-10","  44.8","010010","999.9","  59.0","  46.4"," 11.7"," 0.04","1008.0","999.9","999.9","  51.1","  3.4","  6.1"
"34504099999","48.6","34.9666666","143.0","1976-04-11","  46.9","010110","999.9","  60.8","  46.4"," 19.4"," 1.06","1008.6","999.9","999.9","  50.2","  2.6","  9.2"
"34504099999","48.6","34.9666666","143.0","1976-04-12","  48.4","010000","999.9","  57.2","  46.4"," 17.5"," 0.16","1003.9","999.9","999.9","  50.2","  1.5"," 13.4"
"34504099999","48.6","34.9666666","143.0","1976-04-13","  49.8","010000","999.9","  59.0","  48.2"," 13.6"," 0.63","1005.8","999.9","999.9","  52.0","  1.5","  7.5"
"34504099999","48.6","34.9666666","143.0","1976-04-14","  47.9","010000","999.9","  55.4","  48.2","  7.8"," 0.35","1008.8","999.9","999.9","  50.0","  3.2","  3.6"
"34504099999","48.6","34.9666666","143.0","1976-04-15","  46.7","000000","999.9","  57.2","  46.4","  9.7"," 0.02","1013.5","999.9","999.9","  50.5","  2.6","  5.0"
"34504099999","48.6","34.9666666","143.0","1976-04-16","  44.3","000000","999.9","  51.8","  42.8"," 13.6"," 0.00","1012.0","999.9","999.9","  48.5","  2.1"," 10.8"
"34504099999","48.6","34.9666666","143.0","1976-04-17","  44.3","010000","999.9","  51.8","  44.6"," 11.7"," 0.32","1016.1","999.9","999.9","  48.2","  1.9","  7.4"
"34504099999","48.6","34.9666666","143.0","1976-04-18","  41.0","010000","999.9","  62.6","  44.6","  3.9"," 0.00","1019.4","999.9","999.9","  53.1","  4.3","  1.7"
"34504099999","48.6","34.9666666","143.0","1976-04-19","  41.9","000000","999.9","  66.2","  44.6","  3.9"," 0.00","1017.5","999.9","999.9","  55.6","  4.2","  2.2"
"34504099999","48.6","34.9666666","143.0","1976-04-20","  42.8","010000","999.9","  59.0","  48.2","  9.7"," 0.09","1014.1","999.9","999.9","  53.2","  3.6","  4.9"
"34504099999","48.6","34.9666666","143.0","1976-04-21","  38.5","010000","999.9","  50.0","  42.8"," 11.7"," 0.24","1012.1","999.9","999.9","  45.5","  3.7","  4.4"
"34504099999","48.6","34.9666666","143.0","1976-04-22","  42.0","000000","999.9","  60.8","  39.2"," 17.5"," 0.00","1015.3","999.9","999.9","  51.5","  4.1","  8.0"
"34504099999","48.6","34.9666666","143.0","1976-04-23","  45.0","000000","999.9","  68.0","  42.8"," 17.5"," 0.00","1019.4","999.9","999.9","  57.0","  4.5"," 12.1"
"34504099999","48.6","34.9666666","143.0","1976-04-24","  45.3","010000","999.9","  71.6","  51.8"," 17.5"," 0.00","1020.1","999.9","999.9","  60.4","  5.7"," 15.3"
"34504099999","48.6","34.9666666","143.0","1976-04-25","  47.8","000000","999.9","  68.0","  53.6"," 15.5"," 0.00","1014.9","999.9","999.9","  58.3","  5.3"," 11.2"
"34504099999","48.6","34.9666666","143.0","1976-04-26","  50.5","000000","999.9","  68.0","  50.0"," 13.6"," 0.00","1013.0","999.9","999.9","  57.9","  4.2","  7.8"
"34504099999","48.6","34.9666666","143.0","1976-04-27","  50.5","010000","999.9","  77.0","  53.6"," 29.1"," 0.04","1005.6","999.9","999.9","  63.3","  5.0"," 17.0"
"34504099999","48.6","34.9666666","143.0","1976-04-28","  36.0","000000","999.9","  64.4","  46.4"," 35.0"," 0.02","1007.4","999.9","999.9","  53.6","  6.2"," 17.7"
"34504099999","48.6","34.9666666","143.0","1976-04-29","  31.5","000000","999.9","  51.8","  44.6","  9.7"," 0.00","1017.5","999.9","999.9","  48.2","  6.2","  5.0"
"34504099999","48.6","34.9666666","143.0","1976-04-30","  38.7","010000","999.9","  57.2","  41.0"," 15.5"," 0.17","1018.1","999.9","999.9","  47.7","  3.8"," 10.0"
"34504099999","48.6","34.9666666","143.0","1976-05-01","  32.5","010000","999.9","  51.8","  35.6"," 13.6"," 0.04","1022.5","999.9","999.9","  42.8","  6.2","  7.8"
"34504099999","48.6","34.9666666","143.0","1976-05-02","  33.0","000000","999.9","  59.0","  37.4"," 13.6"," 0.00","1024.6","999.9","999.9","  49.0","  6.2","  5.3"
"34504099999","48.6","34.9666666","143.0","1976-05-03","  36.9","000000","999.9","  68.0","  41.0"," 13.6"," 0.00","1022.7","999.9","999.9","  53.6","  6.2","  7.5"
"34504099999","48.6","34.9666666","143.0","1976-05-04","  45.0","000000","999.9","  69.8","  46.4"," 11.7"," 0.00","1014.9","999.9","999.9","  59.9","  6.2","  6.6"
"34504099999","48.6","34.9666666","143.0","1976-05-05","  48.8","110000","999.9","  62.6","  50.0"," 11.7"," 0.01","1014.7","999.9","999.9","  56.4","  3.6","  6.1"
"34504099999","48.6","34.9666666","143.0","1976-05-06","  39.5","100000","999.9","  62.6","  50.0"," 15.5"," 0.04","1018.6","999.9","999.9","  57.5","  4.8","  9.4"
"34504099999","48.6","34.9666666","143.0","1976-05-07","  37.9","010000","999.9","  60.8","  42.8"," 13.6"," 0.00","1015.4","999.9","999.9","  51.8","  5.7","  7.5"
"34504099999","48.6","34.9666666","143.0","1976-05-08","  40.0","000000","999.9","  53.6","  44.6"," 19.4"," 0.09","1009.9","999.9","999.9","  48.4","  5.3"," 11.2"
"34504099999","48.6","34.9666666","143.0","1976-05-09","  37.2","010000","999.9","  60.8","  44.6"," 11.7"," 0.04","1014.0","999.9","999.9","  51.6","  6.2","  8.7"
"34504099999","48.6","34.9666666","143.0","1976-05-10","  34.1","000000","999.9","  60.8","  41.0","  7.8"," 0.00","1013.4","999.9","999.9","  51.6","  6.2","  5.1"
"34504099999","48.6","34.9666666","143.0","1976-05-11","  40.8","010010","999.9","  57.2","  44.6","  7.8"," 0.00","1013.4","999.9","999.9","  49.5","  4.8","  3.9"
"34504099999","48.6","34.9666666","143.0","1976-05-12","  42.6","010010","999.9","  55.4","  42.8"," 13.6"," 0.00","1012.7","999.9","999.9","  49.6","  4.7","  4.4"
"34504099999","48.6","34.9666666","143.0","1976-05-13","  43.3","000000","999.9","  66.2","  44.6"," 13.6"," 0.00","1013.7","999.9","999.9","  55.0","  5.7","  6.8"
"34504099999","48.6","34.9666666","143.0","1976-05-14","  41.0","010000","999.9","  71.6","  48.2"," 11.7"," 0.00","1016.0","999.9","999.9","  60.6","  6.5","  8.0"
"34504099999","48.6","34.9666666","143.0","1976-05-15","  45.0","000000","999.9","  71.6","  53.6"," 17.5"," 0.00","1015.0","999.9","999.9","  61.7","  5.3"," 11.7"
"34504099999","48.6","34.9666666","143.0","1976-05-16","  42.3","010000","999.9","  64.4","  44.6"," 11.7"," 0.00","1017.2","999.9","999.9","  54.5","  6.2","  6.6"
"34504099999","48.6","34.9666666","143.0","1976-05-17","  41.6","000000","999.9","  64.4","  42.8","  7.8"," 0.02","1018.5","999.9","999.9","  53.6","  6.2","  5.5"
"34504099999","48.6","34.9666666","143.0","1976-05-18","  47.6","010010","999.9","  64.4","  50.0","  9.7"," 0.00","1016.9","999.9","999.9","  55.4","  3.1","  5.2"
"34504099999","48.6","34.9666666","143.0","1976-05-19","  45.1","000000","999.9","  71.6","  46.4","  7.8"," 0.00","1012.2","999.9","999.9","  62.1","  5.1","  5.0"
"34504099999","48.6","34.9666666","143.0","1976-05-20","  43.9","100000","999.9","  69.8","  46.4","  7.8"," 0.00","1010.8","999.9","999.9","  60.4","  4.8","  3.6"
"34504099999","48.6","34.9666666","143.0","1976-05-21","  50.3","010010","999.9","  60.8","  53.6","  7.8"," 0.00","1009.3","999.9","999.9","  56.7","  2.7","  4.4"
"34504099999","48.6","34.9666666","143.0","1976-05-22","  45.9","000000","999.9","  53.6","  48.2"," 13.6"," 0.00","1013.5","999.9","999.9","  51.0","  3.4","  9.2"
"34504099999","48.6","34.9666666","143.0","1976-05-23","  38.6","000000","999.9","  62.6","  42.8"," 11.7"," 0.00","1019.9","999.9","999.9","  51.5","  4.3"," 10.0"
"34504099999","48.6","34.9666666","143.0","1976-05-24","  41.7","000000","999.9","  68.0","  46.4"," 15.5"," 0.00","1022.1","999.9","999.9","  59.7","  6.2"," 10.9"
"34504099999","48.6","34.9666666","143.0","1976-05-25","  38.2","000000","999.9","  71.6","  55.4"," 11.7"," 0.00","1018.9","999.9","999.9","  65.2","  5.1","  8.3"
"34504099999","48.6","34.9666666","143.0","1976-05-26","  41.0","000000","999.9","  75.2","  53.6"," 11.7"," 0.00","1014.5","999.9","999.9","  65.2","  3.9","  5.5"
"34504099999","48.6","34.9666666","143.0","1976-05-27","  46.2","000000","999.9","  78.8","  53.6"," 11.7"," 0.00","1013.2","999.9","999.9","  67.6","  5.1","  3.9"
"34504099999","48.6","34.9666666","143.0","1976-05-28","  49.3","010010","999.9","  80.6","  55.4","  7.8"," 0.08","1014.8","999.9","999.9","  65.5","  6.2","  5.3"
"34504099999","48.6","34.9666666","143.0","1976-05-29","  52.0","010010","999.9","  77.0","  53.6"," 17.5"," 0.08","1015.0","999.9","999.9","  63.3","  6.2","  2.5"
"34504099999","48.6","34.9666666","143.0","1976-05-30","  51.5","000010","999.9","  73.4","  57.2","  7.8"," 0.04","1015.3","999.9","999.9","  63.6","  5.6","  4.7"
"34504099999","48.6","34.9666666","143.0","1976-05-31","  46.1","000000","999.9","  77.0","  50.0"," 11.7"," 0.00","1014.4","999.9","999.9","  65.2","  6.3","  5.0"
"34504099999","48.6","34.9666666","143.0","1976-06-01","  52.1","000000","999.9","  78.8","  57.2"," 11.7"," 0.12","1008.6","999.9","999.9","  64.4","  3.7","  7.8"
"34504099999","48.6","34.9666666","143.0","1976-06-02","  55.0","000000","999.9","  73.4","  57.2"," 15.5"," 0.00","1003.7","999.9","999.9","  63.5","  4.2","  7.3"
"34504099999","48.6","34.9666666","143.0","1976-06-03","  52.4","010000","999.9","  68.0","  55.4"," 11.7"," 0.00","1007.4","999.9","999.9","  60.5","  3.7"," 10.1"
"34504099999","48.6","34.9666666","143.0","1976-06-04","  48.5","000000","999.9","  71.6","  48.2","  7.8"," 0.00","1010.9","999.9","999.9","  60.5","  5.1","  3.6"
"34504099999","48.6","34.9666666","143.0","1976-06-05","  52.5","010010","999.9","  64.4","  51.8"," 15.5"," 0.24","1012.7","999.9","999.9","  57.7","  4.8","  8.0"
"34504099999","48.6","34.9666666","143.0","1976-06-06","  45.7","000000","999.9","  64.4","  51.8"," 13.6"," 0.00","1015.7","999.9","999.9","  57.9","  5.7","  8.5"
"34504099999","48.6","34.9666666","143.0","1976-06-07","  45.5","000000","999.9","  71.6","  50.0"," 17.5"," 0.00","1014.9","999.9","999.9","  61.0","  6.2","  7.0"
"34504099999","48.6","34.9666666","143.0","1976-06-08","  49.2","010000","999.9","  77.0","  51.8"," 11.7"," 0.00","1011.6","999.9","999.9","  65.7","  6.2","  6.4"
"34504099999","48.6","34.9666666","143.0","1976-06-09","  43.2","000000","999.9","  68.0","  53.6"," 13.6"," 0.00","1007.4","999.9","999.9","  61.5","  5.7"," 10.4"
"34504099999","48.6","34.9666666","143.0","1976-06-10","  41.5","000000","999.9","  60.8","  48.2"," 13.6"," 0.00","1009.1","999.9","999.9","  53.2","  5.7","  7.0"
"34504099999","48.6","34.9666666","143.0","1976-06-11","  38.9","010000","999.9","  66.2","  42.8"," 11.7"," 0.00","1012.4","999.9","999.9","  53.9","  5.9","  4.2"
"34504099999","48.6","34.9666666","143.0","1976-06-12","  39.8","000000","999.9","  64.4","  46.4","  9.7"," 0.00","1014.6","999.9","999.9","  55.4","  6.2","  2.9"
"34504099999","48.6","34.9666666","143.0","1976-06-13","  45.5","010010","999.9","  66.2","  46.4"," 13.6"," 0.12","1014.3","999.9","999.9","  57.2","  6.2","  6.3"
"34504099999","48.6","34.9666666","143.0","1976-06-14","  54.1","010010","999.9","  68.0","  53.6","  9.7"," 1.22","1008.3","999.9","999.9","  57.2","  2.5","  5.3"
"34504099999","48.6","34.9666666","143.0","1976-06-15","  51.3","000000","999.9","  68.0","  51.8"," 15.5"," 0.04","1007.1","999.9","999.9","  59.8","  5.0"," 10.5"
"34504099999","48.6","34.9666666","143.0","1976-06-16","  47.2","010000","999.9","  75.2","  53.6"," 54.4"," 0.00","1005.4","999.9","999.9","  66.7","  6.2"," 19.1"
"34504099999","48.6","34.9666666","143.0","1976-06-17","  54.2","010000","999.9","  62.6","  53.6","  7.8"," 0.55","1007.8","999.9","999.9","  56.9","  3.4","  3.6"
"34504099999","48.6","34.9666666","143.0","1976-06-18","  50.5","010010","999.9","  68.0","  51.8"," 13.6"," 0.04","1012.6","999.9","999.9","  57.5","  6.2","  7.2"
"34504099999","48.6","34.9666666","143.0","1976-06-19","  49.3","000000","999.9","  69.8","  50.0","  7.8"," 0.20","1015.6","999.9","999.9","  59.9","  4.8","  3.4"
"34504099999","48.6","34.9666666","143.0","1976-06-20","  52.5","000000","999.9","  78.8","  53.6","  9.7"," 0.00","1019.6","999.9","999.9","  67.1","  6.2","  4.1"
"34504099999","48.6","34.9666666","143.0","1976-06-21","  49.6","000000","999.9","  82.4","  59.0","  5.8"," 0.00","1019.8","999.9","999.9","  71.2","  6.2","  1.7"
"34504099999","48.6","34.9666666","143.0","1976-06-22","  53.8","010000","999.9","  84.2","  59.0","  9.7"," 0.00","1016.7","999.9","999.9","  71.2","  6.2","  3.6"
"34504099999","48.6","34.9666666","143.0","1976-06-23","  55.4","000000","999.9","  73.4","  62.6"," 13.6"," 0.00","1014.4","999.9","999.9","  67.7","  6.2"," 10.0"
"34504099999","48.6","34.9666666","143.0","1976-06-24","  55.0","000000","999.9","  73.4","  59.0"," 17.5"," 0.00","1014.8","999.9","999.9","  67.3","  6.2"," 13.6"
"34504099999","48.6","34.9666666","143.0","1976-06-25","  59.5","010010","999.9","  75.2","  60.8"," 15.5"," 0.00","1019.6","999.9","999.9","  66.9","  6.2","  9.7"
"34504099999","48.6","34.9666666","143.0","1976-06-26","  59.3","010000","999.9","  78.8","  60.8"," 13.6"," 0.08","1023.1","999.9","999.9","  68.4","  5.7","  9.2"
"34504099999","48.6","34.9666666","143.0","1976-06-27","  53.4","000000","999.9","  78.8","  64.4"," 13.6"," 0.00","1022.8","999.9","999.9","  71.8","  6.2","  9.2"
"34504099999","48.6","34.9666666","143.0","1976-06-28","  53.1","000000","999.9","  84.2","  57.2","  9.7"," 0.00","1018.1","999.9","999.9","  75.9","  6.2","  4.9"
"34504099999","48.6","34.9666666","143.0","1976-06-29","  56.2","010010","999.9","  84.2","  62.6","  9.7"," 0.00","1012.2","999.9","999.9","  72.9","  5.7","  5.0"
"34504099999","48.6","34.9666666","143.0","1976-06-30","  46.1","000000","999.9","  69.8","  57.2"," 15.5"," 0.79","1013.4","999.9","999.9","  64.1","  6.2"," 10.3"
"34504099999","48.6","34.9666666","143.0","1976-07-01","  49.1","000000","999.9","  77.0","  51.8","  5.8"," 0.00","1013.6","999.9","999.9","  62.6","  6.2","  1.6"
"34504099999","48.6","34.9666666","143.0","1976-07-02","  49.0","010000","999.9","  71.6","  57.2"," 17.5"," 0.00","1010.7","999.9","999.9","  62.9","  6.2"," 10.0"
"34504099999","48.6","34.9666666","143.0","1976-07-03","  44.2","010000","999.9","  71.6","  53.6"," 17.5"," 0.00","1011.4","999.9","999.9","  64.2","  6.2"," 11.2"
"34504099999","48.6","34.9666666","143.0","1976-07-04","  51.6","010010","999.9","  77.0","  57.2"," 13.6"," 0.00","1008.2","999.9","999.9","  65.1","  6.2","  7.8"
"34504099999","48.6","34.9666666","143.0","1976-07-05","  44.1","000000","999.9","  69.8","  51.8"," 13.6"," 0.00","1010.0","999.9","999.9","  60.3","  5.9","  7.5"
"34504099999","48.6","34.9666666","143.0","1976-07-06","  51.1","010010","999.9","  71.6","  53.6"," 11.7"," 0.51","1009.0","999.9","999.9","  61.3","  4.8","  4.1"
"34504099999","48.6","34.9666666","143.0","1976-07-07","  48.9","010010","999.9","  64.4","  51.8"," 11.7"," 0.55","1011.1","999.9","999.9","  55.6","  5.3","  6.2"
"34504099999","48.6","34.9666666","143.0","1976-07-08","  52.0","000000","999.9","  71.6","  50.0","  9.7"," 0.00","1012.9","999.9","999.9","  62.2","  5.4","  3.2"
"34504099999","48.6","34.9666666","143.0","1976-07-09","  56.3","010000","999.9","  71.6","  59.0","  9.7"," 0.00","1009.7","999.9","999.9","  63.8","  6.2","  4.9"
"34504099999","48.6","34.9666666","143.0","1976-07-10","  57.4","000000","999.9","  75.2","  55.4"," 13.6"," 0.00","1005.1","999.9","999.9","  66.2","  4.7","  2.9"
"34504099999","48.6","34.9666666","143.0","1976-07-11","  56.2","010010","999.9","  75.2","  60.8"," 13.6"," 0.35","1002.4","999.9","999.9","  67.0","  5.1","  8.3"
"34504099999","48.6","34.9666666","143.0","1976-07-12","  56.2","100010","999.9","  75.2","  57.2"," 11.7"," 0.00","1003.9","999.9","999.9","  65.1","  4.4","  6.1"
"34504099999","48.6","34.9666666","143.0","1976-07-13","  57.2","010010","999.9","  68.0","  55.4","  9.7"," 0.77","1002.4","999.9","999.9","  62.6","  5.0","  4.7"
"34504099999","48.6","34.9666666","143.0","1976-07-14","  59.8","010000","999.9","  78.8","  59.0","  9.7"," 0.35","1002.9","999.9","999.9","  64.1","  4.4","  6.1"
"34504099999","48.6","34.9666666","143.0","1976-07-15","  56.9","010010","999.9","  71.6","  59.0"," 11.7"," 0.20","1006.2","999.9","999.9","  62.1","  4.3","  5.5"
"34504099999","48.6","34.9666666","143.0","1976-07-16","  59.7","010000","999.9","  68.0","  59.0"," 11.7"," 0.05","1011.9","999.9","999.9","  63.1","  3.2","  8.0"
"34504099999","48.6","34.9666666","143.0","1976-07-17","  56.7","000000","999.9","  68.0","  60.8"," 13.6"," 0.00","1017.1","999.9","999.9","  62.3","  5.7"," 10.5"
"34504099999","48.6","34.9666666","143.0","1976-07-18","  50.0","000000","999.9","  73.4","  57.2"," 11.7"," 0.00","1021.2","999.9","999.9","  64.1","  6.2","  7.2"
"34504099999","48.6","34.9666666","143.0","1976-07-19","  51.4","000000","999.9","  77.0","  57.2"," 11.7"," 0.00","1018.2","999.9","999.9","  68.0","  6.2","  6.1"
"34504099999","48.6","34.9666666","143.0","1976-07-20","  55.4","000000","999.9","  78.8","  57.2","  5.8"," 0.00","1011.4","999.9","999.9","  67.0","  5.1","  1.7"
"34504099999","48.6","34.9666666","143.0","1976-07-21","  58.0","000000","999.9","  77.0","  62.6","  7.8"," 0.00","1011.5","999.9","999.9","  69.1","  3.9","  3.9"
"34504099999","48.6","34.9666666","143.0","1976-07-22","  56.2","000000","999.9","  77.0","  60.8","  9.7"," 0.00","1014.9","999.9","999.9","  69.3","  5.0","  6.1"
"34504099999","48.6","34.9666666","143.0","1976-07-23","  55.4","000000","999.9","  77.0","  62.6","  7.8"," 0.00","1014.7","999.9","999.9","  69.8","  5.3","  5.6"
"34504099999","48.6","34.9666666","143.0","1976-07-24","  59.0","000000","999.9","  75.2","  59.0"," 13.6"," 0.00","1011.9","999.9","999.9","  68.2","  4.7","  9.0"
"34504099999","48.6","34.9666666","143.0","1976-07-25","  57.2","000000","999.9","  78.8","  60.8"," 13.6"," 0.00","1009.8","999.9","999.9","  69.0","  6.2"," 10.5"
"34504099999","48.6","34.9666666","143.0","1976-07-26","  57.4","000000","999.9","  82.4","  60.8"," 13.6"," 0.00","1008.3","999.9","999.9","  72.0","  6.2","  9.7"
"34504099999","48.6","34.9666666","143.0","1976-07-27","  62.2","010000","999.9","  71.6","  62.6","  9.7"," 0.12","1007.8","999.9","999.9","  69.1","  5.5","  5.8"
"34504099999","48.6","34.9666666","143.0","1976-07-28","  62.2","000010","999.9","  82.4","  62.6","  9.7"," 0.48","1006.5","999.9","999.9","  70.5","  4.8","  3.4"
"34504099999","48.6","34.9666666","143.0","1976-07-29","  62.4","010010","999.9","  75.2","  60.8"," 11.7"," 1.22","1005.2","999.9","999.9","  65.1","  2.6","  4.4"
"34504099999","48.6","34.9666666","143.0","1976-07-30","  60.0","010010","999.9","  78.8","  59.0"," 11.7"," 0.35","1006.3","999.9","999.9","  66.2","  2.7","  3.9"
"34504099999","48.6","34.9666666","143.0","1976-07-31","  60.8","010000","999.9","  73.4","  57.2","  7.8"," 0.00","1009.6","999.9","999.9","  65.3","  3.1","  4.6"
"34504099999","48.6","34.9666666","143.0","1976-08-01","  57.2","000000","999.9","  77.0","  59.0","  7.8"," 0.00","1013.0","999.9","999.9","  67.5","  4.6","  2.8"
"34504099999","48.6","34.9666666","143.0","1976-08-02","  60.0","000000","999.9","  80.6","  60.8","999.9"," 0.00","1013.1","999.9","999.9","  70.6","  5.5","  0.0"
"34504099999","48.6","34.9666666","143.0","1976-08-03","  60.2","000000","999.9","  75.2","  59.0"," 11.7"," 0.00","1011.2","999.9","999.9","  67.1","  2.7","  3.9"
"34504099999","48.6","34.9666666","143.0","1976-08-04","  50.7","000000","999.9","  71.6","  51.8"," 11.7"," 0.00","1015.4","999.9","999.9","  63.1","  4.2","  3.9"
"34504099999","48.6","34.9666666","143.0","1976-08-05","  51.5","000000","999.9","  78.8","  55.4","  9.7"," 0.00","1016.3","999.9","999.9","  67.7","  6.2","  5.6"
"34504099999","48.6","34.9666666","143.0","1976-08-06","  52.7","010000","999.9","  78.8","  59.0"," 15.5"," 0.24","1012.9","999.9","999.9","  67.1","  5.6"," 13.6"
"34504099999","48.6","34.9666666","143.0","1976-08-07","  60.4","010010","999.9","  71.6","  59.0"," 15.5"," 1.14","1005.2","999.9","999.9","  62.3","  2.9"," 11.0"
"34504099999","48.6","34.9666666","143.0","1976-08-08","  59.0","010000","999.9","  64.4","  59.0"," 11.7"," 0.87","1007.6","999.9","999.9","  60.8","  2.1","  5.5"
"34504099999","48.6","34.9666666","143.0","1976-08-09","  55.7","010000","999.9","  66.2","  57.2","  7.8"," 0.02","1014.4","999.9","999.9","  59.8","  5.0","  3.9"
"34504099999","48.6","34.9666666","143.0","1976-08-10","  53.4","010000","999.9","  66.2","  55.4"," 11.7"," 0.02","1015.5","999.9","999.9","  61.0","  4.8","  6.1"
"34504099999","48.6","34.9666666","143.0","1976-08-11","  52.8","000010","999.9","  71.6","  50.0"," 11.7"," 0.08","1014.2","999.9","999.9","  59.3","  4.6","  5.8"
"34504099999","48.6","34.9666666","143.0","1976-08-12","  57.0","010010","999.9","  69.8","  53.6","  9.7"," 0.16","1012.7","999.9","999.9","  59.9","  4.0","  6.1"
"34504099999","48.6","34.9666666","143.0","1976-08-13","  55.6","100000","999.9","  71.6","  55.4"," 13.6"," 0.00","1013.5","999.9","999.9","  61.5","  4.1","  4.1"
"34504099999","48.6","34.9666666","143.0","1976-08-14","  53.4","100000","999.9","  71.6","  53.6","  3.9"," 0.00","1016.1","999.9","999.9","  63.5","  4.4","  1.2"
"34504099999","48.6","34.9666666","143.0","1976-08-15","  53.1","000000","999.9","  75.2","  53.6","  5.8"," 0.00","1017.8","999.9","999.9","  64.9","  5.1","  1.4"
"34504099999","48.6","34.9666666","143.0","1976-08-16","  55.1","000000","999.9","  77.0","  59.0","  5.8"," 0.00","1017.5","999.9","999.9","  68.3","  4.3","  3.2"
"34504099999","48.6","34.9666666","143.0","1976-08-17","  55.2","000000","999.9","  78.8","  59.0","  5.8"," 0.08","1017.0","999.9","999.9","  67.8","  4.2","  1.7"
"34504099999","48.6","34.9666666","143.0","1976-08-18","  55.7","000000","999.9","  78.8","  60.8","  7.8"," 0.00","1014.9","999.9","999.9","  70.1","  5.6","  4.9"
"34504099999","48.6","34.9666666","143.0","1976-08-19","  56.2","000000","999.9","  71.6","  62.6"," 13.6"," 0.00","1012.5","999.9","999.9","  66.2","  5.7"," 10.0"
"34504099999","48.6","34.9666666","143.0","1976-08-20","  59.9","000000","999.9","  71.6","  60.8","  5.8"," 0.00","1008.0","999.9","999.9","  65.1","  2.8","  3.9"
"34504099999","48.6","34.9666666","143.0","1976-08-21","  58.7","110010","999.9","  75.2","  57.2","  3.9"," 0.04","1005.1","999.9","999.9","  64.6","  3.0","  1.7"
"34504099999","48.6","34.9666666","143.0","1976-08-22","  55.0","100000","999.9","  62.6","  51.8"," 13.6"," 0.00","1007.4","999.9","999.9","  57.4","  2.2"," 11.2"
"34504099999","48.6","34.9666666","143.0","1976-08-23","  45.5","000000","999.9","  64.4","  48.2"," 19.4"," 0.00","1013.7","999.9","999.9","  56.0","  5.3"," 10.7"
"34504099999","48.6","34.9666666","143.0","1976-08-24","  45.4","000000","999.9","  66.2","  50.0","  7.8"," 0.00","1017.0","999.9","999.9","  59.3","  5.7","  4.2"
"34504099999","48.6","34.9666666","143.0","1976-08-25","  50.0","000000","999.9","  69.8","  48.2","  5.8"," 0.00","1019.4","999.9","999.9","  58.7","  4.3","  2.3"
"34504099999","48.6","34.9666666","143.0","1976-08-26","  53.6","000000","999.9","  73.4","  57.2","  5.8"," 0.00","1018.8","999.9","999.9","  64.4","  5.1","  1.7"
"34504099999","48.6","34.9666666","143.0","1976-08-27","  55.1","010000","999.9","  71.6","  57.2"," 13.6"," 0.55","1017.3","999.9","999.9","  63.1","  3.4"," 11.4"
"34504099999","48.6","34.9666666","143.0","1976-08-28","  56.3","010010","999.9","  68.0","  57.2"," 17.5"," 0.35","1014.5","999.9","999.9","  62.2","  3.9"," 14.8"
"34504099999","48.6","34.9666666","143.0","1976-08-29","  55.1","000000","999.9","  71.6","  55.4"," 15.5"," 0.00","1018.4","999.9","999.9","  64.1","  5.0"," 12.6"
"34504099999","48.6","34.9666666","143.0","1976-08-30","  56.5","000000","999.9","  75.2","  57.2","  7.8"," 0.00","1015.2","999.9","999.9","  64.8","  4.8","  4.1"
"34504099999","48.6","34.9666666","143.0","1976-08-31","  57.2","010000","999.9","  75.2","  60.8"," 13.6"," 0.00","1014.1","999.9","999.9","  67.2","  3.9","  6.8"
"34504099999","48.6","34.9666666","143.0","1976-09-01","  51.4","000000","999.9","  68.0","  55.4"," 13.6"," 0.00","1015.7","999.9","999.9","  60.1","  4.8"," 10.0"
"34504099999","48.6","34.9666666","143.0","1976-09-02","  52.8","010000","999.9","  69.8","  51.8"," 11.7"," 0.00","1011.0","999.9","999.9","  60.5","  6.2","  4.4"
"34504099999","48.6","34.9666666","143.0","1976-09-03","  61.2","010010","999.9","  71.6","  59.0"," 15.5"," 0.35","1005.2","999.9","999.9","  63.5","  2.5","  7.5"
"34504099999","48.6","34.9666666","143.0","1976-09-04","  57.5","000000","999.9","  73.4","  59.0"," 11.7"," 0.05","1010.2","999.9","999.9","  64.4","  3.3","  5.0"
"34504099999","48.6","34.9666666","143.0","1976-09-05","  58.0","000000","999.9","  75.2","  55.4","  9.7"," 0.00","1012.6","999.9","999.9","  65.9","  3.6","  6.9"
"34504099999","48.6","34.9666666","143.0","1976-09-06","  50.8","010000","999.9","  69.8","  51.8"," 17.5"," 0.20","1008.8","999.9","999.9","  61.3","  4.9"," 11.4"
"34504099999","48.6","34.9666666","143.0","1976-09-07","  49.6","010000","999.9","  59.0","  48.2"," 15.5"," 0.06","1009.1","999.9","999.9","  52.5","  2.6","  9.7"
"34504099999","48.6","34.9666666","143.0","1976-09-08","  48.9","000000","999.9","  66.2","  51.8"," 13.6"," 0.00","1015.6","999.9","999.9","  57.2","  5.3","  8.5"
"34504099999","48.6","34.9666666","143.0","1976-09-09","  51.8","000000","999.9","  75.2","  51.8","  3.9"," 0.00","1019.9","999.9","999.9","  60.5","  4.6","  3.3"
"34504099999","48.6","34.9666666","143.0","1976-09-10","  51.3","000000","999.9","  73.4","  51.8"," 11.7"," 0.00","1021.5","999.9","999.9","  62.2","  4.7","  6.6"
"34504099999","48.6","34.9666666","143.0","1976-09-11","  49.3","000000","999.9","  75.2","  53.6"," 15.5"," 0.00","1021.8","999.9","999.9","  64.6","  5.7"," 13.4"
"34504099999","48.6","34.9666666","143.0","1976-09-12","  54.4","000000","999.9","  73.4","  59.0"," 15.5"," 0.00","1021.5","999.9","999.9","  65.2","  6.2"," 12.8"
"34504099999","48.6","34.9666666","143.0","1976-09-13","  52.9","000000","999.9","  69.8","  55.4"," 11.7"," 0.00","1022.2","999.9","999.9","  60.1","  5.7","  8.5"
"34504099999","48.6","34.9666666","143.0","1976-09-14","  44.3","000000","999.9","  73.4","  51.8"," 11.7"," 0.00","1021.7","999.9","999.9","  61.2","  6.2","  8.7"
"34504099999","48.6","34.9666666","143.0","1976-09-15","  44.3","000000","999.9","  73.4","  50.0"," 13.6"," 0.00","1019.4","999.9","999.9","  62.3","  6.2","  9.7"
"34504099999","48.6","34.9666666","143.0","1976-09-16","  47.9","000000","999.9","  71.6","  55.4"," 15.5"," 0.00","1014.5","999.9","999.9","  60.8","  5.9"," 11.4"
"34504099999","48.6","34.9666666","143.0","1976-09-17","  55.4","010000","999.9","  73.4","  50.0","  7.8"," 0.00","1011.7","999.9","999.9","  62.6","  4.3","  4.6"
"34504099999","48.6","34.9666666","143.0","1976-09-18","  57.2","110000","999.9","  66.2","  53.6","  9.7"," 0.00","1009.1","999.9","999.9","  60.3","  2.0","  5.3"
"34504099999","48.6","34.9666666","143.0","1976-09-19","  58.4","010010","999.9","  68.0","  57.2"," 13.6"," 0.24","1010.4","999.9","999.9","  61.6","  1.5","  8.7"
"34504099999","48.6","34.9666666","143.0","1976-09-20","  50.0","010000","999.9","  60.8","  53.6"," 23.3"," 0.00","1013.6","999.9","999.9","  56.8","  5.3"," 15.5"
"34504099999","48.6","34.9666666","143.0","1976-09-21","  37.1","010000","999.9","  57.2","  42.8"," 17.5"," 0.17","1020.2","999.9","999.9","  51.5","  5.7"," 13.3"
"34504099999","48.6","34.9666666","143.0","1976-09-22","  32.6","000000","999.9","  62.6","  46.4"," 11.7"," 0.00","1021.8","999.9","999.9","  51.8","  6.2","  7.8"
"34504099999","48.6","34.9666666","143.0","1976-09-23","  34.9","000000","999.9","  60.8","  42.8","  7.8"," 0.00","1020.5","999.9","999.9","  51.1","  3.7","  5.8"
"34504099999","48.6","34.9666666","143.0","1976-09-24","  39.5","000000","999.9","  62.6","  39.2","  5.8"," 0.00","1018.2","999.9","999.9","  49.7","  4.3","  1.9"
"34504099999","48.6","34.9666666","143.0","1976-09-25","  39.2","000000","999.9","  64.4","  39.2","  9.7"," 0.00","1015.5","999.9","999.9","  52.6","  6.2","  3.9"
"34504099999","48.6","34.9666666","143.0","1976-09-26","  48.2","010000","999.9","  53.6","  48.2"," 15.5"," 0.00","1008.8","999.9","999.9","  51.3","  4.6"," 14.6"
"34504099999","48.6","34.9666666","143.0","1976-09-27","  41.3","010000","999.9","  51.8","  44.6"," 15.5"," 0.02","1015.0","999.9","999.9","  46.9","  5.0"," 12.8"
"34504099999","48.6","34.9666666","143.0","1976-09-28","  42.1","000000","999.9","  57.2","  42.8"," 13.6"," 0.00","1021.4","999.9","999.9","  50.4","  6.2","  7.3"
"34504099999","48.6","34.9666666","143.0","1976-09-29","  52.8","110000","999.9","  57.2","  50.0"," 13.6"," 0.24","1014.5","999.9","999.9","  54.0","  2.1","  6.3"
"34504099999","48.6","34.9666666","143.0","1976-09-30","  46.1","010000","999.9","  53.6","  41.0"," 17.5"," 0.87","1014.5","999.9","999.9","  47.4","  2.7"," 13.6"
"34504099999","48.6","34.9666666","143.0","1976-10-01","  34.1","000000","999.9","  48.2","  35.6"," 15.5"," 0.00","1026.1","999.9","999.9","  40.0","  6.2"," 12.8"
"34504099999","48.6","34.9666666","143.0","1976-10-02","  33.3","000000","999.9","  50.0","  32.0","  7.8"," 0.00","1025.7","999.9","999.9","  40.7","  4.6","  4.7"
"34504099999","48.6","34.9666666","143.0","1976-10-03","  34.1","000000","999.9","  51.8","  35.6","  9.7"," 0.00","1029.4","999.9","999.9","  40.1","  5.6","  4.2"
"34504099999","48.6","34.9666666","143.0","1976-10-04","  34.4","000000","999.9","  53.6","  32.0"," 11.7"," 0.00","1029.0","999.9","999.9","  45.1","  6.2","  6.9"
"34504099999","48.6","34.9666666","143.0","1976-10-05","  36.0","000000","999.9","  57.2","  42.8"," 13.6"," 0.00","1025.9","999.9","999.9","  46.8","  6.2"," 11.2"
"34504099999","48.6","34.9666666","143.0","1976-10-06","  37.9","000000","999.9","  60.8","  37.4"," 11.7"," 0.00","1022.9","999.9","999.9","  46.7","  6.2","  4.2"
"34504099999","48.6","34.9666666","143.0","1976-10-07","  42.4","100000","999.9","  57.2","  41.0"," 11.7"," 0.00","1021.5","999.9","999.9","  46.4","  3.1","  2.6"
"34504099999","48.6","34.9666666","143.0","1976-10-08","  51.3","000000","999.9","  64.4","  42.8"," 15.5"," 0.00","1017.0","999.9","999.9","  55.8","  2.2"," 10.2"
"34504099999","48.6","34.9666666","143.0","1976-10-09","  42.1","000000","999.9","  59.0","  44.6"," 15.5"," 0.00","1015.8","999.9","999.9","  53.2","  6.2","  9.7"
"34504099999","48.6","34.9666666","143.0","1976-10-10","  45.0","010000","999.9","  57.2","  42.8","  5.8"," 0.10","1016.4","999.9","999.9","  48.6","  5.1","  1.2"
"34504099999","48.6","34.9666666","143.0","1976-10-11","  41.0","100000","999.9","  59.0","  33.8"," 13.6"," 0.00","1017.7","999.9","999.9","  49.1","  3.6","  4.6"
"34504099999","48.6","34.9666666","143.0","1976-10-12","  50.0","000000","999.9","  53.6","  48.2","  7.8"," 0.02","1013.3","999.9","999.9","  51.8","  2.2","  5.3"
"34504099999","48.6","34.9666666","143.0","1976-10-13","  51.2","000000","999.9","  57.2","  53.6"," 11.7"," 0.00","1010.9","999.9","999.9","  54.5","  1.9","  7.4"
"34504099999","48.6","34.9666666","143.0","1976-10-14","  49.2","000000","999.9","  62.6","  46.4"," 15.5"," 0.00","1011.5","999.9","999.9","  53.9","  2.3","  5.3"
"34504099999","48.6","34.9666666","143.0","1976-10-15","  28.4","000000","999.9","  39.2","  32.0"," 19.4"," 0.00","1017.4","999.9","999.9","  35.1","  5.1"," 18.9"
"34504099999","48.6","34.9666666","143.0","1976-10-16","  17.4","001000","999.9","  30.2","  23.0"," 21.4"," 0.00","1026.4","999.9","999.9","  26.2","  5.7"," 19.9"
"34504099999","48.6","34.9666666","143.0","1976-10-17","  15.8","001000","999.9","  32.0","  21.2"," 19.4"," 0.01","1035.9","999.9","999.9","  25.5","  6.0"," 15.5"
"34504099999","48.6","34.9666666","143.0","1976-10-18","  19.2","000000","999.9","  35.6","  19.4"," 17.5"," 0.00","1035.4","999.9","999.9","  27.0","  6.2"," 14.6"
"34504099999","48.6","34.9666666","143.0","1976-10-19","  18.0","000000","999.9","  39.2","  21.2"," 19.4"," 0.00","1030.8","999.9","999.9","  28.9","  6.2"," 16.3"
"34504099999","48.6","34.9666666","143.0","1976-10-20","  20.3","000000","999.9","  37.4","  23.0"," 23.3"," 0.00","1027.7","999.9","999.9","  27.3","  6.2"," 18.9"
"34504099999","48.6","34.9666666","143.0","1976-10-21","  20.4","000000","999.9","  41.0","  24.8"," 17.5"," 0.00","1027.3","999.9","999.9","  34.1","  6.2"," 15.3"
"34504099999","48.6","34.9666666","143.0","1976-10-22","  29.8","011000","999.9","  37.4","  30.2"," 15.5"," 0.12","1025.9","999.9","999.9","  31.8","  2.4","  9.5"
"34504099999","48.6","34.9666666","143.0","1976-10-23","  34.0","111000","999.9","  37.4","  32.0","  3.9"," 0.02","1022.3","999.9","999.9","  34.5","  1.3","  2.2"
"34504099999","48.6","34.9666666","143.0","1976-10-24","  33.8","110000","999.9","  35.6","  32.0","  9.7"," 0.00","1019.6","999.9","999.9","  34.1","  1.6","  8.6"
"34504099999","48.6","34.9666666","143.0","1976-10-25","  32.0","010000","999.9","  44.6","  32.0"," 13.6"," 0.01","1020.7","999.9","999.9","  36.8","  3.1"," 10.4"
"34504099999","48.6","34.9666666","143.0","1976-10-26","  29.1","100000","999.9","  33.8","  26.6"," 11.7"," 0.00","1025.1","999.9","999.9","  30.2","  1.4","  8.0"
"34504099999","48.6","34.9666666","143.0","1976-10-27","  28.8","100000","999.9","  39.2","  26.6","  9.7"," 0.00","1019.7","999.9","999.9","  30.2","  1.2","  5.3"
"34504099999","48.6","34.9666666","143.0","1976-10-28","  27.0","100000","999.9","  33.8","  23.0"," 11.7"," 0.00","1021.3","999.9","999.9","  29.5","  2.3","  7.8"
"34504099999","48.6","34.9666666","143.0","1976-10-29","  18.8","000000","999.9","  35.6","  21.2","  9.7"," 0.00","1031.6","999.9","999.9","  26.6","  6.2","  8.1"
"34504099999","48.6","34.9666666","143.0","1976-10-30","  17.6","000000","999.9","  41.0","  19.4"," 13.6"," 0.00","1029.8","999.9","999.9","  28.7","  5.7","  7.8"
"34504099999","48.6","34.9666666","143.0","1976-10-31","  36.7","010000","999.9","  50.0","  24.8"," 15.5"," 0.02","1015.8","999.9","999.9","  41.7","  4.8"," 13.1"
"34504099999","48.6","34.9666666","143.0","1976-11-01","  46.7","000000","999.9","  59.0","  48.2"," 11.7"," 0.04","1011.3","999.9","999.9","  50.8","  3.9","  4.4"
"34504099999","48.6","34.9666666","143.0","1976-11-02","  39.7","000000","999.9","  51.8","  41.0","  3.9"," 0.00","1019.1","999.9","999.9","  45.4","  2.7","  1.4"
"34504099999","48.6","34.9666666","143.0","1976-11-03","  38.2","010001","999.9","  50.0","  37.4"," 13.6"," 0.00","1020.5","999.9","999.9","  43.6","  2.0","  8.0"
"34504099999","48.6","34.9666666","143.0","1976-11-04","  37.9","010000","999.9","  42.8","  39.2"," 15.5"," 0.08","1020.0","999.9","999.9","  41.0","  1.6"," 11.9"
"34504099999","48.6","34.9666666","143.0","1976-11-05","  41.0","110000","999.9","  42.8","9999.9","  9.7"," 0.06","1026.3","999.9","999.9","  41.0","  0.3","  8.0"
"34504099999","48.6","34.9666666","143.0","1976-11-06","  39.2","110000","999.9","  41.0","  35.6"," 38.9"," 0.00","1031.8","999.9","999.9","  39.2","  0.7"," 15.8"
"34504099999","48.6","34.9666666","143.0","1976-11-07","  31.3","000000","999.9","  39.2","  32.0"," 15.5"," 0.00","1032.7","999.9","999.9","  34.7","  4.3"," 11.2"
"34504099999","48.6","34.9666666","143.0","1976-11-08","  30.9","000000","999.9","  39.2","  30.2"," 15.5"," 0.00","1031.8","999.9","999.9","  34.5","  5.3"," 13.1"
"34504099999","48.6","34.9666666","143.0","1976-11-09","  33.0","000000","999.9","  48.2","  32.0"," 15.5"," 0.00","1030.4","999.9","999.9","  37.9","  6.2"," 10.5"
"34504099999","48.6","34.9666666","143.0","1976-11-10","  32.2","010000","999.9","9999.9","9999.9"," 13.6"," 0.00","1028.8","999.9","999.9","  33.8","  2.4","  8.5"
"34504099999","48.6","34.9666666","143.0","1976-11-11","  33.3","000000","999.9","  37.4","  33.8"," 11.7"," 0.00","1028.3","999.9","999.9","  36.3","  3.9","  8.9"
"34504099999","48.6","34.9666666","143.0","1976-11-12","  33.3","000000","999.9","  37.4","  32.0","  9.7"," 0.00","1027.9","999.9","999.9","  34.6","  4.3","  7.2"
"34504099999","48.6","34.9666666","143.0","1976-11-13","  36.5","010000","999.9","  41.0","  37.4","  7.8"," 0.00","1026.3","999.9","999.9","  38.5","  2.4","  5.5"
"34504099999","48.6","34.9666666","143.0","1976-11-14","  38.8","110010","999.9","  41.0","  37.4"," 11.7"," 0.00","1024.2","999.9","999.9","  39.2","  1.0","  8.0"
"34504099999","48.6","34.9666666","143.0","1976-11-15","  38.5","100000","999.9","  46.4","  35.6"," 17.5"," 0.00","1025.0","999.9","999.9","  40.6","  1.0"," 11.9"
"34504099999","48.6","34.9666666","143.0","1976-11-16","  34.1","000000","999.9","  44.6","  35.6"," 17.5"," 0.00","1028.1","999.9","999.9","  38.6","  4.8"," 14.9"
"34504099999","48.6","34.9666666","143.0","1976-11-17","  31.2","000000","999.9","  41.0","  33.8"," 11.7"," 0.00","1029.8","999.9","999.9","  36.6","  5.5","  8.0"
"34504099999","48.6","34.9666666","143.0","1976-11-18","  33.8","000000","999.9","  41.0","  35.6","  3.9"," 0.00","1029.8","999.9","999.9","  37.6","  2.5","  1.1"
"34504099999","48.6","34.9666666","143.0","1976-11-19","  36.1","010000","999.9","  41.0","  35.6","  5.8"," 0.00","1025.3","999.9","999.9","  38.4","  1.8","  2.5"
"34504099999","48.6","34.9666666","143.0","1976-11-20","  37.1","100000","999.9","  42.8","  37.4","  5.8"," 0.00","1025.3","999.9","999.9","  38.4","  1.3","  1.4"
"34504099999","48.6","34.9666666","143.0","1976-11-21","  28.2","000000","999.9","  37.4","  32.0"," 11.7"," 0.00","1024.8","999.9","999.9","  34.7","  5.7","  5.8"
"34504099999","48.6","34.9666666","143.0","1976-11-22","  25.7","000000","999.9","  35.6","  28.4","  9.7"," 0.00","1015.2","999.9","999.9","  31.3","  4.3","  5.6"
"34504099999","48.6","34.9666666","143.0","1976-11-23","  34.8","111000","999.9","  41.0","  28.4"," 11.7"," 0.51","1004.7","999.9","999.9","  34.8","  0.6","  7.5"
"34504099999","48.6","34.9666666","143.0","1976-11-24","  23.9","000000","999.9","  32.0","  26.6"," 11.7"," 0.12","1008.9","999.9","999.9","  28.4","  4.3","  9.2"
"34504099999","48.6","34.9666666","143.0","1976-11-25","  20.2","000000","999.9","  28.4","  24.8"," 11.7"," 0.00","1013.8","  2.0","999.9","  27.0","  5.7","  9.5"
"34504099999","48.6","34.9666666","143.0","1976-11-26","  20.4","001000","999.9","  26.6","  24.8","  7.8"," 0.04","1024.5","  1.2","999.9","  25.3","  4.6","  4.7"
"34504099999","48.6","34.9666666","143.0","1976-11-27","  19.2","000000","999.9","  30.2","  21.2"," 11.7"," 0.00","1026.8","  1.2","999.9","  24.4","  5.3","  5.8"
"34504099999","48.6","34.9666666","143.0","1976-11-28","  23.8","001000","999.9","  30.2","  21.2"," 13.6"," 0.00","1026.6","999.9","999.9","  26.6","  6.2","  9.7"
"34504099999","48.6","34.9666666","143.0","1976-11-29","  26.6","000000","999.9","  33.8","  28.4"," 11.7"," 0.00","1026.7","999.9","999.9","  29.0","  5.0"," 10.4"
"34504099999","48.6","34.9666666","143.0","1976-11-30","  27.1","100000","999.9","  28.4","  24.8"," 13.6"," 0.00","1027.9","999.9","999.9","  27.5","  1.5"," 11.4"
"34504099999","48.6","34.9666666","143.0","1976-12-01","  27.9","100000","999.9","  30.2","  26.6"," 17.5"," 0.00","1020.3","999.9","999.9","  28.4","  0.8"," 13.8"
"34504099999","48.6","34.9666666","143.0","1976-12-02","  29.2","110000","999.9","  35.6","  26.6"," 15.5"," 0.00","1009.6","999.9","999.9","  31.3","  3.3"," 14.6"
"34504099999","48.6","34.9666666","143.0","1976-12-03","  32.9","010000","999.9","  39.2","  32.0"," 29.1"," 0.04"," 999.7","999.9","999.9","  36.7","  6.2"," 20.9"
"34504099999","48.6","34.9666666","143.0","1976-12-04","  41.7","110000","999.9","  48.2","  39.2"," 15.5"," 0.00","1001.4","999.9","999.9","  42.1","  0.9"," 10.8"
"34504099999","48.6","34.9666666","143.0","1976-12-05","  48.4","110000","999.9","  55.4","  42.8"," 19.4"," 0.24","1005.1","999.9","999.9","  50.2","  3.8"," 13.4"
"34504099999","48.6","34.9666666","143.0","1976-12-06","  46.4","110000","999.9","  51.8","  44.6"," 17.5"," 0.00","1011.9","999.9","999.9","  48.7","  3.4","  5.8"
"34504099999","48.6","34.9666666","143.0","1976-12-07","  44.2","110000","999.9","  46.4","  41.0","  5.8"," 0.06","1014.5","999.9","999.9","  44.2","  0.1","  2.2"
"34504099999","48.6","34.9666666","143.0","1976-12-08","  39.9","110000","999.9","  42.8","  39.2"," 13.6"," 0.00","1011.7","999.9","999.9","  41.2","  2.1","  5.8"
"34504099999","48.6","34.9666666","143.0","1976-12-09","  37.7","010000","999.9","  44.6","  33.8"," 15.5"," 0.08","1008.1","999.9","999.9","  39.7","  2.8","  7.8"
"34504099999","48.6","34.9666666","143.0","1976-12-10","  34.2","000000","999.9","  42.8","  32.0","  5.8"," 0.00","1013.6","999.9","999.9","  36.5","  1.4","  3.3"
"34504099999","48.6","34.9666666","143.0","1976-12-11","  34.1","110110","999.9","  39.2","  30.2"," 11.7"," 0.20","1007.2","999.9","999.9","  35.1","  0.9","  5.8"
"34504099999","48.6","34.9666666","143.0","1976-12-12","  34.9","011000","999.9","  42.8","  32.0"," 15.5"," 0.55","1002.8","999.9","999.9","  36.3","  2.2","  9.5"
"34504099999","48.6","34.9666666","143.0","1976-12-13","  31.7","011000","999.9","  32.0","  30.2"," 15.5"," 0.08","1007.6","  1.2","999.9","  31.7","  0.7"," 10.8"
"34504099999","48.6","34.9666666","143.0","1976-12-14","  25.6","011000","999.9","  32.0","  24.8"," 17.5"," 0.04","1019.0","999.9","999.9","  28.7","  3.2"," 12.2"
"34504099999","48.6","34.9666666","143.0","1976-12-15","  21.2","101000","999.9","  30.2","  21.2"," 11.7"," 0.08","1028.6","999.9","999.9","  25.7","  0.6","  7.2"
"34504099999","48.6","34.9666666","143.0","1976-12-16","  27.3","100000","999.9","  30.2","  23.0","  7.8"," 0.00","1031.0","999.9","999.9","  27.7","  0.4","  2.4"
"34504099999","48.6","34.9666666","143.0","1976-12-17","  28.2","101000","999.9","  32.0","  23.0"," 15.5"," 0.00","1034.8","  1.2","999.9","  28.4","  0.7","  9.7"
"34504099999","48.6","34.9666666","143.0","1976-12-18","  30.7","000000","999.9","  33.8","  24.8"," 17.5"," 0.00","1032.1","  1.2","999.9","  31.6","  1.5"," 14.2"
"34504099999","48.6","34.9666666","143.0","1976-12-19","  29.4","000000","999.9","  33.8","  28.4","  9.7"," 0.00","1033.3","  1.2","999.9","  30.2","  1.4","  8.3"
"34504099999","48.6","34.9666666","143.0","1976-12-20","  24.1","000000","999.9","  30.2","  21.2","  9.7"," 0.00","1034.1","999.9","999.9","  26.6","  1.9","  7.3"
"34504099999","48.6","34.9666666","143.0","1976-12-21","  23.7","000000","999.9","  35.6","  23.0","  9.7"," 0.00","1035.5","999.9","999.9","  29.5","  2.3","  6.1"
"34504099999","48.6","34.9666666","143.0","1976-12-22","  25.3","000000","999.9","  35.6","  28.4","  9.7"," 0.00","1035.9","999.9","999.9","  32.0","  2.6","  6.8"
"34504099999","48.6","34.9666666","143.0","1976-12-23","  23.9","100000","999.9","  30.2","  23.0","  9.7"," 0.00","1033.4","999.9","999.9","  26.4","  1.5","  7.0"
"34504099999","48.6","34.9666666","143.0","1976-12-24","  24.4","000000","999.9","  28.4","  23.0","  9.7"," 0.00","1022.6","999.9","999.9","  26.2","  2.1","  7.3"
"34504099999","48.6","34.9666666","143.0","1976-12-25","  26.3","011000","999.9","  30.2","  24.8"," 15.5"," 0.02","1011.4","999.9","999.9","  27.4","  1.5"," 10.8"
"34504099999","48.6","34.9666666","143.0","1976-12-26","  13.5","001000","999.9","  30.2","  14.0"," 15.5"," 0.04","1010.7","  2.0","999.9","  20.1","  4.2","  7.3"
"34504099999","48.6","34.9666666","143.0","1976-12-27","  13.2","011000","999.9","  26.6","   8.6"," 13.6"," 0.04","1014.3","  2.0","999.9","  17.6","  4.3","  8.3"
"34504099999","48.6","34.9666666","143.0","1976-12-28","   8.1","100000","999.9","  21.2","   6.8"," 13.6"," 0.00","1027.4","999.9","999.9","  12.7","  3.4","  8.6"
"34504099999","48.6","34.9666666","143.0","1976-12-29","   7.7","000000","999.9","  17.6","   5.0"," 11.7"," 0.00","1027.2","999.9","999.9","  12.0","  5.1","  8.5"
"34504099999","48.6","34.9666666","143.0","1976-12-30","  22.0","011000","999.9","  26.6","  14.0"," 15.5"," 0.02","1026.5","  1.2","999.9","  24.1","  2.6"," 11.7"
"34504099999","48.6","34.9666666","143.0","1976-12-31","  19.9","000000","999.9","  26.6","  17.6"," 17.5"," 0.00","1028.0","  1.2","999.9","  23.5","  4.6"," 15.3"
"34504099999","48.6","34.9666666","143.0","1977-01-01","   9.3","000000","999.9","  19.4","   8.6"," 17.5"," 0.00","1034.5","  1.2","999.9","  14.7","  5.3"," 13.8"
"34504099999","48.6","34.9666666","143.0","1977-01-02","  -0.4","000000","999.9","  15.8","   3.2"," 17.5"," 0.00","1041.6","  1.2","999.9","   8.9","  6.2"," 13.3"
"34504099999","48.6","34.9666666","143.0","1977-01-03","  -3.6","000000","999.9","  10.4","  -0.4"," 15.5"," 0.00","1047.8","  1.2","999.9","   4.8","  6.2"," 11.4"
"34504099999","48.6","34.9666666","143.0","1977-01-04","  -1.2","000000","999.9","  17.6","   5.0"," 13.6"," 0.00","1050.9","  1.2","999.9","   9.3","  6.2"," 12.1"
"34504099999","48.6","34.9666666","143.0","1977-01-05","   0.3","000000","999.9","  19.4","   3.2"," 11.7"," 0.00","1048.6","999.9","999.9","  10.2","  4.3","  9.0"
"34504099999","48.6","34.9666666","143.0","1977-01-06","   0.7","000000","999.9","  23.0","   8.6","  9.7"," 0.00","1039.5","999.9","999.9","  15.1","  3.3","  6.1"
"34504099999","48.6","34.9666666","143.0","1977-01-07","   6.8","000000","999.9","  30.2","   6.8","  5.8"," 0.00","1031.1","999.9","999.9","  16.7","  1.9","  2.4"
"34504099999","48.6","34.9666666","143.0","1977-01-08","  16.2","101000","999.9","  24.8","  10.4"," 11.7"," 0.00","1020.3","999.9","999.9","  18.5","  1.2","  8.0"
"34504099999","48.6","34.9666666","143.0","1977-01-09","  18.3","101000","999.9","  26.6","  10.4","  9.7"," 0.24","1015.1","  2.0","999.9","  20.3","  1.4","  5.6"
"34504099999","48.6","34.9666666","143.0","1977-01-10","   8.9","100000","999.9","  15.8","   6.8","  7.8"," 0.00","1025.1","  2.0","999.9","  10.4","  1.1","  5.3"
"34504099999","48.6","34.9666666","143.0","1977-01-11","  13.7","000000","999.9","  24.8","  12.2"," 15.5"," 0.00","1028.2","  2.0","999.9","  18.1","  4.6"," 12.8"
"34504099999","48.6","34.9666666","143.0","1977-01-12","  11.3","000000","999.9","  23.0","   8.6"," 17.5"," 0.00","1030.3","999.9","999.9","  14.4","  2.5"," 14.8"
"34504099999","48.6","34.9666666","143.0","1977-01-13","  13.7","000000","999.9","  23.0","  15.8"," 19.4"," 0.00","1028.6","  2.0","999.9","  18.6","  6.2"," 18.0"
"34504099999","48.6","34.9666666","143.0","1977-01-14","  11.5","000000","999.9","  24.8","  12.2"," 23.3"," 0.00","1030.1","  2.0","999.9","  17.4","  6.2"," 21.9"
"34504099999","48.6","34.9666666","143.0","1977-01-15","   7.0","000000","999.9","  19.4","   6.8"," 13.6"," 0.00","1034.0","  2.0","999.9","  12.4","  5.3"," 11.7"
"34504099999","48.6","34.9666666","143.0","1977-01-16","   9.3","000000","999.9","  23.0","   6.8"," 13.6"," 0.00","1032.7","  2.0","999.9","  14.4","  3.4","  9.5"
"34504099999","48.6","34.9666666","143.0","1977-01-17","   9.1","001000","999.9","  17.6","  10.4"," 15.5"," 0.00","1030.7","  2.0","999.9","  12.7","  2.0"," 12.8"
"34504099999","48.6","34.9666666","143.0","1977-01-18","   6.1","000000","999.9","  24.8","   5.0"," 13.6"," 0.00","1025.9","  2.0","999.9","  11.3","  2.0","  9.7"
"34504099999","48.6","34.9666666","143.0","1977-01-19","   5.7","000000","999.9","  17.6","   3.2","  9.7"," 0.00","1023.6","999.9","999.9","   9.7","  1.5","  7.8"
"34504099999","48.6","34.9666666","143.0","1977-01-20","   3.5","000000","999.9","  17.6","   1.4"," 11.7"," 0.00","1025.6","  2.0","999.9","   8.1","  1.6","  8.7"
"34504099999","48.6","34.9666666","143.0","1977-01-21","   8.3","001000","999.9","  19.4","   5.0"," 15.5"," 0.00","1023.4","  2.0","999.9","  12.7","  2.1"," 13.3"
"34504099999","48.6","34.9666666","143.0","1977-01-22","   9.9","001000","999.9","  21.2","   8.6"," 11.7"," 0.02","1021.3","999.9","999.9","  13.5","  1.0","  8.6"
"34504099999","48.6","34.9666666","143.0","1977-01-23","   3.4","000000","999.9","  14.0","   1.4"," 13.6"," 0.00","1029.6","  2.0","999.9","   6.8","  0.9","  6.8"
"34504099999","48.6","34.9666666","143.0","1977-01-24","  13.3","001000","999.9","  21.2","   5.0"," 17.5"," 0.02","1024.9","  2.0","999.9","  16.9","  1.6"," 13.8"
"34504099999","48.6","34.9666666","143.0","1977-01-25","  20.7","011000","999.9","  28.4","  15.8"," 13.6"," 0.16","1017.3","  3.1","999.9","  23.0","  1.6"," 11.9"
"34504099999","48.6","34.9666666","143.0","1977-01-26","  30.9","111000","999.9","  32.0","  28.4","  7.8"," 0.08","1014.0","  3.9","999.9","  30.9","  0.3","  6.8"
"34504099999","48.6","34.9666666","143.0","1977-01-27","  33.1","110000","999.9","  51.8","  32.0"," 11.7"," 0.05","1012.5","  3.1","999.9","  33.1","  0.2","  9.7"
"34504099999","48.6","34.9666666","143.0","1977-01-28","  33.6","010000","999.9","9999.9","9999.9"," 13.6"," 0.28","1007.9","  2.0","999.9","  33.8","  0.3"," 11.7"
"34504099999","48.6","34.9666666","143.0","1977-01-29","  32.2","110000","999.9","  33.8","  32.0","  7.8"," 0.02","1016.3","  1.2","999.9","  32.7","  0.6","  4.6"
"34504099999","48.6","34.9666666","143.0","1977-01-30","  31.7","110000","999.9","  35.6","  32.0"," 15.5"," 0.00","1018.8","  1.2","999.9","  33.3","  1.6"," 11.2"
"34504099999","48.6","34.9666666","143.0","1977-01-31","  34.0","111000","999.9","  35.6","  32.0"," 17.5"," 0.16","1014.2","999.9","999.9","  34.2","  0.3"," 11.9"
"34504099999","48.6","34.9666666","143.0","1977-02-01","  30.4","100000","999.9","  35.6","  28.4"," 13.6"," 0.00","1019.1","999.9","999.9","  30.4","  0.0","  7.8"
"34504099999","48.6","34.9666666","143.0","1977-02-02","  34.6","110000","999.9","  37.4","  30.2"," 15.5"," 0.08","1016.9","999.9","999.9","  35.1","  0.9"," 12.8"
"34504099999","48.6","34.9666666","143.0","1977-02-03","  34.1","110000","999.9","  35.6","  32.0","  9.7"," 0.04","1017.1","999.9","999.9","  34.1","  0.2","  4.9"
"34504099999","48.6","34.9666666","143.0","1977-02-04","  32.5","110000","999.9","  35.6","  32.0"," 15.5"," 0.47","1013.6","999.9","999.9","  33.4","  0.7"," 13.4"
"34504099999","48.6","34.9666666","143.0","1977-02-05","  24.6","111000","999.9","  32.0","  24.8"," 15.5"," 0.12","1014.2","999.9","999.9","  28.2","  1.4"," 12.1"
"34504099999","48.6","34.9666666","143.0","1977-02-06","  16.8","001000","999.9","  23.0","  19.4"," 13.6"," 0.04","1020.6","  1.2","999.9","  22.2","  3.4"," 12.2"
"34504099999","48.6","34.9666666","143.0","1977-02-07","   8.6","000000","999.9","  19.4","   8.6"," 15.5"," 0.00","1024.5","  1.2","999.9","  14.4","  2.6"," 11.2"
"34504099999","48.6","34.9666666","143.0","1977-02-08","   8.1","000000","999.9","  19.4","   3.2"," 17.5"," 0.00","1022.1","  1.2","999.9","  14.3","  3.6"," 11.7"
"34504099999","48.6","34.9666666","143.0","1977-02-09","  26.4","101000","999.9","  33.8","  15.8"," 23.3"," 0.13","1008.7","  2.0","999.9","  27.5","  1.0"," 14.6"
"34504099999","48.6","34.9666666","143.0","1977-02-10","  27.6","100000","999.9","  35.6","  26.6","  9.7"," 0.00","1010.3","  1.2","999.9","  30.5","  5.0","  5.0"
"34504099999","48.6","34.9666666","143.0","1977-02-11","  34.2","110000","999.9","  41.0","  28.4"," 17.5"," 0.04","1005.0","999.9","999.9","  35.1","  1.5"," 14.8"
"34504099999","48.6","34.9666666","143.0","1977-02-12","  35.6","110000","999.9","  41.0","  33.8"," 15.5"," 0.24","1005.9","999.9","999.9","  37.4","  2.6","  9.2"
"34504099999","48.6","34.9666666","143.0","1977-02-13","  34.0","110000","999.9","  37.4","  30.2"," 11.7"," 0.28","1009.4","999.9","999.9","  34.2","  0.3","  7.8"
"34504099999","48.6","34.9666666","143.0","1977-02-14","  29.3","010000","999.9","  32.0","  28.4"," 17.5"," 0.02","1021.7","999.9","999.9","  30.6","  1.1"," 14.3"
"34504099999","48.6","34.9666666","143.0","1977-02-15","  30.4","010000","999.9","  32.0","  30.2"," 17.5"," 0.08","1018.5","999.9","999.9","  31.3","  2.6"," 16.8"
"34504099999","48.6","34.9666666","143.0","1977-02-16","  35.4","100000","999.9","  42.8","  32.0"," 15.5"," 0.00","1019.5","999.9","999.9","  36.1","  1.0"," 12.6"
"34504099999","48.6","34.9666666","143.0","1977-02-17","  33.8","110000","999.9","  39.2","  32.0"," 15.5"," 0.02","1019.4","999.9","999.9","  34.5","  1.1"," 10.2"
"34504099999","48.6","34.9666666","143.0","1977-02-18","  35.3","110000","999.9","  37.4","  33.8","  9.7"," 0.01","1016.9","999.9","999.9","  35.3","  0.1","  3.3"
"34504099999","48.6","34.9666666","143.0","1977-02-19","  31.4","110000","999.9","  33.8","  30.2"," 13.6"," 0.02","1021.4","999.9","999.9","  31.5","  1.1","  7.2"
"34504099999","48.6","34.9666666","143.0","1977-02-20","  32.7","100000","999.9","  37.4","  28.4"," 17.5"," 0.00","1023.0","999.9","999.9","  33.1","  0.9"," 13.4"
"34504099999","48.6","34.9666666","143.0","1977-02-21","  40.5","100000","999.9","  50.0","  37.4"," 19.4"," 0.00","1014.8","999.9","999.9","  43.1","  3.9"," 15.3"
"34504099999","48.6","34.9666666","143.0","1977-02-22","  41.0","000000","999.9","  48.2","  39.2"," 23.3"," 0.00","1010.7","999.9","999.9","  43.3","  4.9"," 15.5"
"34504099999","48.6","34.9666666","143.0","1977-02-23","  37.0","110000","999.9","  42.8","  33.8"," 13.6"," 0.12","1014.1","999.9","999.9","  38.5","  1.0","  6.8"
"34504099999","48.6","34.9666666","143.0","1977-02-24","  36.2","010000","999.9","  42.8","  35.6"," 23.3"," 0.24","1015.7","999.9","999.9","  39.2","  3.7"," 12.8"
"34504099999","48.6","34.9666666","143.0","1977-02-25","  36.1","100000","999.9","  48.2","  33.8"," 15.5"," 0.00","1021.3","999.9","999.9","  38.2","  2.8"," 10.8"
"34504099999","48.6","34.9666666","143.0","1977-02-26","  37.9","000000","999.9","  48.2","  35.6"," 21.4"," 0.00","1007.3","999.9","999.9","  41.5","  5.6"," 15.8"
"34504099999","48.6","34.9666666","143.0","1977-02-27","  34.9","000000","999.9","  44.6","  33.8","  5.8"," 0.00","1009.5","999.9","999.9","  38.3","  3.9","  4.4"
"34504099999","48.6","34.9666666","143.0","1977-02-28","  23.3","001000","999.9","  32.0","  24.8"," 15.5"," 0.01","1013.2","999.9","999.9","  28.1","  4.4"," 10.5"
"34504099999","48.6","34.9666666","143.0","1977-03-01","  15.8","000000","999.9","  28.4","  21.2","  7.8"," 0.01","1018.2","999.9","999.9","  25.8","  6.2","  4.7"
"34504099999","48.6","34.9666666","143.0","1977-03-02","  20.3","001000","999.9","  30.2","  24.8","  9.7"," 0.00","1019.0","999.9","999.9","  27.3","  5.7","  7.8"
"34504099999","48.6","34.9666666","143.0","1977-03-03","  23.3","001000","999.9","  32.0","  23.0"," 11.7"," 0.02","1015.8","999.9","999.9","  27.5","  4.0","  8.5"
"34504099999","48.6","34.9666666","143.0","1977-03-04","  28.6","001000","999.9","  35.6","  28.4"," 11.7"," 0.00","1014.2","999.9","999.9","  31.5","  2.3","  5.8"
"34504099999","48.6","34.9666666","143.0","1977-03-05","  32.7","011000","999.9","  39.2","  30.2"," 19.4"," 0.17","1008.7","999.9","999.9","  33.3","  1.6"," 13.6"
"34504099999","48.6","34.9666666","143.0","1977-03-06","  31.2","011000","999.9","  37.4","  32.0","  9.7"," 0.00","1010.0","999.9","999.9","  34.1","  3.4","  5.3"
"34504099999","48.6","34.9666666","143.0","1977-03-07","  22.5","001000","999.9","  39.2","  26.6"," 17.5"," 0.00","1023.9","999.9","999.9","  32.0","  5.3","  7.5"
"34504099999","48.6","34.9666666","143.0","1977-03-08","  16.9","000000","999.9","  32.0","  23.0"," 15.5"," 2.17","1036.9","999.9","999.9","  28.4","  5.4"," 10.0"
"34504099999","48.6","34.9666666","143.0","1977-03-09","  28.4","000000","999.9","  44.6","  26.6"," 13.6"," 0.00","1031.4","999.9","999.9","  34.2","  6.2"," 12.1"
"34504099999","48.6","34.9666666","143.0","1977-03-10","  33.0","100000","999.9","  35.6","  32.0","  9.7"," 0.00","1027.5","999.9","999.9","  33.0","  1.3","  5.5"
"34504099999","48.6","34.9666666","143.0","1977-03-11","  32.9","000000","999.9","  39.2","  32.0","  9.7"," 0.00","1027.8","999.9","999.9","  35.8","  2.8","  7.8"
"34504099999","48.6","34.9666666","143.0","1977-03-12","  33.3","100000","999.9","  42.8","  28.4","  7.8"," 0.00","1027.6","999.9","999.9","  33.8","  1.2","  4.4"
"34504099999","48.6","34.9666666","143.0","1977-03-13","9999.9","110000","999.9","  35.6","  30.2","  7.8"," 0.00","1029.3","999.9","999.9","  32.9","  0.3","  5.3"
"34504099999","48.6","34.9666666","143.0","1977-03-14","  30.7","000000","999.9","  37.4","  32.0"," 13.6"," 0.00","1029.2","999.9","999.9","  34.8","  4.1"," 11.1"
"34504099999","48.6","34.9666666","143.0","1977-03-15","  31.1","000000","999.9","  39.2","  33.8"," 19.4"," 0.00","1028.5","999.9","999.9","  35.6","  5.1"," 12.8"
"34504099999","48.6","34.9666666","143.0","1977-03-16","  34.7","010000","999.9","  42.8","  33.8"," 15.5"," 0.00","1028.0","999.9","999.9","  37.9","  2.3"," 10.2"
"34504099999","48.6","34.9666666","143.0","1977-03-17","  36.3","010000","999.9","  42.8","  37.4"," 17.5"," 0.00","1029.7","999.9","999.9","  39.4","  2.8"," 14.6"
"34504099999","48.6","34.9666666","143.0","1977-03-18","  33.6","010000","999.9","  48.2","  35.6"," 23.3"," 0.00","1026.7","999.9","999.9","  39.2","  5.7"," 19.1"
"34504099999","48.6","34.9666666","143.0","1977-03-19","  32.5","001000","999.9","  35.6","  32.0"," 19.4"," 0.12","1021.3","999.9","999.9","  33.6","  2.8"," 16.4"
"34504099999","48.6","34.9666666","143.0","1977-03-20","  36.9","011000","999.9","  42.8","  32.0","  9.7"," 0.02","1020.3","999.9","999.9","  37.4","  2.1","  6.7"
"34504099999","48.6","34.9666666","143.0","1977-03-21","  36.9","100000","999.9","  44.6","  37.4","  7.8"," 0.00","1024.1","999.9","999.9","  39.4","  2.6","  3.2"
"34504099999","48.6","34.9666666","143.0","1977-03-22","  40.5","000000","999.9","  50.0","  39.2","  9.7"," 0.00","1024.1","999.9","999.9","  43.8","  2.9","  7.2"
"34504099999","48.6","34.9666666","143.0","1977-03-23","  44.4","110000","999.9","  55.4","  42.8","  7.8"," 0.16","1023.0","999.9","999.9","  46.6","  1.6","  5.1"
"34504099999","48.6","34.9666666","143.0","1977-03-24","  33.8","111000","999.9","  46.4","  33.8"," 21.4"," 0.08","1021.6","999.9","999.9","  38.9","  3.5"," 15.8"
"34504099999","48.6","34.9666666","143.0","1977-03-25","  26.1","000000","999.9","  51.8","  30.2"," 15.5"," 0.00","1029.1","999.9","999.9","  36.5","  6.0","  7.0"
"34504099999","48.6","34.9666666","143.0","1977-03-26","  30.6","000000","999.9","  48.2","  30.2"," 15.5"," 0.00","1024.0","999.9","999.9","  39.2","  4.3","  9.2"
"34504099999","48.6","34.9666666","143.0","1977-03-27","  34.9","010000","999.9","  53.6","  32.0"," 13.6"," 0.00","1018.3","999.9","999.9","  40.3","  4.2"," 11.4"
"34504099999","48.6","34.9666666","143.0","1977-03-28","  37.1","000000","999.9","  60.8","  35.6"," 15.5"," 0.00","1014.8","999.9","999.9","  46.6","  5.1"," 10.2"
"34504099999","48.6","34.9666666","143.0","1977-03-29","  42.6","000000","999.9","  64.4","  39.2"," 13.6"," 0.00","1012.9","999.9","999.9","  51.1","  5.3","  8.5"
"34504099999","48.6","34.9666666","143.0","1977-03-30","  41.0","100000","999.9","  62.6","  37.4"," 15.5"," 0.00","1018.6","999.9","999.9","  49.3","  2.7","  5.1"
"34504099999","48.6","34.9666666","143.0","1977-03-31","  42.3","010000","999.9","  53.6","  41.0"," 17.5"," 0.00","1022.5","999.9","999.9","  47.4","  2.5"," 14.4"
"34504099999","48.6","34.9666666","143.0","1977-04-01","  42.0","010000","999.9","  53.6","  42.8"," 35.0"," 0.00","1017.7","999.9","999.9","  48.4","  4.3"," 12.4"
"34504099999","48.6","34.9666666","143.0","1977-04-02","  36.1","000000","999.9","  53.6","  35.6"," 38.9"," 0.08","1019.8","999.9","999.9","  44.6","  4.8","  9.2"
"34504099999","48.6","34.9666666","143.0","1977-04-03","  43.6","000000","999.9","  68.0","  41.0"," 15.5"," 0.00","1012.7","999.9","999.9","  53.8","  5.3"," 12.1"
"34504099999","48.6","34.9666666","143.0","1977-04-04","  49.7","000000","999.9","  71.6","  51.8","  9.7"," 0.00","1005.7","999.9","999.9","  61.8","  4.4","  6.1"
"34504099999","48.6","34.9666666","143.0","1977-04-05","  44.6","011000","999.9","  57.2","  44.6"," 19.4"," 0.31","1010.3","999.9","999.9","  50.7","  3.3"," 10.7"
"34504099999","48.6","34.9666666","143.0","1977-04-06","  44.9","010000","999.9","  59.0","  37.4"," 13.6"," 0.00","1008.4","999.9","999.9","  48.7","  2.6","  5.8"
"34504099999","48.6","34.9666666","143.0","1977-04-07","  45.1","100000","999.9","  55.4","  42.8"," 27.2"," 0.08","1010.0","999.9","999.9","  47.2","  1.0","  9.7"
"34504099999","48.6","34.9666666","143.0","1977-04-08","  41.9","000000","999.9","  57.2","  41.0","  3.9"," 0.00","1014.4","999.9","999.9","  48.6","  3.7","  2.2"
"34504099999","48.6","34.9666666","143.0","1977-04-09","  43.2","000000","999.9","  64.4","  39.2","  5.8"," 0.00","1012.1","999.9","999.9","  53.2","  4.6","  4.4"
"34504099999","48.6","34.9666666","143.0","1977-04-10","  41.8","000000","999.9","  73.4","  42.8"," 17.5"," 0.00","1008.3","999.9","999.9","  58.3","  4.7"," 10.4"
"34504099999","48.6","34.9666666","143.0","1977-04-11","  45.4","010000","999.9","  75.2","  50.0"," 15.5"," 0.00","1004.2","999.9","999.9","  60.5","  5.7"," 11.0"
"34504099999","48.6","34.9666666","143.0","1977-04-12","  46.4","010000","999.9","  71.6","  55.4"," 23.3"," 0.00","1000.0","999.9","999.9","  62.4","  6.2"," 17.0"
"34504099999","48.6","34.9666666","143.0","1977-04-13","  25.5","010010","999.9","  46.4","  37.4"," 19.4"," 0.20","1003.8","999.9","999.9","  42.3","  6.2"," 17.5"
"34504099999","48.6","34.9666666","143.0","1977-04-14","  38.9","010000","999.9","  48.2","  37.4"," 17.5"," 0.14","1003.7","999.9","999.9","  41.6","  4.1"," 14.9"
"34504099999","48.6","34.9666666","143.0","1977-04-15","  39.2","010000","999.9","  53.6","  39.2"," 23.3"," 0.01","1009.5","999.9","999.9","  44.8","  4.7"," 13.8"
"34504099999","48.6","34.9666666","143.0","1977-04-16","  39.7","100000","999.9","  60.8","  41.0"," 17.5"," 0.04","1012.4","999.9","999.9","  51.8","  5.0"," 13.3"
"34504099999","48.6","34.9666666","143.0","1977-04-17","  43.4","010000","999.9","  53.6","  42.8"," 15.5"," 0.35","1009.1","999.9","999.9","  48.2","  5.0","  8.7"
"34504099999","48.6","34.9666666","143.0","1977-04-18","  41.6","100000","999.9","  55.4","  39.2","  7.8"," 0.00","1011.6","999.9","999.9","  48.8","  4.3","  1.9"
"34504099999","48.6","34.9666666","143.0","1977-04-19","  40.1","010010","999.9","  55.4","  39.2"," 13.6"," 0.16","1016.6","999.9","999.9","  46.6","  4.4","  6.1"
"34504099999","48.6","34.9666666","143.0","1977-04-20","  28.6","000000","999.9","  50.0","  39.2"," 15.5"," 0.00","1019.8","999.9","999.9","  43.7","  5.2"," 11.1"
"34504099999","48.6","34.9666666","143.0","1977-04-21","  33.0","010000","999.9","  48.2","  39.2"," 27.2"," 0.00","1021.9","999.9","999.9","  43.0","  6.2","  6.3"
"34504099999","48.6","34.9666666","143.0","1977-04-22","  34.1","000000","999.9","  55.4","  35.6","  9.7"," 0.00","1018.5","999.9","999.9","  45.6","  5.4","  6.4"
"34504099999","48.6","34.9666666","143.0","1977-04-23","  38.3","000000","999.9","  57.2","  35.6","  9.7"," 0.00","1011.8","999.9","999.9","  47.8","  5.7","  2.2"
"34504099999","48.6","34.9666666","143.0","1977-04-24","  40.2","000000","999.9","  62.6","  42.8","  9.7"," 0.00","1009.8","999.9","999.9","  53.2","  5.7","  3.2"
"34504099999","48.6","34.9666666","143.0","1977-04-25","  41.7","000000","999.9","  64.4","  42.8","  7.8"," 0.00","1005.1","999.9","999.9","  55.4","  4.7","  2.9"
"34504099999","48.6","34.9666666","143.0","1977-04-26","  43.5","010000","999.9","  64.4","  50.0","  9.7"," 0.00","1004.7","999.9","999.9","  56.1","  3.9","  5.8"
"34504099999","48.6","34.9666666","143.0","1977-04-27","  44.9","011000","999.9","  50.0","  44.6"," 15.5"," 0.35","1012.8","999.9","999.9","  47.2","  5.1"," 12.5"
"34504099999","48.6","34.9666666","143.0","1977-04-28","  45.6","110100","999.9","  59.0","  42.8","  7.8"," 0.00","1024.0","999.9","999.9","  51.5","  4.1","  3.9"
"34504099999","48.6","34.9666666","143.0","1977-04-29","  43.3","100000","999.9","  71.6","  44.6","  9.7"," 0.00","1025.9","999.9","999.9","  59.3","  4.5","  7.5"
"34504099999","48.6","34.9666666","143.0","1977-04-30","  47.3","000000","999.9","  78.8","  51.8"," 15.5"," 0.00","1024.8","999.9","999.9","  66.9","  6.2"," 11.9"
"34504099999","48.6","34.9666666","143.0","1977-05-01","  47.3","000000","999.9","  80.6","  59.0"," 17.5"," 0.00","1024.7","999.9","999.9","  67.7","  6.2"," 14.6"
"34504099999","48.6","34.9666666","143.0","1977-05-02","  40.2","000000","999.9","  80.6","  57.2"," 15.5"," 0.00","1022.2","999.9","999.9","  70.1","  6.2"," 11.9"
"34504099999","48.6","34.9666666","143.0","1977-05-03","  45.1","010000","999.9","  77.0","  57.2","  9.7"," 0.00","1017.6","999.9","999.9","  65.7","  4.2","  6.5"
"34504099999","48.6","34.9666666","143.0","1977-05-04","  38.4","000000","999.9","  64.4","  50.0"," 23.3"," 0.00","1019.5","999.9","999.9","  60.4","  5.6"," 17.2"
"34504099999","48.6","34.9666666","143.0","1977-05-05","  31.5","000000","999.9","  62.6","  42.8"," 17.5"," 0.00","1026.5","999.9","999.9","  52.2","  6.2"," 14.3"
"34504099999","48.6","34.9666666","143.0","1977-05-06","  35.4","000000","999.9","  68.0","  39.2"," 13.6"," 0.00","1023.1","999.9","999.9","  54.7","  5.7","  9.2"
"34504099999","48.6","34.9666666","143.0","1977-05-07","  35.8","000000","999.9","  71.6","  46.4","  3.9"," 0.00","1017.4","999.9","999.9","  60.8","  5.7","  1.0"
"34504099999","48.6","34.9666666","143.0","1977-05-08","  40.8","010000","999.9","  69.8","  50.0"," 13.6"," 0.00","1012.9","999.9","999.9","  60.8","  5.3","  6.3"
"34504099999","48.6","34.9666666","143.0","1977-05-09","  44.9","000000","999.9","  68.0","  48.2"," 15.5"," 0.00","1014.0","999.9","999.9","  59.7","  6.2"," 11.4"
"34504099999","48.6","34.9666666","143.0","1977-05-10","  48.4","000000","999.9","  69.8","  50.0"," 15.5"," 0.00","1015.6","999.9","999.9","  59.7","  6.2","  8.0"
"34504099999","48.6","34.9666666","143.0","1977-05-11","  49.0","010000","999.9","  73.4","  48.2"," 11.7"," 0.00","1014.1","999.9","999.9","  61.9","  5.3","  4.4"
"34504099999","48.6","34.9666666","143.0","1977-05-12","  49.8","000010","999.9","  71.6","  55.4"," 11.7"," 0.16","1011.6","999.9","999.9","  63.0","  4.1","  6.3"
"34504099999","48.6","34.9666666","143.0","1977-05-13","  55.4","110000","999.9","  66.2","  50.0"," 11.7"," 0.08","1011.7","999.9","999.9","  58.5","  2.8","  5.5"
"34504099999","48.6","34.9666666","143.0","1977-05-14","  52.8","100000","999.9","  66.2","  48.2","  3.9"," 0.00","1012.8","999.9","999.9","  59.3","  2.9","  1.7"
"34504099999","48.6","34.9666666","143.0","1977-05-15","  50.7","000000","999.9","  71.6","  53.6"," 11.7"," 0.00","1011.7","999.9","999.9","  63.5","  5.3","  4.9"
"34504099999","48.6","34.9666666","143.0","1977-05-16","  50.5","010000","999.9","  75.2","  57.2","  7.8"," 0.01","1009.3","999.9","999.9","  63.9","  6.2","  4.9"
"34504099999","48.6","34.9666666","143.0","1977-05-17","  51.8","010000","999.9","  77.0","  51.8"," 13.6"," 0.04","1017.9","999.9","999.9","  62.2","  5.3","  7.5"
"34504099999","48.6","34.9666666","143.0","1977-05-18","  44.9","000000","999.9","  80.6","  55.4","  9.7"," 0.00","1022.6","999.9","999.9","  67.7","  6.2","  5.8"
"34504099999","48.6","34.9666666","143.0","1977-05-19","  46.4","000000","999.9","  80.6","  57.2"," 11.7"," 0.00","1021.0","999.9","999.9","  70.3","  6.2","  4.6"
"34504099999","48.6","34.9666666","143.0","1977-05-20","  52.0","000000","999.9","  80.6","  62.6"," 11.7"," 0.00","1019.4","999.9","999.9","  71.6","  5.7","  6.8"
"34504099999","48.6","34.9666666","143.0","1977-05-21","  52.0","000000","999.9","  80.6","  59.0","  7.8"," 0.00","1017.8","999.9","999.9","  71.6","  5.3","  2.8"
"34504099999","48.6","34.9666666","143.0","1977-05-22","  53.8","010010","999.9","  82.4","  59.0"," 19.4"," 0.12","1013.5","999.9","999.9","  68.0","  5.1","  9.7"
"34504099999","48.6","34.9666666","143.0","1977-05-23","  53.9","010010","999.9","  77.0","  57.2"," 13.6"," 0.04","1011.3","999.9","999.9","  61.8","  3.6","  7.8"
"34504099999","48.6","34.9666666","143.0","1977-05-24","  47.7","000000","999.9","  66.2","  51.8"," 13.6"," 0.00","1012.6","999.9","999.9","  57.7","  6.2","  8.0"
"34504099999","48.6","34.9666666","143.0","1977-05-25","  45.7","010000","999.9","  64.4","  46.4"," 13.6"," 0.02","1010.0","999.9","999.9","  55.0","  5.3","  6.6"
"34504099999","48.6","34.9666666","143.0","1977-05-26","  39.0","000000","999.9","  59.0","  41.0"," 19.4"," 0.08","1012.5","999.9","999.9","  49.1","  6.2","  8.3"
"34504099999","48.6","34.9666666","143.0","1977-05-27","  34.1","000000","999.9","  57.2","  37.4"," 13.6"," 0.00","1018.6","999.9","999.9","  48.4","  6.2","  5.3"
"34504099999","48.6","34.9666666","143.0","1977-05-28","  36.9","000000","999.9","  59.0","  37.4","  7.8"," 0.00","1022.0","999.9","999.9","  51.1","  6.2","  3.3"
"34504099999","48.6","34.9666666","143.0","1977-05-29","  40.8","010000","999.9","  68.0","  46.4"," 15.5"," 0.00","1017.4","999.9","999.9","  59.0","  6.2","  8.3"
"34504099999","48.6","34.9666666","143.0","1977-05-30","  55.4","010010","999.9","  71.6","  53.6","  7.8"," 0.41","1008.1","999.9","999.9","  59.5","  3.9","  5.6"
"34504099999","48.6","34.9666666","143.0","1977-05-31","  51.3","010000","999.9","  59.0","  51.8"," 15.5"," 0.08","1010.0","999.9","999.9","  54.1","  3.6","  8.6"
"34504099999","48.6","34.9666666","143.0","1977-06-01","  51.3","000000","999.9","  71.6","  48.2","  7.8"," 0.00","1016.6","999.9","999.9","  59.3","  3.6","  2.2"
"34504099999","48.6","34.9666666","143.0","1977-06-02","  49.8","000000","999.9","  62.6","  53.6"," 13.6"," 0.00","1017.2","999.9","999.9","  57.4","  4.7","  7.8"
"34504099999","48.6","34.9666666","143.0","1977-06-03","  48.0","000000","999.9","  68.0","  48.2"," 13.6"," 0.00","1015.3","999.9","999.9","  59.5","  6.0"," 10.8"
"34504099999","48.6","34.9666666","143.0","1977-06-04","  53.1","000000","999.9","  77.0","  51.8"," 15.5"," 0.04","1008.1","999.9","999.9","  65.9","  4.4","  9.2"
"34504099999","48.6","34.9666666","143.0","1977-06-05","  51.8","010000","999.9","  59.0","  51.8","  9.7"," 0.16","1007.3","999.9","999.9","  54.7","  4.2","  5.6"
"34504099999","48.6","34.9666666","143.0","1977-06-06","  49.0","000000","999.9","  68.0","  50.0","  5.8"," 0.00","1011.0","999.9","999.9","  59.5","  4.6","  1.9"
"34504099999","48.6","34.9666666","143.0","1977-06-07","  50.6","000010","999.9","  73.4","  53.6"," 11.7"," 0.00","1014.8","999.9","999.9","  64.4","  4.8","  6.1"
"34504099999","48.6","34.9666666","143.0","1977-06-08","  52.7","000010","999.9","  77.0","  55.4"," 11.7"," 0.00","1017.8","999.9","999.9","  65.1","  4.8","  4.6"
"34504099999","48.6","34.9666666","143.0","1977-06-09","  54.5","000000","999.9","  78.8","  55.4"," 11.7"," 0.20","1015.1","999.9","999.9","  63.7","  5.3","  4.1"
"34504099999","48.6","34.9666666","143.0","1977-06-10","  59.5","010010","999.9","  68.0","  57.2"," 11.7"," 0.83","1008.0","999.9","999.9","  61.7","  3.1","  3.9"
"34504099999","48.6","34.9666666","143.0","1977-06-11","  60.3","010010","999.9","  87.8","  59.0"," 11.7"," 0.35","1008.6","999.9","999.9","  66.2","  3.1","  9.7"
"34504099999","48.6","34.9666666","143.0","1977-06-12","  58.6","000000","999.9","  73.4","  57.2"," 11.7"," 0.00","1010.3","999.9","999.9","  66.4","  3.1","  5.8"
"34504099999","48.6","34.9666666","143.0","1977-06-13","  62.1","010010","999.9","  68.0","  60.8","  7.8"," 1.34","1010.1","999.9","999.9","  63.3","  2.1","  6.9"
"34504099999","48.6","34.9666666","143.0","1977-06-14","  62.2","110000","999.9","  77.0","  59.0","  9.7"," 0.00","1009.9","999.9","999.9","  67.1","  4.4","  6.2"
"34504099999","48.6","34.9666666","143.0","1977-06-15","  63.6","010010","999.9","  75.2","  62.6","  5.8"," 0.02","1008.8","999.9","999.9","  68.3","  1.9","  1.9"
"34504099999","48.6","34.9666666","143.0","1977-06-16","  63.1","000000","999.9","  77.0","  62.6"," 11.7"," 0.00","1006.6","999.9","999.9","  69.1","  4.4","  6.6"
"34504099999","48.6","34.9666666","143.0","1977-06-17","  58.5","000000","999.9","  80.6","  62.6","  7.8"," 0.00","1008.3","999.9","999.9","  71.9","  4.4","  5.3"
"34504099999","48.6","34.9666666","143.0","1977-06-18","  56.9","000000","999.9","  80.6","  62.6","  9.7"," 0.00","1007.7","999.9","999.9","  72.6","  5.9","  3.3"
"34504099999","48.6","34.9666666","143.0","1977-06-19","  63.1","000000","999.9","  80.6","  64.4","  9.7"," 0.00","1006.3","999.9","999.9","  73.4","  5.3","  6.3"
"34504099999","48.6","34.9666666","143.0","1977-06-20","  65.8","010010","999.9","  75.2","  64.4"," 23.3"," 1.34","1003.6","999.9","999.9","  68.9","  3.3","  7.3"
"34504099999","48.6","34.9666666","143.0","1977-06-21","  61.5","010010","999.9","  80.6","  60.8","  9.7"," 0.04","1004.0","999.9","999.9","  68.9","  4.2","  3.2"
"34504099999","48.6","34.9666666","143.0","1977-06-22","  60.8","010010","999.9","  71.6","  59.0","  9.7"," 0.43","1007.1","999.9","999.9","  63.6","  2.1","  6.4"
"34504099999","48.6","34.9666666","143.0","1977-06-23","  53.6","010010","999.9","  62.6","  57.2","  9.7"," 0.00","1009.3","999.9","999.9","  60.3","  5.7","  8.0"
"34504099999","48.6","34.9666666","143.0","1977-06-24","  45.5","000000","999.9","  68.0","  50.0"," 13.6"," 0.00","1012.3","999.9","999.9","  60.6","  5.3","  9.5"
"34504099999","48.6","34.9666666","143.0","1977-06-25","  47.2","000000","999.9","  69.8","  50.0","  5.8"," 0.00","1017.5","999.9","999.9","  60.3","  6.2","  3.6"
"34504099999","48.6","34.9666666","143.0","1977-06-26","  50.5","000000","999.9","  77.0","  53.6","  7.8"," 0.00","1015.9","999.9","999.9","  66.9","  5.7","  3.2"
"34504099999","48.6","34.9666666","143.0","1977-06-27","  54.4","000010","999.9","  80.6","  57.2","  7.8"," 0.00","1010.8","999.9","999.9","  68.3","  5.7","  2.2"
"34504099999","48.6","34.9666666","143.0","1977-06-28","  57.2","010010","999.9","  73.4","  62.6"," 15.5"," 0.35","1008.9","999.9","999.9","  67.6","  4.8","  8.7"
"34504099999","48.6","34.9666666","143.0","1977-06-29","  58.8","010010","999.9","  77.0","  60.8","  9.7"," 0.83","1010.6","999.9","999.9","  65.1","  3.4","  6.3"
"34504099999","48.6","34.9666666","143.0","1977-06-30","  59.2","010000","999.9","  77.0","  60.8","  7.8"," 0.04","1012.9","999.9","999.9","  68.0","  4.8","  3.9"
"34504099999","48.6","34.9666666","143.0","1977-07-01","  58.1","010000","999.9","  75.2","  59.0"," 13.6"," 0.00","1012.4","999.9","999.9","  68.9","  5.3"," 10.7"
"34504099999","48.6","34.9666666","143.0","1977-07-02","  61.5","000000","999.9","  80.6","  62.6"," 15.5"," 0.31","1008.6","999.9","999.9","  69.6","  5.7"," 10.7"
"34504099999","48.6","34.9666666","143.0","1977-07-03","  59.0","000000","999.9","  78.8","  64.4"," 11.7"," 0.00","1007.7","999.9","999.9","  70.7","  5.3","  7.5"
"34504099999","48.6","34.9666666","143.0","1977-07-04","  52.0","000000","999.9","  75.2","  57.2","  7.8"," 0.00","1009.0","999.9","999.9","  67.8","  6.2","  2.9"
"34504099999","48.6","34.9666666","143.0","1977-07-05","  52.9","010000","999.9","  75.2","  57.2"," 11.7"," 0.02","1008.8","999.9","999.9","  66.4","  5.3","  5.6"
"34504099999","48.6","34.9666666","143.0","1977-07-06","  62.1","100010","999.9","  82.4","  59.0"," 15.5"," 0.16","1011.6","999.9","999.9","  71.3","  4.3"," 10.3"
"34504099999","48.6","34.9666666","143.0","1977-07-07","  63.7","010010","999.9","  86.0","  62.6","  7.8"," 1.10","1009.8","999.9","999.9","  73.0","  5.3","  4.1"
"34504099999","48.6","34.9666666","143.0","1977-07-08","  62.6","000000","999.9","  78.8","  62.6","  9.7"," 0.00","1009.6","999.9","999.9","  72.1","  6.2","  6.7"
"34504099999","48.6","34.9666666","143.0","1977-07-09","  60.8","000000","999.9","  80.6","  62.6","  7.8"," 0.00","1010.8","999.9","999.9","  71.8","  5.3","  4.1"
"34504099999","48.6","34.9666666","143.0","1977-07-10","  62.6","010010","999.9","  78.8","  64.4"," 15.5"," 0.55","1006.1","999.9","999.9","  68.9","  4.7","  6.3"
"34504099999","48.6","34.9666666","143.0","1977-07-11","  63.2","000000","999.9","  75.2","  62.6","  9.7"," 0.06","1002.5","999.9","999.9","  69.0","  4.1","  4.4"
"34504099999","48.6","34.9666666","143.0","1977-07-12","  63.4","000000","999.9","  71.6","  62.6","  9.7"," 0.28","1001.4","999.9","999.9","  67.2","  5.7","  5.8"
"34504099999","48.6","34.9666666","143.0","1977-07-13","  61.8","010000","999.9","  75.2","  60.8"," 15.5"," 0.00","1003.9","999.9","999.9","  67.6","  4.5","  9.2"
"34504099999","48.6","34.9666666","143.0","1977-07-14","  56.5","000000","999.9","  75.2","  60.8"," 15.5"," 0.00","1011.1","999.9","999.9","  67.8","  6.2","  8.5"
"34504099999","48.6","34.9666666","143.0","1977-07-15","  55.9","000000","999.9","  80.6","  59.0"," 13.6"," 0.00","1011.9","999.9","999.9","  70.7","  6.2","  7.2"
"34504099999","48.6","34.9666666","143.0","1977-07-16","  56.7","010000","999.9","  64.4","  55.4"," 17.5"," 0.37","1008.7","999.9","999.9","  62.6","  5.0"," 13.9"
"34504099999","48.6","34.9666666","143.0","1977-07-17","  46.7","000000","999.9","  69.8","  46.4"," 11.7"," 0.00","1015.3","999.9","999.9","  58.7","  5.7","  6.1"
"34504099999","48.6","34.9666666","143.0","1977-07-18","  52.0","000000","999.9","  71.6","  51.8","  7.8"," 0.00","1013.8","999.9","999.9","  61.5","  6.2","  2.2"
"34504099999","48.6","34.9666666","143.0","1977-07-19","  55.2","000000","999.9","  71.6","  55.4","  5.8"," 0.00","1013.9","999.9","999.9","  63.9","  5.1","  0.7"
"34504099999","48.6","34.9666666","143.0","1977-07-20","  56.8","000000","999.9","  78.8","  60.8","  7.8"," 0.00","1014.3","999.9","999.9","  69.1","  4.7","  3.4"
"34504099999","48.6","34.9666666","143.0","1977-07-21","  59.7","000000","999.9","  75.2","  60.8","  7.8"," 0.00","1015.7","999.9","999.9","  66.6","  3.9","  2.4"
"34504099999","48.6","34.9666666","143.0","1977-07-22","  55.6","100000","999.9","  78.8","  59.0","  5.8"," 0.00","1015.5","999.9","999.9","  69.8","  5.6","  1.2"
"34504099999","48.6","34.9666666","143.0","1977-07-23","  59.2","000000","999.9","  84.2","  64.4"," 11.7"," 0.00","1011.9","999.9","999.9","  73.8","  5.3","  3.2"
"34504099999","48.6","34.9666666","143.0","1977-07-24","  54.5","000000","999.9","  77.0","  60.8"," 15.5"," 0.00","1011.5","999.9","999.9","  69.6","  5.3"," 11.7"
"34504099999","48.6","34.9666666","143.0","1977-07-25","  54.5","000000","999.9","  82.4","  59.0"," 11.7"," 0.00","1011.7","999.9","999.9","  72.1","  6.0","  8.7"
"34504099999","48.6","34.9666666","143.0","1977-07-26","  58.0","000000","999.9","  89.6","  66.2"," 15.5"," 0.00","1008.5","999.9","999.9","  77.2","  6.2"," 12.4"
"34504099999","48.6","34.9666666","143.0","1977-07-27","  59.5","000000","999.9","  84.2","  68.0"," 15.5"," 0.00","1009.6","999.9","999.9","  75.0","  6.0"," 11.9"
"34504099999","48.6","34.9666666","143.0","1977-07-28","  62.6","010010","999.9","  86.0","  66.2"," 13.6"," 0.94","1009.7","999.9","999.9","  69.8","  5.7"," 10.8"
"34504099999","48.6","34.9666666","143.0","1977-07-29","  56.5","000000","999.9","  68.0","  59.0"," 11.7"," 0.00","1011.6","999.9","999.9","  63.3","  4.8","  7.8"
"34504099999","48.6","34.9666666","143.0","1977-07-30","  52.9","000000","999.9","  69.8","  55.4"," 13.6"," 0.00","1011.7","999.9","999.9","  62.6","  5.3"," 10.4"
"34504099999","48.6","34.9666666","143.0","1977-07-31","  55.2","000000","999.9","  73.4","  55.4","  9.7"," 0.00","1013.2","999.9","999.9","  65.5","  5.3","  6.1"
"34504099999","48.6","34.9666666","143.0","1977-08-01","  56.7","000000","999.9","  78.8","  57.2","  7.8"," 0.00","1012.4","999.9","999.9","  67.7","  6.2","  3.1"
"34504099999","48.6","34.9666666","143.0","1977-08-02","  60.1","010000","999.9","  82.4","  62.6"," 13.6"," 0.00","1010.7","999.9","999.9","  72.1","  4.8","  9.5"
"34504099999","48.6","34.9666666","143.0","1977-08-03","  61.6","010000","999.9","  86.0","  68.0"," 15.5"," 0.00","1010.2","999.9","999.9","  75.2","  5.7"," 11.7"
"34504099999","48.6","34.9666666","143.0","1977-08-04","  61.2","010000","999.9","  86.0","  66.2"," 13.6"," 0.00","1010.5","999.9","999.9","  75.2","  4.0","  7.0"
"34504099999","48.6","34.9666666","143.0","1977-08-05","  58.4","000000","999.9","  78.8","  64.4"," 13.6"," 0.00","1013.2","999.9","999.9","  71.3","  5.6","  8.7"
"34504099999","48.6","34.9666666","143.0","1977-08-06","  56.4","000000","999.9","  77.0","  62.6"," 13.6"," 0.00","1013.0","999.9","999.9","  69.1","  5.0","  7.8"
"34504099999","48.6","34.9666666","143.0","1977-08-07","  55.4","000000","999.9","  80.6","  60.8","  9.7"," 0.00","1012.0","999.9","999.9","  73.4","  5.9","  6.5"
"34504099999","48.6","34.9666666","143.0","1977-08-08","  61.9","000010","999.9","  84.2","  64.4"," 13.6"," 0.00","1012.4","999.9","999.9","  73.4","  5.3","  7.5"
"34504099999","48.6","34.9666666","143.0","1977-08-09","  61.0","000000","999.9","  84.2","  62.6","  9.7"," 0.00","1013.4","999.9","999.9","  73.6","  4.8","  2.9"
"34504099999","48.6","34.9666666","143.0","1977-08-10","  61.3","000000","999.9","  82.4","  64.4","  9.7"," 0.00","1013.5","999.9","999.9","  72.9","  4.8","  6.1"
"34504099999","48.6","34.9666666","143.0","1977-08-11","  57.7","000000","999.9","  82.4","  64.4"," 11.7"," 0.00","1012.9","999.9","999.9","  73.6","  6.2","  4.6"
"34504099999","48.6","34.9666666","143.0","1977-08-12","  57.4","000000","999.9","  82.4","  62.6"," 11.7"," 0.00","1011.8","999.9","999.9","  73.9","  6.2","  5.6"
"34504099999","48.6","34.9666666","143.0","1977-08-13","  57.0","000000","999.9","  82.4","  60.8"," 11.7"," 0.00","1012.7","999.9","999.9","  71.4","  5.7","  6.1"
"34504099999","48.6","34.9666666","143.0","1977-08-14","  60.6","010010","999.9","  82.4","  64.4","  9.7"," 0.35","1014.1","999.9","999.9","  71.4","  5.7","  4.6"
"34504099999","48.6","34.9666666","143.0","1977-08-15","  63.6","010010","999.9","  82.4","  62.6"," 13.6"," 0.16","1010.6","999.9","999.9","  69.1","  4.5","  4.9"
"34504099999","48.6","34.9666666","143.0","1977-08-16","  62.3","010000","999.9","  71.6","  59.0"," 13.6"," 0.00","1004.7","999.9","999.9","  66.5","  2.4","  6.9"
"34504099999","48.6","34.9666666","143.0","1977-08-17","  52.5","010000","999.9","  62.6","  53.6"," 13.6"," 0.25","1010.2","999.9","999.9","  55.0","  4.1"," 11.4"
"34504099999","48.6","34.9666666","143.0","1977-08-18","  48.2","000000","999.9","  68.0","  51.8"," 15.5"," 0.00","1015.5","999.9","999.9","  59.9","  6.2","  9.5"
"34504099999","48.6","34.9666666","143.0","1977-08-19","  51.8","010000","999.9","  68.0","  50.0"," 15.5"," 0.04","1012.6","999.9","999.9","  59.4","  4.8","  9.2"
"34504099999","48.6","34.9666666","143.0","1977-08-20","  59.3","010010","999.9","  75.2","  59.0"," 17.5"," 0.31"," 999.2","999.9","999.9","  64.7","  5.1","  9.4"
"34504099999","48.6","34.9666666","143.0","1977-08-21","  52.0","010000","999.9","  64.4","  53.6"," 15.5"," 0.16","1008.7","999.9","999.9","  58.8","  5.3","  9.0"
"34504099999","48.6","34.9666666","143.0","1977-08-22","  58.5","010000","999.9","  71.6","  55.4"," 15.5"," 0.08","1008.7","999.9","999.9","  61.3","  3.7","  8.6"
"34504099999","48.6","34.9666666","143.0","1977-08-23","  63.3","000000","999.9","  82.4","  60.8"," 15.5"," 0.00","1000.8","999.9","999.9","  72.1","  4.8","  9.0"
"34504099999","48.6","34.9666666","143.0","1977-08-24","  57.4","000000","999.9","  78.8","  59.0","  9.7"," 0.00","1007.7","999.9","999.9","  69.6","  5.3","  5.1"
"34504099999","48.6","34.9666666","143.0","1977-08-25","  54.5","010010","999.9","  68.0","  57.2"," 17.5"," 0.08","1009.7","999.9","999.9","  62.4","  5.3"," 15.1"
"34504099999","48.6","34.9666666","143.0","1977-08-26","  52.9","010010","999.9","  55.4","  51.8"," 17.5"," 1.10","1010.7","999.9","999.9","  54.7","  3.6"," 15.1"
"34504099999","48.6","34.9666666","143.0","1977-08-27","  49.5","010000","999.9","  68.0","  50.0"," 17.5"," 0.04","1020.6","999.9","999.9","  60.3","  5.7"," 13.9"
"34504099999","48.6","34.9666666","143.0","1977-08-28","  50.2","000000","999.9","  71.6","  53.6","  7.8"," 0.00","1023.6","999.9","999.9","  62.2","  4.8","  2.9"
"34504099999","48.6","34.9666666","143.0","1977-08-29","  52.2","010000","999.9","  69.8","  55.4"," 15.5"," 0.16","1018.0","999.9","999.9","  61.5","  4.9","  6.6"
"34504099999","48.6","34.9666666","143.0","1977-08-30","  53.9","010000","999.9","  64.4","  55.4"," 15.5"," 0.20","1016.2","999.9","999.9","  60.0","  6.0"," 12.5"
"34504099999","48.6","34.9666666","143.0","1977-08-31","  51.2","000000","999.9","  75.2","  53.6"," 15.5"," 0.00","1022.2","999.9","999.9","  64.4","  5.0"," 12.3"
"34504099999","48.6","34.9666666","143.0","1977-09-01","  49.3","000000","999.9","  77.0","  57.2"," 13.6"," 0.00","1022.9","999.9","999.9","  67.8","  6.2","  9.5"
"34504099999","48.6","34.9666666","143.0","1977-09-02","  53.1","000000","999.9","  78.8","  59.0"," 13.6"," 0.00","1022.5","999.9","999.9","  67.5","  6.2"," 10.5"
"34504099999","48.6","34.9666666","143.0","1977-09-03","  52.8","000000","999.9","  80.6","  60.8"," 13.6"," 0.00","1021.1","999.9","999.9","  71.6","  5.7"," 10.0"
"34504099999","48.6","34.9666666","143.0","1977-09-04","  53.3","000000","999.9","  84.2","  62.6"," 17.5"," 0.00","1019.2","999.9","999.9","  74.4","  6.2"," 12.5"
"34504099999","48.6","34.9666666","143.0","1977-09-05","  54.9","000000","999.9","  84.2","  64.4"," 19.4"," 0.00","1018.0","999.9","999.9","  74.5","  5.7"," 14.8"
"34504099999","48.6","34.9666666","143.0","1977-09-06","  54.0","000000","999.9","  80.6","  62.6"," 15.5"," 0.00","1017.6","999.9","999.9","  70.9","  6.2"," 12.1"
"34504099999","48.6","34.9666666","143.0","1977-09-07","  55.7","000000","999.9","  80.6","  60.8"," 13.6"," 0.00","1016.9","999.9","999.9","  68.3","  6.2"," 10.0"
"34504099999","48.6","34.9666666","143.0","1977-09-08","  55.4","010000","999.9","  82.4","  60.8"," 11.7"," 0.00","1014.5","999.9","999.9","  68.3","  5.7","  8.6"
"34504099999","48.6","34.9666666","143.0","1977-09-09","  53.2","000000","999.9","  82.4","  57.2","  9.7"," 0.00","1012.8","999.9","999.9","  70.0","  5.7","  2.4"
"34504099999","48.6","34.9666666","143.0","1977-09-10","  56.2","000000","999.9","  75.2","  57.2"," 13.6"," 0.28","1009.2","999.9","999.9","  64.1","  6.2","  8.3"
"34504099999","48.6","34.9666666","143.0","1977-09-11","  47.5","010000","999.9","  62.6","  50.0"," 17.5"," 0.00","1012.9","999.9","999.9","  54.7","  5.1"," 11.9"
"34504099999","48.6","34.9666666","143.0","1977-09-12","  42.2","000000","999.9","  62.6","  42.8","  9.7"," 0.00","1019.1","999.9","999.9","  51.5","  6.2","  6.5"
"34504099999","48.6","34.9666666","143.0","1977-09-13","  49.4","000000","999.9","  73.4","  48.2"," 13.6"," 0.00","1019.7","999.9","999.9","  57.5","  5.6","  8.5"
"34504099999","48.6","34.9666666","143.0","1977-09-14","  44.2","010000","999.9","  55.4","  42.8"," 13.6"," 0.20","1021.5","999.9","999.9","  48.4","  4.8","  8.3"
"34504099999","48.6","34.9666666","143.0","1977-09-15","  40.1","010000","999.9","  55.4","  37.4"," 23.3"," 0.00","1010.2","999.9","999.9","  49.6","  5.0"," 12.1"
"34504099999","48.6","34.9666666","143.0","1977-09-16","  44.6","010000","999.9","  50.0","  42.8"," 13.6"," 0.28","1003.7","999.9","999.9","  47.7","  5.3"," 10.0"
"34504099999","48.6","34.9666666","143.0","1977-09-17","  37.9","000000","999.9","  59.0","  37.4"," 11.7"," 0.00","1015.5","999.9","999.9","  45.7","  6.2","  7.0"
"34504099999","48.6","34.9666666","143.0","1977-09-18","  38.5","000000","999.9","  59.0","  39.2","  7.8"," 0.00","1024.1","999.9","999.9","  49.1","  6.2","  2.7"
"34504099999","48.6","34.9666666","143.0","1977-09-19","  43.7","000000","999.9","  59.0","  46.4","  5.8"," 0.00","1024.3","999.9","999.9","  52.5","  4.8","  2.4"
"34504099999","48.6","34.9666666","143.0","1977-09-20","  49.3","010000","999.9","  68.0","  50.0"," 15.5"," 0.39","1020.3","999.9","999.9","  56.1","  4.2","  7.3"
"34504099999","48.6","34.9666666","143.0","1977-09-21","  47.5","100000","999.9","  60.8","  44.6"," 13.6"," 0.00","1020.1","999.9","999.9","  52.5","  3.5","  6.1"
"34504099999","48.6","34.9666666","143.0","1977-09-22","  53.6","010000","999.9","  64.4","  51.8"," 13.6"," 0.02","1010.0","999.9","999.9","  58.2","  4.1"," 10.3"
"34504099999","48.6","34.9666666","143.0","1977-09-23","  44.6","000000","999.9","  57.2","  44.6"," 13.6"," 0.00","1011.3","999.9","999.9","  50.0","  4.8","  5.5"
"34504099999","48.6","34.9666666","143.0","1977-09-24","  41.2","000000","999.9","  51.8","  41.0"," 13.6"," 0.00","1016.9","999.9","999.9","  47.8","  4.8"," 10.5"
"34504099999","48.6","34.9666666","143.0","1977-09-25","  30.9","000000","999.9","  46.4","  39.2"," 19.4"," 0.00","1019.7","999.9","999.9","  42.1","  6.2"," 15.3"
"34504099999","48.6","34.9666666","143.0","1977-09-26","  29.4","000000","999.9","  46.4","  35.6"," 11.7"," 0.00","1027.2","999.9","999.9","  41.2","  5.0","  8.9"
"34504099999","48.6","34.9666666","143.0","1977-09-27","  31.8","010000","999.9","  46.4","  33.8"," 11.7"," 0.04","1029.0","999.9","999.9","  39.6","  5.7","  5.1"
"34504099999","48.6","34.9666666","143.0","1977-09-28","  33.0","010000","999.9","  42.8","  32.0","  7.8"," 0.12","1032.4","999.9","999.9","  36.4","  3.8","  5.3"
"34504099999","48.6","34.9666666","143.0","1977-09-29","  29.0","100000","999.9","  44.6","  28.4","  1.9"," 0.00","1035.9","999.9","999.9","  34.7","  2.8","  0.6"
"34504099999","48.6","34.9666666","143.0","1977-09-30","  29.3","000000","999.9","  53.6","  28.4"," 15.5"," 0.00","1029.2","999.9","999.9","  40.6","  4.8"," 10.4"
"34504099999","48.6","34.9666666","143.0","1977-10-01","  38.3","000000","999.9","  60.8","  37.4"," 17.5"," 0.00","1018.1","999.9","999.9","  48.2","  5.7"," 11.7"
"34504099999","48.6","34.9666666","143.0","1977-10-02","  43.9","000000","999.9","  62.6","  44.6"," 19.4"," 0.00","1010.8","999.9","999.9","  53.8","  4.8"," 15.3"
"34504099999","48.6","34.9666666","143.0","1977-10-03","  46.9","110000","999.9","  50.0","  46.4"," 11.7"," 0.14","1011.2","999.9","999.9","  48.2","  2.6","  6.7"
"34504099999","48.6","34.9666666","143.0","1977-10-04","  43.7","110000","999.9","  50.0","  42.8"," 15.5"," 0.35","1009.3","999.9","999.9","  46.2","  3.8"," 11.7"
"34504099999","48.6","34.9666666","143.0","1977-10-05","  38.4","000000","999.9","  53.6","  35.6","  9.7"," 0.00","1019.0","999.9","999.9","  43.8","  5.1","  5.5"
"34504099999","48.6","34.9666666","143.0","1977-10-06","  46.2","010000","999.9","  60.8","  41.0"," 11.7"," 0.01","1017.5","999.9","999.9","  52.0","  3.4","  7.8"
"34504099999","48.6","34.9666666","143.0","1977-10-07","  47.7","000000","999.9","  66.2","  44.6"," 15.5"," 0.00","1016.9","999.9","999.9","  55.7","  5.1","  9.2"
"34504099999","48.6","34.9666666","143.0","1977-10-08","  49.3","100000","999.9","  68.0","  42.8","  5.8"," 0.00","1016.7","999.9","999.9","  54.0","  1.4","  4.4"
"34504099999","48.6","34.9666666","143.0","1977-10-09","  44.9","100000","999.9","  51.8","  42.8"," 13.6"," 0.02","1019.7","999.9","999.9","  47.0","  3.0","  8.7"
"34504099999","48.6","34.9666666","143.0","1977-10-10","  29.2","000000","999.9","  59.0","  30.2"," 15.5"," 0.00","1029.2","999.9","999.9","  35.6","  6.2"," 13.3"
"34504099999","48.6","34.9666666","143.0","1977-10-11","  28.9","000000","999.9","  51.8","  28.4"," 15.5"," 0.00","1029.0","999.9","999.9","  38.8","  6.2"," 11.4"
"34504099999","48.6","34.9666666","143.0","1977-10-12","  31.6","000000","999.9","  57.2","  32.0"," 13.6"," 0.00","1025.2","999.9","999.9","  42.3","  6.2","  7.8"
"34504099999","48.6","34.9666666","143.0","1977-10-13","  36.7","000000","999.9","  57.2","  35.6","  3.9"," 0.00","1023.7","999.9","999.9","  46.0","  2.7","  3.2"
"34504099999","48.6","34.9666666","143.0","1977-10-14","  38.8","100000","999.9","  59.0","  33.8"," 11.7"," 0.00","1019.2","999.9","999.9","  46.0","  2.1","  4.6"
"34504099999","48.6","34.9666666","143.0","1977-10-15","  31.5","000000","999.9","  46.4","  30.2"," 15.5"," 0.00","1020.7","999.9","999.9","  40.1","  3.7"," 10.9"
"34504099999","48.6","34.9666666","143.0","1977-10-16","  18.9","000000","999.9","  32.0","  28.4"," 15.5"," 0.00","1027.1","999.9","999.9","  30.5","  6.2"," 12.2"
"34504099999","48.6","34.9666666","143.0","1977-10-17","  21.2","000000","999.9","  42.8","  23.0","  9.7"," 0.00","1026.1","999.9","999.9","  32.3","  5.6","  3.6"
"34504099999","48.6","34.9666666","143.0","1977-10-18","  22.8","000000","999.9","  48.2","  24.8"," 11.7"," 0.00","1024.8","999.9","999.9","  38.5","  6.2","  5.6"
"34504099999","48.6","34.9666666","143.0","1977-10-19","  33.8","000000","999.9","  60.8","  33.8"," 17.5"," 0.00","1017.5","999.9","999.9","  50.0","  4.1"," 12.5"
"34504099999","48.6","34.9666666","143.0","1977-10-20","  30.2","000000","999.9","  48.2","  30.2"," 15.5"," 0.04","1022.4","999.9","999.9","  41.0","  4.2"," 13.1"
"34504099999","48.6","34.9666666","143.0","1977-10-21","  16.2","000000","999.9","  35.6","  23.0"," 15.5"," 0.00","1035.1","999.9","999.9","  29.1","  5.7"," 11.4"
"34504099999","48.6","34.9666666","143.0","1977-10-22","  15.8","000000","999.9","  44.6","  21.2"," 11.7"," 0.00","1036.1","999.9","999.9","  34.1","  6.2","  4.7"
"34504099999","48.6","34.9666666","143.0","1977-10-23","  30.6","000000","999.9","  51.8","  26.6"," 13.6"," 0.00","1029.5","999.9","999.9","  38.5","  5.7","  6.3"
"34504099999","48.6","34.9666666","143.0","1977-10-24","  39.0","000000","999.9","  51.8","  37.4","  5.8"," 0.02","1025.5","999.9","999.9","  42.1","  2.6","  4.9"
"34504099999","48.6","34.9666666","143.0","1977-10-25","  37.6","010000","999.9","  48.2","  39.2"," 11.7"," 0.02","1027.1","999.9","999.9","  43.2","  2.6","  6.6"
"34504099999","48.6","34.9666666","143.0","1977-10-26","  41.0","110000","999.9","  42.8","  39.2"," 13.6"," 0.08","1024.4","999.9","999.9","  41.0","  0.4","  9.7"
"34504099999","48.6","34.9666666","143.0","1977-10-27","  45.7","110000","999.9","  50.0","  42.8","  7.8"," 0.08","1020.3","999.9","999.9","  47.5","  1.7","  6.3"
"34504099999","48.6","34.9666666","143.0","1977-10-28","  39.9","000000","999.9","  53.6","  35.6"," 13.6"," 0.00","1023.2","999.9","999.9","  46.2","  3.9","  7.3"
"34504099999","48.6","34.9666666","143.0","1977-10-29","  36.5","110000","999.9","  48.2","  32.0","  3.9"," 0.00","1027.0","999.9","999.9","  41.0","  2.1","  2.4"
"34504099999","48.6","34.9666666","143.0","1977-10-30","  39.0","000000","999.9","  53.6","  37.4","  9.7"," 0.00","1024.9","999.9","999.9","  44.8","  2.6","  6.3"
"34504099999","48.6","34.9666666","143.0","1977-10-31","  32.5","000000","999.9","  48.2","  28.4"," 11.7"," 0.00","1025.8","999.9","999.9","  36.7","  2.1","  5.6"
"34504099999","48.6","34.9666666","143.0","1977-11-01","  31.7","100000","999.9","  41.0","  30.2","  5.8"," 0.00","1026.4","999.9","999.9","  33.8","  0.4","  3.1"
"34504099999","48.6","34.9666666","143.0","1977-11-02","  32.7","110000","999.9","  59.0","  28.4"," 11.7"," 0.00","1025.6","999.9","999.9","  39.2","  3.1","  8.0"
"34504099999","48.6","34.9666666","143.0","1977-11-03","  34.2","000000","999.9","  48.2","  33.8"," 17.5"," 0.00","1020.7","999.9","999.9","  40.8","  5.3"," 14.3"
"34504099999","48.6","34.9666666","143.0","1977-11-04","  42.8","110000","999.9","  46.4","  39.2"," 17.5"," 0.12","1014.5","999.9","999.9","  43.0","  0.7","  8.0"
"34504099999","48.6","34.9666666","143.0","1977-11-05","  46.2","110000","999.9","  50.0","  42.8"," 15.5"," 0.59","1014.2","999.9","999.9","  46.9","  1.0","  6.6"
"34504099999","48.6","34.9666666","143.0","1977-11-06","  36.5","000000","999.9","  46.4","  35.6"," 13.6"," 0.00","1021.0","999.9","999.9","  40.3","  4.2"," 10.0"
"34504099999","48.6","34.9666666","143.0","1977-11-07","  37.9","110000","999.9","  50.0","  32.0"," 13.6"," 0.00","1025.8","999.9","999.9","  40.7","  1.9","  6.4"
"34504099999","48.6","34.9666666","143.0","1977-11-08","  41.5","110000","999.9","  46.4","  37.4"," 11.7"," 0.28","1025.2","999.9","999.9","  42.3","  0.8","  5.1"
"34504099999","48.6","34.9666666","143.0","1977-11-09","  40.2","100000","999.9","  50.0","  33.8"," 15.5"," 0.00","1021.9","999.9","999.9","  41.8","  1.3"," 10.0"
"34504099999","48.6","34.9666666","143.0","1977-11-10","  42.6","010000","999.9","  46.4","  41.0"," 17.5"," 0.47","1009.5","999.9","999.9","  43.9","  2.6","  9.5"
"34504099999","48.6","34.9666666","143.0","1977-11-11","  36.7","000000","999.9","  46.4","  39.2"," 19.4"," 0.00","1016.5","999.9","999.9","  41.7","  5.5"," 10.9"
"34504099999","48.6","34.9666666","143.0","1977-11-12","  42.6","000000","999.9","  51.8","  35.6"," 13.6"," 0.00","1016.7","999.9","999.9","  44.4","  1.5","  7.0"
"34504099999","48.6","34.9666666","143.0","1977-11-13","  45.5","000000","999.9","  50.0","  44.6"," 19.4"," 0.31","1008.5","999.9","999.9","  48.4","  4.0"," 15.8"
"34504099999","48.6","34.9666666","143.0","1977-11-14","  48.0","110000","999.9","  55.4","  44.6"," 17.5"," 0.00","1006.0","999.9","999.9","  50.2","  1.6"," 10.9"
"34504099999","48.6","34.9666666","143.0","1977-11-15","  49.4","000000","999.9","  57.2","  48.2"," 35.0"," 0.00","1003.2","999.9","999.9","  53.0","  4.7"," 17.2"
"34504099999","48.6","34.9666666","143.0","1977-11-16","  51.3","010000","999.9","  55.4","  50.0"," 17.5"," 0.16","1003.5","999.9","999.9","  54.1","  3.0"," 14.2"
"34504099999","48.6","34.9666666","143.0","1977-11-17","  49.1","010000","999.9","  55.4","  48.2"," 23.3"," 0.39"," 995.6","999.9","999.9","  51.5","  3.1"," 17.8"
"34504099999","48.6","34.9666666","143.0","1977-11-18","  36.0","010000","999.9","  42.8","  37.4"," 15.5"," 0.31","1003.3","999.9","999.9","  39.9","  2.6"," 10.7"
"34504099999","48.6","34.9666666","143.0","1977-11-19","  33.2","101000","999.9","  41.0","  33.8","  7.8"," 0.24","1012.8","999.9","999.9","  35.1","  1.2","  4.7"
"34504099999","48.6","34.9666666","143.0","1977-11-20","  32.5","100000","999.9","  42.8","  30.2","  5.8"," 0.00","1022.5","999.9","999.9","  34.9","  1.2","  3.4"
"34504099999","48.6","34.9666666","143.0","1977-11-21","  33.3","111000","999.9","  37.4","  30.2"," 11.7"," 0.12","1020.3","999.9","999.9","  33.8","  0.6"," 10.0"
"34504099999","48.6","34.9666666","143.0","1977-11-22","  42.8","110000","999.9","  46.4","  37.4","  9.7"," 0.25","1014.3","999.9","999.9","  43.0","  0.7","  8.0"
"34504099999","48.6","34.9666666","143.0","1977-11-23","  46.6","010000","999.9","  51.8","  44.6"," 15.5"," 0.13","1013.8","999.9","999.9","  47.5","  1.5"," 11.4"
"34504099999","48.6","34.9666666","143.0","1977-11-24","  40.0","010000","999.9","  50.0","  35.6"," 25.3"," 0.75","1007.1","999.9","999.9","  41.8","  2.4"," 18.0"
"34504099999","48.6","34.9666666","143.0","1977-11-25","  33.4","000000","999.9","  41.0","  32.0"," 15.5"," 0.00","1017.9","999.9","999.9","  36.5","  1.8","  9.5"
"34504099999","48.6","34.9666666","143.0","1977-11-26","  37.6","000000","999.9","  46.4","  39.2"," 19.4"," 0.00","1013.9","999.9","999.9","  41.9","  5.2"," 11.7"
"34504099999","48.6","34.9666666","143.0","1977-11-27","  44.8","010000","999.9","  57.2","  41.0"," 23.3"," 0.00","1001.2","999.9","999.9","  50.7","  5.7"," 18.2"
"34504099999","48.6","34.9666666","143.0","1977-11-28","  34.2","001000","999.9","  48.2","  32.0"," 23.3"," 0.00","1003.8","999.9","999.9","  39.7","  5.7"," 17.2"
"34504099999","48.6","34.9666666","143.0","1977-11-29","  21.2","001000","999.9","  32.0","  24.8"," 17.5"," 0.01","1013.4","999.9","999.9","  29.2","  6.2"," 13.9"
"34504099999","48.6","34.9666666","143.0","1977-11-30","  20.7","001000","999.9","  30.2","  23.0"," 15.5"," 0.02","1016.3","999.9","999.9","  27.1","  4.3","  9.2"
"34504099999","48.6","34.9666666","143.0","1977-12-01","  25.1","000000","999.9","  35.6","  21.2"," 15.5"," 0.00","1021.5","999.9","999.9","  29.4","  3.9","  9.4"
"34504099999","48.6","34.9666666","143.0","1977-12-02","  32.0","010000","999.9","  39.2","  30.2"," 15.5"," 0.00","1016.6","999.9","999.9","  34.2","  2.2"," 14.4"
"34504099999","48.6","34.9666666","143.0","1977-12-03","  28.4","011000","999.9","  35.6","  21.2"," 23.3"," 0.24","1013.2","999.9","999.9","  30.9","  1.7"," 16.5"
"34504099999","48.6","34.9666666","143.0","1977-12-04","  17.1","001000","999.9","  51.8","  19.4"," 19.4"," 0.01","1013.4","999.9","999.9","  22.0","  4.0"," 15.5"
"34504099999","48.6","34.9666666","143.0","1977-12-05","  15.2","001000","999.9","  21.2","  17.6"," 15.5"," 0.02","1012.1","999.9","999.9","  19.4","  4.6"," 11.9"
"34504099999","48.6","34.9666666","143.0","1977-12-06","  15.4","000000","999.9","  26.6","  10.4"," 11.7"," 0.00","1020.1","999.9","999.9","  18.7","  4.6","  6.1"
"34504099999","48.6","34.9666666","143.0","1977-12-07","  18.1","000000","999.9","  30.2","  15.8"," 11.7"," 0.00","1026.9","999.9","999.9","  22.0","  4.3","  6.7"
"34504099999","48.6","34.9666666","143.0","1977-12-08","  16.7","001000","999.9","  23.0","  17.6","  9.7"," 0.00","1027.5","999.9","999.9","  20.6","  2.3","  7.1"
"34504099999","48.6","34.9666666","143.0","1977-12-09","  15.8","001000","999.9","  23.0","  14.0"," 11.7"," 0.02","1024.9","999.9","999.9","  18.6","  1.4","  9.4"
"34504099999","48.6","34.9666666","143.0","1977-12-10","  16.1","001000","999.9","  26.6","   6.8"," 17.5"," 0.02","1030.6","999.9","999.9","  20.3","  5.0"," 14.9"
"34504099999","48.6","34.9666666","143.0","1977-12-11","   2.2","000000","999.9","  21.2","   3.2"," 13.6"," 0.00","1042.9","999.9","999.9","   6.6"," 10.0","  9.2"
"34504099999","48.6","34.9666666","143.0","1977-12-12","   2.4","000000","999.9","  15.8","   3.2"," 11.7"," 0.00","1044.7","999.9","999.9","   9.4","  2.3","  5.5"
"34504099999","48.6","34.9666666","143.0","1977-12-13","   4.4","000000","999.9","  17.6","   6.8"," 11.7"," 0.00","1038.7","999.9","999.9","  10.7","  1.9","  7.1"
"34504099999","48.6","34.9666666","143.0","1977-12-14","   4.5","000000","999.9","  15.8","   3.2","  7.8"," 0.00","1031.1","999.9","999.9","  10.4","  1.0","  7.2"
"34504099999","48.6","34.9666666","143.0","1977-12-15","   5.6","000000","999.9","  19.4","   8.6"," 15.5"," 0.00","1028.4","999.9","999.9","  13.5","  4.1"," 11.9"
"34504099999","48.6","34.9666666","143.0","1977-12-16","  10.9","000000","999.9","  30.2","  15.8","  9.7"," 0.00","1025.5","999.9","999.9","  19.1","  1.8","  5.8"
"34504099999","48.6","34.9666666","143.0","1977-12-17","  11.0","000000","999.9","  24.8","  15.8","  7.8"," 0.00","1029.1","999.9","999.9","  18.8","  1.4","  5.2"
"34504099999","48.6","34.9666666","143.0","1977-12-18","  21.2","100000","999.9","  26.6","  17.6","  9.7"," 0.00","1028.7","999.9","999.9","  22.1","  0.7","  7.4"
"34504099999","48.6","34.9666666","143.0","1977-12-19","  24.5","001000","999.9","  26.6","  23.0","  7.8"," 0.02","1028.4","999.9","999.9","  25.1","  0.7","  4.4"
"34504099999","48.6","34.9666666","143.0","1977-12-20","  25.6","011000","999.9","  28.4","  24.8","  7.8"," 0.02","1024.9","999.9","999.9","  26.9","  0.8","  4.7"
"34504099999","48.6","34.9666666","143.0","1977-12-21","  25.1","001000","999.9","  32.0","  26.6"," 11.7"," 0.00","1023.3","999.9","999.9","  29.7","  2.0","  6.2"
"34504099999","48.6","34.9666666","143.0","1977-12-22","  13.4","000000","999.9","  28.4","  15.8"," 13.6"," 0.00","1027.6","999.9","999.9","  20.9","  5.9"," 10.0"
"34504099999","48.6","34.9666666","143.0","1977-12-23","  11.4","001000","999.9","  26.6","   6.8"," 15.5"," 0.01","1027.1","999.9","999.9","  15.8","  4.1"," 10.8"
"34504099999","48.6","34.9666666","143.0","1977-12-24","   4.3","000000","999.9","  17.6","   3.2"," 15.5"," 0.00","1031.1","999.9","999.9","  10.8","  4.7","  7.0"
"34504099999","48.6","34.9666666","143.0","1977-12-25","  32.5","011000","999.9","  33.8","  32.0"," 29.1"," 0.01","1003.6","999.9","999.9","  33.5","  0.9"," 16.6"
"34504099999","48.6","34.9666666","143.0","1977-12-26","  28.4","001000","999.9","  33.8","  21.2"," 13.6"," 0.01","1008.8","999.9","999.9","  29.9","  1.9"," 10.0"
"34504099999","48.6","34.9666666","143.0","1977-12-27","  15.0","000000","999.9","  21.2","  12.2"," 13.6"," 0.00","1018.7","999.9","999.9","  17.9","  1.9","  9.2"
"34504099999","48.6","34.9666666","143.0","1977-12-28","  22.7","001000","999.9","  28.4","  19.4"," 13.6"," 0.00","1022.0","999.9","999.9","  24.5","  1.4"," 11.4"
"34504099999","48.6","34.9666666","143.0","1977-12-29","  29.7","110000","999.9","  33.8","  24.8"," 17.5"," 0.00","1015.5","999.9","999.9","  30.2","  0.6"," 15.0"
"34504099999","48.6","34.9666666","143.0","1977-12-30","  31.5","111000","999.9","  33.8","  30.2"," 11.7"," 0.00","1004.6","999.9","999.9","  31.7","  0.3","  8.3"
"34504099999","48.6","34.9666666","143.0","1977-12-31","  33.1","100000","999.9","  35.6","  30.2"," 15.5"," 0.00"," 997.4","999.9","999.9","  33.1","  0.0","  9.7"
"34504099999","48.6","34.9666666","143.0","1978-01-01","  26.9","001000","999.9","  32.0","  26.6"," 13.6"," 0.00","1004.9","999.9","999.9","  29.9","  2.3"," 11.4"
"34504099999","48.6","34.9666666","143.0","1978-01-02","  23.9","000000","999.9","  33.8","  26.6"," 13.6"," 0.00","1019.8","999.9","999.9","  29.7","  5.1"," 10.5"
"34504099999","48.6","34.9666666","143.0","1978-01-03","  26.3","000000","999.9","  33.8","  30.2"," 15.5"," 0.00","1019.5","999.9","999.9","  31.4","  6.2"," 12.9"
"34504099999","48.6","34.9666666","143.0","1978-01-04","  23.9","010000","999.9","  39.2","  28.4"," 17.5"," 0.00","1011.9","999.9","999.9","  31.7","  1.9"," 12.0"
"34504099999","48.6","34.9666666","143.0","1978-01-05","  25.8","100000","999.9","  35.6","  26.6","  9.7"," 0.00","1013.8","999.9","999.9","  31.7","  3.6","  4.7"
"34504099999","48.6","34.9666666","143.0","1978-01-06","  12.8","001000","999.9","  32.0","  14.0"," 15.5"," 0.01","1022.8","999.9","999.9","  20.4","  5.2","  8.7"
"34504099999","48.6","34.9666666","143.0","1978-01-07","  13.2","001000","999.9","  23.0","  10.4"," 11.7"," 0.08","1031.0","999.9","999.9","  17.6","  4.0","  7.2"
"34504099999","48.6","34.9666666","143.0","1978-01-08","   1.7","000000","999.9","  12.2","   3.2"," 13.6"," 0.00","1035.8","999.9","999.9","   5.6","  3.7"," 11.3"
"34504099999","48.6","34.9666666","143.0","1978-01-09","   2.0","000000","999.9","  12.2","   1.4"," 13.6"," 0.00","1033.1","999.9","999.9","   6.2","  2.1","  9.4"
"34504099999","48.6","34.9666666","143.0","1978-01-10","   3.8","000000","999.9","  23.0","   6.8","  9.7"," 0.00","1029.6","999.9","999.9","  11.6","  3.8","  5.8"
"34504099999","48.6","34.9666666","143.0","1978-01-11","  12.2","000000","999.9","  19.4","   8.6","  7.8"," 0.00","1026.8","  2.0","999.9","  14.3","  1.2","  6.8"
"34504099999","48.6","34.9666666","143.0","1978-01-12","  20.7","100000","999.9","  30.2","  19.4"," 13.6"," 0.00","1030.9","999.9","999.9","  22.0","  1.3"," 10.0"
"34504099999","48.6","34.9666666","143.0","1978-01-13","9999.9","100000","999.9","  30.2","  21.2"," 13.6"," 0.00","1028.9","999.9","999.9","  27.1","  0.4","  9.7"
"34504099999","48.6","34.9666666","143.0","1978-01-14","  31.1","111000","999.9","  32.0","  30.2"," 13.6"," 0.24","1015.4","999.9","999.9","  31.5","  0.3","  8.3"
"34504099999","48.6","34.9666666","143.0","1978-01-15","  17.9","001000","999.9","  44.6","  10.4"," 13.6"," 0.02","1019.4","999.9","999.9","  24.0","  3.0","  9.4"
"34504099999","48.6","34.9666666","143.0","1978-01-16","   1.1","001000","999.9","  12.2","   6.8"," 15.5"," 0.00","1028.6","999.9","999.9","   9.1","  5.1"," 13.9"
"34504099999","48.6","34.9666666","143.0","1978-01-17","   5.0","000000","999.9","  14.0","   8.6"," 15.5"," 0.00","1031.1","999.9","999.9","  11.7","  6.2"," 12.2"
"34504099999","48.6","34.9666666","143.0","1978-01-18","  10.7","001000","999.9","  19.4","   8.6"," 15.5"," 0.00","1029.1","999.9","999.9","  14.6","  4.3"," 12.3"
"34504099999","48.6","34.9666666","143.0","1978-01-19","  10.1","011000","999.9","  17.6","   6.8"," 11.7"," 0.00","1024.8","999.9","999.9","  12.5","  2.3","  8.1"
"34504099999","48.6","34.9666666","143.0","1978-01-20","   2.2","000000","999.9","  12.2","   5.0"," 15.5"," 0.00","1020.0","999.9","999.9","   8.3","  1.5"," 10.5"
"34504099999","48.6","34.9666666","143.0","1978-01-21","   1.8","000000","999.9","  10.4","   3.2"," 11.7"," 0.00","1025.5","999.9","999.9","   6.4","  2.0","  8.2"
"34504099999","48.6","34.9666666","143.0","1978-01-22","   9.2","101000","999.9","  15.8","   6.8"," 11.7"," 0.00","1026.3","999.9","999.9","  11.0","  1.7","  8.4"
"34504099999","48.6","34.9666666","143.0","1978-01-23","   4.7","100000","999.9","  21.2","   3.2","  7.8"," 0.00","1023.4","999.9","999.9","  10.4","  0.9","  6.5"
"34504099999","48.6","34.9666666","143.0","1978-01-24","   5.7","100000","999.9","  19.4","   1.4","  9.7"," 0.00","1021.6","999.9","999.9","   9.0","  1.9","  6.2"
"34504099999","48.6","34.9666666","143.0","1978-01-25","  15.3","110000","999.9","  41.0","   3.2"," 11.7"," 0.00","1016.3","999.9","999.9","  18.4","  0.2","  7.2"
"34504099999","48.6","34.9666666","143.0","1978-01-26","  30.2","111000","999.9","  32.0","  28.4"," 15.5"," 0.12","1008.6","999.9","999.9","  30.6","  0.8"," 10.9"
"34504099999","48.6","34.9666666","143.0","1978-01-27","  28.1","100000","999.9","  32.0","  24.8","  9.7"," 0.00","1013.9","999.9","999.9","  28.7","  0.7","  7.8"
"34504099999","48.6","34.9666666","143.0","1978-01-28","  28.7","100000","999.9","  32.0","  26.6","  7.8"," 0.01","1019.9","999.9","999.9","  29.0","  0.2","  4.5"
"34504099999","48.6","34.9666666","143.0","1978-01-29","  25.3","100000","999.9","  28.4","  24.8"," 13.6"," 0.00","1025.6","999.9","999.9","  25.3","  0.1","  6.4"
"34504099999","48.6","34.9666666","143.0","1978-01-30","  26.3","100000","999.9","  30.2","  24.8"," 23.3"," 0.00","1023.4","999.9","999.9","  27.5","  4.3"," 17.8"
"34504099999","48.6","34.9666666","143.0","1978-01-31","  23.8","001000","999.9","  28.4","  24.8"," 27.2"," 0.20","1019.7","999.9","999.9","  26.3","  2.3"," 24.7"
"34504099999","48.6","34.9666666","143.0","1978-02-01","  23.0","001000","999.9","  26.6","  23.0"," 29.1"," 0.02","1022.8","999.9","999.9","  25.1","  3.0"," 21.4"
"34504099999","48.6","34.9666666","143.0","1978-02-02","  16.8","001000","999.9","  24.8","  15.8"," 27.2"," 0.02","1023.1","999.9","999.9","  21.2","  2.1"," 23.9"
"34504099999","48.6","34.9666666","143.0","1978-02-03","   5.5","000000","999.9","  19.4","  12.2"," 25.3"," 0.00","1024.4","999.9","999.9","  15.8","  2.1"," 24.1"
"34504099999","48.6","34.9666666","143.0","1978-02-04","  11.9","001000","999.9","  24.8","  12.2"," 23.3"," 0.31","1028.6","999.9","999.9","  18.5","  1.0"," 22.7"
"34504099999","48.6","34.9666666","143.0","1978-02-05","  19.4","000000","999.9","  24.8","  21.2"," 23.3"," 0.00","1029.1","999.9","999.9","  23.0","  4.6"," 19.1"
"34504099999","48.6","34.9666666","143.0","1978-02-06","  22.2","001000","999.9","  51.8","  21.2"," 23.3"," 0.00","1020.8","999.9","999.9","  24.5","  4.1"," 19.1"
"34504099999","48.6","34.9666666","143.0","1978-02-07","  24.0","011000","999.9","  26.6","  24.8"," 23.3"," 0.00","1011.5","999.9","999.9","  25.6","  4.1"," 19.4"
"34504099999","48.6","34.9666666","143.0","1978-02-08","  28.7","111000","999.9","  33.8","  24.8"," 17.5"," 0.09","1010.5","999.9","999.9","  29.4","  0.8"," 15.0"
"34504099999","48.6","34.9666666","143.0","1978-02-09","  28.4","110000","999.9","  32.0","  28.4"," 15.5"," 0.00","1011.8","999.9","999.9","  29.4","  1.9"," 13.6"
"34504099999","48.6","34.9666666","143.0","1978-02-10","  27.1","010000","999.9","  30.2","  24.8"," 15.5"," 0.12","1013.5","999.9","999.9","  28.4","  1.0"," 12.2"
"34504099999","48.6","34.9666666","143.0","1978-02-11","  29.2","101000","999.9","  32.0","  24.8"," 11.7"," 0.01","1018.8","999.9","999.9","  29.2","  0.2"," 10.5"
"34504099999","48.6","34.9666666","143.0","1978-02-12","  28.7","110000","999.9","  35.6","  26.6"," 15.5"," 0.00","1016.9","999.9","999.9","  31.5","  1.2"," 14.2"
"34504099999","48.6","34.9666666","143.0","1978-02-13","  35.9","100000","999.9","  37.4","  35.6"," 19.4"," 0.00","1008.5","999.9","999.9","  36.8","  1.0"," 13.9"
"34504099999","48.6","34.9666666","143.0","1978-02-14","  36.4","110000","999.9","  41.0","  35.6"," 13.6"," 0.08","1005.7","999.9","999.9","  36.9","  0.7","  9.4"
"34504099999","48.6","34.9666666","143.0","1978-02-15","  39.5","111000","999.9","  48.2","  32.0"," 19.4"," 0.00","1000.0","999.9","999.9","  40.7","  3.2"," 12.2"
"34504099999","48.6","34.9666666","143.0","1978-02-16","  24.5","000000","999.9","  32.0","  30.2"," 13.6"," 0.00","1004.9","999.9","999.9","  30.5","  4.3"," 10.0"
"34504099999","48.6","34.9666666","143.0","1978-02-17","  25.3","101000","999.9","  32.0","  26.6"," 11.7"," 0.00","1011.8","999.9","999.9","  29.2","  1.8","  6.9"
"34504099999","48.6","34.9666666","143.0","1978-02-18","  27.1","111000","999.9","  33.8","  24.8"," 17.5"," 0.04","1011.4","999.9","999.9","  28.1","  0.7","  9.4"
"34504099999","48.6","34.9666666","143.0","1978-02-19","  14.3","011000","999.9","  33.8","  12.2"," 27.2"," 0.24","1010.2","999.9","999.9","  21.5","  4.3"," 17.2"
"34504099999","48.6","34.9666666","143.0","1978-02-20","   1.0","000000","999.9","  23.0","   6.8"," 11.7"," 0.00","1022.5","999.9","999.9","  14.7","  6.2","  5.8"
"34504099999","48.6","34.9666666","143.0","1978-02-21","   5.0","000000","999.9","  21.2","   8.6"," 13.6"," 0.00","1021.6","999.9","999.9","  15.0","  4.6"," 10.8"
"34504099999","48.6","34.9666666","143.0","1978-02-22","  13.5","000000","999.9","  28.4","  12.2","  9.7"," 0.00","1024.2","999.9","999.9","  20.7","  2.5","  7.8"
"34504099999","48.6","34.9666666","143.0","1978-02-23","  24.8","001000","999.9","  37.4","  23.0"," 21.4"," 0.04","1018.0","999.9","999.9","  28.7","  1.8"," 16.5"
"34504099999","48.6","34.9666666","143.0","1978-02-24","   4.5","000000","999.9","  17.6","   8.6"," 17.5"," 0.00","1034.2","999.9","999.9","  13.0","  6.2","  9.4"
"34504099999","48.6","34.9666666","143.0","1978-02-25","   6.5","000000","999.9","  24.8","   6.8"," 15.5"," 0.00","1033.3","999.9","999.9","  17.9","  6.2"," 12.2"
"34504099999","48.6","34.9666666","143.0","1978-02-26","  15.8","000000","999.9","  32.0","  21.2"," 19.4"," 0.00","1023.7","999.9","999.9","  24.0","  6.2"," 18.0"
"34504099999","48.6","34.9666666","143.0","1978-02-27","  22.7","010000","999.9","  30.2","  19.4"," 19.4"," 0.24","1016.7","999.9","999.9","  26.9","  6.6"," 15.0"
"34504099999","48.6","34.9666666","143.0","1978-02-28","  30.5","010000","999.9","  35.6","  30.2"," 11.7","99.99","1015.9","999.9","999.9","  33.2","  5.3"," 10.0"
"34504099999","48.6","34.9666666","143.0","1978-03-01","  33.8","110000","999.9","  35.6","  32.0"," 15.5"," 0.20","1017.0","999.9","999.9","  34.1","  4.9"," 11.7"
"34504099999","48.6","34.9666666","143.0","1978-03-02","  33.1","010000","999.9","  35.6","  32.0"," 13.6"," 0.63","1018.9","999.9","999.9","  33.4","  1.1"," 10.7"
"34504099999","48.6","34.9666666","143.0","1978-03-03","  34.9","110000","999.9","  37.4","  32.0","  7.8"," 0.01","1020.5","999.9","999.9","  35.2","  0.7","  4.6"
"34504099999","48.6","34.9666666","143.0","1978-03-04","  36.1","110000","999.9","  39.2","  33.8","  7.8"," 0.02","1019.2","999.9","999.9","  36.1","  0.2","  4.4"
"34504099999","48.6","34.9666666","143.0","1978-03-05","  35.1","100000","999.9","  39.2","  33.8","  7.8"," 0.00","1019.9","999.9","999.9","  35.6","  0.6","  5.8"
"34504099999","48.6","34.9666666","143.0","1978-03-06","  34.6","100000","999.9","  39.2","  32.0"," 13.6"," 0.00","1023.4","999.9","999.9","  34.8","  1.0","  7.5"
"34504099999","48.6","34.9666666","143.0","1978-03-07","  35.1","100000","999.9","  37.4","  35.6"," 13.6"," 0.00","1018.7","999.9","999.9","  35.9","  1.6"," 10.5"
"34504099999","48.6","34.9666666","143.0","1978-03-08","  32.2","010000","999.9","  37.4","  32.0","  9.7"," 0.06","1014.0","999.9","999.9","  34.7","  2.8","  5.8"
"34504099999","48.6","34.9666666","143.0","1978-03-09","  29.3","100000","999.9","  41.0","  28.4","  5.8"," 0.00","1015.5","999.9","999.9","  33.6","  2.7","  2.9"
"34504099999","48.6","34.9666666","143.0","1978-03-10","  32.9","011000","999.9","  41.0","  32.0","  5.8"," 0.01","1016.6","999.9","999.9","  36.1","  3.3","  1.7"
"34504099999","48.6","34.9666666","143.0","1978-03-11","  31.8","111000","999.9","  35.6","  32.0","  7.8"," 0.01","1012.1","999.9","999.9","  33.1","  1.2","  3.6"
"34504099999","48.6","34.9666666","143.0","1978-03-12","  27.9","000000","999.9","  41.0","  32.0","  3.9"," 0.00","1010.3","999.9","999.9","  35.1","  4.2","  2.2"
"34504099999","48.6","34.9666666","143.0","1978-03-13","  27.1","000000","999.9","  35.6","  30.2","  9.7"," 0.00","1017.7","999.9","999.9","  33.1","  2.8","  6.3"
"34504099999","48.6","34.9666666","143.0","1978-03-14","  28.7","010000","999.9","  39.2","  30.2"," 17.5"," 0.00","1020.7","999.9","999.9","  34.1","  3.5"," 10.8"
"34504099999","48.6","34.9666666","143.0","1978-03-15","  35.1","100000","999.9","  46.4","  33.8"," 17.5"," 0.00","1019.5","999.9","999.9","  37.9","  3.5"," 10.9"
"34504099999","48.6","34.9666666","143.0","1978-03-16","  36.9","010000","999.9","  50.0","  33.8"," 17.5"," 0.03","1013.5","999.9","999.9","  41.7","  4.3"," 13.6"
"34504099999","48.6","34.9666666","143.0","1978-03-17","  39.2","000000","999.9","  50.0","  39.2"," 11.7"," 0.04","1013.6","999.9","999.9","  41.5","  1.1","  6.9"
"34504099999","48.6","34.9666666","143.0","1978-03-18","  42.0","100000","999.9","  57.2","  37.4"," 17.5"," 0.00","1011.9","999.9","999.9","  45.0","  2.0"," 12.9"
"34504099999","48.6","34.9666666","143.0","1978-03-19","  38.3","110000","999.9","  46.4","  37.4","  9.7"," 0.00","1016.0","999.9","999.9","  41.0","  1.3","  6.1"
"34504099999","48.6","34.9666666","143.0","1978-03-20","  37.9","011000","999.9","  46.4","  32.0"," 19.4"," 0.59","1004.4","999.9","999.9","  38.8","  1.9"," 17.0"
"34504099999","48.6","34.9666666","143.0","1978-03-21","  33.5","010000","999.9","  46.4","  32.0"," 23.3"," 0.04","1001.3","999.9","999.9","  37.2","  5.1"," 15.5"
"34504099999","48.6","34.9666666","143.0","1978-03-22","  41.5","010000","999.9","  48.2","  37.4"," 19.4"," 0.13","1005.7","999.9","999.9","  42.8","  2.8"," 12.4"
"34504099999","48.6","34.9666666","143.0","1978-03-23","  37.0","110000","999.9","  42.8","  33.8"," 19.4"," 0.35","1005.8","999.9","999.9","  37.6","  0.9"," 11.9"
"34504099999","48.6","34.9666666","143.0","1978-03-24","  33.8","010000","999.9","  37.4","  32.0"," 19.4"," 0.12","1010.6","999.9","999.9","  35.4","  1.7"," 13.8"
"34504099999","48.6","34.9666666","143.0","1978-03-25","  37.1","110000","999.9","  42.8","  35.6","  5.8"," 0.55","1012.8","999.9","999.9","  38.4","  1.0","  3.3"
"34504099999","48.6","34.9666666","143.0","1978-03-26","  37.1","100000","999.9","  44.6","  32.0"," 11.7"," 0.00","1014.4","999.9","999.9","  38.3","  1.1","  8.7"
"34504099999","48.6","34.9666666","143.0","1978-03-27","  45.9","000000","999.9","  64.4","  42.8"," 19.4"," 0.00","1011.4","999.9","999.9","  51.6","  3.7"," 13.4"
"34504099999","48.6","34.9666666","143.0","1978-03-28","  39.5","010000","999.9","  44.6","  31.8"," 11.7"," 0.02","1017.1","999.9","999.9","  42.3","  3.3","  8.0"
"34504099999","48.6","34.9666666","143.0","1978-03-29","  36.1","000000","999.9","  48.2","  39.2"," 11.7"," 0.00","1022.9","999.9","999.9","  41.9","  4.3","  6.6"
"34504099999","48.6","34.9666666","143.0","1978-03-30","  35.8","000000","999.9","  51.8","  37.4"," 13.6"," 0.00","1023.7","999.9","999.9","  43.9","  3.9","  7.5"
"34504099999","48.6","34.9666666","143.0","1978-03-31","  40.2","000000","999.9","  57.2","  39.2"," 19.4"," 0.00","1018.9","999.9","999.9","  48.5","  5.0"," 15.0"
"34504099999","48.6","34.9666666","143.0","1978-04-01","  44.4","010000","999.9","  57.2","  44.6"," 15.5"," 0.00","1016.3","999.9","999.9","  48.4","  3.3","  8.5"
"34504099999","48.6","34.9666666","143.0","1978-04-02","  41.7","100000","999.9","  50.0","  42.8","  7.8"," 0.00","1015.3","999.9","999.9","  46.0","  1.8","  3.4"
"34504099999","48.6","34.9666666","143.0","1978-04-03","  40.5","000000","999.9","  57.2","  44.6","  5.8"," 0.00","1013.4","999.9","999.9","  50.3","  2.1","  3.6"
"34504099999","48.6","34.9666666","143.0","1978-04-04","  43.3","010000","999.9","  46.4","  42.8"," 11.7"," 0.17","1012.1","999.9","999.9","  44.9","  0.9","  9.4"
"34504099999","48.6","34.9666666","143.0","1978-04-05","  42.2","010000","999.9","  44.6","  42.8","  9.7"," 0.04","1004.7","999.9","999.9","  43.4","  2.0","  9.1"
"34504099999","48.6","34.9666666","143.0","1978-04-06","  32.0","001000","999.9","  44.6","  33.8"," 13.6"," 0.00","1010.8","999.9","999.9","  38.3","  5.0"," 10.2"
"34504099999","48.6","34.9666666","143.0","1978-04-07","  26.0","011000","999.9","  39.2","  26.6"," 19.4"," 0.01","1011.5","999.9","999.9","  32.3","  4.0"," 15.2"
"34504099999","48.6","34.9666666","143.0","1978-04-08","  32.0","011000","999.9","  44.6","  32.0"," 15.5"," 0.04","1006.8","999.9","999.9","  36.9","  5.5","  9.2"
"34504099999","48.6","34.9666666","143.0","1978-04-09","  30.6","001000","999.9","  41.0","  32.0"," 15.5"," 0.00","1009.1","999.9","999.9","  36.0","  4.8"," 10.4"
"34504099999","48.6","34.9666666","143.0","1978-04-10","  24.0","000000","999.9","  46.4","  26.6","  7.8"," 0.00","1019.8","999.9","999.9","  37.1","  4.3","  6.1"
"34504099999","48.6","34.9666666","143.0","1978-04-11","  27.3","000000","999.9","  51.8","  32.0"," 11.7"," 0.00","1025.2","999.9","999.9","  43.2","  4.8","  5.1"
"34504099999","48.6","34.9666666","143.0","1978-04-12","  30.2","000000","999.9","  59.0","  30.2"," 15.5"," 0.00","1026.9","999.9","999.9","  45.0","  5.3","  9.5"
"34504099999","48.6","34.9666666","143.0","1978-04-13","  33.3","000000","999.9","  62.6","  35.6"," 13.6"," 0.00","1025.8","999.9","999.9","  48.7","  6.2"," 12.6"
"34504099999","48.6","34.9666666","143.0","1978-04-14","  34.8","000000","999.9","  62.6","  39.2"," 23.3"," 0.00","1017.9","999.9","999.9","  48.5","  6.2"," 17.5"
"34504099999","48.6","34.9666666","143.0","1978-04-15","  42.5","010000","999.9","  50.0","  46.4"," 19.4"," 0.20","1011.3","999.9","999.9","  47.4","  3.6"," 16.6"
"34504099999","48.6","34.9666666","143.0","1978-04-16","  46.4","100000","999.9","  71.6","  44.6"," 13.6"," 0.00","1012.6","999.9","999.9","  58.5","  4.3"," 11.4"
"34504099999","48.6","34.9666666","143.0","1978-04-17","  34.9","000000","999.9","  71.6","  46.4"," 19.4"," 0.00","1008.3","999.9","999.9","  56.5","  6.2"," 14.0"
"34504099999","48.6","34.9666666","143.0","1978-04-18","  46.1","010000","999.9","  59.0","  46.4"," 17.5"," 0.17","1005.6","999.9","999.9","  50.5","  4.3"," 15.0"
"34504099999","48.6","34.9666666","143.0","1978-04-19","  39.4","010000","999.9","  59.0","  41.0"," 15.5"," 0.02","1011.9","999.9","999.9","  50.9","  5.1"," 12.4"
"34504099999","48.6","34.9666666","143.0","1978-04-20","  39.0","000000","999.9","  60.8","  48.2"," 17.5"," 0.00","1014.8","999.9","999.9","  53.2","  6.2"," 12.9"
"34504099999","48.6","34.9666666","143.0","1978-04-21","  27.2","000000","999.9","  59.0","  39.2"," 11.7"," 0.00","1019.6","999.9","999.9","  49.7","  6.2","  7.4"
"34504099999","48.6","34.9666666","143.0","1978-04-22","  27.4","000000","999.9","  62.6","  39.2","  7.8"," 0.00","1017.4","999.9","999.9","  52.6","  5.0","  3.1"
"34504099999","48.6","34.9666666","143.0","1978-04-23","  37.4","010000","999.9","  66.2","  46.4"," 11.7"," 0.00","1012.6","999.9","999.9","  55.8","  5.3","  6.1"
"34504099999","48.6","34.9666666","143.0","1978-04-24","  35.9","000000","999.9","  64.4","  42.8","  5.8"," 0.00","1009.1","999.9","999.9","  54.4","  3.9","  3.3"
"34504099999","48.6","34.9666666","143.0","1978-04-25","  34.7","000000","999.9","  69.8","  44.6"," 11.7"," 0.00","1009.7","999.9","999.9","  58.1","  5.3","  3.4"
"34504099999","48.6","34.9666666","143.0","1978-04-26","  39.2","000000","999.9","  69.8","  44.6"," 17.5"," 0.08","1009.8","999.9","999.9","  56.5","  6.2","  8.7"
"34504099999","48.6","34.9666666","143.0","1978-04-27","  43.0","010000","999.9","  64.4","  42.8"," 11.7"," 0.00","1008.7","999.9","999.9","  53.8","  5.3","  7.0"
"34504099999","48.6","34.9666666","143.0","1978-04-28","  47.1","010000","999.9","  55.4","  48.2"," 11.7"," 0.04","1008.1","999.9","999.9","  51.3","  3.6","  6.8"
"34504099999","48.6","34.9666666","143.0","1978-04-29","  43.8","010000","999.9","  51.8","  44.6"," 19.4"," 0.35","1007.2","999.9","999.9","  48.2","  3.5"," 13.0"
"34504099999","48.6","34.9666666","143.0","1978-04-30","  38.1","000000","999.9","  57.2","  37.4","  9.7"," 0.00","1017.2","999.9","999.9","  48.6","  4.5","  5.8"
"34504099999","48.6","34.9666666","143.0","1978-05-01","  40.6","010000","999.9","  60.8","  46.4"," 19.4"," 0.12","1018.2","999.9","999.9","  51.6","  5.7"," 13.6"
"34504099999","48.6","34.9666666","143.0","1978-05-02","  44.3","000000","999.9","  71.6","  44.6"," 27.2"," 0.00","1009.0","999.9","999.9","  60.3","  6.2"," 21.1"
"34504099999","48.6","34.9666666","143.0","1978-05-03","  49.2","010000","999.9","  71.6","  50.0"," 25.3"," 0.06"," 999.7","999.9","999.9","  60.0","  5.7"," 21.9"
"34504099999","48.6","34.9666666","143.0","1978-05-04","  42.6","010000","999.9","  51.8","  41.0"," 17.5"," 0.08","1009.8","999.9","999.9","  45.7","  4.8"," 13.8"
"34504099999","48.6","34.9666666","143.0","1978-05-05","  29.7","000000","999.9","  60.8","  39.2"," 23.3"," 0.00","1018.5","999.9","999.9","  50.3","  6.2"," 14.4"
"34504099999","48.6","34.9666666","143.0","1978-05-06","  33.3","000000","999.9","  62.6","  39.2","  9.7"," 0.00","1022.8","999.9","999.9","  51.4","  5.5","  5.8"
"34504099999","48.6","34.9666666","143.0","1978-05-07","  38.3","000000","999.9","  68.0","  42.8"," 11.7"," 0.00","1022.8","999.9","999.9","  55.2","  6.2","  6.6"
"34504099999","48.6","34.9666666","143.0","1978-05-08","  39.5","000000","999.9","  71.6","  44.6"," 36.9"," 0.00","1017.1","999.9","999.9","  55.7","  6.2"," 15.8"
"34504099999","48.6","34.9666666","143.0","1978-05-09","  47.0","000000","999.9","  71.6","  51.8"," 15.5"," 0.00","1009.1","999.9","999.9","  59.6","  5.6"," 12.6"
"34504099999","48.6","34.9666666","143.0","1978-05-10","  47.4","000000","999.9","  69.8","  51.8"," 15.5"," 0.00","1009.6","999.9","999.9","  61.6","  6.2"," 12.8"
"34504099999","48.6","34.9666666","143.0","1978-05-11","  51.8","010010","999.9","  64.4","  50.0","  5.8"," 0.63","1013.9","999.9","999.9","  55.9","  3.7","  1.9"
"34504099999","48.6","34.9666666","143.0","1978-05-12","  53.2","110010","999.9","  68.0","  48.2"," 15.5"," 0.31","1010.1","999.9","999.9","  56.8","  2.6","  6.6"
"34504099999","48.6","34.9666666","143.0","1978-05-13","  54.4","010010","999.9","  64.4","  53.6"," 11.7"," 0.22","1004.0","999.9","999.9","  57.8","  5.0","  9.5"
"34504099999","48.6","34.9666666","143.0","1978-05-14","  46.6","010000","999.9","  51.8","  46.4"," 15.5"," 0.63","1007.7","999.9","999.9","  48.4","  3.2","  9.0"
"34504099999","48.6","34.9666666","143.0","1978-05-15","  46.9","000000","999.9","  59.0","  46.4"," 17.5"," 0.00","1010.4","999.9","999.9","  52.1","  5.0"," 10.3"
"34504099999","48.6","34.9666666","143.0","1978-05-16","  43.0","100000","999.9","  62.6","  42.8","  3.9"," 0.00","1013.4","999.9","999.9","  55.4","  3.7","  1.7"
"34504099999","48.6","34.9666666","143.0","1978-05-17","  49.6","010000","999.9","  51.8","  50.0"," 23.3"," 1.54","1011.5","999.9","999.9","  50.7","  1.6"," 13.8"
"34504099999","48.6","34.9666666","143.0","1978-05-18","  48.2","010000","999.9","  55.4","  50.0"," 19.4"," 0.63","1011.0","999.9","999.9","  51.1","  1.9"," 15.8"
"34504099999","48.6","34.9666666","143.0","1978-05-19","  50.4","110000","999.9","  59.0","  50.0"," 11.7"," 0.35","1010.8","999.9","999.9","  53.8","  2.9","  7.8"
"34504099999","48.6","34.9666666","143.0","1978-05-20","  47.3","010110","999.9","  68.0","  50.0"," 13.6"," 0.16","1014.0","999.9","999.9","  57.2","  4.3","  8.5"
"34504099999","48.6","34.9666666","143.0","1978-05-21","  44.3","000000","999.9","  68.0","  51.8"," 15.5"," 0.00","1015.5","999.9","999.9","  60.2","  5.6","  9.4"
"34504099999","48.6","34.9666666","143.0","1978-05-22","  41.9","000000","999.9","  68.0","  46.4","  7.8"," 0.00","1019.8","999.9","999.9","  57.9","  6.2","  2.9"
"34504099999","48.6","34.9666666","143.0","1978-05-23","  50.0","010000","999.9","  69.8","  53.6"," 15.5"," 0.00","1014.1","999.9","999.9","  61.0","  5.3"," 11.2"
"34504099999","48.6","34.9666666","143.0","1978-05-24","  48.7","010000","999.9","  59.0","  50.0"," 13.6"," 0.04","1010.0","999.9","999.9","  54.7","  5.1"," 10.4"
"34504099999","48.6","34.9666666","143.0","1978-05-25","  44.4","000000","999.9","  66.2","  46.4"," 15.5"," 0.00","1014.0","999.9","999.9","  55.8","  5.7"," 10.9"
"34504099999","48.6","34.9666666","143.0","1978-05-26","  43.7","010010","999.9","  60.8","  46.4"," 17.5"," 0.00","1016.8","999.9","999.9","  55.4","  5.6"," 12.1"
"34504099999","48.6","34.9666666","143.0","1978-05-27","  48.2","000000","999.9","  62.6","  50.0","  7.8"," 0.00","1017.7","999.9","999.9","  57.2","  5.1","  2.4"
"34504099999","48.6","34.9666666","143.0","1978-05-28","  50.9","100000","999.9","  68.0","  50.0"," 11.7"," 0.00","1015.5","999.9","999.9","  59.4","  4.3","  7.8"
"34504099999","48.6","34.9666666","143.0","1978-05-29","  52.5","000010","999.9","  68.0","  55.4"," 15.5"," 0.59","1013.5","999.9","999.9","  61.2","  5.7"," 12.1"
"34504099999","48.6","34.9666666","143.0","1978-05-30","  52.5","010010","999.9","  71.6","  53.6","  9.7"," 0.04","1012.7","999.9","999.9","  61.5","  4.6","  7.3"
"34504099999","48.6","34.9666666","143.0","1978-05-31","  46.9","010010","999.9","  73.4","  51.8"," 19.4"," 0.12","1010.9","999.9","999.9","  58.3","  4.8","  9.5"
"34504099999","48.6","34.9666666","143.0","1978-06-01","  39.0","000000","999.9","  66.2","  46.4"," 15.5"," 0.00","1014.7","999.9","999.9","  56.3","  5.3","  9.5"
"34504099999","48.6","34.9666666","143.0","1978-06-02","  46.2","010000","999.9","  73.4","  51.8"," 23.3"," 0.04","1009.2","999.9","999.9","  58.8","  6.2"," 12.1"
"34504099999","48.6","34.9666666","143.0","1978-06-03","  36.1","000000","999.9","  57.2","  44.6"," 15.5"," 0.00","1015.2","999.9","999.9","  51.6","  5.7","  9.7"
"34504099999","48.6","34.9666666","143.0","1978-06-04","  40.5","000000","999.9","  62.6","  46.4"," 11.7"," 0.00","1017.1","999.9","999.9","  54.9","  6.2","  6.6"
"34504099999","48.6","34.9666666","143.0","1978-06-05","  46.2","000000","999.9","  77.0","  48.2"," 13.6"," 0.00","1016.5","999.9","999.9","  64.6","  6.2","  8.0"
"34504099999","48.6","34.9666666","143.0","1978-06-06","  49.3","000000","999.9","  77.0","  53.6"," 15.5"," 0.00","1017.7","999.9","999.9","  66.2","  6.2","  8.7"
"34504099999","48.6","34.9666666","143.0","1978-06-07","  43.5","000000","999.9","  69.8","  48.2"," 11.7"," 0.00","1024.0","999.9","999.9","  59.0","  6.2","  9.0"
"34504099999","48.6","34.9666666","143.0","1978-06-08","  46.7","000000","999.9","  75.2","  50.0"," 13.6"," 0.00","1019.4","999.9","999.9","  63.1","  6.2","  7.8"
"34504099999","48.6","34.9666666","143.0","1978-06-09","  52.0","000000","999.9","  78.8","  55.4"," 13.6"," 0.00","1012.6","999.9","999.9","  68.0","  5.7","  6.7"
"34504099999","48.6","34.9666666","143.0","1978-06-10","  57.5","010011","999.9","  77.0","  57.2","  5.8"," 0.31","1012.9","999.9","999.9","  65.4","  5.1","  3.3"
"34504099999","48.6","34.9666666","143.0","1978-06-11","  59.2","110010","999.9","  80.6","  57.2"," 15.5"," 1.34","1013.9","999.9","999.9","  66.7","  2.7","  6.6"
"34504099999","48.6","34.9666666","143.0","1978-06-12","  51.6","000000","999.9","  69.8","  59.0"," 13.6"," 0.02","1014.7","999.9","999.9","  63.5","  3.7","  7.5"
"34504099999","48.6","34.9666666","143.0","1978-06-13","  58.1","010000","999.9","  73.4","  55.4"," 17.5"," 0.04","1010.8","999.9","999.9","  65.1","  3.7"," 10.9"
"34504099999","48.6","34.9666666","143.0","1978-06-14","  55.0","010000","999.9","  68.0","  59.0","  9.7"," 0.43","1008.1","999.9","999.9","  61.5","  3.9","  5.1"
"34504099999","48.6","34.9666666","143.0","1978-06-15","  54.3","010000","999.9","  68.0","  53.6","  7.8"," 0.04","1007.9","999.9","999.9","  60.6","  3.3","  4.4"
"34504099999","48.6","34.9666666","143.0","1978-06-16","  51.3","100000","999.9","  69.8","  50.0","  5.8"," 0.12","1007.3","999.9","999.9","  60.3","  3.4","  2.9"
"34504099999","48.6","34.9666666","143.0","1978-06-17","  51.6","010000","999.9","  71.6","  57.2","  9.7"," 0.00","1009.1","999.9","999.9","  63.9","  5.7","  6.3"
"34504099999","48.6","34.9666666","143.0","1978-06-18","  52.9","010000","999.9","  77.0","  55.4"," 21.4"," 0.00","1010.2","999.9","999.9","  66.4","  4.8"," 12.1"
"34504099999","48.6","34.9666666","143.0","1978-06-19","  46.4","000000","999.9","  57.2","  48.2"," 19.4"," 0.04","1009.7","999.9","999.9","  54.3","  6.2"," 13.1"
"34504099999","48.6","34.9666666","143.0","1978-06-20","  42.6","000000","999.9","  62.6","  46.4"," 13.6"," 0.00","1008.8","999.9","999.9","  54.3","  5.7","  6.8"
"34504099999","48.6","34.9666666","143.0","1978-06-21","  41.7","000000","999.9","  68.0","  44.6"," 11.7"," 0.00","1007.9","999.9","999.9","  58.3","  6.2","  5.3"
"34504099999","48.6","34.9666666","143.0","1978-06-22","  45.0","000000","999.9","  71.6","  50.0","  7.8"," 0.00","1002.9","999.9","999.9","  63.0","  5.3","  2.7"
"34504099999","48.6","34.9666666","143.0","1978-06-23","  49.1","000000","999.9","  75.2","  51.8"," 13.6"," 0.00","1002.1","999.9","999.9","  65.5","  6.2","  4.9"
"34504099999","48.6","34.9666666","143.0","1978-06-24","  53.6","000000","999.9","  77.0","  55.4","  7.8"," 0.00","1010.3","999.9","999.9","  68.2","  6.2","  1.9"
"34504099999","48.6","34.9666666","143.0","1978-06-25","  54.7","000000","999.9","  80.6","  59.0","  5.8"," 0.01","1013.4","999.9","999.9","  71.2","  5.7","  3.2"
"34504099999","48.6","34.9666666","143.0","1978-06-26","  53.4","000000","999.9","  80.6","  57.2","  5.8"," 0.00","1009.8","999.9","999.9","  70.3","  6.2","  4.1"
"34504099999","48.6","34.9666666","143.0","1978-06-27","  57.7","000000","999.9","  82.4","  60.8"," 11.7"," 0.00","1008.9","999.9","999.9","  72.1","  6.2","  5.8"
"34504099999","48.6","34.9666666","143.0","1978-06-28","  60.1","000000","999.9","  86.0","  62.6"," 19.4"," 0.00","1008.4","999.9","999.9","  71.8","  5.7"," 13.6"
"34504099999","48.6","34.9666666","143.0","1978-06-29","  58.8","010010","999.9","  71.6","  60.8"," 17.5"," 0.75","1003.8","999.9","999.9","  64.6","  3.9"," 11.4"
"34504099999","48.6","34.9666666","143.0","1978-06-30","  60.5","010000","999.9","  75.2","  60.8"," 13.6"," 4.49","1004.0","999.9","999.9","  66.5"," 10.2"," 10.3"
"34504099999","48.6","34.9666666","143.0","1978-07-01","  57.7","000000","999.9","  77.0","  62.6"," 15.5"," 0.00","1009.2","999.9","999.9","  69.4","  5.3","  9.5"
"34504099999","48.6","34.9666666","143.0","1978-07-02","  58.8","000000","999.9","  78.8","  60.8"," 11.7"," 0.00","1013.1","999.9","999.9","  68.9","  4.8","  3.9"
"34504099999","48.6","34.9666666","143.0","1978-07-03","  60.1","010010","999.9","  77.0","  59.0"," 11.7"," 0.47","1010.5","999.9","999.9","  66.0","  3.3","  6.3"
"34504099999","48.6","34.9666666","143.0","1978-07-04","  59.9","110000","999.9","  77.0","  59.0","  7.8"," 0.35","1011.7","999.9","999.9","  66.7","  2.8","  3.2"
"34504099999","48.6","34.9666666","143.0","1978-07-05","  60.0","000000","999.9","  80.6","  59.0","  5.8"," 0.00","1016.8","999.9","999.9","  70.6","  4.1","  1.5"
"34504099999","48.6","34.9666666","143.0","1978-07-06","  61.9","000000","999.9","  82.4","  64.4"," 17.5"," 0.00","1014.6","999.9","999.9","  74.1","  4.0"," 10.4"
"34504099999","48.6","34.9666666","143.0","1978-07-07","  57.0","000000","999.9","  78.8","  60.8"," 13.6"," 0.00","1015.7","999.9","999.9","  70.3","  6.2","  8.5"
"34504099999","48.6","34.9666666","143.0","1978-07-08","  61.2","000000","999.9","  86.0","  60.8"," 17.5"," 0.00","1009.2","999.9","999.9","  72.5","  5.7"," 10.0"
"34504099999","48.6","34.9666666","143.0","1978-07-09","  54.7","000000","999.9","  71.6","  60.8"," 17.5"," 0.00","1010.6","999.9","999.9","  65.5","  6.2"," 10.7"
"34504099999","48.6","34.9666666","143.0","1978-07-10","  53.6","010010","999.9","  77.0","  57.2"," 15.5"," 0.00","1010.9","999.9","999.9","  68.4","  5.0","  6.6"
"34504099999","48.6","34.9666666","143.0","1978-07-11","  51.6","100000","999.9","  73.4","  57.2"," 13.6"," 0.12","1010.8","999.9","999.9","  64.9","  4.3","  5.8"
"34504099999","48.6","34.9666666","143.0","1978-07-12","  51.0","000000","999.9","  77.0","  53.6"," 13.6"," 0.00","1016.3","999.9","999.9","  65.8","  6.2","  6.6"
"34504099999","48.6","34.9666666","143.0","1978-07-13","  56.1","010000","999.9","  78.8","  57.2","  5.8"," 0.00","1017.6","999.9","999.9","  68.4","  5.3","  1.2"
"34504099999","48.6","34.9666666","143.0","1978-07-14","  58.6","010000","999.9","  77.0","  62.6"," 11.7"," 0.04","1014.3","999.9","999.9","  67.6","  3.9","  6.6"
"34504099999","48.6","34.9666666","143.0","1978-07-15","  53.1","000000","999.9","  77.0","  59.0"," 11.7"," 0.00","1014.0","999.9","999.9","  67.0","  5.1","  7.5"
"34504099999","48.6","34.9666666","143.0","1978-07-16","  54.0","000000","999.9","  82.4","  55.4","  9.7"," 0.00","1012.9","999.9","999.9","  70.9","  5.7","  4.6"
"34504099999","48.6","34.9666666","143.0","1978-07-17","  54.4","010000","999.9","  68.0","  53.6"," 13.6"," 0.16","1012.2","999.9","999.9","  61.1","  4.1","  6.9"
"34504099999","48.6","34.9666666","143.0","1978-07-18","  47.8","000000","999.9","  68.0","  50.0"," 13.6"," 0.00","1015.4","999.9","999.9","  60.4","  6.2","  7.0"
"34504099999","48.6","34.9666666","143.0","1978-07-19","  54.9","010000","999.9","  75.2","  53.6"," 19.4"," 0.04","1010.0","999.9","999.9","  65.9","  5.1"," 12.5"
"34504099999","48.6","34.9666666","143.0","1978-07-20","  58.7","010010","999.9","  73.4","  59.0"," 25.3"," 0.00","1001.5","999.9","999.9","  64.7","  3.9"," 18.6"
"34504099999","48.6","34.9666666","143.0","1978-07-21","  52.5","000000","999.9","  73.4","  50.0","  5.8"," 0.00","1009.9","999.9","999.9","  63.5","  5.7","  3.2"
"34504099999","48.6","34.9666666","143.0","1978-07-22","  54.3","000000","999.9","  78.8","  57.2","  9.7"," 0.00","1009.9","999.9","999.9","  67.6","  6.1","  5.6"
"34504099999","48.6","34.9666666","143.0","1978-07-23","  55.4","010010","999.9","  71.6","  57.2"," 17.5"," 0.06","1002.9","999.9","999.9","  63.3","  6.2"," 12.6"
"34504099999","48.6","34.9666666","143.0","1978-07-24","  54.6","010010","999.9","  64.4","  55.4"," 17.5"," 1.18"," 999.6","999.9","999.9","  58.5","  4.2","  9.4"
"34504099999","48.6","34.9666666","143.0","1978-07-25","  56.1","000000","999.9","  68.0","  53.6"," 15.5"," 0.00","1004.7","999.9","999.9","  61.7","  4.2","  7.5"
"34504099999","48.6","34.9666666","143.0","1978-07-26","  57.0","000000","999.9","  71.6","  59.0"," 11.7"," 0.00","1011.9","999.9","999.9","  63.9","  4.8","  9.0"
"34504099999","48.6","34.9666666","143.0","1978-07-27","  56.3","000000","999.9","  71.6","  57.2","  9.7"," 0.00","1019.3","999.9","999.9","  63.5","  4.1","  5.6"
"34504099999","48.6","34.9666666","143.0","1978-07-28","  54.5","000000","999.9","  71.6","  55.4"," 13.6"," 0.00","1022.5","999.9","999.9","  63.5","  4.8"," 10.9"
"34504099999","48.6","34.9666666","143.0","1978-07-29","  51.8","000000","999.9","  75.2","  57.2"," 15.5"," 0.00","1022.3","999.9","999.9","  66.8","  5.4"," 10.1"
"34504099999","48.6","34.9666666","143.0","1978-07-30","  52.5","000000","999.9","  78.8","  59.0"," 15.5"," 0.00","1018.5","999.9","999.9","  70.0","  6.2"," 10.4"
"34504099999","48.6","34.9666666","143.0","1978-07-31","  53.8","010000","999.9","  73.4","  60.8"," 19.4"," 0.12","1016.4","999.9","999.9","  65.1","  6.2"," 14.1"
"34504099999","48.6","34.9666666","143.0","1978-08-01","  53.6","010000","999.9","  75.2","  57.2"," 15.5"," 0.20","1017.8","999.9","999.9","  64.8","  6.2"," 12.1"
"34504099999","48.6","34.9666666","143.0","1978-08-02","  48.2","000000","999.9","  77.0","  55.4"," 11.7"," 0.00","1020.5","999.9","999.9","  67.8","  6.2","  9.7"
"34504099999","48.6","34.9666666","143.0","1978-08-03","  52.0","000010","999.9","  80.6","  57.2"," 11.7"," 0.00","1016.5","999.9","999.9","  68.9","  5.3","  8.7"
"34504099999","48.6","34.9666666","143.0","1978-08-04","  59.0","010000","999.9","  71.6","  62.6"," 11.7"," 0.01","1013.5","999.9","999.9","  66.4","  4.3","  5.6"
"34504099999","48.6","34.9666666","143.0","1978-08-05","  55.2","000000","999.9","  77.0","  59.0","  7.8"," 0.00","1011.8","999.9","999.9","  68.7","  5.3","  2.2"
"34504099999","48.6","34.9666666","143.0","1978-08-06","  59.8","010000","999.9","  82.4","  60.8"," 15.5"," 0.08","1009.4","999.9","999.9","  68.9","  3.6","  4.1"
"34504099999","48.6","34.9666666","143.0","1978-08-07","  57.7","000000","999.9","  77.0","  60.8","  7.8"," 0.00","1011.9","999.9","999.9","  67.6","  3.6","  5.3"
"34504099999","48.6","34.9666666","143.0","1978-08-08","  56.3","000000","999.9","  82.4","  57.2"," 13.6"," 0.00","1013.8","999.9","999.9","  69.8","  5.3","  9.2"
"34504099999","48.6","34.9666666","143.0","1978-08-09","  61.0","000000","999.9","  82.4","  60.8"," 17.5"," 0.00","1008.6","999.9","999.9","  72.9","  4.6"," 13.1"
"34504099999","48.6","34.9666666","143.0","1978-08-10","  51.1","000000","999.9","  77.0","  57.2"," 17.5"," 0.00","1008.7","999.9","999.9","  68.0","  5.7"," 10.0"
"34504099999","48.6","34.9666666","143.0","1978-08-11","  47.4","000000","999.9","  75.2","  51.8","  9.7"," 0.00","1011.9","999.9","999.9","  65.2","  6.2","  5.0"
"34504099999","48.6","34.9666666","143.0","1978-08-12","  47.5","000000","999.9","  73.4","  53.6","  7.8"," 0.00","1013.3","999.9","999.9","  63.7","  5.3","  3.4"
"34504099999","48.6","34.9666666","143.0","1978-08-13","  50.7","000000","999.9","  73.4","  55.4","  5.8"," 0.00","1013.0","999.9","999.9","  64.2","  4.1","  1.2"
"34504099999","48.6","34.9666666","143.0","1978-08-14","  46.0","000000","999.9","  71.6","  53.6"," 11.7"," 0.00","1016.0","999.9","999.9","  62.6","  6.2","  6.3"
"34504099999","48.6","34.9666666","143.0","1978-08-15","  47.5","000000","999.9","  73.4","  55.4","  7.8"," 0.00","1019.9","999.9","999.9","  65.1","  5.7","  2.7"
"34504099999","48.6","34.9666666","143.0","1978-08-16","  49.6","000000","999.9","  75.2","  57.2","  7.8"," 0.00","1021.7","999.9","999.9","  67.1","  4.3","  5.8"
"34504099999","48.6","34.9666666","143.0","1978-08-17","  52.3","000000","999.9","  77.0","  59.0"," 11.7"," 0.00","1023.4","999.9","999.9","  67.3","  4.7","  6.1"
"34504099999","48.6","34.9666666","143.0","1978-08-18","  42.8","000000","999.9","  77.0","  55.4"," 13.6"," 0.00","1023.8","999.9","999.9","  65.8","  6.0","  8.5"
"34504099999","48.6","34.9666666","143.0","1978-08-19","  44.1","000000","999.9","  78.8","  53.6","  9.7"," 0.00","1022.5","999.9","999.9","  67.1","  5.7","  2.7"
"34504099999","48.6","34.9666666","143.0","1978-08-20","  47.1","000000","999.9","  78.8","  53.6"," 11.7"," 0.00","1019.9","999.9","999.9","  67.1","  6.2","  6.8"
"34504099999","48.6","34.9666666","143.0","1978-08-21","  43.5","000000","999.9","  78.8","  59.0"," 19.4"," 0.00","1018.0","999.9","999.9","  68.7","  6.2"," 12.6"
"34504099999","48.6","34.9666666","143.0","1978-08-22","  50.9","000000","999.9","  80.6","  64.4"," 17.5"," 0.00","1016.7","999.9","999.9","  70.9","  5.1"," 12.6"
"34504099999","48.6","34.9666666","143.0","1978-08-23","  53.4","000000","999.9","  69.8","  60.8"," 19.4"," 0.00","1017.5","999.9","999.9","  65.3","  6.2"," 12.4"
"34504099999","48.6","34.9666666","143.0","1978-08-24","  48.2","000000","999.9","  73.4","  57.2"," 15.5"," 0.00","1017.5","999.9","999.9","  65.1","  5.6"," 10.2"
"34504099999","48.6","34.9666666","143.0","1978-08-25","  50.7","000000","999.9","  78.8","  57.2","  9.7"," 0.00","1016.4","999.9","999.9","  68.4","  5.7","  6.6"
"34504099999","48.6","34.9666666","143.0","1978-08-26","  57.0","010000","999.9","  77.0","  62.6","  9.7"," 0.00","1012.2","999.9","999.9","  68.2","  3.9","  5.1"
"34504099999","48.6","34.9666666","143.0","1978-08-27","  52.5","010010","999.9","  68.0","  48.2"," 15.5"," 0.24","1012.6","999.9","999.9","  58.6","  5.1","  8.5"
"34504099999","48.6","34.9666666","143.0","1978-08-28","  48.2","000000","999.9","  69.8","  46.4"," 13.6"," 0.00","1018.0","999.9","999.9","  59.4","  6.2","  6.8"
"34504099999","48.6","34.9666666","143.0","1978-08-29","  45.6","000000","999.9","  66.2","  48.2","  9.7"," 0.00","1021.4","999.9","999.9","  58.8","  5.7","  5.1"
"34504099999","48.6","34.9666666","143.0","1978-08-30","  45.3","000000","999.9","  71.6","  51.8","  9.7"," 0.00","1019.4","999.9","999.9","  62.8","  5.6","  6.6"
"34504099999","48.6","34.9666666","143.0","1978-08-31","  45.5","000000","999.9","  80.6","  55.4"," 17.5"," 0.00","1012.6","999.9","999.9","  67.1","  6.2"," 13.6"
"34504099999","48.6","34.9666666","143.0","1978-09-01","  55.9","010000","999.9","  87.8","  60.8"," 19.4"," 0.00","1001.7","999.9","999.9","  73.2","  6.2"," 15.1"
"34504099999","48.6","34.9666666","143.0","1978-09-02","  47.1","010000","999.9","  66.2","  50.0"," 17.5"," 0.16","1006.2","999.9","999.9","  57.7","  6.2"," 13.3"
"34504099999","48.6","34.9666666","143.0","1978-09-03","  49.8","010010","999.9","  66.2","  50.0"," 11.7"," 0.16","1012.7","999.9","999.9","  56.8","  6.2","  6.6"
"34504099999","48.6","34.9666666","143.0","1978-09-04","  50.2","000010","999.9","  68.0","  48.2"," 11.7"," 0.31","1011.7","999.9","999.9","  55.4","  4.3","  5.3"
"34504099999","48.6","34.9666666","143.0","1978-09-05","  48.2","000000","999.9","  68.0","  44.6","  9.7"," 0.00","1014.0","999.9","999.9","  56.8","  4.8","  4.6"
"34504099999","48.6","34.9666666","143.0","1978-09-06","  56.7","010010","999.9","  60.8","  55.4"," 11.7"," 0.63","1013.2","999.9","999.9","  58.5","  2.7","  7.5"
"34504099999","48.6","34.9666666","143.0","1978-09-07","  55.1","000000","999.9","  78.8","  51.8"," 11.7"," 0.00","1009.7","999.9","999.9","  63.4","  4.6","  5.8"
"34504099999","48.6","34.9666666","143.0","1978-09-08","  54.3","000000","999.9","  73.4","  57.2"," 17.5"," 0.00","1008.3","999.9","999.9","  64.8","  4.2"," 13.4"
"34504099999","48.6","34.9666666","143.0","1978-09-09","  49.8","000000","999.9","  75.2","  55.4"," 19.4"," 0.00","1009.9","999.9","999.9","  64.8","  6.2"," 16.3"
"34504099999","48.6","34.9666666","143.0","1978-09-10","  53.1","010000","999.9","  60.8","  55.4"," 15.5","11.81","1008.7","999.9","999.9","  58.7","  4.1"," 10.5"
"34504099999","48.6","34.9666666","143.0","1978-09-11","  55.4","100000","999.9","  64.4","  55.4","  9.7"," 0.12","1004.6","999.9","999.9","  59.2","  2.4","  1.7"
"34504099999","48.6","34.9666666","143.0","1978-09-12","  57.9","000000","999.9","  77.0","  51.8"," 15.5"," 0.00","1006.8","999.9","999.9","  64.8","  4.7","  9.0"
"34504099999","48.6","34.9666666","143.0","1978-09-13","  56.9","000000","999.9","  80.6","  55.4"," 17.5"," 0.00","1009.8","999.9","999.9","  64.8","  4.8"," 15.5"
"34504099999","48.6","34.9666666","143.0","1978-09-14","  48.7","010000","999.9","  64.4","  51.8"," 15.5"," 0.31","1019.0","999.9","999.9","  56.5","  4.9","  7.5"
"34504099999","48.6","34.9666666","143.0","1978-09-15","  47.5","000000","999.9","  69.8","  48.2","  7.8"," 0.00","1020.5","999.9","999.9","  58.1","  4.6","  3.4"
"34504099999","48.6","34.9666666","143.0","1978-09-16","  47.7","000000","999.9","  69.8","  50.0","  7.8"," 0.00","1013.2","999.9","999.9","  59.3","  5.1","  4.7"
"34504099999","48.6","34.9666666","143.0","1978-09-17","  48.7","000000","999.9","  60.8","  50.0"," 11.7"," 0.00","1013.0","999.9","999.9","  55.4","  5.3","  6.6"
"34504099999","48.6","34.9666666","143.0","1978-09-18","  47.3","110000","999.9","  64.4","  42.8"," 13.6"," 0.00","1014.3","999.9","999.9","  53.8","  4.2","  6.6"
"34504099999","48.6","34.9666666","143.0","1978-09-19","  41.9","000000","999.9","  64.4","  44.6"," 13.6"," 0.00","1014.2","999.9","999.9","  54.5","  4.6","  3.9"
"34504099999","48.6","34.9666666","143.0","1978-09-20","  47.8","010000","999.9","  53.6","  48.2"," 11.7"," 0.47","1015.3","999.9","999.9","  50.5","  3.2","  3.4"
"34504099999","48.6","34.9666666","143.0","1978-09-21","  46.6","010000","999.9","  51.8","  42.8","  7.8"," 0.31","1017.3","999.9","999.9","  48.2","  1.6","  4.6"
"34504099999","48.6","34.9666666","143.0","1978-09-22","  39.0","010000","999.9","  57.2","  37.4"," 17.5"," 0.00","1013.9","999.9","999.9","  46.0","  5.7","  7.5"
"34504099999","48.6","34.9666666","143.0","1978-09-23","  42.0","000000","999.9","  57.2","  37.4"," 13.6"," 0.00","1010.3","999.9","999.9","  49.7","  6.2","  6.7"
"34504099999","48.6","34.9666666","143.0","1978-09-24","  41.5","010000","999.9","  50.0","  39.2"," 23.3"," 0.24","1010.3","999.9","999.9","  46.7","  4.3"," 11.1"
"34504099999","48.6","34.9666666","143.0","1978-09-25","  39.9","000000","999.9","  57.2","  33.8"," 15.5"," 0.00","1018.6","999.9","999.9","  46.6","  4.8","  8.3"
"34504099999","48.6","34.9666666","143.0","1978-09-26","  52.0","000000","999.9","  69.8","  51.8"," 17.5"," 0.01","1016.9","999.9","999.9","  59.5","  5.0","  9.0"
"34504099999","48.6","34.9666666","143.0","1978-09-27","  48.9","100000","999.9","  66.2","  42.8"," 11.7"," 0.00","1018.8","999.9","999.9","  56.3","  3.9","  6.6"
"34504099999","48.6","34.9666666","143.0","1978-09-28","  50.8","000000","999.9","  75.2","  48.2"," 11.7"," 0.00","1011.2","999.9","999.9","  59.9","  4.8","  9.2"
"34504099999","48.6","34.9666666","143.0","1978-09-29","  55.4","100000","999.9","  69.8","  50.0"," 13.6"," 0.00","1006.0","999.9","999.9","  59.7","  1.9","  8.7"
"34504099999","48.6","34.9666666","143.0","1978-09-30","  47.7","010000","999.9","  62.6","  46.4"," 17.5"," 0.20","1008.9","999.9","999.9","  51.4","  2.1","  7.5"
"34504099999","48.6","34.9666666","143.0","1978-10-01","  46.9","000000","999.9","  71.6","  44.6"," 13.6"," 0.00","1016.8","999.9","999.9","  57.0","  4.7","  6.8"
"34504099999","48.6","34.9666666","143.0","1978-10-02","  51.8","000000","999.9","  66.2","  48.2","  5.8"," 0.00","1021.2","999.9","999.9","  57.2","  3.2","  2.9"
"34504099999","48.6","34.9666666","143.0","1978-10-03","  46.6","100000","999.9","  53.6","  42.8"," 11.7"," 0.00","1026.7","999.9","999.9","  50.9","  3.5","  7.3"
"34504099999","48.6","34.9666666","143.0","1978-10-04","  40.2","000000","999.9","  59.0","  39.2"," 13.6"," 0.00","1027.3","999.9","999.9","  48.7","  5.7"," 10.5"
"34504099999","48.6","34.9666666","143.0","1978-10-05","  48.5","000000","999.9","  66.2","  41.0"," 15.5"," 0.00","1014.2","999.9","999.9","  56.4","  4.3"," 10.0"
"34504099999","48.6","34.9666666","143.0","1978-10-06","  41.0","010000","999.9","  59.0","  46.4"," 23.3"," 0.00","1010.6","999.9","999.9","  53.4","  5.7"," 13.4"
"34504099999","48.6","34.9666666","143.0","1978-10-07","  36.3","000000","999.9","  53.6","  37.4"," 19.4"," 0.04","1017.9","999.9","999.9","  46.0","  6.2"," 13.6"
"34504099999","48.6","34.9666666","143.0","1978-10-08","  41.5","000000","999.9","  57.2","  35.6"," 15.5"," 0.00","1024.9","999.9","999.9","  47.3","  5.3","  8.3"
"34504099999","48.6","34.9666666","143.0","1978-10-09","  45.9","000000","999.9","  60.8","  50.0","  7.8"," 0.00","1028.0","999.9","999.9","  53.6","  2.7","  1.1"
"34504099999","48.6","34.9666666","143.0","1978-10-10","  44.2","000000","999.9","  66.2","  44.6"," 11.7"," 0.00","1026.0","999.9","999.9","  55.2","  4.7","  3.9"
"34504099999","48.6","34.9666666","143.0","1978-10-11","  42.1","010000","999.9","  62.6","  42.8"," 19.4"," 0.00","1023.6","999.9","999.9","  52.5","  4.2"," 10.4"
"34504099999","48.6","34.9666666","143.0","1978-10-12","  37.0","010000","999.9","  55.4","  35.6"," 13.6"," 0.00","1024.9","999.9","999.9","  45.3","  4.8","  7.8"
"34504099999","48.6","34.9666666","143.0","1978-10-13","  35.6","000000","999.9","  50.0","  39.2"," 11.7"," 0.00","1028.9","999.9","999.9","  43.9","  4.3","  8.3"
"34504099999","48.6","34.9666666","143.0","1978-10-14","  38.4","000000","999.9","  64.4","  35.6","  9.7"," 0.00","1027.9","999.9","999.9","  49.7","  5.1","  6.7"
"34504099999","48.6","34.9666666","143.0","1978-10-15","  43.9","000000","999.9","  68.0","  42.8","  7.8"," 0.00","1022.8","999.9","999.9","  55.4","  4.6","  4.1"
"34504099999","48.6","34.9666666","143.0","1978-10-16","  43.7","000000","999.9","  62.6","  42.8"," 11.7"," 0.00","1017.6","999.9","999.9","  52.5","  3.0","  5.8"
"34504099999","48.6","34.9666666","143.0","1978-10-17","  42.6","000000","999.9","  59.0","  41.0"," 11.7"," 0.00","1019.9","999.9","999.9","  48.9","  1.7","  9.7"
"34504099999","48.6","34.9666666","143.0","1978-10-18","  37.8","000000","999.9","  66.2","  37.4"," 13.6"," 0.00","1020.6","999.9","999.9","  50.4","  6.2"," 11.4"
"34504099999","48.6","34.9666666","143.0","1978-10-19","  43.3","010000","999.9","  60.8","  41.0"," 11.7"," 0.04","1021.1","999.9","999.9","  49.5","  3.6","  3.6"
"34504099999","48.6","34.9666666","143.0","1978-10-20","  47.1","110000","999.9","  55.4","  44.6","  7.8"," 0.00","1018.9","999.9","999.9","  50.2","  0.9","  4.6"
"34504099999","48.6","34.9666666","143.0","1978-10-21","  45.3","100000","999.9","  57.2","  46.4","  7.8"," 0.00","1010.7","999.9","999.9","  51.1","  2.5","  4.1"
"34504099999","48.6","34.9666666","143.0","1978-10-22","  36.5","010000","999.9","  53.6","  32.0"," 19.4"," 1.14","1004.1","999.9","999.9","  41.0","  4.3"," 14.3"
"34504099999","48.6","34.9666666","143.0","1978-10-23","  33.3","010000","999.9","  48.2","  30.2"," 19.4"," 0.00","1015.3","999.9","999.9","  39.9","  5.5"," 10.7"
"34504099999","48.6","34.9666666","143.0","1978-10-24","  29.7","000000","999.9","  46.4","  32.0","  5.8"," 0.00","1025.5","999.9","999.9","  39.2","  4.2","  3.4"
"34504099999","48.6","34.9666666","143.0","1978-10-25","  35.3","000000","999.9","  51.8","  35.6"," 19.4"," 0.00","1021.9","999.9","999.9","  42.8","  5.7"," 14.4"
"34504099999","48.6","34.9666666","143.0","1978-10-26","  40.0","010000","999.9","  55.4","  39.2"," 15.5"," 0.00","1011.1","999.9","999.9","  43.3","  4.4"," 10.8"
"34504099999","48.6","34.9666666","143.0","1978-10-27","  34.5","000000","999.9","  44.6","  32.0"," 15.5"," 0.08","1014.7","999.9","999.9","  40.1","  4.7"," 10.4"
"34504099999","48.6","34.9666666","143.0","1978-10-28","  30.6","100000","999.9","  37.4","  28.4","  9.7"," 0.00","1021.9","999.9","999.9","  33.8","  3.1","  5.3"
"34504099999","48.6","34.9666666","143.0","1978-10-29","  28.1","000000","999.9","  41.0","  24.8"," 15.5"," 0.00","1018.8","999.9","999.9","  35.9","  5.0","  9.2"
"34504099999","48.6","34.9666666","143.0","1978-10-30","  34.9","110000","999.9","  50.0","  35.6"," 15.5"," 0.00","1015.8","999.9","999.9","  41.2","  4.3","  9.2"
"34504099999","48.6","34.9666666","143.0","1978-10-31","  29.7","001000","999.9","  39.2","  30.2"," 13.6"," 0.00","1020.9","999.9","999.9","  34.6","  3.6","  6.9"
"34504099999","48.6","34.9666666","143.0","1978-11-01","  25.5","000000","999.9","  35.6","  26.6"," 15.5"," 0.02","1035.5","999.9","999.9","  31.1","  3.8","  8.0"
"34504099999","48.6","34.9666666","143.0","1978-11-02","  28.4","000000","999.9","  48.2","  23.0"," 11.7"," 0.00","1034.3","999.9","999.9","  35.0","  3.5","  4.3"
"34504099999","48.6","34.9666666","143.0","1978-11-03","  39.4","100000","999.9","  44.6","  39.2"," 11.7"," 0.00","1030.4","999.9","999.9","  41.7","  0.9","  7.8"
"34504099999","48.6","34.9666666","143.0","1978-11-04","  36.6","100000","999.9","  39.2","  37.4","  7.8"," 0.00","1030.1","999.9","999.9","  38.2","  0.6","  3.3"
"34504099999","48.6","34.9666666","143.0","1978-11-05","  38.2","100000","999.9","  42.8","  35.6","  9.7"," 0.00","1028.9","999.9","999.9","  41.0","  1.0","  7.8"
"34504099999","48.6","34.9666666","143.0","1978-11-06","  38.7","000000","999.9","  50.0","  35.6"," 17.5"," 0.00","1025.7","999.9","999.9","  42.5","  2.0","  9.4"
"34504099999","48.6","34.9666666","143.0","1978-11-07","  27.6","000000","999.9","  46.4","  30.2"," 35.0"," 0.00","1024.6","999.9","999.9","  38.8","  5.1"," 18.5"
"34504099999","48.6","34.9666666","143.0","1978-11-08","  22.6","000000","999.9","  35.6","  21.2"," 15.5"," 0.00","1031.2","999.9","999.9","  30.6","  6.0","  9.0"
"34504099999","48.6","34.9666666","143.0","1978-11-09","  38.3","110000","999.9","  42.8","  30.2","  7.8"," 0.00","1027.3","999.9","999.9","  39.0","  1.4","  4.6"
"34504099999","48.6","34.9666666","143.0","1978-11-10","  39.4","100000","999.9","  42.8","  39.2","  3.9"," 0.00","1028.9","999.9","999.9","  40.3","  0.5","  1.9"
"34504099999","48.6","34.9666666","143.0","1978-11-11","  38.9","010000","999.9","  48.2","  39.2","  3.9"," 0.00","1027.5","999.9","999.9","  41.5","  0.6","  3.4"
"34504099999","48.6","34.9666666","143.0","1978-11-12","  35.1","000000","999.9","  46.4","  33.8"," 15.5"," 0.00","1025.9","999.9","999.9","  39.2","  2.4"," 11.7"
"34504099999","48.6","34.9666666","143.0","1978-11-13","  23.7","000000","999.9","  37.4","  26.6","  9.7"," 0.00","1033.2","999.9","999.9","  31.1","  3.1","  4.9"
"34504099999","48.6","34.9666666","143.0","1978-11-14","  26.6","000000","999.9","  39.2","  23.0","  7.8"," 0.00","1032.0","999.9","999.9","  30.9","  1.9","  3.9"
"34504099999","48.6","34.9666666","143.0","1978-11-15","  33.6","010000","999.9","  35.6","  32.0"," 11.7"," 0.00","1029.5","999.9","999.9","  34.9","  1.0","  7.0"
"34504099999","48.6","34.9666666","143.0","1978-11-16","  40.0","100000","999.9","  50.0","  35.6","  9.7"," 0.00","1024.3","999.9","999.9","  41.5","  0.8","  4.2"
"34504099999","48.6","34.9666666","143.0","1978-11-17","  37.2","100000","999.9","  48.2","  35.6","  9.7"," 0.00","1023.5","999.9","999.9","  40.8","  0.8","  6.3"
"34504099999","48.6","34.9666666","143.0","1978-11-18","  32.5","100000","999.9","  42.8","  26.6"," 11.7"," 0.00","1026.5","999.9","999.9","  34.8","  1.7","  5.8"
"34504099999","48.6","34.9666666","143.0","1978-11-19","  35.3","110000","999.9","  46.4","  30.2"," 11.7"," 0.00","1023.6","999.9","999.9","  38.4","  1.9","  5.5"
"34504099999","48.6","34.9666666","143.0","1978-11-20","  37.0","000000","999.9","  57.2","  41.0"," 15.5"," 0.00","1020.4","999.9","999.9","  47.1","  5.3"," 12.1"
"34504099999","48.6","34.9666666","143.0","1978-11-21","  33.5","000000","999.9","  44.6","  32.0"," 13.6"," 0.00","1023.6","999.9","999.9","  40.0","  4.6"," 10.5"
"34504099999","48.6","34.9666666","143.0","1978-11-22","  31.1","100000","999.9","  41.0","  28.4","  9.7"," 0.00","1029.8","999.9","999.9","  32.9","  1.9","  7.0"
"34504099999","48.6","34.9666666","143.0","1978-11-23","  37.2","000000","999.9","  48.2","  30.2"," 17.5"," 0.00","1021.7","999.9","999.9","  41.7","  3.0"," 11.7"
"34504099999","48.6","34.9666666","143.0","1978-11-24","  32.2","010000","999.9","  44.6","  30.2"," 19.4"," 0.00","1023.1","999.9","999.9","  39.6","  5.7"," 10.4"
"34504099999","48.6","34.9666666","143.0","1978-11-25","  38.2","000000","999.9","  46.4","  37.4","  9.7"," 0.08","1020.6","999.9","999.9","  42.5","  2.5","  6.4"
"34504099999","48.6","34.9666666","143.0","1978-11-26","  37.9","100000","999.9","  44.6","  32.0"," 11.7"," 0.00","1021.2","999.9","999.9","  40.2","  1.3","  9.4"
"34504099999","48.6","34.9666666","143.0","1978-11-27","  41.7","010000","999.9","  46.4","  39.2"," 13.6"," 0.00","1018.7","999.9","999.9","  42.6","  0.9","  9.5"
"34504099999","48.6","34.9666666","143.0","1978-11-28","  42.2","010000","999.9","  50.0","  39.2"," 15.5"," 0.08","1017.4","999.9","999.9","  43.8","  3.2"," 13.6"
"34504099999","48.6","34.9666666","143.0","1978-11-29","  36.1","010000","999.9","  42.8","  35.6"," 17.5"," 0.00","1012.2","999.9","999.9","  39.2","  4.3"," 15.3"
"34504099999","48.6","34.9666666","143.0","1978-11-30","  37.9","010000","999.9","  46.4","  37.4"," 19.4"," 0.00","1006.4","999.9","999.9","  41.0","  5.1"," 16.6"
"34504099999","48.6","34.9666666","143.0","1978-12-01","  36.5","010000","999.9","  41.0","  33.8"," 19.4"," 1.42","1004.3","999.9","999.9","  37.4","  1.7"," 16.3"
"34504099999","48.6","34.9666666","143.0","1978-12-02","  32.7","110000","999.9","  35.6","  30.2"," 17.5"," 0.39","1008.5","999.9","999.9","  33.1","  0.3"," 12.1"
"34504099999","48.6","34.9666666","143.0","1978-12-03","  23.8","001000","999.9","  30.2","  21.2"," 11.7"," 0.26","1011.7","  1.6","999.9","  25.3","  1.8"," 10.5"
"34504099999","48.6","34.9666666","143.0","1978-12-04","  15.1","011000","999.9","  24.8","  15.8"," 11.7"," 0.01","1018.0","  1.6","999.9","  19.0","  1.2","  8.5"
"34504099999","48.6","34.9666666","143.0","1978-12-05","  20.9","001000","999.9","  32.0","  15.8"," 17.5"," 0.51","1015.0","999.9","999.9","  22.0","  1.7"," 12.5"
"34504099999","48.6","34.9666666","143.0","1978-12-06","  10.9","001000","999.9","  19.4","  12.2"," 19.4"," 0.02","1018.7","  4.7","999.9","  15.8","  3.4"," 16.8"
"34504099999","48.6","34.9666666","143.0","1978-12-07","   4.8","000000","999.9","  14.0","   3.2"," 15.5"," 0.00","1027.7","  4.7","999.9","   9.3","  3.9","  6.8"
"34504099999","48.6","34.9666666","143.0","1978-12-08","   5.4","001000","999.9","  12.2","   3.2","  7.8"," 0.03","1027.5","  5.9","999.9","   8.8","  0.9","  3.2"
"34504099999","48.6","34.9666666","143.0","1978-12-09","   5.9","101000","999.9","  17.6","   1.4","  7.8"," 0.05","1027.4","  5.5","999.9","  10.1","  1.2","  3.6"
"34504099999","48.6","34.9666666","143.0","1978-12-10","  13.7","100000","999.9","  19.4","  -0.4"," 11.7"," 0.00","1021.4","  5.5","999.9","  15.8","  1.7","  8.6"
"34504099999","48.6","34.9666666","143.0","1978-12-11","  23.5","001000","999.9","  39.2","  17.6"," 13.6"," 0.16","1015.6","999.9","999.9","  26.1","  1.5"," 10.4"
"34504099999","48.6","34.9666666","143.0","1978-12-12","   1.6","000000","999.9","   8.6","   1.4"," 15.5"," 0.01","1023.8","  5.5","999.9","   5.2","  2.8","  9.5"
"34504099999","48.6","34.9666666","143.0","1978-12-13","  23.0","001000","999.9","  35.6","   3.2"," 23.3"," 0.03","1010.3","  6.3","999.9","  24.8","  0.9"," 18.6"
"34504099999","48.6","34.9666666","143.0","1978-12-14","  35.1","110000","999.9","  41.0","  32.0"," 17.5"," 0.21"," 996.8","  3.9","999.9","  36.0","  0.5"," 13.4"
"34504099999","48.6","34.9666666","143.0","1978-12-15","  34.7","011000","999.9","  37.4","  32.0"," 17.5"," 0.63"," 986.5","  1.6","999.9","  35.2","  0.5"," 13.0"
"34504099999","48.6","34.9666666","143.0","1978-12-16","  33.8","100000","999.9","  37.4","  32.0"," 19.4"," 0.04","1003.6","  0.4","999.9","  34.9","  1.2"," 11.2"
"34504099999","48.6","34.9666666","143.0","1978-12-17","  35.3","110000","999.9","  39.2","  30.2"," 19.4"," 0.00","1001.3","  0.4","999.9","  35.6","  1.2"," 12.3"
"34504099999","48.6","34.9666666","143.0","1978-12-18","  11.3","001000","999.9","  33.8","   6.8"," 33.0"," 0.01","1014.8","999.9","999.9","  19.2","  4.1"," 22.6"
"34504099999","48.6","34.9666666","143.0","1978-12-19","   5.9","001000","999.9","  23.0","   5.0"," 17.5"," 0.00","1026.4","999.9","999.9","  15.1","  6.2"," 13.8"
"34504099999","48.6","34.9666666","143.0","1978-12-20","  14.0","000000","999.9","  28.4","  15.8"," 17.5"," 0.00","1020.4","999.9","999.9","  21.4","  5.7"," 11.7"
"34504099999","48.6","34.9666666","143.0","1978-12-21","   9.7","000000","999.9","  17.6","  10.4","999.9"," 0.00","1025.2","999.9","999.9","  14.0","  4.7","  0.0"
"34504099999","48.6","34.9666666","143.0","1978-12-22","   0.7","001000","999.9","  14.0","   3.2"," 13.6"," 0.04","1036.7","  0.4","999.9","   6.8","  4.4","  8.3"
"34504099999","48.6","34.9666666","143.0","1978-12-23","   2.7","000000","999.9","  23.0","   1.4"," 17.5"," 0.00","1033.7","  0.4","999.9","  11.5","  6.2"," 11.4"
"34504099999","48.6","34.9666666","143.0","1978-12-24","   7.9","000000","999.9","  23.0","   6.8"," 15.5"," 0.00","1020.3","  0.4","999.9","  16.0","  6.2","  9.0"
"34504099999","48.6","34.9666666","143.0","1978-12-25","  22.5","001000","999.9","  24.8","  17.6","  7.8"," 0.00","1015.1","  0.4","999.9","  23.9","  3.7","  4.4"
"34504099999","48.6","34.9666666","143.0","1978-12-26","  21.4","111000","999.9","  24.8","  21.2"," 11.7"," 0.00","1015.4","  0.4","999.9","  23.4","  0.9","  6.8"
"34504099999","48.6","34.9666666","143.0","1978-12-27","  31.1","111000","999.9","  33.8","  24.8"," 15.5"," 0.08","1010.5","  0.8","999.9","  31.1","  0.2"," 12.9"
"34504099999","48.6","34.9666666","143.0","1978-12-28","  33.0","010000","999.9","  33.8","  32.0"," 15.5"," 0.04","1007.1","999.9","999.9","  33.6","  3.0","  8.5"
"34504099999","48.6","34.9666666","143.0","1978-12-29","  35.6","110000","999.9","  37.4","  33.8"," 13.6"," 0.22","1000.1","999.9","999.9","  35.8","  0.5"," 10.9"
"34504099999","48.6","34.9666666","143.0","1978-12-30","  31.8","111000","999.9","  42.8","   8.6"," 19.4"," 0.12"," 995.6","999.9","999.9","  33.1","  1.2"," 12.6"
"34504099999","48.6","34.9666666","143.0","1978-12-31","  -2.0","001000","999.9","  17.6","  -0.4"," 17.5"," 0.08","1010.1","  0.8","999.9","   5.0","  5.1"," 13.3"
"34504099999","48.6","34.9666666","143.0","1979-01-01","  30.7","110000","999.9","  37.4","  17.6"," 21.4"," 0.24"," 993.4","999.9","999.9","  30.7","  0.5"," 12.2"
"34504099999","48.6","34.9666666","143.0","1979-01-02","  13.6","011000","999.9","  35.6","  10.4"," 23.3"," 0.47"," 998.4","  0.4","999.9","  16.9","  2.2"," 14.3"
"34504099999","48.6","34.9666666","143.0","1979-01-03","   4.8","001000","999.9","  14.0","   5.0"," 15.5"," 0.32","1000.8","  2.4","999.9","   9.3","  4.9"," 12.6"
"34504099999","48.6","34.9666666","143.0","1979-01-04","   1.8","001000","999.9","  12.2","   1.4"," 17.5"," 0.01","1007.3","  0.4","999.9","   6.3","  3.4"," 14.3"
"34504099999","48.6","34.9666666","143.0","1979-01-05","   5.4","001000","999.9","  15.8","   5.0"," 13.6","99.99","1008.0","  2.8","999.9","   9.5","  2.5"," 10.9"
"34504099999","48.6","34.9666666","143.0","1979-01-06","  -5.4","001000","999.9","   3.2","  -4.0"," 15.5"," 0.03","1014.1","  2.8","999.9","   0.9","  3.8"," 12.9"
"34504099999","48.6","34.9666666","143.0","1979-01-07","  -9.6","000000","999.9","   1.4","  -9.4","  9.7"," 0.00","1030.2","  2.8","999.9","  -4.2","  2.5","  6.6"
"34504099999","48.6","34.9666666","143.0","1979-01-08","  -1.2","010000","999.9","  14.0","  -7.6"," 19.4"," 0.00","1032.1","  2.8","999.9","   3.5","  4.6"," 10.8"
"34504099999","48.6","34.9666666","143.0","1979-01-09","  22.3","001000","999.9","  30.2","  12.2"," 19.4"," 0.00","1024.0","  2.8","999.9","  24.8","  5.3"," 15.5"
"34504099999","48.6","34.9666666","143.0","1979-01-10","  29.7","000000","999.9","  33.8","  26.6"," 19.4"," 0.00","1018.0","  2.4","999.9","  32.0","  5.7"," 16.0"
"34504099999","48.6","34.9666666","143.0","1979-01-11","  29.2","000000","999.9","  46.4","  28.4"," 19.4"," 0.00","1009.9","  1.6","999.9","  33.8","  5.1"," 18.0"
"34504099999","48.6","34.9666666","143.0","1979-01-12","  33.0","010000","999.9","  37.4","  30.2"," 17.5"," 0.04","1009.8","  1.2","999.9","  34.1","  3.1"," 14.7"
"34504099999","48.6","34.9666666","143.0","1979-01-13","  32.9","000000","999.9","  39.2","  32.0"," 19.4"," 0.00","1012.5","999.9","999.9","  34.9","  6.2"," 18.2"
"34504099999","48.6","34.9666666","143.0","1979-01-14","  30.9","110000","999.9","  33.8","  30.2"," 21.4"," 0.08","1014.8","999.9","999.9","  32.2","  2.8"," 16.0"
"34504099999","48.6","34.9666666","143.0","1979-01-15","  26.3","000000","999.9","  32.0","  12.2"," 23.3"," 0.00","1018.7","999.9","999.9","  27.1","  5.0"," 20.8"
"34504099999","48.6","34.9666666","143.0","1979-01-16","  24.6","001000","999.9","  30.2","  26.6"," 27.2"," 0.00","1025.2","999.9","999.9","  27.5","  6.2"," 21.6"
"34504099999","48.6","34.9666666","143.0","1979-01-17","  21.2","001000","999.9","  24.8","  21.2"," 23.3"," 0.04","1030.9","999.9","999.9","  23.9","  5.3"," 16.3"
"34504099999","48.6","34.9666666","143.0","1979-01-18","  14.4","001000","999.9","  24.8","  21.2"," 17.5"," 0.00","1031.6","999.9","999.9","  21.9","  4.7"," 15.8"
"34504099999","48.6","34.9666666","143.0","1979-01-19","  21.4","001000","999.9","  24.8","  21.2"," 19.4"," 0.00","1026.1","999.9","999.9","  23.7","  3.0"," 16.3"
"34504099999","48.6","34.9666666","143.0","1979-01-20","  20.1","001000","999.9","  24.8","  21.2"," 17.5"," 0.00","1022.8","  0.4","999.9","  23.5","  6.2"," 11.7"
"34504099999","48.6","34.9666666","143.0","1979-01-21","  14.5","001000","999.9","  21.2","  10.4"," 17.5"," 0.03","1025.4","  0.8","999.9","  17.6","  2.6"," 13.8"
"34504099999","48.6","34.9666666","143.0","1979-01-22","   6.8","000000","999.9","  17.6","   6.8"," 11.7"," 0.00","1034.8","  0.8","999.9","  11.7","  4.6","  8.6"
"34504099999","48.6","34.9666666","143.0","1979-01-23","   9.3","001000","999.9","  17.6","   6.8"," 17.5"," 0.08","1023.3","  0.8","999.9","  13.3","  2.9"," 10.4"
"34504099999","48.6","34.9666666","143.0","1979-01-24","  18.4","011000","999.9","  24.8","  15.8"," 17.5"," 2.17","1019.4","  3.1","999.9","  20.5","  1.3"," 11.7"
"34504099999","48.6","34.9666666","143.0","1979-01-25","  30.2","011000","999.9","  33.8","  23.0"," 21.4"," 0.00","1019.3","  3.1","999.9","  30.4","  2.2"," 18.9"
"34504099999","48.6","34.9666666","143.0","1979-01-26","  34.5","010000","999.9","  35.6","  32.0"," 19.4"," 0.28","1015.1","  1.6","999.9","  34.7","  1.2"," 16.5"
"34504099999","48.6","34.9666666","143.0","1979-01-27","  37.7","110000","999.9","  39.2","  35.6"," 15.5"," 0.16","1012.4","999.9","999.9","  37.9","  0.9"," 13.3"
"34504099999","48.6","34.9666666","143.0","1979-01-28","  38.1","100000","999.9","  41.0","  35.6"," 15.5"," 0.04","1014.2","999.9","999.9","  38.3","  0.0"," 11.7"
"34504099999","48.6","34.9666666","143.0","1979-01-29","  40.5","100000","999.9","  44.6","  37.4"," 23.3"," 0.00","1008.3","999.9","999.9","  41.7","  1.4"," 15.1"
"34504099999","48.6","34.9666666","143.0","1979-01-30","  41.5","010000","999.9","  46.4","  39.2"," 19.4"," 0.16","1001.4","999.9","999.9","  42.1","  2.9"," 15.3"
"34504099999","48.6","34.9666666","143.0","1979-01-31","  31.5","000000","999.9","  42.8","  32.0"," 13.6"," 0.00","1008.0","999.9","999.9","  35.4","  3.7","  8.5"
"34504099999","48.6","34.9666666","143.0","1979-02-01","  32.0","110000","999.9","  37.4","  30.2"," 19.4"," 0.35","1004.3","999.9","999.9","  32.9","  2.2"," 14.6"
"34504099999","48.6","34.9666666","143.0","1979-02-02","  28.1","001000","999.9","  35.6","  28.4"," 13.6"," 0.00","1010.5","999.9","999.9","  31.3","  4.7"," 11.7"
"34504099999","48.6","34.9666666","143.0","1979-02-03","  34.4","010000","999.9","  39.2","  32.0"," 19.4"," 0.04","1006.0","999.9","999.9","  35.6","  3.7"," 15.5"
"34504099999","48.6","34.9666666","143.0","1979-02-04","  34.8","110000","999.9","  41.0","  30.2"," 11.7"," 0.00","1008.7","999.9","999.9","  35.9","  0.4","  8.9"
"34504099999","48.6","34.9666666","143.0","1979-02-05","  31.7","010000","999.9","  42.8","  30.2","  9.7"," 0.20","1007.1","999.9","999.9","  36.1","  3.3","  6.6"
"34504099999","48.6","34.9666666","143.0","1979-02-06","  31.1","110000","999.9","  35.6","  28.4"," 11.7"," 0.00","1005.2","999.9","999.9","  32.9","  1.0","  5.8"
"34504099999","48.6","34.9666666","143.0","1979-02-07","  25.8","101000","999.9","  33.8","  23.0"," 19.4"," 0.02","1005.9","999.9","999.9","  28.6","  3.1"," 12.6"
"34504099999","48.6","34.9666666","143.0","1979-02-08","  14.0","011100","999.9","  23.0","  19.4"," 17.5"," 0.01","1015.2","999.9","999.9","  21.0","  5.3","  8.7"
"34504099999","48.6","34.9666666","143.0","1979-02-09","  20.7","001000","999.9","  32.0","  17.6"," 17.5"," 0.04","1009.8","999.9","999.9","  24.1","  4.3"," 11.4"
"34504099999","48.6","34.9666666","143.0","1979-02-10","  20.2","001000","999.9","  32.0","  15.8"," 15.5"," 0.02","1006.3","999.9","999.9","  25.8","  3.0","  9.7"
"34504099999","48.6","34.9666666","143.0","1979-02-11","  18.3","001000","999.9","  28.4","  19.4"," 13.6"," 0.08","1005.7","  1.2","999.9","  24.8","  4.1"," 10.2"
"34504099999","48.6","34.9666666","143.0","1979-02-12","  14.0","000000","999.9","  24.8","  14.0"," 13.6"," 1.97","1017.7","999.9","999.9","  20.8","  4.3","  8.5"
"34504099999","48.6","34.9666666","143.0","1979-02-13","  31.8","011000","999.9","  44.6","  23.0"," 19.4"," 0.02"," 995.2","999.9","999.9","  34.9","  5.7"," 17.7"
"34504099999","48.6","34.9666666","143.0","1979-02-14","  27.3","001000","999.9","  33.8","  28.4"," 15.5"," 0.00","1002.1","999.9","999.9","  30.4","  5.4"," 10.2"
"34504099999","48.6","34.9666666","143.0","1979-02-15","  26.8","011000","999.9","  32.0","  21.2"," 21.4"," 0.55","1007.0","999.9","999.9","  28.4","  1.4"," 12.6"
"34504099999","48.6","34.9666666","143.0","1979-02-16","   2.1","001000","999.9","  23.0","   3.2"," 19.4"," 0.00","1030.2","999.9","999.9","   9.9","  4.0"," 17.7"
"34504099999","48.6","34.9666666","143.0","1979-02-17","   0.5","000000","999.9","  14.0","   1.4"," 15.5"," 0.00","1045.6","999.9","999.9","   8.6","  5.0"," 11.7"
"34504099999","48.6","34.9666666","143.0","1979-02-18","  11.3","000000","999.9","  23.0","  10.4"," 17.5"," 0.00","1040.4","999.9","999.9","  16.9","  6.2"," 10.9"
"34504099999","48.6","34.9666666","143.0","1979-02-19","  11.4","000000","999.9","  23.0","  12.2"," 19.4"," 0.00","1034.5","999.9","999.9","  17.1","  6.2"," 18.6"
"34504099999","48.6","34.9666666","143.0","1979-02-20","   7.9","001000","999.9","  23.0","   8.6"," 25.3"," 0.00","1036.6","999.9","999.9","  15.6","  5.3"," 20.4"
"34504099999","48.6","34.9666666","143.0","1979-02-21","   9.7","000000","999.9","  24.8","   8.6"," 13.6"," 0.00","1036.6","999.9","999.9","  16.7","  6.2"," 12.9"
"34504099999","48.6","34.9666666","143.0","1979-02-22","  10.8","001000","999.9","  21.2","  12.2"," 11.7"," 0.01","1033.2","999.9","999.9","  16.0","  4.5"," 11.4"
"34504099999","48.6","34.9666666","143.0","1979-02-23","  13.3","001000","999.9","  32.0","  14.0"," 15.5"," 0.00","1030.3","999.9","999.9","  20.3","  6.2"," 12.2"
"34504099999","48.6","34.9666666","143.0","1979-02-24","  12.4","011000","999.9","  23.0","  14.0"," 17.5"," 0.00","1028.0","999.9","999.9","  18.3","  5.7"," 12.4"
"34504099999","48.6","34.9666666","143.0","1979-02-25","  11.2","001000","999.9","  21.2","  12.2"," 13.6"," 0.01","1026.7","  0.4","999.9","  15.8","  2.8","  9.2"
"34504099999","48.6","34.9666666","143.0","1979-02-26","  12.0","000000","999.9","  24.8","  10.4"," 11.7"," 0.00","1029.6","  2.8","999.9","  18.7","  3.2","  5.8"
"34504099999","48.6","34.9666666","143.0","1979-02-27","  17.1","000000","999.9","  32.0","  14.0"," 13.6"," 0.00","1027.9","999.9","999.9","  22.8","  1.7","  7.3"
"34504099999","48.6","34.9666666","143.0","1979-02-28","  20.9","000000","999.9","  39.2","  17.6","  9.7"," 0.00","1028.1","999.9","999.9","  28.2","  2.9","  5.8"
"34504099999","48.6","34.9666666","143.0","1979-03-01","  23.0","000000","999.9","  44.6","  23.0","  7.8"," 0.00","1030.3","999.9","999.9","  31.0","  4.3","  7.2"
"34504099999","48.6","34.9666666","143.0","1979-03-02","  25.0","000000","999.9","  44.6","  26.6","  9.7"," 0.00","1034.4","999.9","999.9","  33.6","  2.3","  7.8"
"34504099999","48.6","34.9666666","143.0","1979-03-03","  27.9","000000","999.9","  41.0","  26.6"," 15.5"," 0.00","1034.5","999.9","999.9","  32.5","  2.6"," 10.7"
"34504099999","48.6","34.9666666","143.0","1979-03-04","  27.0","101000","999.9","  35.6","  26.6"," 11.7"," 0.00","1032.3","999.9","999.9","  29.5","  2.7","  8.7"
"34504099999","48.6","34.9666666","143.0","1979-03-05","  27.7","100000","999.9","  51.8","  23.0","  7.8"," 0.00","1029.9","999.9","999.9","  28.0","  0.2","  5.3"
"34504099999","48.6","34.9666666","143.0","1979-03-06","  27.0","101000","999.9","  30.2","  24.8"," 11.7"," 0.00","1028.4","999.9","999.9","  27.7","  0.6","  7.3"
"34504099999","48.6","34.9666666","143.0","1979-03-07","  26.6","000000","999.9","  33.8","  28.4"," 15.5"," 0.00","1026.1","999.9","999.9","  31.3","  3.4"," 13.1"
"34504099999","48.6","34.9666666","143.0","1979-03-08","  27.5","000000","999.9","  39.2","  28.4"," 15.5"," 0.00","1025.2","999.9","999.9","  32.5","  5.1"," 10.9"
"34504099999","48.6","34.9666666","143.0","1979-03-09","  30.2","001000","999.9","  33.8","  30.2"," 11.7"," 0.02","1022.0","999.9","999.9","  31.8","  1.7","  8.7"
"34504099999","48.6","34.9666666","143.0","1979-03-10","  32.9","011000","999.9","  35.6","  32.0"," 13.6"," 0.05","1016.6","999.9","999.9","  33.8","  1.1"," 11.2"
"34504099999","48.6","34.9666666","143.0","1979-03-11","  33.1","111000","999.9","  37.4","  32.0"," 11.7"," 0.08","1014.2","999.9","999.9","  33.8","  1.4","  7.8"
"34504099999","48.6","34.9666666","143.0","1979-03-12","  30.2","010000","999.9","  41.0","  30.2"," 15.5"," 0.00","1013.9","999.9","999.9","  34.0","  3.7"," 12.6"
"34504099999","48.6","34.9666666","143.0","1979-03-13","  32.5","110000","999.9","  35.6","  28.4"," 13.6"," 0.12","1011.8","999.9","999.9","  33.4","  0.9"," 10.4"
"34504099999","48.6","34.9666666","143.0","1979-03-14","  34.7","110000","999.9","  44.6","  30.2"," 13.6"," 0.16","1010.0","999.9","999.9","  36.9","  1.8"," 10.0"
"34504099999","48.6","34.9666666","143.0","1979-03-15","  29.3","000000","999.9","  41.0","  32.0"," 11.7"," 0.12","1011.7","999.9","999.9","  36.3","  3.9","  8.7"
"34504099999","48.6","34.9666666","143.0","1979-03-16","  28.2","000000","999.9","  39.2","  28.4"," 15.5"," 0.00","1017.5","999.9","999.9","  34.2","  5.3","  8.5"
"34504099999","48.6","34.9666666","143.0","1979-03-17","  40.1","100000","999.9","  51.8","  35.6"," 17.5"," 0.00","1005.4","999.9","999.9","  43.0","  2.3"," 15.0"
"34504099999","48.6","34.9666666","143.0","1979-03-18","  33.1","010000","999.9","  46.4","  37.4"," 19.4"," 0.16","1001.7","999.9","999.9","  41.0","  4.8"," 16.3"
"34504099999","48.6","34.9666666","143.0","1979-03-19","  26.1","000000","999.9","  35.6","  30.2"," 13.6"," 0.00","1012.0","999.9","999.9","  32.5","  3.7","  8.5"
"34504099999","48.6","34.9666666","143.0","1979-03-20","  38.5","010010","999.9","  55.4","  30.2"," 15.5"," 0.00","1014.5","999.9","999.9","  43.0","  1.6"," 11.2"
"34504099999","48.6","34.9666666","143.0","1979-03-21","  44.1","110000","999.9","  59.0","  42.8"," 11.7"," 0.35","1018.8","999.9","999.9","  47.8","  2.2","  6.8"
"34504099999","48.6","34.9666666","143.0","1979-03-22","  41.9","010000","999.9","  50.0","  37.4"," 19.4"," 0.00","1016.2","999.9","999.9","  44.1","  1.3"," 14.8"
"34504099999","48.6","34.9666666","143.0","1979-03-23","  40.5","110000","999.9","  42.8","  39.2"," 15.5"," 0.02","1013.1","999.9","999.9","  41.5","  1.2"," 12.1"
"34504099999","48.6","34.9666666","143.0","1979-03-24","  38.5","100000","999.9","  39.2","  37.4"," 13.6"," 0.00","1013.1","999.9","999.9","  38.8","  0.4","  8.0"
"34504099999","48.6","34.9666666","143.0","1979-03-25","  31.8","100000","999.9","  41.0","  35.6"," 13.6"," 0.00","1017.1","999.9","999.9","  37.4","  3.4","  9.5"
"34504099999","48.6","34.9666666","143.0","1979-03-26","  27.5","000000","999.9","  55.4","  32.0"," 11.7"," 0.00","1019.7","999.9","999.9","  38.5","  5.3","  8.0"
"34504099999","48.6","34.9666666","143.0","1979-03-27","  29.5","000000","999.9","  46.4","  32.0","  7.8"," 0.00","1017.3","999.9","999.9","  38.1","  3.3","  3.9"
"34504099999","48.6","34.9666666","143.0","1979-03-28","  31.7","010000","999.9","  50.0","  30.2"," 15.5"," 0.00","1014.6","999.9","999.9","  40.2","  3.6"," 11.9"
"34504099999","48.6","34.9666666","143.0","1979-03-29","  41.4","010000","999.9","  46.4","  37.4"," 19.4"," 0.35","1009.0","999.9","999.9","  42.8","  1.1"," 17.2"
"34504099999","48.6","34.9666666","143.0","1979-03-30","  46.4","010000","999.9","  69.8","  42.8"," 17.5"," 0.00","1007.6","999.9","999.9","  50.5","  3.4"," 15.8"
"34504099999","48.6","34.9666666","143.0","1979-03-31","  44.8","010000","999.9","  55.4","  44.6"," 15.5"," 0.20","1004.2","999.9","999.9","  50.0","  4.8"," 12.9"
"34504099999","48.6","34.9666666","143.0","1979-04-01","  41.5","010010","999.9","  57.2","  39.2"," 15.5"," 0.00","1011.3","999.9","999.9","  47.2","  3.9"," 10.8"
"34504099999","48.6","34.9666666","143.0","1979-04-02","  42.0","010000","999.9","  55.4","  41.0","  7.8"," 0.01","1012.4","999.9","999.9","  46.9","  6.2","  5.0"
"34504099999","48.6","34.9666666","143.0","1979-04-03","  43.0","010000","999.9","  53.6","  41.0"," 21.4"," 0.47","1004.5","999.9","999.9","  46.4","  1.9"," 14.1"
"34504099999","48.6","34.9666666","143.0","1979-04-04","  43.9","010000","999.9","  48.2","  41.0"," 21.4"," 0.71"," 995.7","999.9","999.9","  45.3","  3.0"," 18.2"
"34504099999","48.6","34.9666666","143.0","1979-04-05","  36.0","010000","999.9","  48.2","  39.2"," 23.3"," 0.02","1006.4","999.9","999.9","  42.6","  5.7"," 16.8"
"34504099999","48.6","34.9666666","143.0","1979-04-06","  38.7","000000","999.9","  53.6","  41.0"," 13.6"," 0.00","1013.5","999.9","999.9","  44.9","  3.5","  6.1"
"34504099999","48.6","34.9666666","143.0","1979-04-07","  43.9","100010","999.9","  62.6","  39.2"," 13.6"," 0.00","1011.4","999.9","999.9","  49.3","  4.8","  8.5"
"34504099999","48.6","34.9666666","143.0","1979-04-08","  43.9","100000","999.9","  60.8","  39.2"," 13.6"," 0.00","1010.9","999.9","999.9","  50.7","  3.9","  6.6"
"34504099999","48.6","34.9666666","143.0","1979-04-09","  50.4","010000","999.9","  55.4","  46.4"," 11.7"," 0.08","1007.2","999.9","999.9","  52.0","  1.2","  7.5"
"34504099999","48.6","34.9666666","143.0","1979-04-10","  42.3","110000","999.9","  51.8","  41.0"," 13.6"," 0.31","1009.3","999.9","999.9","  46.2","  3.3"," 10.0"
"34504099999","48.6","34.9666666","143.0","1979-04-11","  39.7","100000","999.9","  53.6","  41.0"," 11.7"," 0.00","1010.3","999.9","999.9","  46.2","  2.8","  5.3"
"34504099999","48.6","34.9666666","143.0","1979-04-12","  31.2","001000","999.9","  37.4","  32.0"," 11.7"," 0.13","1012.2","999.9","999.9","  35.3","  4.6","  9.2"
"34504099999","48.6","34.9666666","143.0","1979-04-13","  28.6","010100","999.9","  37.4","  32.0"," 11.7"," 0.00","1019.8","999.9","999.9","  34.0","  6.2","  6.6"
"34504099999","48.6","34.9666666","143.0","1979-04-14","  30.2","000000","999.9","  46.4","  28.4","  9.7"," 0.00","1020.0","999.9","999.9","  37.6","  4.1","  3.6"
"34504099999","48.6","34.9666666","143.0","1979-04-15","  35.6","010000","999.9","  60.8","  32.0"," 13.6"," 0.00","1016.2","999.9","999.9","  46.0","  3.7","  6.3"
"34504099999","48.6","34.9666666","143.0","1979-04-16","  25.2","000000","999.9","  46.4","  33.8"," 15.5"," 0.02","1019.3","999.9","999.9","  38.7","  5.0"," 12.9"
"34504099999","48.6","34.9666666","143.0","1979-04-17","  20.1","000000","999.9","  46.4","  26.6","  5.8"," 0.00","1022.1","999.9","999.9","  37.6","  6.2","  3.2"
"34504099999","48.6","34.9666666","143.0","1979-04-18","  29.7","011000","999.9","  46.4","  32.0"," 13.6"," 0.20","1011.1","999.9","999.9","  38.8","  4.3"," 10.4"
"34504099999","48.6","34.9666666","143.0","1979-04-19","  28.4","001000","999.9","  35.6","  28.4"," 19.4"," 0.67","1011.2","  3.9","999.9","  31.0","  3.0"," 14.2"
"34504099999","48.6","34.9666666","143.0","1979-04-20","  26.4","011000","999.9","  39.2","  26.6"," 11.7"," 0.00","1016.3","999.9","999.9","  32.9","  4.8","  7.8"
"34504099999","48.6","34.9666666","143.0","1979-04-21","  30.7","010000","999.9","  46.4","  32.0"," 15.5"," 0.04","1015.0","999.9","999.9","  37.4","  5.3","  6.3"
"34504099999","48.6","34.9666666","143.0","1979-04-22","  37.2","010000","999.9","  46.4","  37.4","  5.8"," 0.20","1014.1","999.9","999.9","  41.4","  3.4","  3.6"
"34504099999","48.6","34.9666666","143.0","1979-04-23","  36.7","000000","999.9","  55.4","  35.6","  9.7"," 0.00","1016.4","999.9","999.9","  45.3","  4.0","  5.1"
"34504099999","48.6","34.9666666","143.0","1979-04-24","  34.0","000000","999.9","  59.0","  37.4"," 15.5"," 0.00","1020.5","999.9","999.9","  48.9","  4.8","  9.0"
"34504099999","48.6","34.9666666","143.0","1979-04-25","  34.7","000000","999.9","  64.4","  41.0"," 11.7"," 0.00","1026.0","999.9","999.9","  51.4","  6.2","  5.8"
"34504099999","48.6","34.9666666","143.0","1979-04-26","  40.6","000000","999.9","  68.0","  41.0"," 15.5"," 0.00","1029.2","999.9","999.9","  53.6","  5.8"," 12.4"
"34504099999","48.6","34.9666666","143.0","1979-04-27","  40.3","000000","999.9","  64.4","  46.4"," 15.5"," 0.00","1026.9","999.9","999.9","  55.0","  6.2"," 13.1"
"34504099999","48.6","34.9666666","143.0","1979-04-28","  40.1","000000","999.9","  75.2","  46.4"," 23.3"," 0.00","1017.9","999.9","999.9","  61.0","  6.2"," 13.8"
"34504099999","48.6","34.9666666","143.0","1979-04-29","  41.3","000000","999.9","  78.8","  51.8"," 17.5"," 0.00","1012.3","999.9","999.9","  65.5","  6.2"," 12.6"
"34504099999","48.6","34.9666666","143.0","1979-04-30","  47.8","000000","999.9","  71.6","  53.6"," 15.5"," 0.28","1011.4","999.9","999.9","  62.8","  5.3","  5.3"
"34504099999","48.6","34.9666666","143.0","1979-05-01","  44.4","000000","999.9","  73.4","  51.8","  7.8"," 0.00","1009.9","999.9","999.9","  63.7","  6.2","  2.7"
"34504099999","48.6","34.9666666","143.0","1979-05-02","  41.5","000000","999.9","  77.0","  51.8","  9.7"," 0.00","1012.7","999.9","999.9","  67.3","  6.2","  5.6"
"34504099999","48.6","34.9666666","143.0","1979-05-03","  41.2","000000","999.9","  78.8","  53.6"," 17.5"," 0.00","1012.9","999.9","999.9","  65.5","  6.2"," 12.4"
"34504099999","48.6","34.9666666","143.0","1979-05-04","  39.9","000000","999.9","  80.6","  57.2"," 15.5"," 0.00","1012.1","999.9","999.9","  68.0","  5.4","  9.5"
"34504099999","48.6","34.9666666","143.0","1979-05-05","  49.8","010010","999.9","  75.2","  57.2","  9.7"," 0.20","1012.8","999.9","999.9","  63.1","  5.5","  5.8"
"34504099999","48.6","34.9666666","143.0","1979-05-06","  48.7","010000","999.9","  77.0","  53.6"," 17.5"," 0.02","1014.3","999.9","999.9","  63.7","  6.2","  7.0"
"34504099999","48.6","34.9666666","143.0","1979-05-07","  40.6","000000","999.9","  68.0","  51.8"," 11.7"," 0.10","1023.6","999.9","999.9","  58.6","  5.3","  8.3"
"34504099999","48.6","34.9666666","143.0","1979-05-08","  43.0","000000","999.9","  75.2","  51.8"," 13.6"," 0.00","1022.7","999.9","999.9","  63.3","  5.3"," 12.1"
"34504099999","48.6","34.9666666","143.0","1979-05-09","  42.5","000000","999.9","  80.6","  55.4"," 17.5"," 0.00","1018.5","999.9","999.9","  68.3","  5.1"," 13.3"
"34504099999","48.6","34.9666666","143.0","1979-05-10","  50.0","010000","999.9","  82.4","  57.2"," 11.7"," 0.00","1015.2","999.9","999.9","  68.5","  6.2","  9.7"
"34504099999","48.6","34.9666666","143.0","1979-05-11","  53.4","000000","999.9","  78.8","  55.4"," 13.6"," 0.00","1016.6","999.9","999.9","  68.4","  3.4","  5.8"
"34504099999","48.6","34.9666666","143.0","1979-05-12","  52.5","000010","999.9","  62.6","  51.8"," 15.5"," 0.12","1016.9","999.9","999.9","  59.0","  4.8"," 13.8"
"34504099999","48.6","34.9666666","143.0","1979-05-13","  48.7","000000","999.9","  64.4","  51.8"," 19.4"," 0.00","1015.4","999.9","999.9","  58.8","  5.7"," 16.8"
"34504099999","48.6","34.9666666","143.0","1979-05-14","  38.5","000000","999.9","  73.4","  51.8"," 21.4"," 0.00","1015.4","999.9","999.9","  61.0","  6.2"," 18.2"
"34504099999","48.6","34.9666666","143.0","1979-05-15","  41.7","000000","999.9","  77.0","  55.4"," 15.5"," 0.00","1017.3","999.9","999.9","  65.8","  6.2"," 12.6"
"34504099999","48.6","34.9666666","143.0","1979-05-16","  41.5","000000","999.9","  78.8","  55.4","  7.8"," 0.00","1017.4","999.9","999.9","  66.5","  5.7","  6.4"
"34504099999","48.6","34.9666666","143.0","1979-05-17","  47.5","000000","999.9","  84.2","  59.0"," 11.7"," 0.00","1015.6","999.9","999.9","  73.6","  3.9","  4.6"
"34504099999","48.6","34.9666666","143.0","1979-05-18","  51.8","000000","999.9","  87.8","  64.4"," 11.7"," 0.00","1017.7","999.9","999.9","  74.5","  5.2","  6.6"
"34504099999","48.6","34.9666666","143.0","1979-05-19","  49.8","000000","999.9","  86.0","  51.8"," 15.5"," 0.00","1020.0","999.9","999.9","  75.0","  6.2"," 11.4"
"34504099999","48.6","34.9666666","143.0","1979-05-20","  47.3","000000","999.9","  86.0","  64.4"," 13.6"," 0.00","1019.2","999.9","999.9","  74.8","  5.8","  8.7"
"34504099999","48.6","34.9666666","143.0","1979-05-21","  45.1","000010","999.9","  86.0","  60.8"," 17.5"," 0.00","1015.9","999.9","999.9","  74.7","  5.3"," 10.9"
"34504099999","48.6","34.9666666","143.0","1979-05-22","  46.8","000000","999.9","  80.6","  62.6"," 19.4"," 0.04","1018.4","999.9","999.9","  70.7","  6.2"," 16.8"
"34504099999","48.6","34.9666666","143.0","1979-05-23","  34.0","000000","999.9","  75.2","  55.4"," 15.5"," 0.00","1023.9","999.9","999.9","  65.5","  6.2"," 13.4"
"34504099999","48.6","34.9666666","143.0","1979-05-24","  39.2","000000","999.9","  78.8","  50.0"," 13.6"," 0.00","1022.6","999.9","999.9","  64.6","  6.2"," 10.2"
"34504099999","48.6","34.9666666","143.0","1979-05-25","  43.2","000000","999.9","  84.2","  59.0"," 19.4"," 0.00","1018.4","999.9","999.9","  72.0","  6.2"," 13.2"
"34504099999","48.6","34.9666666","143.0","1979-05-26","  47.2","000000","999.9","  86.0","  57.2"," 19.4"," 0.00","1018.5","999.9","999.9","  73.9","  6.2"," 10.8"
"34504099999","48.6","34.9666666","143.0","1979-05-27","  47.3","000000","999.9","  86.0","  59.0"," 15.5"," 0.00","1018.4","999.9","999.9","  73.2","  6.2"," 10.4"
"34504099999","48.6","34.9666666","143.0","1979-05-28","  46.4","000000","999.9","  86.0","  60.8","  7.8"," 0.00","1017.3","999.9","999.9","  73.8","  6.2","  4.6"
"34504099999","48.6","34.9666666","143.0","1979-05-29","  43.7","000000","999.9","  86.0","  51.8"," 17.5"," 0.00","1016.6","999.9","999.9","  73.2","  6.2","  8.7"
"34504099999","48.6","34.9666666","143.0","1979-05-30","  42.6","000000","999.9","  87.8","  66.2"," 19.4"," 0.00","1020.8","999.9","999.9","  76.8","  6.2"," 12.4"
"34504099999","48.6","34.9666666","143.0","1979-05-31","  41.9","000000","999.9","  91.4","  66.2"," 17.5"," 0.00","1019.8","999.9","999.9","  78.8","  6.0"," 11.7"
"34504099999","48.6","34.9666666","143.0","1979-06-01","  46.4","000000","999.9","  89.6","  68.0"," 15.5"," 0.00","1017.5","999.9","999.9","  79.2","  7.0"," 10.0"
"34504099999","48.6","34.9666666","143.0","1979-06-02","  46.0","000000","999.9","  84.2","  64.4"," 17.5"," 0.00","1017.8","999.9","999.9","  74.3","  6.2"," 12.4"
"34504099999","48.6","34.9666666","143.0","1979-06-03","  33.3","000000","999.9","  75.2","  55.4"," 13.6"," 0.00","1022.1","999.9","999.9","  66.2","  6.2","  9.7"
"34504099999","48.6","34.9666666","143.0","1979-06-04","  42.8","010000","999.9","  71.6","  53.6"," 17.5"," 0.05","1016.9","999.9","999.9","  61.3","  6.2","  9.4"
"34504099999","48.6","34.9666666","143.0","1979-06-05","  36.1","000000","999.9","  71.6","  48.2"," 11.7"," 0.00","1021.9","999.9","999.9","  58.7","  6.2","  6.1"
"34504099999","48.6","34.9666666","143.0","1979-06-06","  39.7","000000","999.9","  77.0","  50.0"," 13.6"," 0.00","1017.2","999.9","999.9","  64.2","  6.2","  5.1"
"34504099999","48.6","34.9666666","143.0","1979-06-07","  45.0","000000","999.9","  80.6","  55.4"," 13.6"," 0.00","1014.8","999.9","999.9","  68.7","  6.2","  6.8"
"34504099999","48.6","34.9666666","143.0","1979-06-08","  47.1","000000","999.9","  82.4","  57.2"," 13.6"," 0.00","1014.8","999.9","999.9","  71.6","  5.7","  5.3"
"34504099999","48.6","34.9666666","143.0","1979-06-09","  54.5","010010","999.9","  86.0","  59.0"," 13.6"," 0.02","1017.1","999.9","999.9","  70.0","  5.6","  4.9"
"34504099999","48.6","34.9666666","143.0","1979-06-10","  47.8","000000","999.9","  86.0","  55.4"," 11.7"," 0.00","1017.5","999.9","999.9","  72.7","  6.2","  5.8"
"34504099999","48.6","34.9666666","143.0","1979-06-11","  50.9","010000","999.9","  77.0","  60.8"," 17.5"," 0.00","1015.9","999.9","999.9","  68.9","  6.2","  8.7"
"34504099999","48.6","34.9666666","143.0","1979-06-12","  43.5","000000","999.9","  73.4","  55.4"," 11.7"," 0.00","1018.1","999.9","999.9","  65.1","  6.2","  9.2"
"34504099999","48.6","34.9666666","143.0","1979-06-13","  45.5","000000","999.9","  77.0","  53.6","  7.8"," 0.00","1016.5","999.9","999.9","  68.2","  6.2","  6.3"
"34504099999","48.6","34.9666666","143.0","1979-06-14","  48.2","000000","999.9","  84.2","  57.2"," 11.7"," 0.00","1016.1","999.9","999.9","  72.3","  6.2","  7.8"
"34504099999","48.6","34.9666666","143.0","1979-06-15","  48.2","000000","999.9","  86.0","  59.0"," 13.6"," 0.00","1016.8","999.9","999.9","  72.7","  6.2","  7.8"
"34504099999","48.6","34.9666666","143.0","1979-06-16","  47.2","000000","999.9","  87.8","  60.8"," 15.5"," 0.00","1016.6","999.9","999.9","  76.2","  6.2","  9.4"
"34504099999","48.6","34.9666666","143.0","1979-06-17","  47.3","000000","999.9","  89.6","  60.8"," 15.5"," 0.00","1017.8","999.9","999.9","  75.9","  6.2","  9.2"
"34504099999","48.6","34.9666666","143.0","1979-06-18","  49.5","000000","999.9","  89.6","  62.6","  7.8"," 0.00","1016.2","999.9","999.9","  78.4","  6.2","  2.9"
"34504099999","48.6","34.9666666","143.0","1979-06-19","  59.2","000000","999.9","  89.6","  69.8"," 15.5"," 0.00","1012.2","999.9","999.9","  79.2","  7.5","  7.8"
"34504099999","48.6","34.9666666","143.0","1979-06-20","  52.9","010010","999.9","  77.0","  62.6"," 13.6"," 0.00","1015.1","999.9","999.9","  69.8","  5.7","  9.7"
"34504099999","48.6","34.9666666","143.0","1979-06-21","  44.8","000000","999.9","  75.2","  60.8"," 13.6"," 0.00","1016.4","999.9","999.9","  69.1","  6.2"," 10.2"
"34504099999","48.6","34.9666666","143.0","1979-06-22","  39.9","000000","999.9","  78.8","  62.6"," 19.4"," 0.00","1013.2","999.9","999.9","  70.9","  6.2"," 16.4"
"34504099999","48.6","34.9666666","143.0","1979-06-23","  38.8","000000","999.9","  80.6","  59.0"," 17.5"," 0.00","1013.4","999.9","999.9","  71.2","  5.5"," 13.8"
"34504099999","48.6","34.9666666","143.0","1979-06-24","  44.4","000000","999.9","  84.2","  62.6","  9.7"," 0.00","1013.5","999.9","999.9","  74.1","  6.2","  8.0"
"34504099999","48.6","34.9666666","143.0","1979-06-25","  51.8","000000","999.9","  84.2","  68.0"," 11.7"," 0.00","1014.8","999.9","999.9","  75.9","  5.7","  8.3"
"34504099999","48.6","34.9666666","143.0","1979-06-26","  44.6","000000","999.9","  82.4","  60.8"," 11.7"," 0.00","1018.8","999.9","999.9","  72.9","  6.2","  8.3"
"34504099999","48.6","34.9666666","143.0","1979-06-27","  45.3","000000","999.9","  84.2","  62.6","  9.7"," 0.00","1017.9","999.9","999.9","  75.9","  6.2","  3.9"
"34504099999","48.6","34.9666666","143.0","1979-06-28","  46.2","000000","999.9","  87.8","  64.4","  5.8"," 0.00","1015.0","999.9","999.9","  79.7","  6.2","  0.7"
"34504099999","48.6","34.9666666","143.0","1979-06-29","  50.7","010000","999.9","  89.6","  69.8"," 13.6"," 0.00","1011.8","999.9","999.9","  80.2","  4.8","  4.1"
"34504099999","48.6","34.9666666","143.0","1979-06-30","  56.5","010000","999.9","  89.6","  71.6"," 11.7"," 0.00","1008.0","999.9","999.9","  78.6","  6.2","  3.2"
"34504099999","48.6","34.9666666","143.0","1979-07-01","  60.3","010010","999.9","  80.6","  68.0"," 15.5"," 0.06","1006.2","999.9","999.9","  72.1","  5.7","  6.7"
"34504099999","48.6","34.9666666","143.0","1979-07-02","  48.0","000000","999.9","  77.0","  60.8"," 17.5"," 0.00","1013.9","999.9","999.9","  69.1","  6.2"," 13.4"
"34504099999","48.6","34.9666666","143.0","1979-07-03","  44.8","000000","999.9","  78.8","  59.0","  5.8"," 0.00","1020.0","999.9","999.9","  70.5","  6.2","  3.4"
"34504099999","48.6","34.9666666","143.0","1979-07-04","  46.2","000000","999.9","  86.0","  60.8"," 15.5"," 0.00","1014.7","999.9","999.9","  76.3","  6.2"," 10.4"
"34504099999","48.6","34.9666666","143.0","1979-07-05","  57.0","010000","999.9","  71.6","  59.0"," 15.5"," 0.16","1005.8","999.9","999.9","  66.0","  3.9","  8.0"
"34504099999","48.6","34.9666666","143.0","1979-07-06","  48.2","000000","999.9","  71.6","  57.2"," 17.5"," 0.02","1006.1","999.9","999.9","  63.7","  5.7"," 14.1"
"34504099999","48.6","34.9666666","143.0","1979-07-07","  47.2","000000","999.9","  75.2","  50.0","  9.7"," 0.00","1008.6","999.9","999.9","  60.3","  6.2","  5.8"
"34504099999","48.6","34.9666666","143.0","1979-07-08","  50.2","000000","999.9","  71.6","  51.8"," 15.5"," 0.00","1010.8","999.9","999.9","  63.7","  5.7","  8.0"
"34504099999","48.6","34.9666666","143.0","1979-07-09","  54.4","000000","999.9","  80.6","  59.0"," 13.6"," 0.00","1015.0","999.9","999.9","  69.5","  6.2","  8.6"
"34504099999","48.6","34.9666666","143.0","1979-07-10","  57.0","000000","999.9","  84.2","  60.8"," 11.7"," 0.00","1015.8","999.9","999.9","  73.0","  7.0","  5.8"
"34504099999","48.6","34.9666666","143.0","1979-07-11","  59.0","000000","999.9","  78.8","  64.4"," 13.6"," 0.04","1012.6","999.9","999.9","  71.1","  6.2","  8.0"
"34504099999","48.6","34.9666666","143.0","1979-07-12","  60.6","010000","999.9","  73.4","  62.6"," 11.7"," 0.20","1011.9","999.9","999.9","  66.7","  3.3","  7.8"
"34504099999","48.6","34.9666666","143.0","1979-07-13","  52.5","000000","999.9","  69.8","  57.2"," 17.5"," 0.59","1012.7","999.9","999.9","  64.6","  5.3"," 11.7"
"34504099999","48.6","34.9666666","143.0","1979-07-14","  47.7","000000","999.9","  77.0","  53.6"," 17.5"," 0.00","1009.3","999.9","999.9","  65.2","  5.7"," 11.1"
"34504099999","48.6","34.9666666","143.0","1979-07-15","  54.1","000000","999.9","  66.2","  59.0"," 13.6"," 0.00","1004.7","999.9","999.9","  62.1","  6.2","  9.2"
"34504099999","48.6","34.9666666","143.0","1979-07-16","  61.3","010010","999.9","  77.0","  59.0"," 13.6"," 0.12","1006.5","999.9","999.9","  67.1","  3.7","  6.1"
"34504099999","48.6","34.9666666","143.0","1979-07-17","  57.9","000000","999.9","  73.4","  62.6"," 11.7"," 0.24","1009.5","999.9","999.9","  66.7","  3.6","  5.1"
"34504099999","48.6","34.9666666","143.0","1979-07-18","  55.6","010010","999.9","  66.2","  55.4","  7.8"," 0.00","1013.1","999.9","999.9","  60.8","  3.0","  3.9"
"34504099999","48.6","34.9666666","143.0","1979-07-19","  48.8","000000","999.9","  73.4","  51.8"," 13.6"," 0.28","1015.5","999.9","999.9","  61.7","  3.9","  6.8"
"34504099999","48.6","34.9666666","143.0","1979-07-20","  56.8","000000","999.9","  82.4","  59.0"," 13.6"," 0.00","1015.3","999.9","999.9","  71.8","  4.7","  9.0"
"34504099999","48.6","34.9666666","143.0","1979-07-21","  55.0","000000","999.9","  86.0","  60.8"," 15.5"," 0.00","1013.8","999.9","999.9","  73.9","  6.2","  7.8"
"34504099999","48.6","34.9666666","143.0","1979-07-22","  59.0","000000","999.9","  86.0","  62.6","  7.8"," 0.00","1011.4","999.9","999.9","  75.2","  6.2","  3.1"
"34504099999","48.6","34.9666666","143.0","1979-07-23","  62.4","010010","999.9","  84.2","  66.2"," 17.5"," 0.47","1009.0","999.9","999.9","  71.8","  4.6","  7.5"
"34504099999","48.6","34.9666666","143.0","1979-07-24","  47.4","000000","999.9","  75.2","  57.2"," 13.6"," 0.00","1013.5","999.9","999.9","  65.2","  6.2"," 10.3"
"34504099999","48.6","34.9666666","143.0","1979-07-25","  50.0","000000","999.9","  73.4","  59.0","  5.8"," 0.00","1013.6","999.9","999.9","  67.0","  6.2","  2.5"
"34504099999","48.6","34.9666666","143.0","1979-07-26","  53.4","010010","999.9","  69.8","  57.2"," 15.5"," 0.00","1013.6","999.9","999.9","  62.4","  4.3","  5.1"
"34504099999","48.6","34.9666666","143.0","1979-07-27","  51.3","000000","999.9","  73.4","  53.6","  7.8"," 0.00","1014.3","999.9","999.9","  63.6","  4.2","  2.8"
"34504099999","48.6","34.9666666","143.0","1979-07-28","  52.5","000010","999.9","  71.6","  57.2"," 11.7"," 0.04","1012.5","999.9","999.9","  63.9","  5.7","  5.8"
"34504099999","48.6","34.9666666","143.0","1979-07-29","  51.0","010000","999.9","  71.6","  55.4"," 13.6"," 0.08","1013.3","999.9","999.9","  65.2","  5.7","  4.4"
"34504099999","48.6","34.9666666","143.0","1979-07-30","  50.7","000000","999.9","  77.0","  51.8","  7.8"," 0.00","1013.9","999.9","999.9","  67.1","  5.7","  5.3"
"34504099999","48.6","34.9666666","143.0","1979-07-31","  54.0","000000","999.9","  78.8","  55.4"," 15.5"," 0.04","1014.3","999.9","999.9","  68.2","  5.3","  9.2"
"34504099999","48.6","34.9666666","143.0","1979-08-01","  57.7","000000","999.9","  84.2","  64.4"," 11.7"," 0.00","1014.4","999.9","999.9","  71.9","  4.6","  5.5"
"34504099999","48.6","34.9666666","143.0","1979-08-02","  60.1","000000","999.9","  89.6","  62.6","  7.8"," 0.00","1015.3","999.9","999.9","  76.1","  4.0","  4.4"
"34504099999","48.6","34.9666666","143.0","1979-08-03","  60.8","000000","999.9","  91.4","  68.0","  5.8"," 0.00","1016.4","999.9","999.9","  80.2","  5.7","  2.2"
"34504099999","48.6","34.9666666","143.0","1979-08-04","  57.9","000000","999.9","  93.2","  68.0","  7.8"," 0.00","1014.2","999.9","999.9","  81.5","  5.6","  3.9"
"34504099999","48.6","34.9666666","143.0","1979-08-05","  55.1","000000","999.9","  95.0","  68.0"," 13.6"," 0.00","1007.4","999.9","999.9","  83.2","  6.2","  9.4"
"34504099999","48.6","34.9666666","143.0","1979-08-06","  50.0","000000","999.9","  73.4","  59.0"," 17.5"," 0.02","1009.9","999.9","999.9","  66.0","  6.2"," 13.8"
"34504099999","48.6","34.9666666","143.0","1979-08-07","  44.8","000000","999.9","  73.4","  57.2"," 11.7"," 0.00","1015.1","999.9","999.9","  65.8","  6.2","  6.6"
"34504099999","48.6","34.9666666","143.0","1979-08-08","  42.6","000000","999.9","  75.2","  57.2"," 11.7"," 0.00","1017.1","999.9","999.9","  66.7","  6.2","  7.3"
"34504099999","48.6","34.9666666","143.0","1979-08-09","  42.3","000000","999.9","  78.8","  59.0"," 15.5"," 0.00","1017.8","999.9","999.9","  68.7","  6.2","  8.3"
"34504099999","48.6","34.9666666","143.0","1979-08-10","  45.3","000000","999.9","  82.4","  57.2"," 15.5"," 0.00","1014.3","999.9","999.9","  72.5","  6.2"," 10.5"
"34504099999","48.6","34.9666666","143.0","1979-08-11","  50.9","010000","999.9","  75.2","  66.2"," 50.5"," 0.01","1012.2","999.9","999.9","  68.9","  5.7"," 17.5"
"34504099999","48.6","34.9666666","143.0","1979-08-12","  53.3","000000","999.9","  87.8","  62.6"," 13.6"," 0.00","1009.6","999.9","999.9","  76.4","  4.8","  8.4"
"34504099999","48.6","34.9666666","143.0","1979-08-13","  53.1","010000","999.9","  84.2","  68.0"," 13.6"," 0.00","1005.9","999.9","999.9","  75.9","  5.6"," 10.4"
"34504099999","48.6","34.9666666","143.0","1979-08-14","  54.5","010000","999.9","  86.0","  68.0"," 15.5"," 0.00","1004.7","999.9","999.9","  75.7","  6.2"," 12.4"
"34504099999","48.6","34.9666666","143.0","1979-08-15","  56.4","010000","999.9","  75.2","  62.6"," 15.5"," 0.39","1009.5","999.9","999.9","  68.0","  3.6"," 11.4"
"34504099999","48.6","34.9666666","143.0","1979-08-16","  55.2","010000","999.9","  62.6","  55.4"," 13.6"," 0.83","1013.1","999.9","999.9","  58.1","  4.3"," 12.4"
"34504099999","48.6","34.9666666","143.0","1979-08-17","  51.0","000000","999.9","  73.4","  57.2"," 13.6"," 0.00","1013.3","999.9","999.9","  65.9","  6.2"," 10.5"
"34504099999","48.6","34.9666666","143.0","1979-08-18","  55.8","010000","999.9","  73.4","  59.0"," 13.6"," 0.16","1015.0","999.9","999.9","  65.1","  4.2"," 11.4"
"34504099999","48.6","34.9666666","143.0","1979-08-19","  59.8","000000","999.9","  82.4","  59.0","  9.7"," 0.00","1016.8","999.9","999.9","  71.6","  5.6","  6.3"
"34504099999","48.6","34.9666666","143.0","1979-08-20","  58.1","000000","999.9","  89.6","  66.2"," 15.5"," 0.00","1014.8","999.9","999.9","  76.8","  6.0"," 12.6"
"34504099999","48.6","34.9666666","143.0","1979-08-21","  60.5","000000","999.9","  86.0","  64.4","  9.7"," 0.00","1011.9","999.9","999.9","  76.2","  6.2","  8.0"
"34504099999","48.6","34.9666666","143.0","1979-08-22","  56.3","000000","999.9","  78.8","  64.4"," 11.7"," 0.00","1012.7","999.9","999.9","  71.6","  5.6","  8.4"
"34504099999","48.6","34.9666666","143.0","1979-08-23","  52.7","010000","999.9","  78.8","  62.6"," 13.6"," 0.00","1014.8","999.9","999.9","  71.6","  6.2"," 10.2"
"34504099999","48.6","34.9666666","143.0","1979-08-24","  52.3","000000","999.9","  84.2","  53.6"," 15.5"," 0.00","1013.9","999.9","999.9","  72.6","  6.2"," 11.4"
"34504099999","48.6","34.9666666","143.0","1979-08-25","  58.1","010010","999.9","  87.8","  68.0"," 13.6"," 0.00","1009.5","999.9","999.9","  75.0","  5.7"," 10.2"
"34504099999","48.6","34.9666666","143.0","1979-08-26","  65.5","000010","999.9","  86.0","  66.2"," 11.7"," 0.39","1009.1","999.9","999.9","  72.7","  4.8","  4.6"
"34504099999","48.6","34.9666666","143.0","1979-08-27","  65.5","000000","999.9","  84.2","  66.2"," 13.6"," 0.00","1009.8","999.9","999.9","  72.3","  4.2","  6.6"
"34504099999","48.6","34.9666666","143.0","1979-08-28","  55.4","000010","999.9","  71.6","  59.0"," 13.6"," 0.00","1014.0","999.9","999.9","  65.5","  5.7","  8.7"
"34504099999","48.6","34.9666666","143.0","1979-08-29","  49.1","000000","999.9","  71.6","  53.6","  7.8"," 0.00","1021.3","999.9","999.9","  63.1","  4.7","  2.4"
"34504099999","48.6","34.9666666","143.0","1979-08-30","  48.4","000000","999.9","  68.0","  59.0"," 50.5"," 0.00","1019.0","999.9","999.9","  63.1","  5.7"," 12.6"
"34504099999","48.6","34.9666666","143.0","1979-08-31","  49.1","010000","999.9","  66.2","  55.4"," 13.6"," 0.24","1014.6","999.9","999.9","  59.7","  4.3"," 10.2"
"34504099999","48.6","34.9666666","143.0","1979-09-01","  49.6","000000","999.9","  68.0","  51.8"," 13.6"," 0.00","1016.1","999.9","999.9","  61.3","  6.2","  8.7"
"34504099999","48.6","34.9666666","143.0","1979-09-02","  49.8","000000","999.9","  71.6","  51.8","  7.8"," 0.00","1022.5","999.9","999.9","  61.5","  5.7","  3.6"
"34504099999","48.6","34.9666666","143.0","1979-09-03","  51.1","000000","999.9","  73.4","  55.4","  7.8"," 0.00","1022.8","999.9","999.9","  64.2","  5.7","  4.6"
"34504099999","48.6","34.9666666","143.0","1979-09-04","  50.9","000000","999.9","  75.2","  57.2","  7.8"," 0.00","1018.7","999.9","999.9","  65.5","  5.7","  4.6"
"34504099999","48.6","34.9666666","143.0","1979-09-05","  54.9","010000","999.9","  73.4","  59.0","  5.8"," 0.00","1015.8","999.9","999.9","  62.6","  4.2","  2.2"
"34504099999","48.6","34.9666666","143.0","1979-09-06","  54.5","000000","999.9","  75.2","  55.4","  7.8"," 1.06","1014.5","999.9","999.9","  63.5","  4.3","  3.3"
"34504099999","48.6","34.9666666","143.0","1979-09-07","  51.1","010000","999.9","  62.6","  55.4","  5.8"," 0.06","1014.0","999.9","999.9","  58.1","  3.9","  2.2"
"34504099999","48.6","34.9666666","143.0","1979-09-08","  48.4","000000","999.9","  62.6","  50.0"," 11.7"," 0.00","1014.7","999.9","999.9","  56.7","  3.3","  4.9"
"34504099999","48.6","34.9666666","143.0","1979-09-09","  45.3","010000","999.9","  62.6","  46.4"," 15.5"," 0.00","1015.8","999.9","999.9","  54.7","  4.8","  8.0"
"34504099999","48.6","34.9666666","143.0","1979-09-10","  48.4","010000","999.9","  60.8","  50.0"," 11.7"," 0.00","1015.5","999.9","999.9","  54.3","  5.3","  7.0"
"34504099999","48.6","34.9666666","143.0","1979-09-11","  49.6","000000","999.9","  68.0","  51.8","  7.8"," 0.00","1016.9","999.9","999.9","  58.5","  5.1","  2.7"
"34504099999","48.6","34.9666666","143.0","1979-09-12","  49.2","000000","999.9","  73.4","  50.0"," 15.5"," 0.00","1014.9","999.9","999.9","  63.1","  2.5"," 10.3"
"34504099999","48.6","34.9666666","143.0","1979-09-13","  40.5","000000","999.9","  66.2","  46.4"," 15.5"," 0.00","1018.9","999.9","999.9","  56.7","  4.6","  9.2"
"34504099999","48.6","34.9666666","143.0","1979-09-14","  48.2","000000","999.9","  77.0","  46.4"," 13.6"," 0.00","1018.2","999.9","999.9","  61.0","  5.7","  9.0"
"34504099999","48.6","34.9666666","143.0","1979-09-15","  47.8","000000","999.9","  78.8","  55.4"," 13.6"," 0.24","1010.1","999.9","999.9","  65.5","  6.2","  8.0"
"34504099999","48.6","34.9666666","143.0","1979-09-16","  47.1","010000","999.9","  57.2","  48.2"," 13.6"," 0.20","1009.2","999.9","999.9","  52.5","  2.7","  8.3"
"34504099999","48.6","34.9666666","143.0","1979-09-17","  43.0","010000","999.9","  55.4","  44.6"," 11.7"," 0.02","1016.0","999.9","999.9","  48.7","  4.1","  6.1"
"34504099999","48.6","34.9666666","143.0","1979-09-18","  36.9","010000","999.9","  60.8","  39.2","999.9"," 0.00","1018.7","999.9","999.9","  52.7","  5.3"," 14.6"
"34504099999","48.6","34.9666666","143.0","1979-09-19","  47.1","000000","999.9","  71.6","  55.4"," 17.5"," 0.00","1016.1","999.9","999.9","  61.5","  6.2"," 12.4"
"34504099999","48.6","34.9666666","143.0","1979-09-20","  48.0","000000","999.9","  73.4","  48.2"," 11.7"," 0.00","1020.4","999.9","999.9","  60.8","  4.3","  4.6"
"34504099999","48.6","34.9666666","143.0","1979-09-21","  52.3","000000","999.9","  78.8","  53.6","  9.7"," 0.00","1019.0","999.9","999.9","  64.8","  4.3","  3.2"
"34504099999","48.6","34.9666666","143.0","1979-09-22","  49.7","000000","999.9","  82.4","  53.6"," 17.5"," 0.00","1017.9","999.9","999.9","  67.3","  5.3"," 12.6"
"34504099999","48.6","34.9666666","143.0","1979-09-23","  52.7","000000","999.9","  80.6","  55.4"," 11.7"," 0.00","1015.8","999.9","999.9","  66.4","  6.2","  9.7"
"34504099999","48.6","34.9666666","143.0","1979-09-24","  56.3","100000","999.9","  77.0","  53.6","  7.8"," 0.00","1018.0","999.9","999.9","  64.0","  3.6","  4.9"
"34504099999","48.6","34.9666666","143.0","1979-09-25","  56.5","000000","999.9","  84.2","  57.2"," 11.7"," 0.00","1018.8","999.9","999.9","  70.0","  2.6","  5.1"
"34504099999","48.6","34.9666666","143.0","1979-09-26","  59.8","010000","999.9","  82.4","  60.8"," 11.7"," 0.00","1018.8","999.9","999.9","  68.8","  1.8","  3.3"
"34504099999","48.6","34.9666666","143.0","1979-09-27","  53.2","000000","999.9","  69.8","  55.4"," 13.6"," 0.00","1022.4","999.9","999.9","  61.2","  4.3","  9.5"
"34504099999","48.6","34.9666666","143.0","1979-09-28","  48.7","000000","999.9","  59.0","  48.2","  7.8"," 0.00","1023.7","999.9","999.9","  54.9","  2.8","  4.2"
"34504099999","48.6","34.9666666","143.0","1979-09-29","  48.0","000000","999.9","  66.2","  44.6"," 13.6"," 0.00","1022.6","999.9","999.9","  53.8","  1.9","  4.4"
"34504099999","48.6","34.9666666","143.0","1979-09-30","  42.5","100000","999.9","  59.0","  44.6"," 13.6"," 0.00","1019.5","999.9","999.9","  51.8","  3.6","  3.6"
"34504099999","48.6","34.9666666","143.0","1979-10-01","  32.5","000000","999.9","  55.4","  37.4"," 13.6"," 0.00","1020.5","999.9","999.9","  48.0","  5.3","  7.0"
"34504099999","48.6","34.9666666","143.0","1979-10-02","  31.4","000000","999.9","  51.8","  37.4","  9.7"," 0.00","1022.5","999.9","999.9","  44.9","  5.7","  6.1"
"34504099999","48.6","34.9666666","143.0","1979-10-03","  31.1","000000","999.9","  48.2","  37.4"," 13.6"," 0.00","1025.2","999.9","999.9","  42.8","  6.2"," 10.0"
"34504099999","48.6","34.9666666","143.0","1979-10-04","  28.0","000000","999.9","  46.4","  33.8","  9.7"," 0.00","1026.9","999.9","999.9","  39.6","  5.3","  4.4"
"34504099999","48.6","34.9666666","143.0","1979-10-05","  30.6","010000","999.9","  55.4","  33.8"," 23.3"," 0.00","1018.2","999.9","999.9","  46.0","  5.1"," 12.4"
"34504099999","48.6","34.9666666","143.0","1979-10-06","  37.9","010000","999.9","  44.6","  39.2"," 15.5"," 0.61","1012.0","999.9","999.9","  41.8","  3.9"," 12.2"
"34504099999","48.6","34.9666666","143.0","1979-10-07","  29.5","000000","999.9","  46.4","  33.8"," 15.5"," 0.00","1028.0","999.9","999.9","  40.3","  6.0"," 12.6"
"34504099999","48.6","34.9666666","143.0","1979-10-08","  34.7","000000","999.9","  53.6","  32.0","  7.8"," 0.00","1032.3","999.9","999.9","  44.1","  4.2","  2.9"
"34504099999","48.6","34.9666666","143.0","1979-10-09","  37.7","100000","999.9","  62.6","  35.6","  3.9"," 0.00","1029.8","999.9","999.9","  45.1","  2.1","  1.1"
"34504099999","48.6","34.9666666","143.0","1979-10-10","  36.1","000000","999.9","  60.8","  37.4","  5.8"," 0.00","1026.1","999.9","999.9","  48.9","  2.8","  3.6"
"34504099999","48.6","34.9666666","143.0","1979-10-11","  38.3","100000","999.9","  60.8","  39.2","  3.9"," 0.00","1024.1","999.9","999.9","  49.8","  2.1","  2.2"
"34504099999","48.6","34.9666666","143.0","1979-10-12","  39.6","000000","999.9","  66.2","  42.8","  5.8"," 0.00","1020.7","999.9","999.9","  52.0","  3.5","  3.2"
"34504099999","48.6","34.9666666","143.0","1979-10-13","  41.0","000000","999.9","  64.4","  44.6","  3.9"," 0.00","1018.0","999.9","999.9","  55.6","  3.4","  3.2"
"34504099999","48.6","34.9666666","143.0","1979-10-14","  46.4","000000","999.9","  66.2","  50.0","  7.8"," 0.00","1017.5","999.9","999.9","  56.1","  5.1","  4.4"
"34504099999","48.6","34.9666666","143.0","1979-10-15","  47.7","000000","999.9","  64.4","  46.4","  3.9"," 0.00","1020.3","999.9","999.9","  53.1","  2.7","  3.3"
"34504099999","48.6","34.9666666","143.0","1979-10-16","  50.0","100000","999.9","  62.6","  46.4","  7.8"," 0.00","1023.2","999.9","999.9","  52.7","  2.3","  3.2"
"34504099999","48.6","34.9666666","143.0","1979-10-17","  49.3","100000","999.9","  66.2","  42.8"," 11.7"," 0.00","1023.2","999.9","999.9","  54.5","  3.2","  4.9"
"34504099999","48.6","34.9666666","143.0","1979-10-18","  52.5","010000","999.9","  64.4","  53.6"," 15.5"," 0.00","1014.0","999.9","999.9","  58.3","  5.4"," 12.1"
"34504099999","48.6","34.9666666","143.0","1979-10-19","  44.6","010000","999.9","  57.2","  44.6"," 19.4"," 0.39","1007.8","999.9","999.9","  49.1","  5.1"," 16.0"
"34504099999","48.6","34.9666666","143.0","1979-10-20","  37.8","000000","999.9","  53.6","  35.6"," 13.6"," 0.00","1017.7","999.9","999.9","  42.1","  4.2","  7.8"
"34504099999","48.6","34.9666666","143.0","1979-10-21","  37.4","100000","999.9","  53.6","  28.4","  7.8"," 0.00","1022.9","999.9","999.9","  40.8","  2.1","  1.5"
"34504099999","48.6","34.9666666","143.0","1979-10-22","  40.7","100000","999.9","  50.0","  41.0","  7.8"," 0.00","1022.5","999.9","999.9","  45.3","  1.8","  2.9"
"34504099999","48.6","34.9666666","143.0","1979-10-23","  32.5","000000","999.9","  42.8","  37.4","  9.7"," 0.00","1022.0","999.9","999.9","  40.5","  4.7","  5.8"
"34504099999","48.6","34.9666666","143.0","1979-10-24","  28.9","011000","999.9","  37.4","  32.0","  9.7"," 0.08","1018.0","999.9","999.9","  34.0","  7.5","  1.7"
"34504099999","48.6","34.9666666","143.0","1979-10-25","  29.1","011000","999.9","  33.8","  30.2"," 17.5"," 0.10","1022.4","  0.8","999.9","  32.0","  3.5"," 14.1"
"34504099999","48.6","34.9666666","143.0","1979-10-26","  24.1","001000","999.9","  33.8","  26.6"," 11.7"," 0.00","1027.0","999.9","999.9","  30.6","  6.2","  9.0"
"34504099999","48.6","34.9666666","143.0","1979-10-27","  26.4","001000","999.9","  35.6","  28.4"," 13.6"," 0.02","1022.4","999.9","999.9","  31.1","  2.8","  9.0"
"34504099999","48.6","34.9666666","143.0","1979-10-28","  29.2","101000","999.9","  35.6","  30.2","  3.9"," 0.02","1020.4","999.9","999.9","  31.7","  1.5","  1.1"
"34504099999","48.6","34.9666666","143.0","1979-10-29","  27.5","100000","999.9","  33.8","  24.8","  3.9"," 0.00","1022.5","999.9","999.9","  29.8","  1.8","  1.5"
"34504099999","48.6","34.9666666","143.0","1979-10-30","  27.3","011100","999.9","  35.6","  24.8"," 15.5"," 0.00","1023.8","999.9","999.9","  31.6","  3.3"," 10.9"
"34504099999","48.6","34.9666666","143.0","1979-10-31","  30.0","011000","999.9","  32.0","  28.4"," 13.6"," 0.31","1014.7","999.9","999.9","  31.3","  2.6"," 12.1"
"34504099999","48.6","34.9666666","143.0","1979-11-01","  16.7","001000","999.9","  24.8","  15.8"," 13.6"," 0.16","1016.9","999.9","999.9","  20.9","  6.2","  9.7"
"34504099999","48.6","34.9666666","143.0","1979-11-02","   8.0","000000","999.9","  19.4","  12.2","  9.7"," 0.00","1025.0","999.9","999.9","  13.4","  4.0","  8.4"
"34504099999","48.6","34.9666666","143.0","1979-11-03","   8.4","000000","999.9","  19.4","   8.6","  7.8"," 0.00","1032.3","999.9","999.9","  14.2","  5.1","  4.6"
"34504099999","48.6","34.9666666","143.0","1979-11-04","  12.5","001000","999.9","  23.0","   8.6","  9.7"," 0.00","1034.8","999.9","999.9","  18.5","  3.9","  5.3"
"34504099999","48.6","34.9666666","143.0","1979-11-05","  16.7","011000","999.9","  26.6","  19.4"," 13.6"," 0.01","1029.2","999.9","999.9","  22.3","  5.7","  6.8"
"34504099999","48.6","34.9666666","143.0","1979-11-06","  26.1","000000","999.9","  37.4","  21.2"," 19.4"," 0.00","1015.6","999.9","999.9","  31.6","  4.7"," 14.1"
"34504099999","48.6","34.9666666","143.0","1979-11-07","  34.6","010000","999.9","  42.8","  32.0"," 21.4"," 0.05"," 999.4","999.9","999.9","  39.0","  5.4"," 14.3"
"34504099999","48.6","34.9666666","143.0","1979-11-08","  32.9","010000","999.9","  39.2","  32.0"," 17.5"," 0.35","1007.9","999.9","999.9","  34.9","  3.3"," 11.4"
"34504099999","48.6","34.9666666","143.0","1979-11-09","  34.0","010000","999.9","  42.8","  32.0"," 15.5"," 0.12","1015.3","999.9","999.9","  38.1","  5.0"," 11.4"
"34504099999","48.6","34.9666666","143.0","1979-11-10","  44.9","100000","999.9","  48.2","  42.8"," 13.6"," 0.00","1020.0","999.9","999.9","  45.6","  1.1","  5.8"
"34504099999","48.6","34.9666666","143.0","1979-11-11","  40.8","000000","999.9","  59.0","  39.2"," 13.6"," 0.00","1020.9","999.9","999.9","  46.4","  4.0","  8.7"
"34504099999","48.6","34.9666666","143.0","1979-11-12","  36.9","100000","999.9","  39.2","  32.0"," 13.6"," 0.00","1020.1","999.9","999.9","  37.4","  1.4"," 10.5"
"34504099999","48.6","34.9666666","143.0","1979-11-13","  42.3","110000","999.9","  51.8","  35.6"," 11.7"," 0.00","1016.4","999.9","999.9","  44.1","  2.7","  8.5"
"34504099999","48.6","34.9666666","143.0","1979-11-14","  40.1","100000","999.9","  46.4","  35.6"," 11.7"," 0.04","1021.1","999.9","999.9","  41.0","  2.4","  6.8"
"34504099999","48.6","34.9666666","143.0","1979-11-15","  41.2","100000","999.9","  46.4","  35.6"," 13.6"," 0.00","1025.0","999.9","999.9","  42.1","  1.0"," 10.9"
"34504099999","48.6","34.9666666","143.0","1979-11-16","  37.4","000000","999.9","  41.0","  35.6"," 15.5"," 0.00","1027.4","999.9","999.9","  39.4","  2.6"," 12.9"
"34504099999","48.6","34.9666666","143.0","1979-11-17","  36.7","000000","999.9","  42.8","  37.4"," 15.5"," 0.00","1032.1","999.9","999.9","  40.1","  6.2"," 14.1"
"34504099999","48.6","34.9666666","143.0","1979-11-18","  35.1","000000","999.9","  41.0","  37.4"," 15.5"," 0.00","1032.2","999.9","999.9","  37.9","  5.1"," 13.6"
"34504099999","48.6","34.9666666","143.0","1979-11-19","  35.8","000000","999.9","  44.6","  37.4"," 17.5"," 0.00","1027.0","999.9","999.9","  40.1","  7.8"," 15.5"
"34504099999","48.6","34.9666666","143.0","1979-11-20","  40.6","010000","999.9","  51.8","  37.4"," 15.5"," 0.00","1017.1","999.9","999.9","  42.4","  2.6"," 14.1"
"34504099999","48.6","34.9666666","143.0","1979-11-21","  42.6","100000","999.9","  46.4","  41.0"," 11.7"," 0.00","1020.8","999.9","999.9","  43.9","  1.8","  4.4"
"34504099999","48.6","34.9666666","143.0","1979-11-22","  35.6","000000","999.9","  42.8","  37.4","  7.8"," 0.00","1025.2","999.9","999.9","  39.4","  4.8","  4.4"
"34504099999","48.6","34.9666666","143.0","1979-11-23","  30.5","000000","999.9","  37.4","  35.6","  7.8"," 0.00","1029.0","999.9","999.9","  36.0","  4.7","  5.1"
"34504099999","48.6","34.9666666","143.0","1979-11-24","  31.5","110100","999.9","  33.8","  32.0","  9.7"," 0.00","1029.1","999.9","999.9","  33.0","  1.7","  7.8"
"34504099999","48.6","34.9666666","143.0","1979-11-25","  35.2","110000","999.9","  39.2","  32.0","  5.8"," 0.00","1027.3","999.9","999.9","  36.5","  2.2","  2.9"
"34504099999","48.6","34.9666666","143.0","1979-11-26","  37.0","110000","999.9","  39.2","  35.6"," 11.7"," 0.00","1026.1","999.9","999.9","  38.1","  1.0","  9.5"
"34504099999","48.6","34.9666666","143.0","1979-11-27","  38.8","010000","999.9","  41.0","  35.6","  9.7"," 0.04","1013.5","999.9","999.9","  39.9","  1.5","  7.3"
"34504099999","48.6","34.9666666","143.0","1979-11-28","  34.0","011000","999.9","  39.2","  33.8"," 11.7"," 0.20","1006.9","999.9","999.9","  36.3","  3.7","  7.8"
"34504099999","48.6","34.9666666","143.0","1979-11-29","  28.4","011000","999.9","  37.4","  32.0"," 17.5"," 0.01","1013.7","999.9","999.9","  34.9","  7.0"," 13.4"
"34504099999","48.6","34.9666666","143.0","1979-11-30","  29.3","001000","999.9","  37.4","  28.4"," 19.4"," 0.16","1005.8","999.9","999.9","  32.5","  3.0"," 11.4"
"34504099999","48.6","34.9666666","143.0","1979-12-01","  32.5","000000","999.9","  41.0","  33.8"," 13.6"," 0.01","1004.3","999.9","999.9","  36.4","  5.0","  9.7"
"34504099999","48.6","34.9666666","143.0","1979-12-02","  39.0","100000","999.9","  44.6","  33.8","  7.8"," 0.02","1015.0","999.9","999.9","  40.1","  1.5","  7.0"
"34504099999","48.6","34.9666666","143.0","1979-12-03","  40.5","100000","999.9","  46.4","  35.6"," 11.7"," 0.00","1024.2","999.9","999.9","  42.0","  2.3","  7.5"
"34504099999","48.6","34.9666666","143.0","1979-12-04","  39.2","010000","999.9","  46.4","  37.4","  9.7"," 0.00","1020.2","999.9","999.9","  41.8","  2.0","  5.0"
"34504099999","48.6","34.9666666","143.0","1979-12-05","  36.5","110000","999.9","  42.8","  33.8"," 13.6"," 0.09","1016.7","999.9","999.9","  39.9","  2.9","  8.7"
"34504099999","48.6","34.9666666","143.0","1979-12-06","  32.0","100000","999.9","  42.8","  30.2"," 15.5"," 0.12","1012.8","999.9","999.9","  34.3","  4.1","  9.7"
"34504099999","48.6","34.9666666","143.0","1979-12-07","  30.4","010000","999.9","  39.2","  32.0"," 19.4"," 0.00","1011.6","999.9","999.9","  34.9","  5.7"," 13.1"
"34504099999","48.6","34.9666666","143.0","1979-12-08","  28.1","010000","999.9","  39.2","  26.6"," 21.4"," 0.04","1008.3","999.9","999.9","  34.6","  5.3"," 14.2"
"34504099999","48.6","34.9666666","143.0","1979-12-09","  27.4","011000","999.9","  32.0","  24.8"," 11.7"," 0.01","1014.1","999.9","999.9","  29.7","  5.0","  6.9"
"34504099999","48.6","34.9666666","143.0","1979-12-10","  39.5","100000","999.9","  44.6","  32.0"," 15.5"," 0.00","1008.8","999.9","999.9","  39.8","  0.6"," 13.3"
"34504099999","48.6","34.9666666","143.0","1979-12-11","  41.7","000000","999.9","  48.2","  41.0"," 23.3"," 0.00","1000.8","999.9","999.9","  44.6","  9.0"," 16.5"
"34504099999","48.6","34.9666666","143.0","1979-12-12","  46.4","010000","999.9","  51.8","  44.6"," 19.4"," 0.00"," 995.5","999.9","999.9","  49.2","  5.1"," 16.9"
"34504099999","48.6","34.9666666","143.0","1979-12-13","  33.4","010000","999.9","  50.0","  19.4"," 19.4"," 0.24"," 998.6","999.9","999.9","  36.7","  4.0"," 16.5"
"34504099999","48.6","34.9666666","143.0","1979-12-14","  10.4","001000","999.9","  23.0","  10.4"," 31.1"," 0.00","1017.1","999.9","999.9","  15.6","  6.2"," 12.4"
"34504099999","48.6","34.9666666","143.0","1979-12-15","  19.9","001000","999.9","  32.0","  10.4"," 17.5"," 0.16","1017.2","999.9","999.9","  23.0","  3.8"," 12.5"
"34504099999","48.6","34.9666666","143.0","1979-12-16","  33.1","101000","999.9","  35.6","  30.2"," 17.5"," 1.42","1013.5","  1.2","999.9","  33.6","  0.6"," 12.9"
"34504099999","48.6","34.9666666","143.0","1979-12-17","  25.5","000000","999.9","  33.8","  26.6"," 11.7"," 0.00","1018.1","  0.4","999.9","  30.6","  6.2","  9.0"
"34504099999","48.6","34.9666666","143.0","1979-12-18","  28.2","100000","999.9","  30.2","  26.6","  9.7"," 0.00","1019.2","999.9","999.9","  29.3","  0.8","  7.3"
"34504099999","48.6","34.9666666","143.0","1979-12-19","  32.0","110000","999.9","  41.0","  30.2"," 15.5"," 0.00","1016.7","  0.4","999.9","  33.3","  0.1","  8.9"
"34504099999","48.6","34.9666666","143.0","1979-12-20","  33.0","110000","999.9","  33.8","  32.0"," 11.7"," 0.08","1025.0","999.9","999.9","  33.3","  1.9","  5.1"
"34504099999","48.6","34.9666666","143.0","1979-12-21","  32.0","110000","999.9","  33.8","  32.0","  9.7"," 0.00","1032.6","999.9","999.9","  32.5","  1.4","  6.8"
"34504099999","48.6","34.9666666","143.0","1979-12-22","  30.4","110000","999.9","  33.8","  30.2","  7.8"," 0.00","1033.2","999.9","999.9","  32.2","  1.7","  4.6"
"34504099999","48.6","34.9666666","143.0","1979-12-23","  26.4","000000","999.9","  32.0","  28.4","  9.7"," 0.00","1033.9","999.9","999.9","  30.4","  3.7","  6.8"
"34504099999","48.6","34.9666666","143.0","1979-12-24","  19.2","000000","999.9","  39.2","  23.0"," 11.7"," 0.00","1030.2","999.9","999.9","  26.6","  6.2"," 10.2"
"34504099999","48.6","34.9666666","143.0","1979-12-25","  17.8","001000","999.9","  28.4","  21.2"," 17.5"," 0.01","1029.6","999.9","999.9","  24.1","  6.2"," 13.6"
"34504099999","48.6","34.9666666","143.0","1979-12-26","  12.9","001000","999.9","  24.8","  14.0"," 13.6"," 0.00","1033.3","999.9","999.9","  19.8","  6.2"," 12.1"
"34504099999","48.6","34.9666666","143.0","1979-12-27","  12.6","000000","999.9","  24.8","  14.0"," 17.5"," 0.00","1033.2","999.9","999.9","  18.5","  5.7"," 14.6"
"34504099999","48.6","34.9666666","143.0","1979-12-28","  10.9","000000","999.9","  23.0","  12.2"," 13.6"," 0.00","1029.5","999.9","999.9","  16.8","  4.6","  9.4"
"34504099999","48.6","34.9666666","143.0","1979-12-29","  17.9","001000","999.9","  28.4","  12.2"," 13.6"," 0.00","1025.2","999.9","999.9","  21.2","  2.3"," 10.2"
"34504099999","48.6","34.9666666","143.0","1979-12-30","  20.8","000000","999.9","  32.0","  24.8"," 15.5"," 0.00","1018.0","999.9","999.9","  26.8","  6.2"," 11.7"
"34504099999","48.6","34.9666666","143.0","1979-12-31","  26.9","011000","999.9","  37.4","  23.0"," 19.4"," 0.05","1008.9","  0.4","999.9","  28.4","  3.2"," 15.0"
"34504099999","48.6","34.9666666","143.0","1980-01-01","  33.1","110000","999.9","  44.6","  30.2"," 19.4"," 0.28","1003.1","999.9","999.9","  39.2","  4.5"," 15.8"
"34504099999","48.6","34.9666666","143.0","1980-01-02","  29.1","011000","999.9","  33.8","  28.4"," 15.5"," 0.33","1005.6","999.9","999.9","  32.0","  4.3"," 12.4"
"34504099999","48.6","34.9666666","143.0","1980-01-03","  27.4","110000","999.9","  35.6","  28.4"," 19.4"," 0.00","1015.3","999.9","999.9","  32.0","  4.3"," 12.5"
"34504099999","48.6","34.9666666","143.0","1980-01-04","  32.8","011000","999.9","  37.4","  32.0"," 19.4"," 0.31","1008.1","999.9","999.9","  34.3","  3.3"," 15.0"
"34504099999","48.6","34.9666666","143.0","1980-01-05","  31.8","011000","999.9","  33.8","  30.2"," 11.7"," 0.31","1012.8","999.9","999.9","  32.5","  1.4","  9.4"
"34504099999","48.6","34.9666666","143.0","1980-01-06","  23.0","011000","999.9","  28.4","  24.8"," 11.7"," 0.16","1020.5","  1.2","999.9","  25.3","  2.3"," 11.1"
"34504099999","48.6","34.9666666","143.0","1980-01-07","  17.1","001000","999.9","  24.8","  12.2","  9.7"," 0.09","1026.3","  2.4","999.9","  19.4","  1.4","  7.3"
"34504099999","48.6","34.9666666","143.0","1980-01-08","  13.8","000000","999.9","  24.8","  10.4"," 11.7"," 0.00","1028.0","  2.4","999.9","  19.0","  2.6"," 10.0"
"34504099999","48.6","34.9666666","143.0","1980-01-09","   9.0","000000","999.9","  21.2","  12.2"," 17.5"," 0.00","1026.4","  2.4","999.9","  16.5","  6.0"," 14.6"
"34504099999","48.6","34.9666666","143.0","1980-01-10","  12.9","001000","999.9","  21.2","  14.0"," 17.5"," 0.00","1025.2","  2.4","999.9","  18.3","  4.8"," 13.3"
"34504099999","48.6","34.9666666","143.0","1980-01-11","  12.5","001000","999.9","  23.0","   3.2"," 11.7"," 0.00","1025.3","  1.6","999.9","  15.6","  3.9","  8.5"
"34504099999","48.6","34.9666666","143.0","1980-01-12","   7.3","001000","999.9","  17.6","   5.0"," 11.7"," 0.01","1029.2","999.9","999.9","  11.3","  4.0"," 10.0"
"34504099999","48.6","34.9666666","143.0","1980-01-13","  -4.2","000000","999.9","   1.4","  -5.8","  9.7"," 0.00","1035.4","  1.6","999.9","  -0.4","  3.0","  5.3"
"34504099999","48.6","34.9666666","143.0","1980-01-14","   6.8","001000","999.9","  14.0","  -0.4"," 11.7"," 0.00","1032.7","999.9","999.9","   8.9","  3.0","  7.2"
"34504099999","48.6","34.9666666","143.0","1980-01-15","  15.0","000000","999.9","  23.0","  12.2"," 17.5"," 0.00","1028.9","  1.6","999.9","  19.4","  3.8"," 13.6"
"34504099999","48.6","34.9666666","143.0","1980-01-16","  27.3","011000","999.9","  33.8","  19.4"," 17.5"," 0.01","1015.8","  1.2","999.9","  30.2","  5.7"," 15.1"
"34504099999","48.6","34.9666666","143.0","1980-01-17","  15.1","001000","999.9","  32.0","  10.4"," 15.5"," 0.05","1015.2","  1.6","999.9","  19.4","  3.5"," 12.5"
"34504099999","48.6","34.9666666","143.0","1980-01-18","   5.5","000000","999.9","  17.6","   3.2","  7.8"," 0.00","1027.1","  1.6","999.9","   9.0","  2.5","  5.6"
"34504099999","48.6","34.9666666","143.0","1980-01-19","   5.2","000000","999.9","  23.0","   3.2","  7.8"," 0.00","1026.0","  1.6","999.9","  11.3","  3.9","  5.1"
"34504099999","48.6","34.9666666","143.0","1980-01-20","  14.9","001000","999.9","  26.6","  12.2","  9.7"," 0.00","1024.7","  1.6","999.9","  20.5","  3.6","  6.3"
"34504099999","48.6","34.9666666","143.0","1980-01-21","   9.6","000000","999.9","  19.4","   6.8","  5.8"," 0.00","1031.8","  1.6","999.9","  14.0","  4.1","  3.6"
"34504099999","48.6","34.9666666","143.0","1980-01-22","   1.7","000000","999.9","  12.2","   1.4","  7.8"," 0.00","1037.1","999.9","999.9","   5.0","  3.1","  4.5"
"34504099999","48.6","34.9666666","143.0","1980-01-23","  -0.2","000000","999.9","  15.8","  -0.4"," 13.6"," 0.00","1031.6","  1.6","999.9","   6.8","  4.5","  9.2"
"34504099999","48.6","34.9666666","143.0","1980-01-24","   4.0","000000","999.9","  15.8","  -0.4"," 13.6"," 0.00","1021.0","  1.6","999.9","   8.3","  5.7"," 10.5"
"34504099999","48.6","34.9666666","143.0","1980-01-25","  23.7","111000","999.9","  33.8","  17.6"," 15.5"," 0.39","1010.4","  2.0","999.9","  27.5","  1.7"," 13.1"
"34504099999","48.6","34.9666666","143.0","1980-01-26","  17.6","100000","999.9","  28.4","  10.4"," 15.5"," 0.00","1010.7","  2.0","999.9","  22.3","  2.8","  7.8"
"34504099999","48.6","34.9666666","143.0","1980-01-27","  25.0","101000","999.9","  30.2","   8.6"," 13.6"," 0.02","1009.9","  5.9","999.9","  25.9","  0.6"," 10.0"
"34504099999","48.6","34.9666666","143.0","1980-01-28","   9.0","001000","999.9","  23.0","   8.6"," 17.5"," 0.00","1012.8","  5.9","999.9","  14.2","  3.9"," 14.3"
"34504099999","48.6","34.9666666","143.0","1980-01-29","  -1.3","001000","999.9","   6.8","  -4.0"," 13.6"," 0.02","1022.6","  5.9","999.9","   1.8","  3.0","  8.5"
"34504099999","48.6","34.9666666","143.0","1980-01-30","   0.5","101000","999.9","  24.8","  -4.0"," 11.7"," 0.02","1025.6","  6.3","999.9","   4.8","  0.9","  3.4"
"34504099999","48.6","34.9666666","143.0","1980-01-31","  26.3","011000","999.9","  33.8","   1.4"," 21.4"," 0.13","1013.6","  6.3","999.9","  28.1","  1.5"," 15.8"
"34504099999","48.6","34.9666666","143.0","1980-02-01","  34.5","100000","999.9","  37.4","  32.0"," 54.4"," 0.00","1013.8","  5.1","999.9","  34.9","  0.8"," 20.2"
"34504099999","48.6","34.9666666","143.0","1980-02-02","  34.2","011000","999.9","  39.2","  30.2"," 13.6"," 0.04","1015.5","  2.0","999.9","  36.0","  6.1"," 12.5"
"34504099999","48.6","34.9666666","143.0","1980-02-03","  24.2","000000","999.9","  30.2","  24.8"," 15.5"," 0.00","1023.3","  1.2","999.9","  26.9","  4.8","  9.7"
"34504099999","48.6","34.9666666","143.0","1980-02-04","  29.4","110000","999.9","  33.8","  28.4","  9.7"," 0.00","1015.6","  0.8","999.9","  31.2","  1.7","  5.2"
"34504099999","48.6","34.9666666","143.0","1980-02-05","  31.5","011000","999.9","  33.8","  14.0"," 27.2"," 0.16","1013.9","999.9","999.9","  32.0","  1.1"," 14.3"
"34504099999","48.6","34.9666666","143.0","1980-02-06","  31.8","101000","999.9","  33.8","  32.0"," 15.5"," 0.08","1015.5","999.9","999.9","  32.2","  1.2"," 10.9"
"34504099999","48.6","34.9666666","143.0","1980-02-07","  29.5","101000","999.9","  32.0","  30.2"," 15.5"," 0.00","1020.0","  0.8","999.9","  30.9","  1.4"," 10.0"
"34504099999","48.6","34.9666666","143.0","1980-02-08","  25.8","101000","999.9","  30.2","  24.8","  7.8"," 0.00","1027.0","999.9","999.9","  27.4","  5.5","  5.3"
"34504099999","48.6","34.9666666","143.0","1980-02-09","  30.2","101000","999.9","  32.0","  23.0"," 13.6"," 0.01","1026.0","  1.6","999.9","  30.6","  0.4","  7.8"
"34504099999","48.6","34.9666666","143.0","1980-02-10","  21.8","011000","999.9","  32.0","  24.8"," 11.7"," 0.00","1023.3","999.9","999.9","  27.5","  3.7","  4.9"
"34504099999","48.6","34.9666666","143.0","1980-02-11","  23.0","001000","999.9","  28.4","  23.0"," 11.7"," 0.08","1018.6","  2.0","999.9","  25.8","  1.0","  6.9"
"34504099999","48.6","34.9666666","143.0","1980-02-12","  13.8","001000","999.9","  26.6","   8.6"," 13.6"," 0.43","1017.9","  3.5","999.9","  18.3","  1.7"," 12.1"
"34504099999","48.6","34.9666666","143.0","1980-02-13","   6.3","000000","999.9","  14.0","   3.2"," 15.5"," 0.00","1025.1","999.9","999.9","   8.8","  2.5"," 14.1"
"34504099999","48.6","34.9666666","143.0","1980-02-14","   5.4","000000","999.9","  17.6","   5.0"," 15.5"," 0.00","1027.9","  3.5","999.9","  12.0","  6.2"," 12.9"
"34504099999","48.6","34.9666666","143.0","1980-02-15","   8.3","000000","999.9","  21.2","   8.6"," 15.5"," 0.00","1027.5","  3.1","999.9","  14.8","  6.2"," 13.6"
"34504099999","48.6","34.9666666","143.0","1980-02-16","   6.1","000000","999.9","  23.0","   5.0"," 17.5"," 0.00","1025.5","  2.4","999.9","  14.4","  6.2"," 12.1"
"34504099999","48.6","34.9666666","143.0","1980-02-17","  15.5","001000","999.9","  21.2","  12.2"," 29.1"," 0.00","1020.9","  2.4","999.9","  17.6","  1.5","  7.2"
"34504099999","48.6","34.9666666","143.0","1980-02-18","  19.1","101000","999.9","  28.4","  21.2"," 11.7"," 0.00","1024.8","999.9","999.9","  23.0","  1.7","  6.6"
"34504099999","48.6","34.9666666","143.0","1980-02-19","  10.1","000000","999.9","  23.0","  12.2"," 11.7"," 0.00","1033.3","999.9","999.9","  17.6","  3.3","  7.4"
"34504099999","48.6","34.9666666","143.0","1980-02-20","   6.5","000000","999.9","  23.0","  10.4","  3.9"," 0.00","1033.7","  2.8","999.9","  15.8","  2.3","  2.5"
"34504099999","48.6","34.9666666","143.0","1980-02-21","  12.2","001000","999.9","  24.8","   6.8","  7.8"," 0.00","1029.7","  2.0","999.9","  17.6","  2.6","  4.4"
"34504099999","48.6","34.9666666","143.0","1980-02-22","  25.4","011000","999.9","  32.0","  19.4","  7.8"," 0.00","1033.1","  2.0","999.9","  29.0","  2.3","  5.8"
"34504099999","48.6","34.9666666","143.0","1980-02-23","  27.1","001000","999.9","  35.6","  12.2","  5.8"," 0.00","1037.4","999.9","999.9","  29.3","  3.2","  2.9"
"34504099999","48.6","34.9666666","143.0","1980-02-24","  23.3","101000","999.9","  26.6","  24.8","  5.8"," 0.00","1035.8","  1.2","999.9","  26.4","  1.6","  2.7"
"34504099999","48.6","34.9666666","143.0","1980-02-25","  18.0","001000","999.9","  23.0","  21.2","  9.7"," 0.02","1023.3","  1.2","999.9","  21.4","  1.9","  5.1"
"34504099999","48.6","34.9666666","143.0","1980-02-26","  17.4","101000","999.9","  24.8","  15.8","  7.8"," 0.12","1017.6","  1.6","999.9","  20.8","  1.3","  5.8"
"34504099999","48.6","34.9666666","143.0","1980-02-27","  15.8","001000","999.9","  30.2","  10.4"," 13.6"," 0.04","1024.3","  2.0","999.9","  21.4","  1.9","  7.0"
"34504099999","48.6","34.9666666","143.0","1980-02-28","  13.2","001000","999.9","  21.2","  17.6"," 13.6"," 0.24","1025.9","  3.5","999.9","  18.9","  2.7"," 11.9"
"34504099999","48.6","34.9666666","143.0","1980-02-29","  16.3","001000","999.9","  23.0","  17.6"," 11.7"," 0.35","1018.0","  4.3","999.9","  20.8","  1.5","  5.6"
"34504099999","48.6","34.9666666","143.0","1980-03-01","  17.6","001000","999.9","  24.8","  19.4","  7.8"," 0.02","1015.4","  4.7","999.9","  22.2","  1.5","  4.2"
"34504099999","48.6","34.9666666","143.0","1980-03-02","  21.2","001000","999.9","  30.2","  21.2","  9.7"," 0.03","1009.9","  4.7","999.9","  25.5","  1.4","  5.3"
"34504099999","48.6","34.9666666","143.0","1980-03-03","  25.9","110000","999.9","  37.4","  17.6"," 19.4"," 0.09","1006.3","  4.3","999.9","  29.1","  2.3"," 11.2"
"34504099999","48.6","34.9666666","143.0","1980-03-04","  18.0","001000","999.9","  28.4","  19.4"," 11.7"," 0.08","1010.8","  2.8","999.9","  25.7","  5.5","  8.3"
"34504099999","48.6","34.9666666","143.0","1980-03-05","  13.8","001000","999.9","  30.2","  17.6"," 11.7"," 0.00","1018.7","  2.0","999.9","  23.5","  5.7","  7.5"
"34504099999","48.6","34.9666666","143.0","1980-03-06","  11.3","001000","999.9","  26.6","  19.4"," 13.6"," 0.02","1027.3","  2.0","999.9","  23.0","  4.8","  7.3"
"34504099999","48.6","34.9666666","143.0","1980-03-07","  16.9","000000","999.9","  32.0","  17.6"," 13.6"," 0.00","1024.4","  2.0","999.9","  24.1","  5.3","  7.8"
"34504099999","48.6","34.9666666","143.0","1980-03-08","  18.4","001000","999.9","  33.8","  19.4"," 17.5"," 0.00","1017.7","  2.0","999.9","  27.6","  5.6"," 14.2"
"34504099999","48.6","34.9666666","143.0","1980-03-09","  24.6","001000","999.9","  32.0","  23.0"," 17.5"," 0.04","1017.1","  0.8","999.9","  28.6","  2.5"," 15.3"
"34504099999","48.6","34.9666666","143.0","1980-03-10","  29.9","000000","999.9","  33.8","  14.0"," 19.4"," 0.00","1017.1","  0.8","999.9","  30.2","  3.9"," 17.0"
"34504099999","48.6","34.9666666","143.0","1980-03-11","  23.6","011000","999.9","  28.4","  19.4"," 19.4"," 0.02","1020.1","  0.8","999.9","  26.3","  5.1"," 18.0"
"34504099999","48.6","34.9666666","143.0","1980-03-12","  11.1","000000","999.9","  30.2","  14.0"," 21.4"," 0.00","1024.4","  0.8","999.9","  20.1","  6.2"," 18.9"
"34504099999","48.6","34.9666666","143.0","1980-03-13","   8.1","000000","999.9","  39.2","  14.0"," 21.4"," 0.00","1029.4","  0.4","999.9","  24.1","  5.4"," 20.9"
"34504099999","48.6","34.9666666","143.0","1980-03-14","  11.7","000000","999.9","  32.0","  14.0"," 19.4"," 0.00","1034.3","  0.4","999.9","  23.0","  6.2"," 15.5"
"34504099999","48.6","34.9666666","143.0","1980-03-15","  12.9","000000","999.9","  32.0","  17.6"," 13.6"," 0.00","1035.7","  2.0","999.9","  25.0","  6.2","  8.7"
"34504099999","48.6","34.9666666","143.0","1980-03-16","  15.1","000000","999.9","  35.6","  -2.2","  5.8"," 0.00","1030.4","999.9","999.9","  26.6","  4.3","  4.2"
"34504099999","48.6","34.9666666","143.0","1980-03-17","  18.7","000000","999.9","  51.8","  23.0","  9.7"," 0.00","1022.4","999.9","999.9","  27.9","  6.2","  8.3"
"34504099999","48.6","34.9666666","143.0","1980-03-18","  17.8","001000","999.9","  30.2","  24.8"," 11.7"," 0.00","1019.7","999.9","999.9","  26.6","  5.6"," 10.0"
"34504099999","48.6","34.9666666","143.0","1980-03-19","  16.3","001000","999.9","  26.6","  19.4","  9.7"," 0.01","1021.6","999.9","999.9","  22.0","  3.9","  7.8"
"34504099999","48.6","34.9666666","143.0","1980-03-20","  12.2","001000","999.9","  24.8","  15.8","  9.7"," 0.01","1018.2","999.9","999.9","  22.1","  3.3","  6.8"
"34504099999","48.6","34.9666666","143.0","1980-03-21","  22.8","001000","999.9","  32.0","  21.2"," 15.5"," 0.02","1011.2","999.9","999.9","  27.0","  1.6"," 11.4"
"34504099999","48.6","34.9666666","143.0","1980-03-22","  30.2","110000","999.9","  35.6","  26.6"," 11.7"," 0.14","1008.9","999.9","999.9","  32.0","  1.0","  9.0"
"34504099999","48.6","34.9666666","143.0","1980-03-23","  17.6","000000","999.9","  32.0","  15.8"," 13.6"," 0.00","1024.1","999.9","999.9","  26.6","  5.1"," 12.2"
"34504099999","48.6","34.9666666","143.0","1980-03-24","  18.0","000000","999.9","  32.0","  24.8"," 19.4"," 0.00","1024.4","999.9","999.9","  28.8","  4.8"," 17.7"
"34504099999","48.6","34.9666666","143.0","1980-03-25","  26.1","010000","999.9","  37.4","  26.6"," 19.4"," 0.00","1020.0","999.9","999.9","  31.2","  5.4"," 17.5"
"34504099999","48.6","34.9666666","143.0","1980-03-26","  27.7","011100","999.9","  32.0","  30.2"," 15.5"," 0.09","1020.2","999.9","999.9","  31.1","  3.0"," 10.4"
"34504099999","48.6","34.9666666","143.0","1980-03-27","  31.3","100000","999.9","  35.6","  30.2"," 11.7"," 0.00","1021.0","999.9","999.9","  33.1","  1.5","  6.1"
"34504099999","48.6","34.9666666","143.0","1980-03-28","  31.8","110000","999.9","  35.6","  33.8"," 13.6"," 0.10","1009.3","999.9","999.9","  34.0","  1.4"," 10.4"
"34504099999","48.6","34.9666666","143.0","1980-03-29","  32.0","011000","999.9","  33.8","  32.0"," 13.6"," 0.47","1007.8","999.9","999.9","  32.5","  0.6","  8.5"
"34504099999","48.6","34.9666666","143.0","1980-03-30","  29.7","001000","999.9","  35.6","  32.0","  5.8"," 0.04","1014.6","  0.8","999.9","  33.6","  1.5","  4.4"
"34504099999","48.6","34.9666666","143.0","1980-03-31","  31.7","010000","999.9","  44.6","  30.2"," 15.5"," 0.00","1018.3","999.9","999.9","  37.7","  1.8","  8.0"
"34504099999","48.6","34.9666666","143.0","1980-04-01","  35.3","110000","999.9","  46.4","  35.6"," 15.5"," 0.00","1017.8","999.9","999.9","  39.5","  1.6","  6.9"
"34504099999","48.6","34.9666666","143.0","1980-04-02","  35.3","000000","999.9","  51.8","  33.8","  7.8"," 0.00","1015.7","999.9","999.9","  41.8","  2.8","  3.6"
"34504099999","48.6","34.9666666","143.0","1980-04-03","  31.6","000000","999.9","  51.8","  33.8"," 11.7"," 0.00","1011.7","999.9","999.9","  42.1","  3.7","  5.1"
"34504099999","48.6","34.9666666","143.0","1980-04-04","  38.9","100000","999.9","  46.4","  35.6"," 13.6"," 0.00","1012.6","999.9","999.9","  41.3","  1.3","  4.2"
"34504099999","48.6","34.9666666","143.0","1980-04-05","  39.4","110000","999.9","  42.8","  39.2"," 15.5"," 0.00","1013.6","999.9","999.9","  41.0","  0.7"," 11.2"
"34504099999","48.6","34.9666666","143.0","1980-04-06","  38.5","010000","999.9","  53.6","  39.2"," 15.5"," 0.20","1016.1","999.9","999.9","  41.0","  6.2"," 12.1"
"34504099999","48.6","34.9666666","143.0","1980-04-07","  35.0","010000","999.9","  42.8","  35.6"," 15.5"," 0.33","1015.1","999.9","999.9","  37.4","  1.6"," 12.0"
"34504099999","48.6","34.9666666","143.0","1980-04-08","  37.0","110000","999.9","  44.6","  32.0"," 15.5"," 0.48","1004.6","999.9","999.9","  39.7","  2.1"," 11.9"
"34504099999","48.6","34.9666666","143.0","1980-04-09","  34.9","100000","999.9","  44.6","  33.8"," 17.5"," 0.00","1009.6","999.9","999.9","  38.8","  4.0"," 12.4"
"34504099999","48.6","34.9666666","143.0","1980-04-10","  35.4","100000","999.9","  48.2","  28.4","  7.8"," 0.00","1015.2","999.9","999.9","  41.7","  1.7","  2.9"
"34504099999","48.6","34.9666666","143.0","1980-04-11","  39.2","010000","999.9","  46.4","  39.2","  7.8"," 0.08","1016.9","999.9","999.9","  43.2","  2.1","  3.6"
"34504099999","48.6","34.9666666","143.0","1980-04-12","  36.1","010000","999.9","  41.0","  37.4","  9.7"," 0.39","1016.0","999.9","999.9","  39.7","  2.3","  5.8"
"34504099999","48.6","34.9666666","143.0","1980-04-13","  34.0","010000","999.9","  44.6","  35.6","  9.7"," 0.55","1018.4","999.9","999.9","  39.9","  3.7","  4.1"
"34504099999","48.6","34.9666666","143.0","1980-04-14","  32.3","010000","999.9","  41.0","  33.8"," 13.6"," 0.01","1016.2","999.9","999.9","  36.6","  3.9","  7.5"
"34504099999","48.6","34.9666666","143.0","1980-04-15","  28.4","001000","999.9","  42.8","  32.0","  7.8"," 0.00","1017.2","999.9","999.9","  35.3","  5.1","  6.9"
"34504099999","48.6","34.9666666","143.0","1980-04-16","  24.0","000000","999.9","  41.0","  30.2"," 13.6"," 0.00","1019.8","999.9","999.9","  35.6","  6.2","  7.3"
"34504099999","48.6","34.9666666","143.0","1980-04-17","  27.0","000000","999.9","  51.8","  30.2"," 15.5"," 0.00","1011.8","999.9","999.9","  37.8","  5.7"," 10.0"
"34504099999","48.6","34.9666666","143.0","1980-04-18","  29.5","000000","999.9","  53.6","  32.0"," 15.5"," 0.00","1007.8","999.9","999.9","  41.9","  5.7"," 10.9"
"34504099999","48.6","34.9666666","143.0","1980-04-19","  41.7","010000","999.9","  62.6","  41.0"," 17.5"," 0.00"," 998.5","999.9","999.9","  52.5","  5.5"," 13.0"
"34504099999","48.6","34.9666666","143.0","1980-04-20","  45.7","010000","999.9","  69.8","  44.6"," 15.5"," 0.00","1003.0","999.9","999.9","  55.2","  4.3"," 12.1"
"34504099999","48.6","34.9666666","143.0","1980-04-21","  46.6","010000","999.9","  66.2","  48.2"," 15.5"," 0.01","1007.0","999.9","999.9","  55.9","  5.5","  9.0"
"34504099999","48.6","34.9666666","143.0","1980-04-22","  48.2","010000","999.9","  62.6","  46.4"," 13.6"," 0.08","1010.8","999.9","999.9","  53.2","  3.6"," 10.9"
"34504099999","48.6","34.9666666","143.0","1980-04-23","  46.4","000000","999.9","  73.4","  46.4"," 13.6"," 0.00","1010.5","999.9","999.9","  60.5","  6.2"," 12.0"
"34504099999","48.6","34.9666666","143.0","1980-04-24","  47.3","010000","999.9","  53.6","  48.2","  7.8"," 0.87","1008.8","999.9","999.9","  51.6","  3.3","  4.6"
"34504099999","48.6","34.9666666","143.0","1980-04-25","  42.8","100000","999.9","  59.0","  41.0","  7.8"," 0.00","1012.3","999.9","999.9","  49.2","  2.0","  3.1"
"34504099999","48.6","34.9666666","143.0","1980-04-26","  42.1","010000","999.9","  60.8","  42.8","  9.7"," 0.00","1015.2","999.9","999.9","  52.9","  2.0","  4.1"
"34504099999","48.6","34.9666666","143.0","1980-04-27","  47.5","010000","999.9","  51.8","  48.2"," 11.7"," 0.28","1011.1","999.9","999.9","  49.6","  2.6","  6.8"
"34504099999","48.6","34.9666666","143.0","1980-04-28","  49.1","110000","999.9","  59.0","  48.2","  5.8"," 0.01","1014.1","999.9","999.9","  53.2","  7.3","  1.7"
"34504099999","48.6","34.9666666","143.0","1980-04-29","  46.6","000000","999.9","  71.6","  50.0"," 11.7"," 0.00","1015.3","999.9","999.9","  58.8","  3.7","  3.9"
"34504099999","48.6","34.9666666","143.0","1980-04-30","  45.7","000000","999.9","  73.4","  51.8"," 11.7"," 0.00","1015.0","999.9","999.9","  61.9","  4.3","  4.1"
"34504099999","48.6","34.9666666","143.0","1980-05-01","  46.6","010010","999.9","  68.0","  51.8"," 11.7"," 0.02","1012.2","999.9","999.9","  58.1","  2.8","  6.3"
"34504099999","48.6","34.9666666","143.0","1980-05-02","  49.5","100000","999.9","  62.6","  48.2","  7.8"," 0.00","1006.4","999.9","999.9","  54.9","  1.6","  6.4"
"34504099999","48.6","34.9666666","143.0","1980-05-03","  49.8","010000","999.9","  62.6","  48.2"," 21.4"," 0.63","1002.9","999.9","999.9","  54.0","  3.0","  5.1"
"34504099999","48.6","34.9666666","143.0","1980-05-04","  37.1","000000","999.9","  53.6","  39.2"," 13.6"," 0.00","1013.9","999.9","999.9","  47.6","  5.0","  9.7"
"34504099999","48.6","34.9666666","143.0","1980-05-05","  44.8","000000","999.9","  66.2","  39.2"," 15.5"," 0.00","1015.5","999.9","999.9","  54.3","  3.7"," 12.1"
"34504099999","48.6","34.9666666","143.0","1980-05-06","  46.4","000000","999.9","  73.4","  44.6"," 15.5"," 0.00","1011.4","999.9","999.9","  60.1","  4.3","  9.2"
"34504099999","48.6","34.9666666","143.0","1980-05-07","  50.0","010000","999.9","  73.4","  50.0","  7.8"," 0.16","1009.5","999.9","999.9","  60.1","  4.3","  4.6"
"34504099999","48.6","34.9666666","143.0","1980-05-08","  54.9","000000","999.9","  75.2","  53.6","  9.7"," 0.02","1009.2","999.9","999.9","  63.6","  5.7","  5.8"
"34504099999","48.6","34.9666666","143.0","1980-05-09","  46.8","000000","999.9","  75.2","  55.4"," 13.6"," 0.00","1012.4","999.9","999.9","  65.1","  6.2","  9.7"
"34504099999","48.6","34.9666666","143.0","1980-05-10","  53.2","010000","999.9","  66.2","  57.2"," 15.5"," 0.08","1013.9","999.9","999.9","  60.8","  5.1","  9.5"
"34504099999","48.6","34.9666666","143.0","1980-05-11","  52.7","010000","999.9","  59.0","  48.2"," 13.6"," 0.47","1012.9","999.9","999.9","  56.1","  1.5","  5.3"
"34504099999","48.6","34.9666666","143.0","1980-05-12","  38.7","010000","999.9","  55.4","  42.8"," 17.5"," 0.47","1013.2","999.9","999.9","  47.8","  4.5"," 14.6"
"34504099999","48.6","34.9666666","143.0","1980-05-13","  33.3","000000","999.9","  50.0","  41.0"," 15.5"," 0.00","1016.7","999.9","999.9","  45.6","  6.2"," 13.0"
"34504099999","48.6","34.9666666","143.0","1980-05-14","  28.2","000000","999.9","  50.0","  39.2"," 11.7"," 0.00","1019.5","999.9","999.9","  44.4","  4.3"," 10.2"
"34504099999","48.6","34.9666666","143.0","1980-05-15","  33.0","000000","999.9","  53.6","  41.0"," 15.5"," 0.00","1025.9","999.9","999.9","  47.2","  4.3","  6.7"
"34504099999","48.6","34.9666666","143.0","1980-05-16","  44.2","000000","999.9","  64.4","  39.2"," 13.6"," 0.00","1024.6","999.9","999.9","  52.7","  5.3","  9.5"
"34504099999","48.6","34.9666666","143.0","1980-05-17","  47.7","000000","999.9","  68.0","  46.4","  7.8"," 0.00","1013.3","999.9","999.9","  58.7","  6.2","  6.9"
"34504099999","48.6","34.9666666","143.0","1980-05-18","  51.6","010000","999.9","  68.0","  51.8","  9.7"," 0.24","1009.6","999.9","999.9","  58.8","  4.0","  6.3"
"34504099999","48.6","34.9666666","143.0","1980-05-19","  50.5","100000","999.9","  62.6","  50.0","  7.8"," 0.00","1010.8","999.9","999.9","  55.4","  3.1","  3.6"
"34504099999","48.6","34.9666666","143.0","1980-05-20","  50.8","010000","999.9","  71.6","  48.2"," 11.7"," 0.00","1009.6","999.9","999.9","  59.5","  4.3","  5.8"
"34504099999","48.6","34.9666666","143.0","1980-05-21","  49.1","010000","999.9","  57.2","  46.4"," 11.7"," 0.12","1003.8","999.9","999.9","  51.6","  1.9","  5.8"
"34504099999","48.6","34.9666666","143.0","1980-05-22","  42.0","010000","999.9","  57.2","  42.8"," 27.2"," 0.00","1010.4","999.9","999.9","  48.5","  3.9"," 11.9"
"34504099999","48.6","34.9666666","143.0","1980-05-23","  44.2","000000","999.9","  62.6","  44.6"," 15.5"," 0.00","1014.3","999.9","999.9","  52.0","  4.8","  9.2"
"34504099999","48.6","34.9666666","143.0","1980-05-24","  35.6","000000","999.9","  60.8","  37.4"," 15.5"," 0.00","1018.7","999.9","999.9","  50.0","  6.2","  6.1"
"34504099999","48.6","34.9666666","143.0","1980-05-25","  49.8","000000","999.9","  71.6","  48.2"," 15.5"," 0.00","1011.2","999.9","999.9","  60.6","  5.7"," 10.9"
"34504099999","48.6","34.9666666","143.0","1980-05-26","  51.5","010000","999.9","  60.8","  51.8"," 11.7"," 0.08","1009.7","999.9","999.9","  56.9","  3.4"," 11.0"
"34504099999","48.6","34.9666666","143.0","1980-05-27","  48.0","010000","999.9","  68.0","  51.8"," 13.6"," 0.08","1016.2","999.9","999.9","  58.3","  4.3","  8.7"
"34504099999","48.6","34.9666666","143.0","1980-05-28","  51.1","000000","999.9","  71.6","  48.2","  9.7"," 0.00","1020.0","999.9","999.9","  60.6","  5.3","  3.2"
"34504099999","48.6","34.9666666","143.0","1980-05-29","  51.0","000000","999.9","  77.0","  51.8"," 11.7"," 0.00","1018.8","999.9","999.9","  63.4","  5.7","  4.2"
"34504099999","48.6","34.9666666","143.0","1980-05-30","  53.6","000000","999.9","  78.8","  53.6"," 13.6"," 0.00","1016.9","999.9","999.9","  67.6","  5.7"," 10.2"
"34504099999","48.6","34.9666666","143.0","1980-05-31","  53.6","000000","999.9","  82.4","  57.2"," 15.5"," 0.00","1011.3","999.9","999.9","  71.4","  6.2"," 13.4"
"34504099999","48.6","34.9666666","143.0","1980-06-01","  59.2","010000","999.9","  78.8","  60.8"," 13.6"," 0.02","1008.5","999.9","999.9","  69.1","  5.7"," 11.4"
"34504099999","48.6","34.9666666","143.0","1980-06-02","  60.8","010010","999.9","  68.0","  59.0"," 13.6"," 0.75","1006.9","999.9","999.9","  63.3","  2.8","  7.5"
"34504099999","48.6","34.9666666","143.0","1980-06-03","  52.9","010000","999.9","  66.2","  55.4"," 25.3"," 0.08","1003.4","999.9","999.9","  59.5","  5.1"," 16.4"
"34504099999","48.6","34.9666666","143.0","1980-06-04","  52.0","010000","999.9","  59.0","  51.8"," 15.5"," 0.16","1002.1","999.9","999.9","  54.7","  3.0"," 12.4"
"34504099999","48.6","34.9666666","143.0","1980-06-05","  54.1","010000","999.9","  66.2","  53.6"," 17.5"," 0.35","1003.1","999.9","999.9","  58.7","  2.7"," 13.9"
"34504099999","48.6","34.9666666","143.0","1980-06-06","  55.6","010000","999.9","  68.0","  55.4"," 13.6"," 0.12","1007.9","999.9","999.9","  58.6","  3.2","  9.7"
"34504099999","48.6","34.9666666","143.0","1980-06-07","  56.1","010010","999.9","  71.6","  53.6","  7.8"," 0.63","1011.0","999.9","999.9","  60.8","  2.4","  4.1"
"34504099999","48.6","34.9666666","143.0","1980-06-08","  56.9","110010","999.9","  71.6","  51.8","  7.8"," 0.00","1012.2","999.9","999.9","  63.1","  1.4","  1.1"
"34504099999","48.6","34.9666666","143.0","1980-06-09","  58.1","010000","999.9","  75.2","  55.4","  7.8"," 0.02","1015.0","999.9","999.9","  63.1","  8.2","  1.7"
"34504099999","48.6","34.9666666","143.0","1980-06-10","  58.5","010010","999.9","  75.2","  57.2"," 11.7"," 0.16","1018.4","999.9","999.9","  65.4","  3.9","  4.7"
"34504099999","48.6","34.9666666","143.0","1980-06-11","  61.1","000000","999.9","  73.4","  59.0"," 11.7"," 0.00","1016.5","999.9","999.9","  66.7","  3.4","  7.5"
"34504099999","48.6","34.9666666","143.0","1980-06-12","  61.2","010000","999.9","  73.4","  59.0"," 13.6"," 0.16","1008.9","999.9","999.9","  65.1","  3.6","  9.2"
"34504099999","48.6","34.9666666","143.0","1980-06-13","  60.5","000010","999.9","  75.2","  57.2"," 13.6"," 0.00","1009.4","999.9","999.9","  67.2","  3.1","  8.9"
"34504099999","48.6","34.9666666","143.0","1980-06-14","  50.4","000000","999.9","  64.4","  55.4"," 15.5"," 0.00","1015.7","999.9","999.9","  60.4","  4.8"," 11.9"
"34504099999","48.6","34.9666666","143.0","1980-06-15","  45.5","000000","999.9","  68.0","  50.0"," 13.6"," 0.00","1020.4","999.9","999.9","  58.6","  7.7","  9.2"
"34504099999","48.6","34.9666666","143.0","1980-06-16","  52.2","000000","999.9","  71.6","  48.2"," 11.7"," 0.00","1015.9","999.9","999.9","  61.0","  6.2","  9.0"
"34504099999","48.6","34.9666666","143.0","1980-06-17","  51.3","000000","999.9","  68.0","  53.6"," 13.6"," 0.00","1013.8","999.9","999.9","  62.2","  6.2","  5.0"
"34504099999","48.6","34.9666666","143.0","1980-06-18","  50.5","000000","999.9","  71.6","  57.2"," 13.6"," 0.00","1013.6","999.9","999.9","  64.4","  6.2","  9.4"
"34504099999","48.6","34.9666666","143.0","1980-06-19","  48.2","000000","999.9","  75.2","  55.4"," 15.5"," 0.47","1012.6","999.9","999.9","  66.5","  5.7","  9.2"
"34504099999","48.6","34.9666666","143.0","1980-06-20","  51.0","000000","999.9","  75.2","  59.0","  9.7"," 0.00","1011.6","999.9","999.9","  66.0","  5.3","  4.1"
"34504099999","48.6","34.9666666","143.0","1980-06-21","  55.4","000000","999.9","  78.8","  57.2"," 11.7"," 0.55","1011.9","999.9","999.9","  69.8","  5.7","  8.0"
"34504099999","48.6","34.9666666","143.0","1980-06-22","  58.8","000000","999.9","  82.4","  57.2","  9.7"," 0.00","1015.0","999.9","999.9","  70.7","  6.2","  4.9"
"34504099999","48.6","34.9666666","143.0","1980-06-23","  60.6","000000","999.9","  82.4","  59.0","  7.8"," 0.00","1016.8","999.9","999.9","  72.7","  4.8","  3.4"
"34504099999","48.6","34.9666666","143.0","1980-06-24","  59.9","000000","999.9","  86.0","  62.6"," 17.5"," 0.00","1017.5","999.9","999.9","  73.4","  6.2","  4.9"
"34504099999","48.6","34.9666666","143.0","1980-06-25","  62.9","000000","999.9","  87.8","  59.0","  7.8"," 0.00","1012.1","999.9","999.9","  76.4","  6.2","  4.9"
"34504099999","48.6","34.9666666","143.0","1980-06-26","  63.5","000000","999.9","  80.6","  66.2","  9.7"," 0.00","1007.4","999.9","999.9","  72.9","  6.2","  4.9"
"34504099999","48.6","34.9666666","143.0","1980-06-27","  59.7","000000","999.9","  77.0","  60.8"," 13.6"," 0.04","1006.8","999.9","999.9","  68.2","  5.7","  7.3"
"34504099999","48.6","34.9666666","143.0","1980-06-28","  61.7","010010","999.9","  78.8","  59.0"," 21.4"," 1.14"," 997.1","999.9","999.9","  65.5","  3.7"," 11.9"
"34504099999","48.6","34.9666666","143.0","1980-06-29","  53.2","010000","999.9","  68.0","  53.6"," 29.1"," 0.08","1001.1","999.9","999.9","  60.1","  5.7"," 19.7"
"34504099999","48.6","34.9666666","143.0","1980-06-30","  55.9","000000","999.9","  73.4","  51.8"," 15.5"," 0.00","1008.9","999.9","999.9","  63.3","  5.3","  9.0"
"34504099999","48.6","34.9666666","143.0","1980-07-01","  57.0","010010","999.9","  69.8","  55.4"," 13.6"," 0.98","1006.6","999.9","999.9","  60.4","  5.4","  8.0"
"34504099999","48.6","34.9666666","143.0","1980-07-02","  56.7","000000","999.9","  71.6","  55.4"," 11.7"," 0.00","1009.6","999.9","999.9","  64.6","  4.3","  7.8"
"34504099999","48.6","34.9666666","143.0","1980-07-03","  57.0","100000","999.9","  77.0","  57.2","  9.7"," 0.00","1008.7","999.9","999.9","  67.1","  5.0","  3.4"
"34504099999","48.6","34.9666666","143.0","1980-07-04","  55.6","010100","999.9","  75.2","  59.0"," 11.7"," 0.00","1008.8","999.9","999.9","  66.2","  4.8","  7.0"
"34504099999","48.6","34.9666666","143.0","1980-07-05","  58.1","000000","999.9","  73.4","  57.2"," 11.7"," 0.00","1007.7","999.9","999.9","  66.7","  5.7","  6.8"
"34504099999","48.6","34.9666666","143.0","1980-07-06","  56.0","000000","999.9","  71.6","  57.2"," 13.6"," 0.00","1008.6","999.9","999.9","  65.0","  4.8","  8.7"
"34504099999","48.6","34.9666666","143.0","1980-07-07","  57.2","000000","999.9","  73.4","  37.4","  9.7"," 0.04","1011.9","999.9","999.9","  65.5","  3.9","  4.4"
"34504099999","48.6","34.9666666","143.0","1980-07-08","  53.6","000000","999.9","  75.2","  53.6","  9.7"," 0.00","1012.9","999.9","999.9","  66.0","  5.7","  4.1"
"34504099999","48.6","34.9666666","143.0","1980-07-09","  58.8","000000","999.9","  82.4","  60.8","  9.7"," 0.00","1014.5","999.9","999.9","  71.6","  5.7","  6.3"
"34504099999","48.6","34.9666666","143.0","1980-07-10","  55.1","000000","999.9","  86.0","  59.0"," 17.5"," 0.00","1013.7","999.9","999.9","  76.2","  6.2"," 13.6"
"34504099999","48.6","34.9666666","143.0","1980-07-11","  57.7","000000","999.9","  86.0","  64.4"," 15.5"," 0.00","1012.9","999.9","999.9","  74.8","  6.2"," 10.0"
"34504099999","48.6","34.9666666","143.0","1980-07-12","  58.6","000000","999.9","  78.8","  64.4"," 11.7"," 0.00","1014.2","999.9","999.9","  71.8","  8.6","  5.6"
"34504099999","48.6","34.9666666","143.0","1980-07-13","  58.5","000010","999.9","  86.0","  59.0"," 19.4"," 0.00","1004.5","999.9","999.9","  69.8","  6.2"," 14.3"
"34504099999","48.6","34.9666666","143.0","1980-07-14","  51.0","000000","999.9","  73.4","  55.4"," 19.4"," 0.00","1010.5","999.9","999.9","  62.6","  5.7"," 13.6"
"34504099999","48.6","34.9666666","143.0","1980-07-15","  51.1","000000","999.9","  73.4","  50.0"," 15.5"," 0.00","1014.3","999.9","999.9","  62.8","  6.2","  7.8"
"34504099999","48.6","34.9666666","143.0","1980-07-16","  59.0","000000","999.9","  80.6","  57.2"," 11.7"," 0.39","1015.9","999.9","999.9","  69.3","  5.7","  4.4"
"34504099999","48.6","34.9666666","143.0","1980-07-17","  64.4","000000","999.9","  87.8","  60.8"," 11.7"," 0.00","1016.1","999.9","999.9","  77.5","  5.7","  6.9"
"34504099999","48.6","34.9666666","143.0","1980-07-18","  63.0","000000","999.9","  78.8","  64.4","  9.7"," 0.00","1015.2","999.9","999.9","  72.1","  6.2","  7.3"
"34504099999","48.6","34.9666666","143.0","1980-07-19","  54.0","000000","999.9","  73.4","  60.8"," 11.7"," 0.00","1011.6","999.9","999.9","  66.9","  3.9","  8.5"
"34504099999","48.6","34.9666666","143.0","1980-07-20","  56.7","000000","999.9","  77.0","  57.2","  5.8"," 0.00","1012.1","999.9","999.9","  68.3","  3.4","  2.5"
"34504099999","48.6","34.9666666","143.0","1980-07-21","  61.5","000000","999.9","  86.0","  59.0"," 11.7"," 0.00","1011.9","999.9","999.9","  75.0","  5.3","  7.3"
"34504099999","48.6","34.9666666","143.0","1980-07-22","  63.7","000000","999.9","  93.2","  66.2"," 15.5"," 0.00","1008.0","999.9","999.9","  79.2","  5.7"," 10.0"
"34504099999","48.6","34.9666666","143.0","1980-07-23","  64.4","010010","999.9","  82.4","  69.8","  9.7"," 0.01","1005.4","999.9","999.9","  75.4","  5.3","  7.0"
"34504099999","48.6","34.9666666","143.0","1980-07-24","  61.9","010010","999.9","  78.8","  62.6","  7.8"," 0.16","1005.8","999.9","999.9","  69.8","  5.3","  3.9"
"34504099999","48.6","34.9666666","143.0","1980-07-25","  60.3","000000","999.9","  82.4","  62.6"," 11.7"," 0.00","1003.8","999.9","999.9","  72.1","  3.9","  4.4"
"34504099999","48.6","34.9666666","143.0","1980-07-26","  57.9","000000","999.9","  82.4","  57.2","  9.7"," 0.00","1008.5","999.9","999.9","  72.5","  5.3","  3.9"
"34504099999","48.6","34.9666666","143.0","1980-07-27","  62.6","000000","999.9","  86.0","  68.0"," 11.7"," 0.00","1009.1","999.9","999.9","  77.3","  5.7","  3.1"
"34504099999","48.6","34.9666666","143.0","1980-07-28","  61.0","010000","999.9","  71.6","  60.8"," 15.5"," 0.06","1012.5","999.9","999.9","  67.6","  9.1","  7.8"
"34504099999","48.6","34.9666666","143.0","1980-07-29","  58.2","010000","999.9","  64.4","  59.0"," 15.5"," 0.08","1014.4","999.9","999.9","  61.6","  3.1"," 11.1"
"34504099999","48.6","34.9666666","143.0","1980-07-30","  55.2","000000","999.9","  78.8","  60.8"," 13.6"," 0.00","1015.8","999.9","999.9","  69.1","  5.7","  8.7"
"34504099999","48.6","34.9666666","143.0","1980-07-31","  55.6","000000","999.9","  82.4","  60.8"," 13.6"," 0.00","1016.0","999.9","999.9","  71.4","  4.8","  7.3"
"34504099999","48.6","34.9666666","143.0","1980-08-01","  50.3","000000","999.9","  77.0","  60.8"," 11.7"," 0.00","1016.8","999.9","999.9","  69.5","  6.2","  8.3"
"34504099999","48.6","34.9666666","143.0","1980-08-02","  52.7","000000","999.9","  78.8","  57.2","  7.8"," 0.00","1018.5","999.9","999.9","  65.9","  6.2","  4.9"
"34504099999","48.6","34.9666666","143.0","1980-08-03","  54.5","000000","999.9","  82.4","  62.6"," 11.7"," 0.00","1018.6","999.9","999.9","  72.3","  5.5","  4.6"
"34504099999","48.6","34.9666666","143.0","1980-08-04","  58.8","010000","999.9","  84.2","  64.4","  5.8"," 0.00","1018.2","999.9","999.9","  75.0","  5.7","  2.9"
"34504099999","48.6","34.9666666","143.0","1980-08-05","  56.8","000000","999.9","  87.8","  66.2","  7.8"," 0.00","1016.9","999.9","999.9","  76.8","  6.2","  3.9"
"34504099999","48.6","34.9666666","143.0","1980-08-06","  65.1","010000","999.9","  84.2","  68.0","  5.8"," 0.02","1013.9","999.9","999.9","  74.8","  5.3","  2.5"
"34504099999","48.6","34.9666666","143.0","1980-08-07","  58.6","010000","999.9","  78.8","  66.2","  9.7"," 0.10","1011.0","999.9","999.9","  70.3","  5.0","  5.0"
"34504099999","48.6","34.9666666","143.0","1980-08-08","  57.0","000000","999.9","  78.8","  57.2"," 11.7"," 0.00","1011.3","999.9","999.9","  67.8","  4.8","  5.8"
"34504099999","48.6","34.9666666","143.0","1980-08-09","  59.8","000000","999.9","  86.0","  59.0"," 11.7"," 0.00","1010.7","999.9","999.9","  74.2","  5.7","  8.6"
"34504099999","48.6","34.9666666","143.0","1980-08-10","  60.1","000000","999.9","  75.2","  60.8"," 13.6"," 0.00","1008.1","999.9","999.9","  68.0","  5.3"," 10.7"
"34504099999","48.6","34.9666666","143.0","1980-08-11","  51.8","000000","999.9","  73.4","  59.0"," 13.6"," 0.00","1010.2","999.9","999.9","  65.3","  6.2","  9.0"
"34504099999","48.6","34.9666666","143.0","1980-08-12","  49.6","000000","999.9","  73.4","  50.0"," 11.7"," 0.00","1011.8","999.9","999.9","  64.0","  7.0","  4.1"
"34504099999","48.6","34.9666666","143.0","1980-08-13","  46.6","000000","999.9","  80.6","  53.6","  7.8"," 0.00","1010.1","999.9","999.9","  67.8","  6.2","  1.5"
"34504099999","48.6","34.9666666","143.0","1980-08-14","  53.4","000000","999.9","  82.4","  57.2","  9.7"," 0.00","1010.3","999.9","999.9","  72.7","  5.3","  8.3"
"34504099999","48.6","34.9666666","143.0","1980-08-15","  61.4","010000","999.9","  80.6","  64.4"," 13.6"," 0.00","1009.3","999.9","999.9","  69.5","  4.6","  8.0"
"34504099999","48.6","34.9666666","143.0","1980-08-16","  57.9","110010","999.9","  75.2","  59.0"," 15.5"," 0.21","1005.4","999.9","999.9","  64.9","  3.0","  7.5"
"34504099999","48.6","34.9666666","143.0","1980-08-17","  55.4","010000","999.9","  62.6","  53.6"," 15.5"," 0.02","1006.2","999.9","999.9","  59.2","  3.7","  9.0"
"34504099999","48.6","34.9666666","143.0","1980-08-18","  52.0","010000","999.9","  66.2","  50.0","  9.7"," 0.01","1005.6","999.9","999.9","  58.8","  3.3","  5.6"
"34504099999","48.6","34.9666666","143.0","1980-08-19","  50.0","000000","999.9","  69.8","  55.4"," 13.6"," 0.08","1010.3","999.9","999.9","  61.2","  5.3","  8.7"
"34504099999","48.6","34.9666666","143.0","1980-08-20","  51.3","000000","999.9","  71.6","  51.8"," 11.7"," 0.00","1014.8","999.9","999.9","  61.2","  5.7","  3.4"
"34504099999","48.6","34.9666666","143.0","1980-08-21","  50.0","000000","999.9","  84.2","  53.6"," 15.5"," 0.00","1012.8","999.9","999.9","  67.1","  6.2","  9.2"
"34504099999","48.6","34.9666666","143.0","1980-08-22","  55.8","010000","999.9","  69.8","  55.4"," 17.5"," 0.00","1004.7","999.9","999.9","  63.3","  6.2"," 12.6"
"34504099999","48.6","34.9666666","143.0","1980-08-23","  48.0","010000","999.9","  68.0","  50.0"," 15.5"," 0.00","1008.4","999.9","999.9","  56.3","  5.7","  5.6"
"34504099999","48.6","34.9666666","143.0","1980-08-24","  49.3","000000","999.9","  71.6","  48.2"," 17.5"," 0.00","1013.7","999.9","999.9","  61.2","  5.4","  8.0"
"34504099999","48.6","34.9666666","143.0","1980-08-25","  53.6","010000","999.9","  60.8","  53.6","  9.7"," 0.04","1014.9","999.9","999.9","  55.9","  4.9","  5.0"
"34504099999","48.6","34.9666666","143.0","1980-08-26","  47.5","000000","999.9","  60.8","  48.2"," 15.5"," 0.24","1015.8","999.9","999.9","  53.8","  5.7"," 11.9"
"34504099999","48.6","34.9666666","143.0","1980-08-27","  48.5","010000","999.9","  66.2","  44.6"," 15.5"," 0.00","1018.0","999.9","999.9","  55.2","  5.3","  9.2"
"34504099999","48.6","34.9666666","143.0","1980-08-28","  50.2","000010","999.9","  64.4","  44.6","  7.8"," 0.02","1020.4","999.9","999.9","  53.8","  8.5","  3.2"
"34504099999","48.6","34.9666666","143.0","1980-08-29","  49.2","000000","999.9","  66.2","  44.6","  7.8"," 0.00","1024.1","999.9","999.9","  56.4","  4.4","  3.1"
"34504099999","48.6","34.9666666","143.0","1980-08-30","  52.4","000000","999.9","  73.4","  50.0","  9.7"," 0.00","1016.8","999.9","999.9","  62.0","  5.0","  5.5"
"34504099999","48.6","34.9666666","143.0","1980-08-31","  52.5","000000","999.9","  82.4","  53.6"," 11.7"," 0.00","1013.0","999.9","999.9","  67.3","  5.7","  4.4"
"34504099999","48.6","34.9666666","143.0","1980-09-01","  57.6","000000","999.9","  82.4","  53.6"," 11.7"," 0.00","1009.7","999.9","999.9","  70.0","  6.2","  4.6"
"34504099999","48.6","34.9666666","143.0","1980-09-02","  57.5","010000","999.9","  69.8","  55.4"," 11.7"," 0.04","1011.3","999.9","999.9","  61.6","  4.4","  5.0"
"34504099999","48.6","34.9666666","143.0","1980-09-03","  48.2","010000","999.9","  59.0","  48.2"," 11.7"," 0.04","1017.2","999.9","999.9","  53.2","  4.5","  7.8"
"34504099999","48.6","34.9666666","143.0","1980-09-04","  47.5","000000","999.9","  68.0","  42.8","  7.8"," 0.00","1021.8","999.9","999.9","  56.8","  4.8","  3.6"
"34504099999","48.6","34.9666666","143.0","1980-09-05","  50.9","000000","999.9","  68.0","  46.4","  3.9"," 0.00","1020.2","999.9","999.9","  59.0","  3.1","  1.3"
"34504099999","48.6","34.9666666","143.0","1980-09-06","  52.3","000000","999.9","  71.6","  53.6","  7.8"," 0.00","1018.6","999.9","999.9","  63.6","  3.4","  1.9"
"34504099999","48.6","34.9666666","143.0","1980-09-07","  52.1","000000","999.9","  77.0","  55.4","  3.9"," 0.00","1024.7","999.9","999.9","  67.0","  5.1","  0.8"
"34504099999","48.6","34.9666666","143.0","1980-09-08","  49.8","000000","999.9","  77.0","  55.4","999.9"," 0.00","1026.0","999.9","999.9","  66.9","  4.2","  0.0"
"34504099999","48.6","34.9666666","143.0","1980-09-09","  54.5","000000","999.9","  77.0","  59.0","  7.8"," 0.00","1022.2","999.9","999.9","  67.1","  4.5","  3.4"
"34504099999","48.6","34.9666666","143.0","1980-09-10","  54.4","000000","999.9","  80.6","  57.2","  9.7"," 0.00","1016.3","999.9","999.9","  67.7","  3.6","  5.8"
"34504099999","48.6","34.9666666","143.0","1980-09-11","  57.0","000000","999.9","  80.6","  57.2"," 11.7"," 0.00","1011.6","999.9","999.9","  67.8","  3.9","  7.3"
"34504099999","48.6","34.9666666","143.0","1980-09-12","  56.1","000000","999.9","  69.8","  59.0"," 15.5"," 0.00","1010.4","999.9","999.9","  63.7","  4.5","  5.8"
"34504099999","48.6","34.9666666","143.0","1980-09-13","  51.8","000000","999.9","  66.2","  50.0"," 13.6"," 0.00","1014.4","999.9","999.9","  58.5","  5.1","  6.1"
"34504099999","48.6","34.9666666","143.0","1980-09-14","  48.7","000000","999.9","  73.4","  48.2"," 11.7"," 0.00","1014.3","999.9","999.9","  60.3","  5.0","  2.7"
"34504099999","48.6","34.9666666","143.0","1980-09-15","  52.6","110000","999.9","  59.0","  48.2","  9.7"," 1.02","1011.5","999.9","999.9","  53.9","  1.5","  4.2"
"34504099999","48.6","34.9666666","143.0","1980-09-16","  49.2","110000","999.9","  51.8","  46.4"," 11.7"," 0.01","1008.7","999.9","999.9","  49.5","  0.9","  1.7"
"34504099999","48.6","34.9666666","143.0","1980-09-17","  50.9","010000","999.9","  53.6","  50.0","  5.8"," 0.28","1009.3","999.9","999.9","  52.0","  1.1","  2.2"
"34504099999","48.6","34.9666666","143.0","1980-09-18","  51.1","100000","999.9","  59.0","  48.2","  9.7"," 0.00","1012.4","999.9","999.9","  53.4","  2.0","  6.6"
"34504099999","48.6","34.9666666","143.0","1980-09-19","  54.5","110000","999.9","  60.8","  51.8","  7.8"," 0.02","1013.0","999.9","999.9","  55.9","  1.0","  2.4"
"34504099999","48.6","34.9666666","143.0","1980-09-20","  51.4","100000","999.9","  59.0","  50.0","  9.7"," 0.04","1018.1","999.9","999.9","  54.5","  2.3","  6.1"
"34504099999","48.6","34.9666666","143.0","1980-09-21","  50.7","100000","999.9","  60.8","  50.0","  7.8"," 0.00","1022.3","999.9","999.9","  54.5","  3.4","  1.9"
"34504099999","48.6","34.9666666","143.0","1980-09-22","  50.0","100010","999.9","  66.2","  48.2","  9.7"," 0.00","1018.4","999.9","999.9","  54.9","  3.9","  4.7"
"34504099999","48.6","34.9666666","143.0","1980-09-23","  50.3","010010","999.9","  59.0","  48.2"," 13.6"," 1.14","1009.9","999.9","999.9","  54.3","  3.7"," 10.2"
"34504099999","48.6","34.9666666","143.0","1980-09-24","  42.5","000000","999.9","  60.8","  39.2"," 15.5"," 0.00","1018.8","999.9","999.9","  52.1","  5.4","  8.3"
"34504099999","48.6","34.9666666","143.0","1980-09-25","  36.0","000000","999.9","  53.6","  37.4","  3.9"," 0.00","1027.1","999.9","999.9","  46.4","  6.2","  2.2"
"34504099999","48.6","34.9666666","143.0","1980-09-26","  39.0","000000","999.9","  59.0","  39.2","  5.8"," 0.00","1026.6","999.9","999.9","  47.7","  6.2","  2.4"
"34504099999","48.6","34.9666666","143.0","1980-09-27","  43.0","000000","999.9","  62.6","  41.0","  9.7"," 0.00","1021.6","999.9","999.9","  51.6","  5.3","  4.6"
"34504099999","48.6","34.9666666","143.0","1980-09-28","  47.2","100000","999.9","  53.6","  48.2","  7.8"," 0.00","1018.7","999.9","999.9","  51.0","  5.3","  3.6"
"34504099999","48.6","34.9666666","143.0","1980-09-29","  45.0","100000","999.9","  53.6","  42.8","  3.9"," 0.00","1018.3","999.9","999.9","  50.2","  2.6","  1.5"
"34504099999","48.6","34.9666666","143.0","1980-09-30","  45.7","000000","999.9","  50.0","  44.6"," 15.5"," 0.00","1015.8","999.9","999.9","  48.0","  2.1","  6.8"
"34504099999","48.6","34.9666666","143.0","1980-10-01","  40.1","100000","999.9","  48.2","  42.8"," 11.7"," 0.00","1015.1","999.9","999.9","  44.4","  3.6","  2.9"
"34504099999","48.6","34.9666666","143.0","1980-10-02","  39.7","000000","999.9","  53.6","  37.4","  3.9"," 0.00","1018.3","999.9","999.9","  46.7","  6.2","  1.7"
"34504099999","48.6","34.9666666","143.0","1980-10-03","  42.8","000000","999.9","  55.4","  39.2","  3.9"," 0.00","1015.5","999.9","999.9","  46.9","  4.6","  2.5"
"34504099999","48.6","34.9666666","143.0","1980-10-04","  42.0","010000","999.9","  48.2","  42.8"," 15.5"," 0.51","1015.2","999.9","999.9","  45.9","  5.0","  8.6"
"34504099999","48.6","34.9666666","143.0","1980-10-05","  40.3","000000","999.9","  50.0","  39.2"," 13.6"," 0.04","1018.9","999.9","999.9","  45.0","  6.2","  9.0"
"34504099999","48.6","34.9666666","143.0","1980-10-06","  43.5","110000","999.9","  51.8","  32.0","  5.8"," 0.00","1021.7","999.9","999.9","  46.0","  2.1","  2.4"
"34504099999","48.6","34.9666666","143.0","1980-10-07","  44.1","110000","999.9","  48.2","  42.8"," 17.5"," 0.08","1021.4","999.9","999.9","  45.7","  3.7","  6.8"
"34504099999","48.6","34.9666666","143.0","1980-10-08","  47.7","100000","999.9","  59.0","  46.4"," 11.7"," 0.00","1022.8","999.9","999.9","  51.3","  4.1","  8.9"
"34504099999","48.6","34.9666666","143.0","1980-10-09","  46.4","100000","999.9","  59.0","  44.6"," 13.6"," 0.00","1022.1","999.9","999.9","  48.9","  2.9"," 12.1"
"34504099999","48.6","34.9666666","143.0","1980-10-10","  49.2","000000","999.9","  64.4","  46.4"," 17.5"," 0.00","1020.4","999.9","999.9","  54.4","  5.1"," 14.2"
"34504099999","48.6","34.9666666","143.0","1980-10-11","  41.2","000000","999.9","  57.2","  42.8"," 19.4"," 0.00","1016.1","999.9","999.9","  48.2","  6.2"," 17.0"
"34504099999","48.6","34.9666666","143.0","1980-10-12","  35.6","000000","999.9","  57.2","  41.0"," 17.5"," 0.00","1020.5","999.9","999.9","  47.5","  6.2"," 14.3"
"34504099999","48.6","34.9666666","143.0","1980-10-13","  37.0","000000","999.9","  62.6","  37.4"," 17.5"," 0.00","1021.9","999.9","999.9","  48.2","  6.2"," 13.1"
"34504099999","48.6","34.9666666","143.0","1980-10-14","  37.9","000000","999.9","  64.4","  39.2"," 19.4"," 0.00","1017.3","999.9","999.9","  51.3","  6.2"," 16.4"
"34504099999","48.6","34.9666666","143.0","1980-10-15","  46.8","100000","999.9","  62.6","  50.0"," 13.6"," 0.00","1016.1","999.9","999.9","  53.6","  4.4","  5.3"
"34504099999","48.6","34.9666666","143.0","1980-10-16","  46.0","100000","999.9","  62.6","  39.2","  7.8"," 0.00","1018.5","999.9","999.9","  49.5","  1.9","  3.4"
"34504099999","48.6","34.9666666","143.0","1980-10-17","  46.8","000000","999.9","  60.8","  33.8"," 11.7"," 0.00","1014.4","999.9","999.9","  51.8","  3.4","  9.7"
"34504099999","48.6","34.9666666","143.0","1980-10-18","  43.0","000000","999.9","  57.2","  41.0","  7.8"," 0.00","1022.0","999.9","999.9","  48.2","  4.0","  7.0"
"34504099999","48.6","34.9666666","143.0","1980-10-19","  41.9","000000","999.9","  53.6","  41.0"," 15.5"," 0.00","1026.5","999.9","999.9","  46.9","  4.0"," 10.0"
"34504099999","48.6","34.9666666","143.0","1980-10-20","  42.4","000000","999.9","  64.4","  42.8"," 13.6"," 0.00","1026.3","999.9","999.9","  50.5","  5.1"," 11.7"
"34504099999","48.6","34.9666666","143.0","1980-10-21","  42.1","000000","999.9","  59.0","  41.0"," 15.5"," 0.00","1022.7","999.9","999.9","  48.0","  4.7"," 10.0"
"34504099999","48.6","34.9666666","143.0","1980-10-22","  34.2","100000","999.9","  50.0","  35.6"," 13.6"," 0.00","1023.7","999.9","999.9","  42.6","  4.5","  7.3"
"34504099999","48.6","34.9666666","143.0","1980-10-23","  32.9","000000","999.9","  57.2","  32.0","  9.7"," 0.00","1020.0","999.9","999.9","  43.3","  5.3","  4.6"
"34504099999","48.6","34.9666666","143.0","1980-10-24","  39.2","101000","999.9","  53.6","  33.8"," 13.6"," 0.00","1014.2","999.9","999.9","  42.1","  2.5","  7.3"
"34504099999","48.6","34.9666666","143.0","1980-10-25","  48.2","100000","999.9","  57.2","  42.8"," 13.6"," 0.00","1013.1","999.9","999.9","  49.5","  0.8","  8.5"
"34504099999","48.6","34.9666666","143.0","1980-10-26","  52.1","110000","999.9","  60.8","  50.0"," 13.6"," 0.00","1014.8","999.9","999.9","  54.6","  1.4"," 10.5"
"34504099999","48.6","34.9666666","143.0","1980-10-27","  28.2","010000","999.9","  46.4","  35.6"," 13.6"," 0.20","1024.7","999.9","999.9","  39.0","  5.7"," 11.2"
"34504099999","48.6","34.9666666","143.0","1980-10-28","  25.3","000000","999.9","  42.8","  33.8","  9.7"," 0.00","1028.1","999.9","999.9","  37.4","  6.2","  6.1"
"34504099999","48.6","34.9666666","143.0","1980-10-29","  40.1","000000","999.9","  60.8","  41.0"," 17.5"," 0.00","1015.0","999.9","999.9","  49.5","  5.3"," 15.8"
"34504099999","48.6","34.9666666","143.0","1980-10-30","  43.5","000000","999.9","  55.4","  42.8"," 17.5"," 0.00","1008.5","999.9","999.9","  50.2","  4.8"," 12.1"
"34504099999","48.6","34.9666666","143.0","1980-10-31","  37.4","000000","999.9","  51.8","  35.6","  9.7"," 0.00","1014.1","999.9","999.9","  41.5","  4.3","  7.5"
"34504099999","48.6","34.9666666","143.0","1980-11-01","  30.5","000000","999.9","  37.4","  32.0"," 11.7"," 0.00","1023.6","999.9","999.9","  34.1","  4.4","  6.7"
"34504099999","48.6","34.9666666","143.0","1980-11-02","  28.6","010000","999.9","  35.6","  28.4"," 11.7"," 0.00","1032.2","999.9","999.9","  32.0","  4.1","  8.0"
"34504099999","48.6","34.9666666","143.0","1980-11-03","  24.4","000000","999.9","  39.2","  26.6"," 15.5"," 0.00","1032.7","999.9","999.9","  33.6","  6.0"," 13.8"
"34504099999","48.6","34.9666666","143.0","1980-11-04","  33.6","111000","999.9","  37.4","  32.0"," 11.7"," 0.14","1026.9","999.9","999.9","  34.9","  1.9","  6.3"
"34504099999","48.6","34.9666666","143.0","1980-11-05","  31.5","111000","999.9","  35.6","  32.0","  5.8"," 0.08","1026.3","999.9","999.9","  33.3","  1.6","  2.9"
"34504099999","48.6","34.9666666","143.0","1980-11-06","  25.2","001000","999.9","  37.4","  26.6","  9.7"," 0.08","1026.1","  0.4","999.9","  31.8","  4.4","  5.3"
"34504099999","48.6","34.9666666","143.0","1980-11-07","  28.4","010000","999.9","  35.6","  23.0"," 15.5"," 0.24","1015.5","999.9","999.9","  30.2","  2.5","  8.3"
"34504099999","48.6","34.9666666","143.0","1980-11-08","  27.0","101000","999.9","  35.6","  28.4"," 13.6"," 0.24","1004.2","999.9","999.9","  30.4","  2.5"," 10.0"
"34504099999","48.6","34.9666666","143.0","1980-11-09","  22.5","001000","999.9","  30.2","  23.0"," 13.6"," 0.02","1010.9","999.9","999.9","  27.3","  4.0","  9.0"
"34504099999","48.6","34.9666666","143.0","1980-11-10","  33.6","010000","999.9","  44.6","  19.4"," 13.6"," 0.04","1004.3","  1.2","999.9","  37.2","  3.5"," 10.9"
"34504099999","48.6","34.9666666","143.0","1980-11-11","  29.3","010000","999.9","  44.6","  30.2"," 27.2"," 0.75","1004.6","999.9","999.9","  34.2","  4.2"," 11.9"
"34504099999","48.6","34.9666666","143.0","1980-11-12","  24.8","000000","999.9","  37.4","  26.6","  5.8"," 0.00","1020.9","999.9","999.9","  31.6","  5.5","  2.2"
"34504099999","48.6","34.9666666","143.0","1980-11-13","  34.5","010000","999.9","  41.0","  30.2"," 13.6"," 0.00","1021.1","999.9","999.9","  37.2","  3.5"," 11.4"
"34504099999","48.6","34.9666666","143.0","1980-11-14","  31.2","010000","999.9","  39.2","  28.4","  9.7"," 0.55","1018.3","999.9","999.9","  33.3","  2.0","  5.5"
"34504099999","48.6","34.9666666","143.0","1980-11-15","  28.8","000000","999.9","  32.0","  28.4"," 13.6"," 0.00","1017.5","999.9","999.9","  31.1","  1.2"," 10.0"
"34504099999","48.6","34.9666666","143.0","1980-11-16","  32.0","100000","999.9","  35.6","  32.0"," 11.7"," 0.00","1014.0","999.9","999.9","  34.6","  1.6","  6.4"
"34504099999","48.6","34.9666666","143.0","1980-11-17","  40.8","010000","999.9","  46.4","  33.8"," 13.6"," 0.03","1013.2","999.9","999.9","  43.2","  1.5","  8.5"
"34504099999","48.6","34.9666666","143.0","1980-11-18","  42.0","110000","999.9","  46.4","  39.2"," 11.7"," 0.12","1020.1","999.9","999.9","  42.4","  0.4","  6.3"
"34504099999","48.6","34.9666666","143.0","1980-11-19","  43.5","110000","999.9","  48.2","  39.2"," 15.5"," 0.00","1013.5","999.9","999.9","  44.1","  0.8"," 13.1"
"34504099999","48.6","34.9666666","143.0","1980-11-20","  36.9","010000","999.9","  46.4","  33.8"," 19.4"," 0.55","1009.2","999.9","999.9","  38.2","  2.8"," 16.1"
"34504099999","48.6","34.9666666","143.0","1980-11-21","  28.9","001000","999.9","  33.8","  32.0"," 17.5"," 0.02","1021.0","999.9","999.9","  32.9","  5.7"," 13.4"
"34504099999","48.6","34.9666666","143.0","1980-11-22","  27.9","000000","999.9","  35.6","  32.0"," 35.0"," 0.00","1024.6","999.9","999.9","  32.7","  9.6","  8.7"
"34504099999","48.6","34.9666666","143.0","1980-11-23","  37.7","110000","999.9","  51.8","  33.8"," 13.6"," 0.02","1020.7","999.9","999.9","  38.7","  1.1","  8.3"
"34504099999","48.6","34.9666666","143.0","1980-11-24","  42.6","010000","999.9","  51.8","  42.8"," 15.5"," 0.16","1010.9","999.9","999.9","  46.6","  3.3"," 12.1"
"34504099999","48.6","34.9666666","143.0","1980-11-25","  44.4","100000","999.9","  51.8","  39.2"," 13.6"," 0.00","1009.8","999.9","999.9","  46.6","  1.6","  9.7"
"34504099999","48.6","34.9666666","143.0","1980-11-26","  43.7","110000","999.9","  50.0","  42.8","  9.7"," 0.00","1008.5","999.9","999.9","  45.5","  2.0","  3.2"
"34504099999","48.6","34.9666666","143.0","1980-11-27","  41.0","110000","999.9","  44.6","  39.2","  7.8"," 0.00","1011.6","999.9","999.9","  41.3","  0.2","  1.7"
"34504099999","48.6","34.9666666","143.0","1980-11-28","  43.6","110000","999.9","  51.8","  41.0"," 15.5"," 0.05","1013.3","999.9","999.9","  44.9","  1.8"," 10.8"
"34504099999","48.6","34.9666666","143.0","1980-11-29","  48.9","110000","999.9","  51.8","  48.2"," 17.5"," 0.13","1007.1","999.9","999.9","  50.4","  3.5"," 13.6"
"34504099999","48.6","34.9666666","143.0","1980-11-30","  48.7","100000","999.9","  50.0","  48.2","  3.9"," 0.01","1015.3","999.9","999.9","  48.7","  0.3","  0.7"
"34504099999","48.6","34.9666666","143.0","1980-12-01","  46.6","110000","999.9","  50.0","  42.8"," 11.7"," 0.08","1016.8","999.9","999.9","  47.1","  0.7","  8.5"
"34504099999","48.6","34.9666666","143.0","1980-12-02","  37.8","110000","999.9","  48.2","  32.0"," 23.3"," 0.20","1012.7","999.9","999.9","  38.5","  1.9"," 10.2"
"34504099999","48.6","34.9666666","143.0","1980-12-03","  25.7","000000","999.9","  35.6","  28.4"," 31.1"," 0.00","1005.7","999.9","999.9","  31.3","  5.7"," 17.2"
"34504099999","48.6","34.9666666","143.0","1980-12-04","  32.9","110000","999.9","  41.0","  26.6"," 11.7"," 0.20","1004.0","999.9","999.9","  35.2","  2.2","  8.3"
"34504099999","48.6","34.9666666","143.0","1980-12-05","  35.0","111000","999.9","  41.0","  32.0"," 11.7"," 0.03"," 994.6","999.9","999.9","  36.2","  1.4","  5.8"
"34504099999","48.6","34.9666666","143.0","1980-12-06","  23.7","111000","999.9","  32.0","  21.2"," 17.5"," 0.12"," 998.9","999.9","999.9","  26.6","  2.9","  8.7"
"34504099999","48.6","34.9666666","143.0","1980-12-07","  27.5","010000","999.9","  37.4","  21.2"," 15.5"," 0.00","1005.1","999.9","999.9","  31.8","  4.3"," 11.9"
"34504099999","48.6","34.9666666","143.0","1980-12-08","  13.7","000000","999.9","  23.0","  17.6"," 11.7"," 0.00","1019.2","  4.7","999.9","  20.5","  3.9","  8.5"
"34504099999","48.6","34.9666666","143.0","1980-12-09","  10.2","011000","999.9","  21.2","  14.0"," 11.7"," 0.00","1026.4","999.9","999.9","  15.3","  3.0","  9.5"
"34504099999","48.6","34.9666666","143.0","1980-12-10","  15.0","101000","999.9","  23.0","  12.2"," 11.7"," 0.00","1022.3","999.9","999.9","  17.6","  0.6","  3.1"
"34504099999","48.6","34.9666666","143.0","1980-12-11","  29.1","101000","999.9","  33.8","  21.2","  9.7"," 0.04","1014.9","999.9","999.9","  30.0","  0.5","  6.1"
"34504099999","48.6","34.9666666","143.0","1980-12-12","  30.7","101000","999.9","  32.0","  30.2"," 11.7"," 0.24","1008.7"," 23.6","999.9","  31.2","  0.4","  8.9"
"34504099999","48.6","34.9666666","143.0","1980-12-13","  32.2","101000","999.9","  33.8","  32.0","  7.8"," 0.05","1014.3","999.9","999.9","  32.2","  0.0","  1.0"
"34504099999","48.6","34.9666666","143.0","1980-12-14","  30.0","100000","999.9","  32.0","  30.2","  9.7"," 0.00","1020.6","  0.8","999.9","  31.5","  2.6","  5.8"
"34504099999","48.6","34.9666666","143.0","1980-12-15","  32.2","111000","999.9","  35.6","  30.2"," 15.5"," 0.02","1019.7","  0.8","999.9","  33.4","  1.3"," 10.7"
"34504099999","48.6","34.9666666","143.0","1980-12-16","  36.3","110000","999.9","  41.0","  33.8"," 13.6"," 0.00","1021.5","999.9","999.9","  37.0","  0.9"," 11.4"
"34504099999","48.6","34.9666666","143.0","1980-12-17","  34.5","100000","999.9","  39.2","  33.8"," 11.7"," 0.00","1025.5","999.9","999.9","  35.6","  0.7","  3.4"
"34504099999","48.6","34.9666666","143.0","1980-12-18","  25.6","001000","999.9","  32.0","  28.4","  9.7"," 0.00","1025.3","999.9","999.9","  29.2","  4.4","  5.0"
"34504099999","48.6","34.9666666","143.0","1980-12-19","  24.8","000000","999.9","  32.0","  24.8","  9.7"," 0.12","1024.7","999.9","999.9","  28.4","  3.9","  3.6"
"34504099999","48.6","34.9666666","143.0","1980-12-20","  32.8","100000","999.9","  37.4","  28.4"," 19.4"," 0.02","1017.8","999.9","999.9","  35.1","  3.7"," 13.6"
"34504099999","48.6","34.9666666","143.0","1980-12-21","  34.5","010000","999.9","  37.4","  33.8"," 11.7"," 0.00","1010.3","999.9","999.9","  35.8","  2.4","  9.5"
"34504099999","48.6","34.9666666","143.0","1980-12-22","  40.5","110000","999.9","  44.6","  35.6","  9.7"," 0.00","1011.3","999.9","999.9","  40.5","  0.1","  4.7"
"34504099999","48.6","34.9666666","143.0","1980-12-23","  41.0","100000","999.9","  42.8","  39.2","  5.8"," 0.00","1015.2","999.9","999.9","  41.0","  0.0","  1.2"
"34504099999","48.6","34.9666666","143.0","1980-12-24","  37.6","110000","999.9","  39.2","  37.4"," 11.7"," 0.04","1012.6","999.9","999.9","  38.3","  1.3","  5.6"
"34504099999","48.6","34.9666666","143.0","1980-12-25","  31.3","010000","999.9","  39.2","  33.8"," 19.4"," 0.04","1018.1","999.9","999.9","  37.0","  4.8"," 12.9"
"34504099999","48.6","34.9666666","143.0","1980-12-26","  37.1","010000","999.9","  46.4","  37.4","  7.8"," 0.00","1019.3","999.9","999.9","  40.5","  2.9","  5.8"
"34504099999","48.6","34.9666666","143.0","1980-12-27","  34.5","011000","999.9","  41.0","  33.8"," 11.7"," 0.04","1012.3","999.9","999.9","  38.3","  3.0","  9.5"
"34504099999","48.6","34.9666666","143.0","1980-12-28","  32.9","011000","999.9","  37.4","  33.8"," 11.7"," 0.12","1017.0","999.9","999.9","  35.6","  2.4","  9.5"
"34504099999","48.6","34.9666666","143.0","1980-12-29","  28.7","011000","999.9","  35.6","  30.2"," 15.5"," 0.00","1024.4","999.9","999.9","  33.1","  4.8"," 11.9"
"34504099999","48.6","34.9666666","143.0","1980-12-30","  31.1","010000","999.9","  35.6","  32.0"," 11.7"," 0.00","1023.8","999.9","999.9","  33.6","  3.3","  8.5"
"34504099999","48.6","34.9666666","143.0","1980-12-31","  35.4","010000","999.9","  46.4","  35.6"," 13.6"," 0.00","1021.1","999.9","999.9","  38.1","  2.1","  9.7"
"34504099999","48.6","34.9666666","143.0","1981-01-01","  34.5","000000","999.9","  42.8","  35.6"," 21.4"," 0.00","1008.9","999.9","999.9","  38.3","  4.7"," 16.3"
"34504099999","48.6","34.9666666","143.0","1981-01-02","  28.4","011000","999.9","  51.8","  30.2"," 13.6"," 0.04","1003.7","999.9","999.9","  33.6","  4.2","  8.3"
"34504099999","48.6","34.9666666","143.0","1981-01-03","  25.5","000000","999.9","  33.8","  24.8"," 17.5"," 0.00","1005.7","999.9","999.9","  28.6","  4.8","  8.3"
"34504099999","48.6","34.9666666","143.0","1981-01-04","  32.5","011000","999.9","  37.4","  28.4"," 19.4"," 0.28"," 992.6","999.9","999.9","  34.9","  3.9"," 15.3"
"34504099999","48.6","34.9666666","143.0","1981-01-05","  28.8","011000","999.9","  35.6","  32.0"," 29.1"," 0.24"," 997.7","999.9","999.9","  33.3","  3.5"," 12.6"
"34504099999","48.6","34.9666666","143.0","1981-01-06","  25.0","011000","999.9","  44.6","  19.4"," 35.0"," 0.24"," 993.8","999.9","999.9","  30.4","  5.5"," 20.6"
"34504099999","48.6","34.9666666","143.0","1981-01-07","  11.9","001000","999.9","  28.4","  17.6","  7.8"," 0.00","1017.5","999.9","999.9","  21.2","  4.9","  2.8"
"34504099999","48.6","34.9666666","143.0","1981-01-08","  12.5","000000","999.9","  23.0","  15.8"," 15.5"," 0.00","1030.5","999.9","999.9","  19.6","  6.2","  9.0"
"34504099999","48.6","34.9666666","143.0","1981-01-09","   9.7","001000","999.9","  23.0","  15.8"," 17.5"," 0.00","1030.4","999.9","999.9","  20.5","  6.2"," 15.3"
"34504099999","48.6","34.9666666","143.0","1981-01-10","  18.5","000000","999.9","  26.6","  23.0"," 17.5"," 0.00","1019.4","999.9","999.9","  24.4","  5.7"," 13.4"
"34504099999","48.6","34.9666666","143.0","1981-01-11","  19.4","000000","999.9","  30.2","  21.2"," 11.7"," 0.00","1018.2","999.9","999.9","  25.2","  5.3","  7.5"
"34504099999","48.6","34.9666666","143.0","1981-01-12","  16.9","000000","999.9","  26.6","  17.6","999.9"," 0.00","1023.3","999.9","999.9","  21.0","  1.5","  0.0"
"34504099999","48.6","34.9666666","143.0","1981-01-13","  24.8","101000","999.9","  33.8","  19.4"," 11.7"," 0.20","1020.4","999.9","999.9","  26.8","  0.8","  8.3"
"34504099999","48.6","34.9666666","143.0","1981-01-14","  33.5","110000","999.9","  37.4","  30.2"," 15.5"," 0.20","1015.2","  2.4","999.9","  34.1","  0.8"," 11.1"
"34504099999","48.6","34.9666666","143.0","1981-01-15","  38.6","010000","999.9","  42.8","  37.4"," 17.5"," 0.63"," 998.4","999.9","999.9","  40.1","  4.0"," 15.9"
"34504099999","48.6","34.9666666","143.0","1981-01-16","  37.0","110000","999.9","  44.6","  35.6"," 17.5"," 0.12","1000.4","999.9","999.9","  38.8","  3.9"," 11.7"
"34504099999","48.6","34.9666666","143.0","1981-01-17","  36.4","110000","999.9","  39.2","  35.6"," 11.7"," 0.05","1007.5","999.9","999.9","  36.5","  1.9","  5.3"
"34504099999","48.6","34.9666666","143.0","1981-01-18","  33.3","110000","999.9","9999.9","9999.9","  7.8"," 0.00","1012.0","999.9","999.9","  33.8","  0.5","  2.8"
"34504099999","48.6","34.9666666","143.0","1981-01-19","  32.5","111000","999.9","  33.8","  32.0","999.9"," 0.35","1015.1","  2.0","999.9","  32.5","  0.1","  0.0"
"34504099999","48.6","34.9666666","143.0","1981-01-20","  33.6","110000","999.9","  41.0","  32.0"," 19.4"," 0.08","1012.8","999.9","999.9","  35.4","  3.8"," 11.2"
"34504099999","48.6","34.9666666","143.0","1981-01-21","  28.9","001000","999.9","9999.9","9999.9"," 19.4"," 0.00","1016.6","999.9","999.9","  32.0","  5.7"," 15.8"
"34504099999","48.6","34.9666666","143.0","1981-01-22","  30.6","101000","999.9","9999.9","9999.9"," 11.7"," 0.01","1024.3","999.9","999.9","  32.0","  2.4","  6.6"
"34504099999","48.6","34.9666666","143.0","1981-01-23","  28.6","011000","999.9","  32.0","  30.2"," 15.5"," 0.00","1027.0","999.9","999.9","  31.1","  3.7"," 11.2"
"34504099999","48.6","34.9666666","143.0","1981-01-24","  24.0","011000","999.9","  28.4","  24.8"," 15.5"," 0.87","1025.7","999.9","999.9","  27.9","  5.6"," 12.8"
"34504099999","48.6","34.9666666","143.0","1981-01-25","  21.5","000000","999.9","  26.6","  23.0","  7.8"," 0.00","1022.1","999.9","999.9","  25.8","  5.7","  4.7"
"34504099999","48.6","34.9666666","143.0","1981-01-26","  21.4","001000","999.9","  28.4","  26.6","  9.7"," 0.00","1016.4","999.9","999.9","  27.3","  6.2","  4.4"
"34504099999","48.6","34.9666666","143.0","1981-01-27","  24.4","001000","999.9","  32.0","  24.8"," 11.7"," 0.02","1021.7","999.9","999.9","  27.9","  3.8","  6.8"
"34504099999","48.6","34.9666666","143.0","1981-01-28","  18.1","000000","999.9","  26.6","  21.2"," 13.6"," 0.04","1034.7","  1.2","999.9","  24.5","  6.2"," 11.7"
"34504099999","48.6","34.9666666","143.0","1981-01-29","  17.8","000000","999.9","  24.8","  21.2"," 11.7"," 0.00","1037.0","  0.8","999.9","  22.3","  3.9","  6.9"
"34504099999","48.6","34.9666666","143.0","1981-01-30","  18.4","000000","999.9","  53.6","  19.4"," 17.5"," 0.00","1027.3","999.9","999.9","  26.1","  5.1","  4.7"
"34504099999","48.6","34.9666666","143.0","1981-01-31","  27.0","011000","999.9","  32.0","  24.8"," 17.5"," 0.00","1014.9","  0.4","999.9","  29.1","  1.8"," 10.0"
"34504099999","48.6","34.9666666","143.0","1981-02-01","  28.2","001000","999.9","  35.6","  32.0"," 19.4"," 0.08","1012.8","  0.4","999.9","  32.7","  6.2"," 14.1"
"34504099999","48.6","34.9666666","143.0","1981-02-02","  27.3","001000","999.9","  37.4","  32.0"," 33.0"," 0.12","1013.0","  0.4","999.9","  34.2","  4.5"," 17.7"
"34504099999","48.6","34.9666666","143.0","1981-02-03","  31.1","010000","999.9","  39.2","  30.2"," 15.5"," 0.00","1011.8","999.9","999.9","  34.2","  4.5"," 11.2"
"34504099999","48.6","34.9666666","143.0","1981-02-04","  32.8","000000","999.9","  51.8","  33.8"," 15.5"," 0.00","1001.7","999.9","999.9","  36.5","  2.6"," 12.2"
"34504099999","48.6","34.9666666","143.0","1981-02-05","  38.4","100000","999.9","  48.2","  35.6"," 15.5"," 0.00","1003.2","999.9","999.9","  41.2","  4.8"," 12.9"
"34504099999","48.6","34.9666666","143.0","1981-02-06","  40.1","010000","999.9","  44.6","  39.2"," 13.6"," 0.12","1010.2","999.9","999.9","  41.9","  2.6","  9.7"
"34504099999","48.6","34.9666666","143.0","1981-02-07","  36.2","110000","999.9","  42.8","  30.2"," 11.7"," 0.00","1014.6","999.9","999.9","  37.7","  1.3","  5.2"
"34504099999","48.6","34.9666666","143.0","1981-02-08","  28.2","001000","999.9","  35.6","  28.4","  9.7"," 0.04","1010.5","999.9","999.9","  31.8","  3.7","  6.6"
"34504099999","48.6","34.9666666","143.0","1981-02-09","  26.0","011000","999.9","  39.2","  32.0"," 27.2"," 0.01","1002.9","999.9","999.9","  35.3","  5.0"," 18.8"
"34504099999","48.6","34.9666666","143.0","1981-02-10","  24.4","000000","999.9","  33.8","  28.4"," 23.3"," 0.00","1013.7","999.9","999.9","  32.5","  6.2"," 16.8"
"34504099999","48.6","34.9666666","143.0","1981-02-11","  26.4","001000","999.9","  35.6","  24.8","  9.7"," 0.00","1018.0","999.9","999.9","  30.4","  5.3","  3.9"
"34504099999","48.6","34.9666666","143.0","1981-02-12","  30.9","011000","999.9","  37.4","  32.0"," 13.6"," 0.04","1017.3","999.9","999.9","  33.8","  2.7","  6.3"
"34504099999","48.6","34.9666666","143.0","1981-02-13","  38.3","110000","999.9","  42.8","  32.0"," 15.5"," 0.75","1007.7","999.9","999.9","  39.0","  1.2"," 12.6"
"34504099999","48.6","34.9666666","143.0","1981-02-14","  21.5","000000","999.9","  30.2","  26.6"," 15.5"," 0.08","1011.2","999.9","999.9","  28.9","  6.2"," 11.1"
"34504099999","48.6","34.9666666","143.0","1981-02-15","  17.4","000000","999.9","  28.4","  15.8","  9.7"," 0.00","1009.3","999.9","999.9","  23.9","  4.3","  5.6"
"34504099999","48.6","34.9666666","143.0","1981-02-16","  23.5","011000","999.9","  51.8","  21.2"," 11.7"," 0.09","1012.4","999.9","999.9","  26.4","  2.3"," 10.2"
"34504099999","48.6","34.9666666","143.0","1981-02-17","  31.4","111000","999.9","9999.9","9999.9"," 13.6"," 0.08","1014.8","999.9","999.9","  32.0","  1.1","  9.1"
"34504099999","48.6","34.9666666","143.0","1981-02-18","  31.2","100000","999.9","  39.2","  30.2","  9.7"," 0.00","1019.6","  0.4","999.9","  32.5","  1.8","  4.4"
"34504099999","48.6","34.9666666","143.0","1981-02-19","  29.9","101000","999.9","  33.8","  28.4"," 15.5"," 0.01","1017.1","999.9","999.9","  31.5","  1.3"," 11.1"
"34504099999","48.6","34.9666666","143.0","1981-02-20","  28.8","001000","999.9","  32.0","  30.2"," 13.6"," 0.20","1019.4","  2.0","999.9","  31.2","  1.7"," 11.7"
"34504099999","48.6","34.9666666","143.0","1981-02-21","  28.4","001000","999.9","  33.8","  28.4"," 11.7"," 0.24","1027.8","  1.6","999.9","  30.4","  1.5","  6.6"
"34504099999","48.6","34.9666666","143.0","1981-02-22","  28.1","100000","999.9","  32.0","  28.4","  7.8"," 0.00","1032.8"," 13.4","999.9","  30.2","  0.9","  2.4"
"34504099999","48.6","34.9666666","143.0","1981-02-23","  21.6","101000","999.9","  32.0","  17.6"," 17.5"," 0.02","1032.5","  2.4","999.9","  25.9","  3.0"," 11.2"
"34504099999","48.6","34.9666666","143.0","1981-02-24","   8.4","000000","999.9","  28.4","  15.8"," 19.4"," 0.00","1031.0","  2.4","999.9","  19.9","  6.2"," 17.0"
"34504099999","48.6","34.9666666","143.0","1981-02-25","   8.6","000000","999.9","  24.8","  12.2"," 19.4"," 0.00","1031.9","  2.0","999.9","  17.6","  6.2"," 17.0"
"34504099999","48.6","34.9666666","143.0","1981-02-26","   7.9","000000","999.9","  23.0","  12.2"," 17.5"," 0.00","1033.3","999.9","999.9","  17.8","  6.2"," 15.3"
"34504099999","48.6","34.9666666","143.0","1981-02-27","  10.6","000000","999.9","  28.4","  14.0"," 17.5"," 0.00","1036.1","  2.0","999.9","  19.8","  6.2"," 15.5"
"34504099999","48.6","34.9666666","143.0","1981-02-28","  11.1","010000","999.9","  28.4","  14.0"," 17.5"," 0.00","1036.9","999.9","999.9","  19.4","  7.0"," 15.3"
"34504099999","48.6","34.9666666","143.0","1981-03-01","  12.7","000000","999.9","  30.2","  10.4"," 15.5"," 0.00","1032.0","999.9","999.9","  20.9","  6.2"," 10.3"
"34504099999","48.6","34.9666666","143.0","1981-03-02","  10.8","000000","999.9","  32.0","  14.0"," 11.7"," 0.00","1027.1","  1.2","999.9","  23.2","  9.1","  9.2"
"34504099999","48.6","34.9666666","143.0","1981-03-03","  14.7","000000","999.9","  37.4","  15.8"," 11.7"," 0.00","1020.5","999.9","999.9","  26.4","  6.2","  7.8"
"34504099999","48.6","34.9666666","143.0","1981-03-04","  29.9","011000","999.9","  37.4","  24.8"," 13.6"," 0.31","1008.2","  1.6","999.9","  31.7","  1.4","  9.1"
"34504099999","48.6","34.9666666","143.0","1981-03-05","  31.1","101000","999.9","  33.8","  28.4"," 13.6"," 0.41","1004.3","999.9","999.9","  32.0","  0.8","  7.8"
"34504099999","48.6","34.9666666","143.0","1981-03-06","  25.8","001000","999.9","  33.8","  30.2","  9.7"," 0.20","1018.6","  1.6","999.9","  31.5","  4.1","  8.3"
"34504099999","48.6","34.9666666","143.0","1981-03-07","  25.3","000000","999.9","  35.6","  26.6"," 11.7"," 0.01","1027.1","  1.6","999.9","  31.5","  4.3","  5.2"
"34504099999","48.6","34.9666666","143.0","1981-03-08","  31.8","010000","999.9","  41.0","  30.2"," 15.5"," 0.02","1022.8","  0.8","999.9","  35.8","  3.3"," 11.9"
"34504099999","48.6","34.9666666","143.0","1981-03-09","  39.2","010000","999.9","  46.4","  37.4"," 13.6"," 0.08","1016.4","999.9","999.9","  40.7","  1.5","  9.4"
"34504099999","48.6","34.9666666","143.0","1981-03-10","  40.8","110000","999.9","  51.8","  35.6"," 15.5"," 0.04","1009.3","999.9","999.9","  43.2","  2.1"," 12.1"
"34504099999","48.6","34.9666666","143.0","1981-03-11","  21.0","000000","999.9","  39.2","  30.2"," 23.3"," 0.00","1004.8","999.9","999.9","  33.3","  6.2"," 15.1"
"34504099999","48.6","34.9666666","143.0","1981-03-12","  26.6","001000","999.9","  35.6","  28.4"," 13.6"," 0.08"," 995.1","999.9","999.9","  30.6","  4.3"," 10.0"
"34504099999","48.6","34.9666666","143.0","1981-03-13","  12.4","000000","999.9","  24.8","  17.6"," 15.5"," 0.00","1009.1","999.9","999.9","  21.4","  6.2"," 11.2"
"34504099999","48.6","34.9666666","143.0","1981-03-14","   9.9","000000","999.9","  26.6","  12.2"," 13.6"," 0.00","1012.0","999.9","999.9","  19.2","  6.2"," 12.1"
"34504099999","48.6","34.9666666","143.0","1981-03-15","  20.1","001000","999.9","  32.0","  21.2"," 15.5"," 0.00","1017.7","999.9","999.9","  26.8","  5.7","  8.5"
"34504099999","48.6","34.9666666","143.0","1981-03-16","  32.8","010000","999.9","  41.0","  30.2"," 15.5"," 0.00","1017.4","999.9","999.9","  35.1","  2.7"," 10.3"
"34504099999","48.6","34.9666666","143.0","1981-03-17","  34.5","110000","999.9","  42.8","  32.0","  7.8"," 0.00","1012.8","999.9","999.9","  37.0","  2.7","  4.4"
"34504099999","48.6","34.9666666","143.0","1981-03-18","  32.5","001000","999.9","  37.4","  32.0","  7.8"," 0.12","1012.9","999.9","999.9","  34.0","  1.0","  4.4"
"34504099999","48.6","34.9666666","143.0","1981-03-19","  34.9","110000","999.9","  37.4","  35.6"," 17.5"," 0.20","1008.5","999.9","999.9","  36.3","  2.3"," 13.4"
"34504099999","48.6","34.9666666","143.0","1981-03-20","  37.6","100000","999.9","  42.8","  35.6"," 19.4"," 0.04","1000.0","999.9","999.9","  39.0","  1.1"," 10.2"
"34504099999","48.6","34.9666666","143.0","1981-03-21","  34.7","110000","999.9","  39.2","  35.6"," 11.7"," 0.00","1008.2","999.9","999.9","  36.7","  3.0"," 10.0"
"34504099999","48.6","34.9666666","143.0","1981-03-22","  35.6","110000","999.9","  50.0","  30.2","  3.9"," 0.00","1017.4","999.9","999.9","  41.7","  4.3","  0.5"
"34504099999","48.6","34.9666666","143.0","1981-03-23","  37.2","010000","999.9","  53.6","  37.4","  5.8"," 0.00","1018.3","999.9","999.9","  45.3","  4.8","  1.7"
"34504099999","48.6","34.9666666","143.0","1981-03-24","  35.0","000000","999.9","  51.8","  37.4"," 13.6"," 0.00","1016.8","999.9","999.9","  42.5","  5.7","  5.3"
"34504099999","48.6","34.9666666","143.0","1981-03-25","  36.1","000000","999.9","  51.8","  37.4","  7.8"," 0.00","1016.6","999.9","999.9","  42.5","  5.1","  2.8"
"34504099999","48.6","34.9666666","143.0","1981-03-26","  38.8","010000","999.9","  53.6","  39.2"," 13.6"," 0.00","1017.0","999.9","999.9","  46.6","  4.7","  9.7"
"34504099999","48.6","34.9666666","143.0","1981-03-27","  38.3","010000","999.9","  59.0","  37.4"," 17.5"," 0.00","1011.5","999.9","999.9","  48.2","  5.3"," 13.6"
"34504099999","48.6","34.9666666","143.0","1981-03-28","  36.6","110000","999.9","  48.2","  35.6"," 13.6"," 0.04","1011.2","999.9","999.9","  41.0","  4.6"," 10.4"
"34504099999","48.6","34.9666666","143.0","1981-03-29","  19.1","000000","999.9","  41.0","  30.2"," 15.5"," 0.00","1023.3","999.9","999.9","  34.0","  5.4"," 12.9"
"34504099999","48.6","34.9666666","143.0","1981-03-30","  18.3","000000","999.9","  35.6","  28.4"," 11.7"," 0.00","1032.2","999.9","999.9","  31.8","  6.2"," 10.2"
"34504099999","48.6","34.9666666","143.0","1981-03-31","  17.8","000000","999.9","  39.2","  24.8"," 17.5"," 0.00","1035.3","999.9","999.9","  31.3","  5.3","  5.8"
"34504099999","48.6","34.9666666","143.0","1981-04-01","  21.2","001000","999.9","  41.0","  24.8","  9.7"," 0.00","1026.5","999.9","999.9","  33.8","  5.7","  4.2"
"34504099999","48.6","34.9666666","143.0","1981-04-02","  30.4","011000","999.9","  37.4","  30.2"," 15.5"," 0.04","1017.6","  0.4","999.9","  34.0","  4.0"," 10.0"
"34504099999","48.6","34.9666666","143.0","1981-04-03","  33.8","011000","999.9","  42.8","  33.8"," 15.5"," 0.06","1020.9","999.9","999.9","  38.2","  4.6"," 12.5"
"34504099999","48.6","34.9666666","143.0","1981-04-04","  34.0","011000","999.9","  44.6","  33.8"," 15.5"," 0.08","1019.2","999.9","999.9","  38.5","  4.8"," 11.7"
"34504099999","48.6","34.9666666","143.0","1981-04-05","  32.4","010000","999.9","  46.4","  35.6","  5.8"," 0.02","1014.7","999.9","999.9","  40.1","  4.8","  3.6"
"34504099999","48.6","34.9666666","143.0","1981-04-06","  31.5","110000","999.9","  44.6","  33.8"," 13.6"," 0.04","1011.1","999.9","999.9","  38.3","  5.6","  6.6"
"34504099999","48.6","34.9666666","143.0","1981-04-07","  29.8","000000","999.9","  50.0","  32.0"," 19.4"," 0.00","1011.4","999.9","999.9","  41.0","  4.8"," 12.9"
"34504099999","48.6","34.9666666","143.0","1981-04-08","  30.2","000000","999.9","  48.2","  39.2"," 17.5"," 0.00","1015.6","999.9","999.9","  43.2","  7.0"," 11.2"
"34504099999","48.6","34.9666666","143.0","1981-04-09","  27.3","000000","999.9","  55.4","  35.6"," 11.7"," 0.00","1021.7","999.9","999.9","  45.3","  6.2","  6.3"
"34504099999","48.6","34.9666666","143.0","1981-04-10","  31.1","000000","999.9","  57.2","  41.0"," 15.5"," 0.00","1019.6","999.9","999.9","  49.5","  6.2","  9.2"
"34504099999","48.6","34.9666666","143.0","1981-04-11","  37.2","000000","999.9","  64.4","  37.4","  5.8"," 0.00","1022.6","999.9","999.9","  52.0","  4.7","  2.4"
"34504099999","48.6","34.9666666","143.0","1981-04-12","  37.4","000000","999.9","  59.0","  41.0"," 11.7"," 0.00","1020.7","999.9","999.9","  51.3","  4.3","  8.0"
"34504099999","48.6","34.9666666","143.0","1981-04-13","  36.3","000000","999.9","  66.2","  41.0"," 15.5"," 0.00","1018.1","999.9","999.9","  55.0","  4.7","  5.6"
"34504099999","48.6","34.9666666","143.0","1981-04-14","  30.9","010000","999.9","  53.6","  44.6"," 15.5"," 0.12","1008.3","999.9","999.9","  48.4","  5.7"," 12.9"
"34504099999","48.6","34.9666666","143.0","1981-04-15","  31.7","010000","999.9","  42.8","  35.6"," 13.6"," 0.01","1007.3","999.9","999.9","  38.8","  6.2"," 10.9"
"34504099999","48.6","34.9666666","143.0","1981-04-16","  31.8","010100","999.9","  42.8","  32.0"," 15.5"," 0.16","1006.5","999.9","999.9","  37.0","  4.8","  9.2"
"34504099999","48.6","34.9666666","143.0","1981-04-17","  27.3","011000","999.9","  41.0","  28.4","  7.8"," 0.00","1015.9","999.9","999.9","  34.5","  4.0","  3.4"
"34504099999","48.6","34.9666666","143.0","1981-04-18","  20.6","000000","999.9","  44.6","  28.4","  9.7"," 0.00","1021.4","999.9","999.9","  37.1","  6.2","  5.8"
"34504099999","48.6","34.9666666","143.0","1981-04-19","  32.5","010000","999.9","  39.2","  37.4"," 19.4"," 0.67","1013.8","999.9","999.9","  38.1","  3.3"," 14.3"
"34504099999","48.6","34.9666666","143.0","1981-04-20","  38.1","110000","999.9","  48.2","  37.4"," 19.4"," 0.09","1006.2","999.9","999.9","  41.2","  3.0"," 15.1"
"34504099999","48.6","34.9666666","143.0","1981-04-21","  30.4","010000","999.9","  48.2","  35.6"," 19.4"," 0.00","1014.9","999.9","999.9","  40.5","  4.8"," 13.4"
"34504099999","48.6","34.9666666","143.0","1981-04-22","  36.7","000000","999.9","  57.2","  35.6"," 15.5"," 0.00","1012.5","999.9","999.9","  45.0","  4.3"," 12.9"
"34504099999","48.6","34.9666666","143.0","1981-04-23","  30.4","000000","999.9","  57.2","  41.0"," 11.7"," 0.00","1015.6","999.9","999.9","  47.1","  5.7","  2.7"
"34504099999","48.6","34.9666666","143.0","1981-04-24","  37.9","000000","999.9","  57.2","  37.4"," 13.6"," 0.00","1013.2","999.9","999.9","  47.4","  4.6"," 11.9"
"34504099999","48.6","34.9666666","143.0","1981-04-25","  28.7","010000","999.9","  41.0","  32.0"," 15.5"," 0.12","1019.6","999.9","999.9","  36.4","  5.1"," 11.9"
"34504099999","48.6","34.9666666","143.0","1981-04-26","  35.6","010000","999.9","  44.6","  37.4"," 15.5"," 0.31","1018.3","999.9","999.9","  41.2","  3.4"," 11.7"
"34504099999","48.6","34.9666666","143.0","1981-04-27","  39.0","010000","999.9","  60.8","  41.0"," 13.6"," 0.08","1015.9","999.9","999.9","  48.7","  5.1"," 10.7"
"34504099999","48.6","34.9666666","143.0","1981-04-28","  48.5","110000","999.9","  73.4","  44.6"," 15.5"," 0.01","1010.7","999.9","999.9","  55.1","  3.4","  7.5"
"34504099999","48.6","34.9666666","143.0","1981-04-29","  44.2","110000","999.9","  50.0","  44.6"," 23.3"," 0.20","1003.8","999.9","999.9","  47.8","  1.3","  9.3"
"34504099999","48.6","34.9666666","143.0","1981-04-30","  31.5","000000","999.9","  46.4","  35.6"," 15.5"," 0.00","1005.2","999.9","999.9","  41.5","  5.3","  9.7"
"34504099999","48.6","34.9666666","143.0","1981-05-01","  32.0","010000","999.9","  53.6","  32.0"," 13.6"," 0.00","1007.0","999.9","999.9","  44.4","  5.3","  8.0"
"34504099999","48.6","34.9666666","143.0","1981-05-02","  45.3","010000","999.9","  62.6","  44.6"," 13.6"," 0.04","1006.6","999.9","999.9","  52.4","  3.9"," 11.7"
"34504099999","48.6","34.9666666","143.0","1981-05-03","  46.2","000000","999.9","  64.4","  46.4"," 11.7"," 0.00","1008.5","999.9","999.9","  54.3","  5.3","  5.6"
"34504099999","48.6","34.9666666","143.0","1981-05-04","  47.3","010000","999.9","  71.6","  46.4"," 17.5"," 0.12","1006.5","999.9","999.9","  55.6","  5.3"," 10.4"
"34504099999","48.6","34.9666666","143.0","1981-05-05","  50.2","000000","999.9","  71.6","  46.4"," 11.7"," 0.00","1005.3","999.9","999.9","  57.9","  6.2"," 10.0"
"34504099999","48.6","34.9666666","143.0","1981-05-06","  50.5","010010","999.9","  69.8","  46.4"," 15.5"," 0.12","1004.4","999.9","999.9","  59.2","  6.2"," 11.2"
"34504099999","48.6","34.9666666","143.0","1981-05-07","  50.3","010000","999.9","  64.4","  51.8"," 13.6"," 0.17","1006.4","999.9","999.9","  56.4","  4.4"," 11.0"
"34504099999","48.6","34.9666666","143.0","1981-05-08","  51.1","110000","999.9","  60.8","  46.4"," 13.6"," 0.20","1013.7","999.9","999.9","  54.0","  1.8","  7.5"
"34504099999","48.6","34.9666666","143.0","1981-05-09","  53.6","000000","999.9","  68.0","  53.6"," 13.6"," 0.04","1014.7","999.9","999.9","  61.5","  5.3","  7.3"
"34504099999","48.6","34.9666666","143.0","1981-05-10","  50.0","010000","999.9","  80.6","  59.0"," 29.1"," 0.00","1015.7","999.9","999.9","  69.3","  6.2"," 17.2"
"34504099999","48.6","34.9666666","143.0","1981-05-11","  52.7","010000","999.9","  75.2","  57.2"," 15.5"," 0.02","1017.0","999.9","999.9","  65.1","  5.1","  9.2"
"34504099999","48.6","34.9666666","143.0","1981-05-12","  46.2","000000","999.9","  78.8","  55.4"," 11.7"," 0.00","1012.0","999.9","999.9","  66.4","  4.8","  6.8"
"34504099999","48.6","34.9666666","143.0","1981-05-13","  43.1","000000","999.9","  66.2","  48.2"," 15.5"," 0.00","1010.1","999.9","999.9","  59.5","  6.2"," 11.9"
"34504099999","48.6","34.9666666","143.0","1981-05-14","  27.4","000000","999.9","  53.6","  37.4"," 19.4"," 0.00","1017.2","999.9","999.9","  46.0","  6.2"," 13.4"
"34504099999","48.6","34.9666666","143.0","1981-05-15","  31.2","000000","999.9","  68.0","  39.2"," 11.7"," 0.00","1017.9","999.9","999.9","  52.0","  5.7","  5.1"
"34504099999","48.6","34.9666666","143.0","1981-05-16","  37.8","000000","999.9","  71.6","  46.4"," 11.7"," 0.00","1014.8","999.9","999.9","  62.8","  5.6","  5.3"
"34504099999","48.6","34.9666666","143.0","1981-05-17","  32.5","000000","999.9","  64.4","  48.2"," 13.6"," 0.00","1016.8","999.9","999.9","  56.9","  6.2","  9.7"
"34504099999","48.6","34.9666666","143.0","1981-05-18","  35.6","000000","999.9","  66.2","  41.0","  7.8"," 0.00","1021.5","999.9","999.9","  55.1","  5.0","  4.2"
"34504099999","48.6","34.9666666","143.0","1981-05-19","  41.2","000000","999.9","  71.6","  48.2","  7.8"," 0.00","1022.7","999.9","999.9","  62.6","  4.3","  2.9"
"34504099999","48.6","34.9666666","143.0","1981-05-20","  43.0","000000","999.9","  69.8","  50.0","  9.7"," 0.00","1025.5","999.9","999.9","  59.9","  5.7","  5.3"
"34504099999","48.6","34.9666666","143.0","1981-05-21","  39.9","000000","999.9","  68.0","  48.2"," 13.6"," 0.00","1028.6","999.9","999.9","  57.9","  6.2","  8.7"
"34504099999","48.6","34.9666666","143.0","1981-05-22","  37.0","000000","999.9","  69.8","  46.4","  9.7"," 0.00","1024.8","999.9","999.9","  61.0","  5.7","  4.6"
"34504099999","48.6","34.9666666","143.0","1981-05-23","  42.4","000000","999.9","  73.4","  48.2"," 11.7"," 0.00","1022.2","999.9","999.9","  63.1","  5.3","  7.5"
"34504099999","48.6","34.9666666","143.0","1981-05-24","  44.9","000010","999.9","  73.4","  50.0"," 11.7"," 0.00","1021.5","999.9","999.9","  62.6","  5.3","  6.4"
"34504099999","48.6","34.9666666","143.0","1981-05-25","  48.0","010010","999.9","  77.0","  50.0"," 11.7"," 0.01","1020.7","999.9","999.9","  64.0","  5.3","  2.9"
"34504099999","48.6","34.9666666","143.0","1981-05-26","  49.1","000010","999.9","  77.0","  53.6","  5.8"," 0.00","1021.9","999.9","999.9","  67.4","  4.8","  2.6"
"34504099999","48.6","34.9666666","143.0","1981-05-27","  50.3","000000","999.9","  78.8","  55.4","  5.8"," 0.00","1020.8","999.9","999.9","  69.3","  4.6","  1.4"
"34504099999","48.6","34.9666666","143.0","1981-05-28","  52.0","000000","999.9","  86.0","  62.6"," 13.6"," 0.00","1021.3","999.9","999.9","  72.3","  4.2","  5.6"
"34504099999","48.6","34.9666666","143.0","1981-05-29","  57.2","000010","999.9","  86.0","  60.8","  5.8"," 0.00","1019.1","999.9","999.9","  71.1","  4.3","  0.8"
"34504099999","48.6","34.9666666","143.0","1981-05-30","  55.9","000000","999.9","  84.2","  59.0","  9.7"," 0.00","1016.9","999.9","999.9","  72.5","  5.3","  6.8"
"34504099999","48.6","34.9666666","143.0","1981-05-31","  53.1","000000","999.9","  71.6","  55.4"," 13.6"," 0.00","1019.7","999.9","999.9","  67.7","  4.0","  9.2"
"34504099999","48.6","34.9666666","143.0","1981-06-01","  47.7","000000","999.9","  75.2","  59.0"," 11.7"," 0.00","1021.6","999.9","999.9","  65.9","  4.6","  8.6"
"34504099999","48.6","34.9666666","143.0","1981-06-02","  50.2","000000","999.9","  73.4","  59.0"," 11.7"," 0.00","1020.1","999.9","999.9","  64.6","  4.8","  5.3"
"34504099999","48.6","34.9666666","143.0","1981-06-03","  45.3","000000","999.9","  77.0","  53.6","  9.7"," 0.00","1015.3","999.9","999.9","  67.1","  5.1","  4.6"
"34504099999","48.6","34.9666666","143.0","1981-06-04","  50.5","000000","999.9","  78.8","  60.8","  7.8"," 0.00","1013.1","999.9","999.9","  70.7","  5.3","  4.6"
"34504099999","48.6","34.9666666","143.0","1981-06-05","  56.5","000000","999.9","  84.2","  60.8","  9.7"," 0.00","1013.5","999.9","999.9","  73.6","  5.6","  3.9"
"34504099999","48.6","34.9666666","143.0","1981-06-06","  59.7","000010","999.9","  84.2","  60.8"," 13.6"," 0.00","1015.2","999.9","999.9","  71.6","  4.2","  8.0"
"34504099999","48.6","34.9666666","143.0","1981-06-07","  60.6","000000","999.9","  82.4","  62.6","  5.8"," 0.00","1017.5","999.9","999.9","  73.2","  5.1","  2.7"
"34504099999","48.6","34.9666666","143.0","1981-06-08","  60.5","000000","999.9","  86.0","  62.6","  7.8"," 0.00","1017.5","999.9","999.9","  75.4","  6.2","  2.2"
"34504099999","48.6","34.9666666","143.0","1981-06-09","  64.2","000000","999.9","  89.6","  64.4","  3.9"," 0.00","1018.6","999.9","999.9","  77.9","  3.7","  0.5"
"34504099999","48.6","34.9666666","143.0","1981-06-10","  62.4","000000","999.9","  89.6","  66.2","  7.8"," 0.00","1018.4","999.9","999.9","  79.7","  4.8","  2.9"
"34504099999","48.6","34.9666666","143.0","1981-06-11","  61.1","000000","999.9","  93.2","  68.0","  7.8"," 0.00","1017.4","999.9","999.9","  80.3","  5.7","  3.6"
"34504099999","48.6","34.9666666","143.0","1981-06-12","  62.4","010100","999.9","  91.4","  71.6","  5.8"," 0.00","1015.9","999.9","999.9","  81.5","  3.1","  1.7"
"34504099999","48.6","34.9666666","143.0","1981-06-13","  62.9","010000","999.9","  91.4","  64.4"," 31.1"," 0.00","1010.3","999.9","999.9","  77.8","  4.6"," 11.4"
"34504099999","48.6","34.9666666","143.0","1981-06-14","  47.3","010000","999.9","  64.4","  53.6"," 13.6"," 0.31","1012.2","999.9","999.9","  58.1","  6.2"," 12.6"
"34504099999","48.6","34.9666666","143.0","1981-06-15","  43.2","000000","999.9","  62.6","  50.0"," 13.6"," 0.00","1010.3","999.9","999.9","  56.5","  5.7","  9.5"
"34504099999","48.6","34.9666666","143.0","1981-06-16","  45.6","000000","999.9","  71.6","  48.2","  7.8"," 0.00","1011.6","999.9","999.9","  60.3","  4.6","  2.5"
"34504099999","48.6","34.9666666","143.0","1981-06-17","  52.7","000000","999.9","  78.8","  59.0"," 15.5"," 0.00","1011.6","999.9","999.9","  68.7","  6.2"," 11.7"
"34504099999","48.6","34.9666666","143.0","1981-06-18","  56.3","000000","999.9","  75.2","  55.4","  9.7"," 0.00","1015.3","999.9","999.9","  66.7","  4.5","  2.2"
"34504099999","48.6","34.9666666","143.0","1981-06-19","  60.8","000000","999.9","  87.8","  59.0"," 19.4"," 0.00","1015.1","999.9","999.9","  75.0","  5.7"," 11.2"
"34504099999","48.6","34.9666666","143.0","1981-06-20","  62.8","000010","999.9","  91.4","  68.0"," 13.6"," 0.00","1013.9","999.9","999.9","  79.7","  6.2"," 10.0"
"34504099999","48.6","34.9666666","143.0","1981-06-21","  64.9","000000","999.9","  89.6","  66.2","  7.8"," 0.00","1012.6","999.9","999.9","  78.3","  4.6","  6.4"
"34504099999","48.6","34.9666666","143.0","1981-06-22","  59.7","010000","999.9","  95.0","  73.4"," 17.5"," 0.00","1010.7","999.9","999.9","  83.5","  6.2"," 13.1"
"34504099999","48.6","34.9666666","143.0","1981-06-23","  59.9","000000","999.9","  93.2","  68.0"," 17.5"," 0.00","1012.7","999.9","999.9","  79.7","  6.2"," 11.7"
"34504099999","48.6","34.9666666","143.0","1981-06-24","  62.6","000010","999.9","  93.2","  71.6"," 13.6"," 0.01","1013.5","999.9","999.9","  79.5","  6.2","  7.3"
"34504099999","48.6","34.9666666","143.0","1981-06-25","  64.2","000000","999.9","  95.0","  68.0"," 11.7"," 0.00","1013.6","999.9","999.9","  79.5","  6.2","  4.6"
"34504099999","48.6","34.9666666","143.0","1981-06-26","  61.0","000010","999.9","  84.2","  68.0"," 15.5"," 0.00","1014.4","999.9","999.9","  72.9","  6.2","  5.6"
"34504099999","48.6","34.9666666","143.0","1981-06-27","  61.7","000000","999.9","  87.8","  62.6","  3.9"," 0.00","1014.8","999.9","999.9","  76.1","  4.8","  1.9"
"34504099999","48.6","34.9666666","143.0","1981-06-28","  62.4","010010","999.9","  87.8","  68.0"," 11.7"," 0.00","1014.8","999.9","999.9","  73.4","  3.7","  4.6"
"34504099999","48.6","34.9666666","143.0","1981-06-29","  60.1","000010","999.9","  87.8","  66.2","  5.8"," 0.00","1014.1","999.9","999.9","  75.9","  4.8","  2.7"
"34504099999","48.6","34.9666666","143.0","1981-06-30","  60.6","000000","999.9","  89.6","  68.0","  7.8"," 0.00","1009.8","999.9","999.9","  78.6","  4.3","  2.9"
"34504099999","48.6","34.9666666","143.0","1981-07-01","  62.1","010010","999.9","  86.0","  64.4"," 13.6"," 0.08","1006.5","999.9","999.9","  74.4","  5.1","  7.8"
"34504099999","48.6","34.9666666","143.0","1981-07-02","  54.3","000000","999.9","  75.2","  60.8"," 11.7"," 0.08","1011.6","999.9","999.9","  66.9","  4.3","  9.7"
"34504099999","48.6","34.9666666","143.0","1981-07-03","  51.1","000000","999.9","  77.0","  59.0"," 13.6"," 0.00","1015.7","999.9","999.9","  68.7","  4.8","  9.0"
"34504099999","48.6","34.9666666","143.0","1981-07-04","  56.1","000000","999.9","  82.4","  60.8"," 11.7"," 0.00","1013.8","999.9","999.9","  71.8","  5.3","  5.6"
"34504099999","48.6","34.9666666","143.0","1981-07-05","  57.2","000000","999.9","  82.4","  62.6","  9.7"," 0.00","1011.3","999.9","999.9","  72.9","  6.2","  5.6"
"34504099999","48.6","34.9666666","143.0","1981-07-06","  58.0","000000","999.9","  78.8","  66.2","  3.9"," 0.00","1009.2","999.9","999.9","  72.6","  6.2","  2.2"
"34504099999","48.6","34.9666666","143.0","1981-07-07","  62.1","010000","999.9","  82.4","  62.6","  7.8"," 0.02","1007.9","999.9","999.9","  71.9","  5.7","  2.5"
"34504099999","48.6","34.9666666","143.0","1981-07-08","  63.4","010000","999.9","  80.6","  62.6","  9.7"," 0.00","1007.6","999.9","999.9","  70.6","  5.5","  4.2"
"34504099999","48.6","34.9666666","143.0","1981-07-09","  63.0","000000","999.9","  75.2","  64.4","  5.8"," 0.00","1006.6","999.9","999.9","  70.5","  5.3","  1.9"
"34504099999","48.6","34.9666666","143.0","1981-07-10","  61.7","010010","999.9","  77.0","  64.4"," 11.7"," 1.54","1005.7","999.9","999.9","  67.5","  3.4","  3.9"
"34504099999","48.6","34.9666666","143.0","1981-07-11","  60.8","110010","999.9","  77.0","  60.8"," 15.5"," 0.43","1009.6","999.9","999.9","  66.6","  4.8"," 10.5"
"34504099999","48.6","34.9666666","143.0","1981-07-12","  55.6","000000","999.9","  77.0","  60.8"," 11.7"," 0.00","1013.5","999.9","999.9","  68.7","  6.2","  9.5"
"34504099999","48.6","34.9666666","143.0","1981-07-13","  53.6","000000","999.9","  78.8","  59.0","  9.7"," 0.00","1017.4","999.9","999.9","  68.4","  5.7","  5.3"
"34504099999","48.6","34.9666666","143.0","1981-07-14","  54.5","000000","999.9","  82.4","  60.8","  7.8"," 0.00","1017.8","999.9","999.9","  73.4","  6.2","  3.9"
"34504099999","48.6","34.9666666","143.0","1981-07-15","  59.5","000000","999.9","  86.0","  64.4","  5.8"," 0.00","1015.0","999.9","999.9","  76.1","  6.2","  1.0"
"34504099999","48.6","34.9666666","143.0","1981-07-16","  59.8","000000","999.9","  87.8","  68.0"," 11.7"," 0.00","1011.7","999.9","999.9","  76.6","  5.8","  4.5"
"34504099999","48.6","34.9666666","143.0","1981-07-17","  61.1","010010","999.9","  84.2","  66.2"," 15.5","99.99","1012.9","999.9","999.9","  74.8","  5.6","  6.3"
"34504099999","48.6","34.9666666","143.0","1981-07-18","  63.5","000000","999.9","  84.2","  66.2","  7.8"," 0.00","1016.4","999.9","999.9","  76.1","  6.2","  2.9"
"34504099999","48.6","34.9666666","143.0","1981-07-19","  66.4","000000","999.9","  91.4","  68.0","  9.7"," 0.00","1015.1","999.9","999.9","  79.3","  6.2","  8.3"
"34504099999","48.6","34.9666666","143.0","1981-07-20","  63.7","000000","999.9","  93.2","  69.8"," 15.5"," 0.00","1009.1","999.9","999.9","  82.2","  6.2"," 13.1"
"34504099999","48.6","34.9666666","143.0","1981-07-21","  62.2","000000","999.9","  93.2","  66.2"," 17.5"," 0.00","1003.7","999.9","999.9","  82.7","  6.2"," 12.9"
"34504099999","48.6","34.9666666","143.0","1981-07-22","  58.8","000000","999.9","  77.0","  66.2"," 15.5"," 0.00","1009.8","999.9","999.9","  71.6","  6.2"," 10.0"
"34504099999","48.6","34.9666666","143.0","1981-07-23","  56.5","000000","999.9","  78.8","  57.2","  5.8"," 0.00","1019.1","999.9","999.9","  70.5","  3.9","  1.9"
"34504099999","48.6","34.9666666","143.0","1981-07-24","  56.5","000000","999.9","  82.4","  64.4","  9.7"," 0.00","1021.5","999.9","999.9","  74.8","  4.8","  5.1"
"34504099999","48.6","34.9666666","143.0","1981-07-25","  57.4","000000","999.9","  84.2","  64.4","  9.7"," 0.00","1020.1","999.9","999.9","  75.9","  6.2","  6.6"
"34504099999","48.6","34.9666666","143.0","1981-07-26","  58.6","000000","999.9","  87.8","  66.2","  9.7"," 0.00","1017.2","999.9","999.9","  79.2","  6.2","  5.6"
"34504099999","48.6","34.9666666","143.0","1981-07-27","  60.3","000000","999.9","  91.4","  66.2"," 13.6"," 0.00","1012.3","999.9","999.9","  79.9","  6.2","  8.3"
"34504099999","48.6","34.9666666","143.0","1981-07-28","  58.5","000000","999.9","  95.0","  71.6"," 23.3"," 0.00","1007.4","999.9","999.9","  83.3","  6.2"," 15.3"
"34504099999","48.6","34.9666666","143.0","1981-07-29","  63.1","000000","999.9","  98.6","  73.4"," 13.6"," 0.00","1009.2","999.9","999.9","  83.8","  6.2"," 10.0"
"34504099999","48.6","34.9666666","143.0","1981-07-30","  57.2","000000","999.9","  89.6","  64.4","  9.7"," 0.00","1013.0","999.9","999.9","  77.5","  6.2","  4.4"
"34504099999","48.6","34.9666666","143.0","1981-07-31","  59.0","000000","999.9","  73.4","  64.4"," 15.5"," 0.00","1009.5","999.9","999.9","  68.8","  6.2"," 14.2"
"34504099999","48.6","34.9666666","143.0","1981-08-01","  55.8","000000","999.9","  77.0","  60.8"," 11.7"," 0.00","1011.9","999.9","999.9","  66.6","  6.2"," 10.2"
"34504099999","48.6","34.9666666","143.0","1981-08-02","  55.0","000000","999.9","  77.0","  55.4","  9.7"," 0.00","1018.0","999.9","999.9","  68.4","  6.2","  5.1"
"34504099999","48.6","34.9666666","143.0","1981-08-03","  53.9","000000","999.9","  80.6","  62.6"," 13.6"," 0.00","1019.9","999.9","999.9","  72.1","  6.2","  8.3"
"34504099999","48.6","34.9666666","143.0","1981-08-04","  53.4","000000","999.9","  78.8","  66.2"," 13.6"," 0.00","1018.8","999.9","999.9","  72.1","  6.2"," 11.4"
"34504099999","48.6","34.9666666","143.0","1981-08-05","  57.4","010000","999.9","  75.2","  60.8"," 13.6"," 0.08","1014.7","999.9","999.9","  66.4","  5.7"," 11.4"
"34504099999","48.6","34.9666666","143.0","1981-08-06","  61.0","010010","999.9","  80.6","  64.4"," 11.7"," 0.28","1013.9","999.9","999.9","  70.7","  4.8","  7.3"
"34504099999","48.6","34.9666666","143.0","1981-08-07","  58.1","000000","999.9","  82.4","  62.6","  7.8"," 0.00","1015.5","999.9","999.9","  73.2","  5.3","  5.3"
"34504099999","48.6","34.9666666","143.0","1981-08-08","  55.2","000000","999.9","  82.4","  66.2"," 13.6"," 0.00","1017.0","999.9","999.9","  73.4","  5.7","  7.0"
"34504099999","48.6","34.9666666","143.0","1981-08-09","  62.3","000000","999.9","  86.0","  64.4","  3.9"," 0.00","1015.4","999.9","999.9","  76.0","  5.7","  0.6"
"34504099999","48.6","34.9666666","143.0","1981-08-10","  63.3","000000","999.9","  89.6","  60.8","  3.9"," 0.00","1012.1","999.9","999.9","  76.3","  5.7","  1.7"
"34504099999","48.6","34.9666666","143.0","1981-08-11","  59.2","000000","999.9","  93.2","  66.2","  7.8"," 0.00","1010.9","999.9","999.9","  79.0","  6.2","  3.4"
"34504099999","48.6","34.9666666","143.0","1981-08-12","  57.9","000000","999.9","  91.4","  66.2"," 11.7"," 0.00","1008.8","999.9","999.9","  78.8","  6.2","  5.1"
"34504099999","48.6","34.9666666","143.0","1981-08-13","  59.0","000010","999.9","  80.6","  51.8"," 11.7"," 0.00","1009.2","999.9","999.9","  72.1","  6.2","  7.5"
"34504099999","48.6","34.9666666","143.0","1981-08-14","  51.4","000000","999.9","  75.2","  59.0"," 15.5"," 0.00","1015.0","999.9","999.9","  67.1","  5.7"," 10.4"
"34504099999","48.6","34.9666666","143.0","1981-08-15","  54.9","000000","999.9","  78.8","  59.0","  7.8"," 0.00","1017.0","999.9","999.9","  69.3","  5.7","  3.9"
"34504099999","48.6","34.9666666","143.0","1981-08-16","  59.7","000000","999.9","  82.4","  57.2","999.9"," 0.00","1015.3","999.9","999.9","  71.6","  6.2","  0.0"
"34504099999","48.6","34.9666666","143.0","1981-08-17","  59.9","000000","999.9","  86.0","  60.8","999.9"," 0.00","1014.9","999.9","999.9","  73.6","  6.2","  0.0"
"34504099999","48.6","34.9666666","143.0","1981-08-18","  56.3","000000","999.9","  89.6","  62.6","999.9"," 0.00","1015.0","999.9","999.9","  75.4","  6.2","  0.0"
"34504099999","48.6","34.9666666","143.0","1981-08-19","  59.9","000000","999.9","  82.4","  64.4"," 13.6"," 0.00","1013.8","999.9","999.9","  73.2","  5.7","  8.7"
"34504099999","48.6","34.9666666","143.0","1981-08-20","  59.9","000000","999.9","  89.6","  62.6","  3.9"," 0.00","1011.9","999.9","999.9","  75.4","  5.7","  0.5"
"34504099999","48.6","34.9666666","143.0","1981-08-21","  59.3","000000","999.9","  95.0","  62.6"," 11.7"," 0.00","1010.7","999.9","999.9","  78.8","  5.6","  6.8"
"34504099999","48.6","34.9666666","143.0","1981-08-22","  60.0","000000","999.9","  95.0","  66.2"," 11.7"," 0.00","1009.1","999.9","999.9","  78.8","  6.2","  3.9"
"34504099999","48.6","34.9666666","143.0","1981-08-23","  59.9","000000","999.9","  86.0","  62.6"," 15.5"," 0.00","1008.0","999.9","999.9","  70.9","  6.2","  7.3"
"34504099999","48.6","34.9666666","143.0","1981-08-24","  51.8","000000","999.9","  75.2","  55.4"," 13.6"," 0.00","1012.6","999.9","999.9","  66.0","  5.7","  9.2"
"34504099999","48.6","34.9666666","143.0","1981-08-25","  52.5","000000","999.9","  77.0","  57.2"," 13.6"," 0.00","1013.8","999.9","999.9","  68.7","  4.8","  3.9"
"34504099999","48.6","34.9666666","143.0","1981-08-26","  54.5","010000","999.9","  62.6","  53.6"," 27.2"," 1.18","1006.0","999.9","999.9","  57.9","  2.6"," 12.6"
"34504099999","48.6","34.9666666","143.0","1981-08-27","  50.0","000000","999.9","  66.2","  50.0"," 50.5"," 0.00","1009.9","999.9","999.9","  58.6","  5.7"," 15.1"
"34504099999","48.6","34.9666666","143.0","1981-08-28","  52.7","010010","999.9","  59.0","  48.2","  7.8"," 0.00","1007.5","999.9","999.9","  54.8","  3.5","  3.6"
"34504099999","48.6","34.9666666","143.0","1981-08-29","  49.3","100000","999.9","  62.6","  46.4"," 11.7"," 0.00","1010.1","999.9","999.9","  54.3","  4.7","  4.1"
"34504099999","48.6","34.9666666","143.0","1981-08-30","  50.7","000000","999.9","  68.0","  48.2"," 13.6"," 0.00","1015.5","999.9","999.9","  58.5","  6.2","  6.1"
"34504099999","48.6","34.9666666","143.0","1981-08-31","  52.5","010000","999.9","  69.8","  50.0","999.9"," 0.00","1019.2","999.9","999.9","  59.7","  6.2","  0.0"
"34504099999","48.6","34.9666666","143.0","1981-09-01","  54.4","000000","999.9","  75.2","  51.8"," 11.7"," 0.00","1022.8","999.9","999.9","  64.7","  5.0","  4.4"
"34504099999","48.6","34.9666666","143.0","1981-09-02","  57.8","000000","999.9","  78.8","  53.6"," 15.5"," 0.00","1020.7","999.9","999.9","  69.2","  5.6","  9.4"
"34504099999","48.6","34.9666666","143.0","1981-09-03","  59.7","010000","999.9","  82.4","  62.6","  9.7"," 0.00","1018.8","999.9","999.9","  64.7","  3.5","  3.9"
"34504099999","48.6","34.9666666","143.0","1981-09-04","  51.3","000000","999.9","  68.0","  57.2"," 11.7"," 0.00","1021.2","999.9","999.9","  61.8","  4.6","  8.0"
"34504099999","48.6","34.9666666","143.0","1981-09-05","  47.4","000000","999.9","  68.0","  48.2","  9.7"," 0.00","1022.2","999.9","999.9","  59.0","  5.5","  5.8"
"34504099999","48.6","34.9666666","143.0","1981-09-06","  48.8","000000","999.9","  66.2","  50.0","  5.8"," 0.00","1024.1","999.9","999.9","  57.5","  4.3","  2.9"
"34504099999","48.6","34.9666666","143.0","1981-09-07","  49.7","000000","999.9","  69.8","  51.8","  7.8"," 0.00","1026.0","999.9","999.9","  61.4","  3.7","  3.2"
"34504099999","48.6","34.9666666","143.0","1981-09-08","  50.4","000000","999.9","  69.8","  53.6","  7.8"," 0.00","1026.3","999.9","999.9","  60.1","  5.5","  5.1"
"34504099999","48.6","34.9666666","143.0","1981-09-09","  51.5","000000","999.9","  75.2","  53.6","  9.7"," 0.00","1023.0","999.9","999.9","  62.1","  5.1","  6.9"
"34504099999","48.6","34.9666666","143.0","1981-09-10","  50.8","000000","999.9","  75.2","  57.2"," 11.7"," 0.00","1018.2","999.9","999.9","  65.4","  5.1","  9.2"
"34504099999","48.6","34.9666666","143.0","1981-09-11","  50.5","000000","999.9","  75.2","  55.4","  9.7"," 0.00","1012.5","999.9","999.9","  64.9","  3.6","  5.0"
"34504099999","48.6","34.9666666","143.0","1981-09-12","  52.1","000000","999.9","  77.0","  57.2","  7.8"," 0.00","1009.7","999.9","999.9","  65.7","  4.6","  2.8"
"34504099999","48.6","34.9666666","143.0","1981-09-13","  53.6","010000","999.9","  60.8","  53.6"," 13.6"," 0.16","1011.9","999.9","999.9","  57.6","  3.5","  6.6"
"34504099999","48.6","34.9666666","143.0","1981-09-14","  47.3","000000","999.9","  59.0","  50.0","  9.7"," 0.00","1017.8","999.9","999.9","  53.6","  3.0","  3.4"
"34504099999","48.6","34.9666666","143.0","1981-09-15","  50.7","100000","999.9","  69.8","  44.6"," 11.7"," 0.00","1013.9","999.9","999.9","  57.9","  3.7","  7.5"
"34504099999","48.6","34.9666666","143.0","1981-09-16","  53.6","010000","999.9","  66.2","  51.8"," 13.6"," 0.12","1002.9","999.9","999.9","  56.9","  3.3"," 11.9"
"34504099999","48.6","34.9666666","143.0","1981-09-17","  44.9","010000","999.9","  53.6","  41.0"," 17.5"," 0.03","1004.3","999.9","999.9","  48.5","  4.6","  8.6"
"34504099999","48.6","34.9666666","143.0","1981-09-18","  35.9","000000","999.9","  71.6","  35.6"," 17.5"," 0.00","1011.2","999.9","999.9","  51.3","  6.2"," 13.6"
"34504099999","48.6","34.9666666","143.0","1981-09-19","  42.1","010000","999.9","  64.4","  42.8"," 13.6"," 0.10","1013.7","999.9","999.9","  50.0","  6.2"," 10.1"
"34504099999","48.6","34.9666666","143.0","1981-09-20","  44.4","110000","999.9","  55.4","  39.2","  9.7"," 0.00","1018.6","999.9","999.9","  47.8","  3.8","  4.6"
"34504099999","48.6","34.9666666","143.0","1981-09-21","  49.8","000000","999.9","  60.8","  48.2","  7.8"," 0.02","1021.5","999.9","999.9","  53.6","  3.6","  3.2"
"34504099999","48.6","34.9666666","143.0","1981-09-22","  55.4","000000","999.9","  73.4","  48.2"," 11.7"," 0.00","1025.2","999.9","999.9","  61.7","  4.1","  7.4"
"34504099999","48.6","34.9666666","143.0","1981-09-23","  54.3","100000","999.9","  75.2","  53.6"," 13.6"," 0.00","1019.4","999.9","999.9","  63.3","  3.7","  9.7"
"34504099999","48.6","34.9666666","143.0","1981-09-24","  54.9","000000","999.9","  77.0","  51.8"," 13.6"," 0.00","1013.4","999.9","999.9","  65.5","  4.3"," 10.0"
"34504099999","48.6","34.9666666","143.0","1981-09-25","  50.5","000000","999.9","  69.8","  55.4"," 15.5"," 0.00","1019.1","999.9","999.9","  62.3","  6.2"," 12.8"
"34504099999","48.6","34.9666666","143.0","1981-09-26","  51.8","000000","999.9","  75.2","  51.8"," 13.6"," 0.00","1023.2","999.9","999.9","  61.8","  6.2"," 11.7"
"34504099999","48.6","34.9666666","143.0","1981-09-27","  48.8","000000","999.9","  78.8","  55.4"," 17.5"," 0.00","1023.0","999.9","999.9","  63.2","  6.2"," 12.6"
"34504099999","48.6","34.9666666","143.0","1981-09-28","  47.2","000000","999.9","  75.2","  53.6"," 11.7"," 0.00","1021.3","999.9","999.9","  63.9","  6.2"," 10.3"
"34504099999","48.6","34.9666666","143.0","1981-09-29","  45.5","000000","999.9","  78.8","  55.4"," 13.6"," 0.00","1020.1","999.9","999.9","  65.9","  6.2"," 10.4"
"34504099999","48.6","34.9666666","143.0","1981-09-30","  47.4","000000","999.9","  77.0","  53.6"," 15.5"," 0.00","1021.8","999.9","999.9","  64.0","  7.0"," 13.6"
"34504099999","48.6","34.9666666","143.0","1981-10-01","  40.7","000000","999.9","  69.8","  48.2"," 15.5"," 0.00","1021.6","999.9","999.9","  56.6","  6.2"," 12.9"
"34504099999","48.6","34.9666666","143.0","1981-10-02","  52.0","000000","999.9","  71.6","  48.2"," 15.5"," 0.00","1014.9","999.9","999.9","  59.7","  6.2","  9.2"
"34504099999","48.6","34.9666666","143.0","1981-10-03","  55.9","110000","999.9","  69.8","  53.6","  5.8"," 0.00","1013.9","999.9","999.9","  60.0","  2.7","  2.8"
"34504099999","48.6","34.9666666","143.0","1981-10-04","  55.8","000010","999.9","  77.0","  53.6","  9.7"," 0.00","1015.4","999.9","999.9","  65.5","  5.5","  6.6"
"34504099999","48.6","34.9666666","143.0","1981-10-05","  56.4","000000","999.9","  71.6","  53.6","  9.7"," 0.00","1017.3","999.9","999.9","  61.1","  2.4","  2.8"
"34504099999","48.6","34.9666666","143.0","1981-10-06","  54.0","100000","999.9","  75.2","  50.0"," 15.5"," 0.00","1019.8","999.9","999.9","  59.4","  3.8","  7.8"
"34504099999","48.6","34.9666666","143.0","1981-10-07","  48.2","000000","999.9","  64.4","  46.4","  9.7"," 0.00","1021.5","999.9","999.9","  53.2","  3.7","  7.0"
"34504099999","48.6","34.9666666","143.0","1981-10-08","  50.7","010000","999.9","  66.2","  46.4"," 11.7"," 0.00","1019.3","999.9","999.9","  57.6","  2.1","  6.6"
"34504099999","48.6","34.9666666","143.0","1981-10-09","  47.6","010000","999.9","  59.0","  50.0","  7.8"," 0.24","1020.7","999.9","999.9","  54.8","  3.7","  5.5"
"34504099999","48.6","34.9666666","143.0","1981-10-10","  45.9","000000","999.9","  66.2","  42.8","  3.9"," 0.00","1019.9","999.9","999.9","  52.0","  4.7","  0.5"
"34504099999","48.6","34.9666666","143.0","1981-10-11","  50.6","100000","999.9","  68.0","  42.8"," 13.6"," 0.00","1012.8","999.9","999.9","  55.4","  3.7","  9.4"
"34504099999","48.6","34.9666666","143.0","1981-10-12","  54.5","000010","999.9","  68.0","  48.2"," 23.3"," 0.00","1003.3","999.9","999.9","  58.6","  2.5"," 12.1"
"34504099999","48.6","34.9666666","143.0","1981-10-13","  45.1","000000","999.9","  55.4","  42.8"," 19.4"," 0.12","1006.2","999.9","999.9","  50.8","  5.1"," 13.3"
"34504099999","48.6","34.9666666","143.0","1981-10-14","  43.2","010000","999.9","  51.8","  39.2"," 17.5"," 0.12","1006.3","999.9","999.9","  46.4","  4.5","  9.3"
"34504099999","48.6","34.9666666","143.0","1981-10-15","  39.5","000010","999.9","  48.2","  35.6","  5.8"," 0.31","1017.4","999.9","999.9","  41.6","  4.3","  2.6"
"34504099999","48.6","34.9666666","143.0","1981-10-16","  47.0","010000","999.9","  55.4","  41.0"," 19.4"," 0.16","1012.7","999.9","999.9","  48.2","  2.3"," 12.0"
"34504099999","48.6","34.9666666","143.0","1981-10-17","  36.7","010000","999.9","  46.4","  37.4"," 19.4"," 0.08","1024.2","999.9","999.9","  42.1","  5.2"," 13.1"
"34504099999","48.6","34.9666666","143.0","1981-10-18","  35.6","000000","999.9","  50.0","  33.8","  9.7"," 0.00","1026.6","999.9","999.9","  41.2","  5.7","  5.3"
"34504099999","48.6","34.9666666","143.0","1981-10-19","  45.5","010010","999.9","  59.0","  39.2"," 17.5"," 0.21","1014.2","999.9","999.9","  49.3","  4.2"," 13.8"
"34504099999","48.6","34.9666666","143.0","1981-10-20","  33.6","000000","999.9","  46.4","  35.6","  9.7"," 0.16","1022.6","999.9","999.9","  39.9","  5.7","  8.0"
"34504099999","48.6","34.9666666","143.0","1981-10-21","  40.3","100000","999.9","  48.2","  32.0","  7.8"," 0.00","1025.4","999.9","999.9","  41.7","  2.4","  6.6"
"34504099999","48.6","34.9666666","143.0","1981-10-22","  47.5","110000","999.9","  53.6","  44.6"," 11.7"," 0.00","1025.4","999.9","999.9","  48.2","  1.5","  7.3"
"34504099999","48.6","34.9666666","143.0","1981-10-23","  47.2","010000","999.9","  53.6","  46.4"," 11.7"," 0.00","1022.3","999.9","999.9","  48.7","  1.1","  7.8"
"34504099999","48.6","34.9666666","143.0","1981-10-24","  49.3","110000","999.9","  64.4","  46.4"," 15.5"," 0.00","1019.3","999.9","999.9","  51.6","  2.2"," 11.2"
"34504099999","48.6","34.9666666","143.0","1981-10-25","  51.8","100000","999.9","  64.4","  48.2"," 15.5"," 0.00","1015.9","999.9","999.9","  55.7","  2.6"," 12.8"
"34504099999","48.6","34.9666666","143.0","1981-10-26","  40.7","010000","999.9","  55.4","  41.0"," 13.6"," 0.01","1023.6","999.9","999.9","  46.1","  4.4","  8.6"
"34504099999","48.6","34.9666666","143.0","1981-10-27","  34.2","000000","999.9","  50.0","  33.8"," 13.6"," 0.00","1032.2","999.9","999.9","  42.1","  6.1","  8.3"
"34504099999","48.6","34.9666666","143.0","1981-10-28","  42.0","110000","999.9","  50.0","  37.4"," 17.5"," 0.00","1024.7","999.9","999.9","  44.3","  2.5"," 14.2"
"34504099999","48.6","34.9666666","143.0","1981-10-29","  48.7","110000","999.9","  57.2","  44.6"," 13.6"," 0.00","1021.3","999.9","999.9","  51.1","  1.5","  7.0"
"34504099999","48.6","34.9666666","143.0","1981-10-30","  37.7","000000","999.9","  50.0","  35.6","  7.8"," 0.00","1024.3","999.9","999.9","  42.3","  3.2","  5.3"
"34504099999","48.6","34.9666666","143.0","1981-10-31","  41.5","100000","999.9","  50.0","  33.8","  9.7"," 0.00","1017.3","999.9","999.9","  42.3","  1.2","  6.1"
"34504099999","48.6","34.9666666","143.0","1981-11-01","  39.9","110000","999.9","  51.8","  37.4"," 19.4"," 0.04","1008.9","999.9","999.9","  44.1","  4.1"," 11.7"
"34504099999","48.6","34.9666666","143.0","1981-11-02","  35.6","010000","999.9","  44.6","  37.4"," 17.5"," 0.00","1010.9","999.9","999.9","  40.8","  5.2"," 13.6"
"34504099999","48.6","34.9666666","143.0","1981-11-03","  37.6","011000","999.9","  46.4","  33.8"," 35.0"," 0.51"," 994.8","999.9","999.9","  40.3","  2.6"," 19.9"
"34504099999","48.6","34.9666666","143.0","1981-11-04","  27.1","001000","999.9","  35.6","  30.2"," 35.0"," 0.00","1013.8","999.9","999.9","  34.1","  5.1"," 22.8"
"34504099999","48.6","34.9666666","143.0","1981-11-05","  24.3","001000","999.9","  37.4","  24.8"," 11.7"," 0.00","1018.5","999.9","999.9","  30.7","  4.6","  9.2"
"34504099999","48.6","34.9666666","143.0","1981-11-06","  36.5","010000","999.9","  46.4","  35.6"," 11.7"," 1.08","1015.9","999.9","999.9","  40.1","  1.6","  6.3"
"34504099999","48.6","34.9666666","143.0","1981-11-07","  37.1","110000","999.9","  44.6","  35.6","  5.8"," 0.04","1015.2","999.9","999.9","  39.2","  1.0","  1.9"
"34504099999","48.6","34.9666666","143.0","1981-11-08","  33.8","100000","999.9","  42.8","  33.8","  7.8"," 0.00","1019.1","999.9","999.9","  37.2","  1.3","  2.4"
"34504099999","48.6","34.9666666","143.0","1981-11-09","  32.7","111000","999.9","  42.8","  30.2"," 19.4"," 0.16","1016.1","999.9","999.9","  35.2","  1.6"," 12.9"
"34504099999","48.6","34.9666666","143.0","1981-11-10","  33.6","010000","999.9","  46.4","  33.8"," 17.5"," 0.59","1003.5","999.9","999.9","  40.1","  4.7"," 16.5"
"34504099999","48.6","34.9666666","143.0","1981-11-11","  32.9","010000","999.9","  37.4","  33.8"," 15.5"," 0.12","1005.5","999.9","999.9","  35.4","  5.7"," 11.9"
"34504099999","48.6","34.9666666","143.0","1981-11-12","  32.0","011000","999.9","  37.4","  30.2"," 11.7"," 0.12","1005.9","999.9","999.9","  33.4","  2.4","  6.6"
"34504099999","48.6","34.9666666","143.0","1981-11-13","  31.7","011000","999.9","  46.4","  32.0","  9.7"," 0.04","1008.7","999.9","999.9","  34.2","  4.1","  4.2"
"34504099999","48.6","34.9666666","143.0","1981-11-14","  29.8","000000","999.9","  33.8","  30.2","  9.7"," 0.00","1018.2","999.9","999.9","  31.8","  2.0","  5.0"
"34504099999","48.6","34.9666666","143.0","1981-11-15","  31.3","000000","999.9","  41.0","  30.2"," 11.7"," 0.00","1026.9","999.9","999.9","  34.0","  2.5","  7.0"
"34504099999","48.6","34.9666666","143.0","1981-11-16","  23.9","001000","999.9","  30.2","  26.6"," 19.4"," 0.00","1025.5","999.9","999.9","  28.2","  5.0"," 17.0"
"34504099999","48.6","34.9666666","143.0","1981-11-17","  31.3","010000","999.9","  33.8","  26.6"," 17.5"," 0.87","1016.5","  3.1","999.9","  32.3","  1.8"," 15.9"
"34504099999","48.6","34.9666666","143.0","1981-11-18","  32.0","101000","999.9","  33.8","  32.0"," 13.6"," 0.63","1019.4","  3.9","999.9","  33.2","  1.2","  9.7"
"34504099999","48.6","34.9666666","143.0","1981-11-19","  32.0","101000","999.9","  33.8","  30.2"," 17.5"," 0.08","1025.2","  3.1","999.9","  32.7","  1.1","  9.2"
"34504099999","48.6","34.9666666","143.0","1981-11-20","  30.4","001000","999.9","  33.8","  30.2","  5.8"," 0.00","1029.1","999.9","999.9","  31.3","  2.1","  1.7"
"34504099999","48.6","34.9666666","143.0","1981-11-21","  32.6","110000","999.9","  35.6","  32.0"," 13.6"," 0.00","1025.2","999.9","999.9","  33.5","  1.1","  7.8"
"34504099999","48.6","34.9666666","143.0","1981-11-22","  34.5","100000","999.9","  39.2","  33.8"," 13.6"," 0.12","1015.3","  1.6","999.9","  36.5","  2.0","  9.5"
"34504099999","48.6","34.9666666","143.0","1981-11-23","  37.0","110000","999.9","  48.2","  33.8"," 13.6"," 0.04","1014.5","999.9","999.9","  40.1","  1.3","  9.2"
"34504099999","48.6","34.9666666","143.0","1981-11-24","  42.8","100000","999.9","  48.2","  41.0"," 11.7"," 0.00","1013.1","999.9","999.9","  44.6","  2.2","  8.7"
"34504099999","48.6","34.9666666","143.0","1981-11-25","  42.1","110000","999.9","  44.6","  41.0","  9.7"," 0.00","1013.2","999.9","999.9","  42.3","  0.4","  7.0"
"34504099999","48.6","34.9666666","143.0","1981-11-26","  29.8","110000","999.9","  41.0","  28.4"," 13.6"," 0.08","1017.5","999.9","999.9","  34.2","  4.5","  6.1"
"34504099999","48.6","34.9666666","143.0","1981-11-27","  27.9","000000","999.9","  39.2","  28.4","  3.9"," 0.00","1023.8","999.9","999.9","  32.8","  5.7","  0.6"
"34504099999","48.6","34.9666666","143.0","1981-11-28","  31.5","010000","999.9","  39.2","  32.0"," 13.6"," 0.16","1018.9","999.9","999.9","  34.0","  2.0","  7.3"
"34504099999","48.6","34.9666666","143.0","1981-11-29","  38.0","010000","999.9","  42.8","  35.6"," 23.3"," 0.08","1013.4","999.9","999.9","  40.1","  4.1"," 18.1"
"34504099999","48.6","34.9666666","143.0","1981-11-30","  35.4","010000","999.9","  39.2","  35.6"," 25.3"," 0.00","1014.9","999.9","999.9","  37.6","  6.2"," 20.2"
"34504099999","48.6","34.9666666","143.0","1981-12-01","  41.7","110000","999.9","  42.8","  37.4"," 23.3"," 0.16","1016.3","999.9","999.9","  42.3","  3.0"," 10.4"
"34504099999","48.6","34.9666666","143.0","1981-12-02","  40.2","000000","999.9","  42.8","  39.2","  9.7"," 0.00","1019.4","999.9","999.9","  41.8","  4.4","  8.6"
"34504099999","48.6","34.9666666","143.0","1981-12-03","  37.7","110000","999.9","  39.2","  37.4","  9.7"," 0.16","1020.5","999.9","999.9","  38.2","  1.5","  7.8"
"34504099999","48.6","34.9666666","143.0","1981-12-04","  37.6","110000","999.9","  42.8","  33.8"," 15.5"," 0.12","1012.8","999.9","999.9","  39.4","  2.8"," 10.9"
"34504099999","48.6","34.9666666","143.0","1981-12-05","  37.6","010000","999.9","  42.8","  33.8"," 13.6"," 0.12","1004.4","999.9","999.9","  39.7","  1.4"," 10.0"
"34504099999","48.6","34.9666666","143.0","1981-12-06","  28.4","011000","999.9","  33.8","  26.6"," 17.5"," 0.60","1004.8","  0.8","999.9","  30.6","  2.5"," 12.1"
"34504099999","48.6","34.9666666","143.0","1981-12-07","  26.9","000000","999.9","  35.6","  24.8"," 15.5"," 0.00","1012.7","  0.8","999.9","  30.2","  3.1"," 11.3"
"34504099999","48.6","34.9666666","143.0","1981-12-08","  36.1","010000","999.9","  44.6","  33.8"," 15.5"," 0.04"," 998.9","999.9","999.9","  39.9","  3.7"," 12.6"
"34504099999","48.6","34.9666666","143.0","1981-12-09","  43.1","110000","999.9","  50.0","  35.6"," 19.4"," 0.00"," 997.2","999.9","999.9","  44.3","  2.9"," 13.9"
"34504099999","48.6","34.9666666","143.0","1981-12-10","  30.0","001000","999.9","  42.8","  30.2","  7.8"," 0.04","1006.0","999.9","999.9","  34.0","  3.8","  5.6"
"34504099999","48.6","34.9666666","143.0","1981-12-11","  27.3","001000","999.9","  35.6","  28.4"," 13.6"," 0.01","1015.0","999.9","999.9","  31.8","  3.9","  6.6"
"34504099999","48.6","34.9666666","143.0","1981-12-12","  40.3","011000","999.9","  50.0","  30.2"," 23.3"," 0.28","1009.5","999.9","999.9","  42.6","  4.0"," 17.2"
"34504099999","48.6","34.9666666","143.0","1981-12-13","  45.5","010000","999.9","  50.0","  39.2"," 23.3"," 0.08","1002.0","999.9","999.9","  47.6","  4.8"," 17.2"
"34504099999","48.6","34.9666666","143.0","1981-12-14","  34.0","011000","999.9","  50.0","  19.4"," 33.0"," 1.38"," 991.8","999.9","999.9","  36.3","  3.6"," 23.3"
"34504099999","48.6","34.9666666","143.0","1981-12-15","  16.1","000000","999.9","  30.2","  14.0"," 11.7"," 0.00","1004.7","  1.6","999.9","  20.4","  5.7","  7.8"
"34504099999","48.6","34.9666666","143.0","1981-12-16","  22.7","010010","999.9","  28.4","  21.2","  9.7"," 0.00","1001.7","999.9","999.9","  25.3","  2.2","  3.9"
"34504099999","48.6","34.9666666","143.0","1981-12-17","9999.9","101000","999.9","  30.2","  19.4"," 13.6"," 0.00","1003.7","999.9","999.9","  26.4","  0.7","  9.4"
"34504099999","48.6","34.9666666","143.0","1981-12-18","  25.9","111000","999.9","  32.0","  24.8"," 13.6"," 0.64","1000.1","  5.5","999.9","  28.4","  3.3"," 10.9"
"34504099999","48.6","34.9666666","143.0","1981-12-19","  22.1","001000","999.9","  28.4","  21.2"," 13.6"," 0.01","1016.7","  3.9","999.9","  26.2","  4.3","  8.3"
"34504099999","48.6","34.9666666","143.0","1981-12-20","  29.5","010000","999.9","  35.6","  21.2"," 19.4"," 0.04","1011.3","  3.9","999.9","  32.5","  5.3"," 16.0"
"34504099999","48.6","34.9666666","143.0","1981-12-21","  30.9","010000","999.9","  35.6","  32.0"," 17.5"," 0.16","1006.3","  3.1","999.9","  33.6","  3.3"," 12.6"
"34504099999","48.6","34.9666666","143.0","1981-12-22","  18.7","000000","999.9","  26.6","  21.2"," 15.5"," 0.00","1020.2","  2.0","999.9","  23.9","  4.3","  7.8"
"34504099999","48.6","34.9666666","143.0","1981-12-23","  22.5","000000","999.9","  32.0","  19.4"," 15.5"," 0.00","1021.4","  2.0","999.9","  26.6","  4.3"," 12.1"
"34504099999","48.6","34.9666666","143.0","1981-12-24","  30.2","100000","999.9","  41.0","  30.2"," 15.5"," 0.00","1013.8","999.9","999.9","  33.0","  3.2"," 14.2"
"34504099999","48.6","34.9666666","143.0","1981-12-25","  32.9","110000","999.9","  35.6","  32.0"," 15.5"," 0.00","1012.4","999.9","999.9","  33.8","  4.5"," 13.8"
"34504099999","48.6","34.9666666","143.0","1981-12-26","  36.0","110000","999.9","  39.2","  33.8"," 17.5"," 0.05","1012.4","999.9","999.9","  37.0","  3.2"," 15.8"
"34504099999","48.6","34.9666666","143.0","1981-12-27","  35.9","010000","999.9","  39.2","  33.8"," 13.6"," 0.04","1014.6","999.9","999.9","  36.6","  1.4"," 11.4"
"34504099999","48.6","34.9666666","143.0","1981-12-28","  32.5","011000","999.9","  33.8","  32.0"," 13.6"," 0.71","1014.5","999.9","999.9","  33.3","  2.8","  6.9"
"34504099999","48.6","34.9666666","143.0","1981-12-29","  32.0","101000","999.9","  33.8","  32.0","  3.9"," 0.00","1018.3","999.9","999.9","  32.3","  0.7","  0.8"
"34504099999","48.6","34.9666666","143.0","1981-12-30","  32.9","100000","999.9","  37.4","  32.0"," 27.2"," 0.00","1018.8","  1.6","999.9","  33.5","  0.9"," 13.3"
"34504099999","48.6","34.9666666","143.0","1981-12-31","  37.4","110000","999.9","  37.4","  35.6"," 13.6"," 0.00","1013.3","999.9","999.9","  37.4","  1.5"," 10.5"
"34504099999","48.6","34.9666666","143.0","1982-01-01","  40.6","100000","999.9","  44.1","  37.6"," 15.5"," 0.00","1008.9","999.9","999.9","  41.3","  0.6"," 10.7"
"34504099999","48.6","34.9666666","143.0","1982-01-02","  39.3","110000","999.9","  40.3","  38.1","  1.9","99.99","1008.3","999.9","999.9","  39.3","  0.1","  0.4"
"34504099999","48.6","34.9666666","143.0","1982-01-03","  32.4","000000","999.9","  35.1","  33.3"," 11.7"," 0.00","1011.2","999.9","999.9","  34.3","  6.2","  9.2"
"34504099999","48.6","34.9666666","143.0","1982-01-04","  30.3","010000","999.9","  37.8","  29.3"," 15.5"," 0.00","1013.5","999.9","999.9","  33.3","  3.6"," 12.2"
"34504099999","48.6","34.9666666","143.0","1982-01-05","  39.0","010000","999.9","  42.1","  36.5"," 15.5"," 0.43","1005.6","999.9","999.9","  40.2","  1.7"," 12.4"
"34504099999","48.6","34.9666666","143.0","1982-01-06","  39.8","110000","999.9","  44.6","  39.4"," 15.5"," 0.01","1005.3","999.9","999.9","  41.4","  7.7"," 10.0"
"34504099999","48.6","34.9666666","143.0","1982-01-07","  34.0","011000","999.9","  43.2","  22.5"," 19.4"," 0.24"," 996.6","999.9","999.9","  36.2","  1.8"," 15.3"
"34504099999","48.6","34.9666666","143.0","1982-01-08","  -0.6","000000","999.9","  13.1","   4.6"," 23.3"," 0.24","1002.7","  1.2","999.9","   7.6","  6.2"," 16.6"
"34504099999","48.6","34.9666666","143.0","1982-01-09","   3.3","001000","999.9","  30.2","   5.4"," 29.1"," 0.04","1011.2","999.9","999.9","  10.0","  3.9"," 19.1"
"34504099999","48.6","34.9666666","143.0","1982-01-10","   4.4","000000","999.9","  21.4","   9.3"," 13.6"," 0.08","1013.6","  2.0","999.9","  12.8","  6.2","  9.7"
"34504099999","48.6","34.9666666","143.0","1982-01-11","   6.8","000000","999.9","  22.8","   6.4"," 15.5"," 0.00","1019.0","999.9","999.9","  13.9","  6.2","  8.7"
"34504099999","48.6","34.9666666","143.0","1982-01-12","  25.0","001000","999.9","  32.9","  21.7"," 19.4"," 0.24","1010.8","  2.8","999.9","  28.1","  3.6"," 11.7"
"34504099999","48.6","34.9666666","143.0","1982-01-13","  12.0","001000","999.9","  23.5","  14.7"," 17.5"," 0.00","1026.7","999.9","999.9","  18.8","  5.5"," 11.3"
"34504099999","48.6","34.9666666","143.0","1982-01-14","  16.8","001000","999.9","  25.9","  12.9"," 13.6"," 0.00","1031.3","  4.3","999.9","  22.2","  5.6"," 10.0"
"34504099999","48.6","34.9666666","143.0","1982-01-15","  13.9","000000","999.9","  26.2","  16.5"," 13.6"," 0.00","1025.6","999.9","999.9","  22.5","  6.2","  9.3"
"34504099999","48.6","34.9666666","143.0","1982-01-16","  19.2","000000","999.9","  27.3","  23.7"," 15.5"," 0.00","1024.2","999.9","999.9","  25.7","  5.7"," 12.5"
"34504099999","48.6","34.9666666","143.0","1982-01-17","  14.5","000000","999.9","  23.4","  14.0"," 13.6"," 0.00","1033.8","999.9","999.9","  19.6","  6.2","  4.9"
"34504099999","48.6","34.9666666","143.0","1982-01-18","  11.8","100000","999.9","  20.8","   3.4","  9.7"," 0.00","1035.7","999.9","999.9","  13.9","  1.9","  2.9"
"34504099999","48.6","34.9666666","143.0","1982-01-19","  19.8","010000","999.9","  26.1","  22.6","  9.7","99.99","1036.3","999.9","999.9","  24.7","  3.0","  5.8"
"34504099999","48.6","34.9666666","143.0","1982-01-20","  13.8","000000","999.9","  25.5","  14.4"," 11.7"," 0.00","1039.5","999.9","999.9","  21.4","  4.4"," 10.8"
"34504099999","48.6","34.9666666","143.0","1982-01-21","   5.6","000000","999.9","  20.7","   8.4"," 11.7"," 0.00","1035.8","  3.5","999.9","  14.2","  4.2","  5.6"
"34504099999","48.6","34.9666666","143.0","1982-01-22","  10.4","100000","999.9","  16.3","   7.0","  5.8"," 0.00","1031.1","  3.5","999.9","  12.6","  1.3","  2.3"
"34504099999","48.6","34.9666666","143.0","1982-01-23","   9.5","001000","999.9","  18.1","   8.1","999.9"," 0.02","1027.5","  3.1","999.9","  13.4","  3.8","  0.0"
"34504099999","48.6","34.9666666","143.0","1982-01-24","   9.3","100000","999.9","  18.5","   7.3","  5.8"," 0.01","1024.9","  2.8","999.9","  13.8","  1.4","  0.7"
"34504099999","48.6","34.9666666","143.0","1982-01-25","  12.6","101000","999.9","  18.9","  14.4","  9.7"," 0.00","1024.3","999.9","999.9","  16.2","  1.7","  2.2"
"34504099999","48.6","34.9666666","143.0","1982-01-26","  10.4","100000","999.9","  16.9","   5.4","999.9"," 0.00","1023.0","999.9","999.9","  10.9","  0.2","999.9"
"34504099999","48.6","34.9666666","143.0","1982-01-27","  22.6","110000","999.9","  31.6","  13.3"," 17.5"," 0.00","1016.0","999.9","999.9","  24.9","  1.5"," 11.4"
"34504099999","48.6","34.9666666","143.0","1982-01-28","  31.8","101000","999.9","  32.9","  31.6","  7.8"," 0.12","1015.3","999.9","999.9","  32.4","  0.9","  2.2"
"34504099999","48.6","34.9666666","143.0","1982-01-29","  29.9","101000","999.9","  32.2","  30.2","  3.9"," 0.04","1016.8","999.9","999.9","  31.0","  0.5","  0.6"
"34504099999","48.6","34.9666666","143.0","1982-01-30","9999.9","101000","999.9","  32.5","  30.0","  9.7","99.99","9999.9","999.9","999.9","  31.6","  0.4","  5.3"
"34504099999","48.6","34.9666666","143.0","1982-01-31","  28.0","101000","999.9","  32.2","  26.1","  7.8"," 0.43","1003.9","999.9","999.9","  29.9","  2.1","  1.1"
"34504099999","48.6","34.9666666","143.0","1982-02-01","  27.0","001000","999.9","  32.4","  23.0"," 11.7"," 0.02","1009.2","  3.5","999.9","  29.5","  3.1"," 10.3"
"34504099999","48.6","34.9666666","143.0","1982-02-02","  19.0","001000","999.9","  29.1","  19.8"," 17.5"," 0.00","1017.6","999.9","999.9","  24.2","  3.5"," 13.2"
"34504099999","48.6","34.9666666","143.0","1982-02-03","   2.1","000000","999.9","  15.4","   7.3"," 19.4"," 0.00","1025.7","999.9","999.9","  11.8","  5.4"," 14.2"
"34504099999","48.6","34.9666666","143.0","1982-02-04","   4.9","000000","999.9","  16.9","   5.5"," 13.6"," 0.00","1030.3","999.9","999.9","  11.1","  3.6"," 10.8"
"34504099999","48.6","34.9666666","143.0","1982-02-05","  16.6","010000","999.9","  25.3","  17.8"," 13.6"," 0.00","1025.9","999.9","999.9","  21.6","  4.1"," 10.3"
"34504099999","48.6","34.9666666","143.0","1982-02-06","  14.0","000000","999.9","  25.9","  14.9"," 13.6"," 0.00","1019.8","  2.8","999.9","  21.2","  4.8","  8.3"
"34504099999","48.6","34.9666666","143.0","1982-02-07","  18.8","001000","999.9","  26.6","  12.0","  9.7"," 0.00","1016.1","999.9","999.9","  20.9","  1.2","  3.6"
"34504099999","48.6","34.9666666","143.0","1982-02-08","  31.3","111000","999.9","  34.2","  24.4"," 15.5"," 0.16","1014.7","999.9","999.9","  31.9","  0.6","  8.3"
"34504099999","48.6","34.9666666","143.0","1982-02-09","   1.9","000000","999.9","  18.0","  -0.2"," 29.1"," 0.08","1028.1","999.9","999.9","   9.5","  6.6"," 14.7"
"34504099999","48.6","34.9666666","143.0","1982-02-10","  -6.4","000000","999.9","  10.6","  -4.7"," 11.7"," 0.00","1041.9","  3.1","999.9","   2.7","  6.2","  8.0"
"34504099999","48.6","34.9666666","143.0","1982-02-11","   5.1","000000","999.9","  21.0","   2.5","  5.8"," 0.00","1038.9","999.9","999.9","  12.8","  2.4","  1.4"
"34504099999","48.6","34.9666666","143.0","1982-02-12","  13.2","000000","999.9","  26.6","  12.4","  7.8"," 0.00","1029.1","  3.1","999.9","  20.2","  5.4","  2.6"
"34504099999","48.6","34.9666666","143.0","1982-02-13","  19.1","111000","999.9","  28.9","  20.5"," 11.7"," 0.00","1029.6","999.9","999.9","  24.2","  4.6","  7.5"
"34504099999","48.6","34.9666666","143.0","1982-02-14","  16.7","001000","999.9","  23.5","  18.7","  1.9"," 0.02","1030.8","999.9","999.9","  21.1","  3.7","  0.2"
"34504099999","48.6","34.9666666","143.0","1982-02-15","  14.1","001000","999.9","  20.8","  14.9","  1.9"," 0.00","1028.0","999.9","999.9","  18.1","  6.5","  0.3"
"34504099999","48.6","34.9666666","143.0","1982-02-16","   9.3","100000","999.9","  22.5","  11.8","  7.8"," 0.12","1031.3","  3.5","999.9","  15.1","  2.9","  3.9"
"34504099999","48.6","34.9666666","143.0","1982-02-17","  13.8","001000","999.9","  21.6","  14.0","  7.8"," 0.00","1031.2","999.9","999.9","  19.0","  1.9","  5.5"
"34504099999","48.6","34.9666666","143.0","1982-02-18","  18.3","001000","999.9","  23.2","  19.4","  5.8"," 0.00","1026.4","999.9","999.9","  21.4","  1.0","  1.9"
"34504099999","48.6","34.9666666","143.0","1982-02-19","  12.3","001000","999.9","  20.7","  15.1","  7.8"," 0.01","1024.9","999.9","999.9","  17.9","  3.6","  1.3"
"34504099999","48.6","34.9666666","143.0","1982-02-20","  13.6","000000","999.9","  24.3","  12.0","999.9"," 0.01","1028.9","999.9","999.9","  16.9","  0.7","  0.0"
"34504099999","48.6","34.9666666","143.0","1982-02-21","  11.2","100000","999.9","  22.6","   1.8","  5.8"," 0.00","1027.3","999.9","999.9","  11.5","  0.8","  1.5"
"34504099999","48.6","34.9666666","143.0","1982-02-22","  14.1","000000","999.9","  24.1","  12.0","  7.8"," 0.00","1025.4","  3.5","999.9","  18.1","  2.9","  2.5"
"34504099999","48.6","34.9666666","143.0","1982-02-23","  16.5","010000","999.9","  29.1","  15.3","999.9"," 0.00","1024.2","  3.1","999.9","  20.8","  3.6","  0.0"
"34504099999","48.6","34.9666666","143.0","1982-02-24","  15.1","100000","999.9","  31.6","   9.1","  5.8"," 0.00","1022.1","999.9","999.9","  18.5","  0.9","  0.8"
"34504099999","48.6","34.9666666","143.0","1982-02-25","  22.1","010000","999.9","  32.9","  16.5"," 17.5"," 0.00","1016.7","  2.0","999.9","  26.7","  4.2","  8.3"
"34504099999","48.6","34.9666666","143.0","1982-02-26","  29.3","010000","999.9","  35.4","  32.0"," 48.6"," 0.06","1008.5","999.9","999.9","  34.0","  7.0"," 15.8"
"34504099999","48.6","34.9666666","143.0","1982-02-27","  32.7","110000","999.9","  34.2","  32.5","  7.8"," 0.16","1013.5","999.9","999.9","  33.3","  0.9","  3.9"
"34504099999","48.6","34.9666666","143.0","1982-02-28","  32.6","110000","999.9","  34.7","  32.0","  7.8"," 0.00","1017.8","999.9","999.9","  33.3","  1.3","  2.5"
"34504099999","48.6","34.9666666","143.0","1982-03-01","  26.5","011000","999.9","  32.0","  27.1"," 11.7"," 0.00","1012.2","  0.4","999.9","  28.5","  2.9","  9.1"
"34504099999","48.6","34.9666666","143.0","1982-03-02","  27.8","101000","999.9","  34.3","  27.3","  5.8","99.99","1010.0","999.9","999.9","  30.4","  2.0","  1.9"
"34504099999","48.6","34.9666666","143.0","1982-03-03","  33.8","110000","999.9","  39.7","  31.8","  9.7"," 0.00","1017.7","999.9","999.9","  35.2","  1.1","  2.9"
"34504099999","48.6","34.9666666","143.0","1982-03-04","  35.0","100000","999.9","  43.5","  34.3"," 13.6"," 0.02","1022.7","999.9","999.9","  35.7","  1.0","  7.5"
"34504099999","48.6","34.9666666","143.0","1982-03-05","  35.3","000000","999.9","  41.0","  35.2"," 13.6"," 0.00","1023.4","999.9","999.9","  37.3","  3.7","  8.0"
"34504099999","48.6","34.9666666","143.0","1982-03-06","  34.0","000000","999.9","  43.7","  31.8","  9.7"," 0.00","1025.4","999.9","999.9","  37.0","  1.9","  1.7"
"34504099999","48.6","34.9666666","143.0","1982-03-07","  21.3","111000","999.9","  31.5","  26.6"," 15.5"," 0.00","1027.7","999.9","999.9","  28.9","  5.3"," 10.9"
"34504099999","48.6","34.9666666","143.0","1982-03-08","  25.0","001000","999.9","  31.8","  25.3"," 15.5"," 0.01","1025.1","999.9","999.9","  28.4","  3.4"," 11.9"
"34504099999","48.6","34.9666666","143.0","1982-03-09","  23.7","001000","999.9","  31.3","  23.5"," 11.7"," 0.20","1019.5","  2.4","999.9","  27.0","  1.7","  9.2"
"34504099999","48.6","34.9666666","143.0","1982-03-10","  29.7","001000","999.9","  35.1","  26.6"," 11.7"," 0.12","1018.5","  2.4","999.9","  31.8","  3.5","  7.5"
"34504099999","48.6","34.9666666","143.0","1982-03-11","  29.1","101000","999.9","  37.2","  30.9","  7.8"," 0.00","1018.1","999.9","999.9","  33.0","  3.6","  4.5"
"34504099999","48.6","34.9666666","143.0","1982-03-12","  29.6","000000","999.9","  40.5","  28.4"," 13.6"," 0.01","1017.4","999.9","999.9","  33.4","  4.2","  9.2"
"34504099999","48.6","34.9666666","143.0","1982-03-13","  29.5","000000","999.9","  41.5","  29.5","  9.7"," 0.00","1019.5","999.9","999.9","  34.4","  4.3","  7.5"
"34504099999","48.6","34.9666666","143.0","1982-03-14","  24.8","000000","999.9","  32.5","  25.7"," 15.5"," 0.00","1023.1","999.9","999.9","  29.9","  4.3","  6.8"
"34504099999","48.6","34.9666666","143.0","1982-03-15","  28.4","000000","999.9","  37.6","  28.8"," 11.7"," 0.00","1026.4","999.9","999.9","  33.8","  4.6","  6.1"
"34504099999","48.6","34.9666666","143.0","1982-03-16","  29.5","001000","999.9","  35.4","  31.6"," 15.5"," 0.00","1024.4","999.9","999.9","  33.5","  4.8"," 11.2"
"34504099999","48.6","34.9666666","143.0","1982-03-17","  27.0","000000","999.9","  34.0","  29.8"," 13.6"," 0.01","1021.0","999.9","999.9","  31.8","  6.2"," 12.1"
"34504099999","48.6","34.9666666","143.0","1982-03-18","  27.6","001010","999.9","  32.2","  29.3"," 13.6"," 0.00","1022.1","999.9","999.9","  30.6","  4.3"," 12.1"
"34504099999","48.6","34.9666666","143.0","1982-03-19","  24.9","011000","999.9","  37.2","  28.4"," 17.5"," 0.04","1027.8","999.9","999.9","  30.9","  5.1"," 12.2"
"34504099999","48.6","34.9666666","143.0","1982-03-20","  19.3","000000","999.9","  34.3","  28.4"," 19.4"," 0.00","1029.0","999.9","999.9","  29.9","  6.2"," 16.7"
"34504099999","48.6","34.9666666","143.0","1982-03-21","  18.4","000000","999.9","  38.8","  23.9"," 19.4"," 0.00","1027.3","999.9","999.9","  30.7","  6.2"," 15.3"
"34504099999","48.6","34.9666666","143.0","1982-03-22","  20.4","000000","999.9","  39.6","  23.5"," 11.7"," 0.00","1025.2","999.9","999.9","  31.4","  6.2"," 10.2"
"34504099999","48.6","34.9666666","143.0","1982-03-23","  20.3","011000","999.9","  32.7","  24.1"," 15.5"," 0.00","1031.0","999.9","999.9","  28.4","  5.6"," 12.9"
"34504099999","48.6","34.9666666","143.0","1982-03-24","  17.2","000000","999.9","  42.8","  19.4"," 13.6"," 0.00","1033.8","999.9","999.9","  29.0","  6.2","  8.3"
"34504099999","48.6","34.9666666","143.0","1982-03-25","  17.5","000000","999.9","  38.5","  19.8","  7.8"," 0.00","1029.9","999.9","999.9","  29.4","  6.2","  4.1"
"34504099999","48.6","34.9666666","143.0","1982-03-26","  28.5","011000","999.9","  38.8","  27.9"," 17.5"," 0.00","1017.1","999.9","999.9","  33.6","  4.0"," 10.7"
"34504099999","48.6","34.9666666","143.0","1982-03-27","  37.2","110000","999.9","  50.2","  34.2"," 11.7"," 0.08","1013.6","999.9","999.9","  40.2","  2.0","  7.3"
"34504099999","48.6","34.9666666","143.0","1982-03-28","  34.2","000000","999.9","  64.2","  32.9"," 15.5"," 0.00","1011.7","999.9","999.9","  47.0","  7.4","  8.6"
"34504099999","48.6","34.9666666","143.0","1982-03-29","  40.1","000000","999.9","  63.7","  36.5"," 15.5"," 0.00","1006.6","999.9","999.9","  49.3","  4.1"," 11.7"
"34504099999","48.6","34.9666666","143.0","1982-03-30","  40.2","010000","999.9","  61.0","  38.8"," 15.5"," 0.04","1004.9","999.9","999.9","  48.8","  3.3","  8.0"
"34504099999","48.6","34.9666666","143.0","1982-03-31","  38.5","010000","999.9","  44.4","  38.1"," 17.5"," 0.00","1005.5","999.9","999.9","  41.8","  2.6","  7.6"
"34504099999","48.6","34.9666666","143.0","1982-04-01","  24.6","000000","999.9","  50.5","  32.0"," 17.5"," 0.02","1017.1","999.9","999.9","  43.1","  5.2"," 11.3"
"34504099999","48.6","34.9666666","143.0","1982-04-02","  32.6","000000","999.9","  58.8","  32.9"," 17.5"," 0.00","1019.1","999.9","999.9","  46.5","  6.2","  8.7"
"34504099999","48.6","34.9666666","143.0","1982-04-03","  37.1","000000","999.9","  64.6","  36.5"," 11.7"," 0.00","1020.2","999.9","999.9","  50.9","  4.8","  5.8"
"34504099999","48.6","34.9666666","143.0","1982-04-04","  39.8","010000","999.9","  45.0","  32.7"," 18.1"," 0.20","1009.8","999.9","999.9","  42.3","  3.1","  6.6"
"34504099999","48.6","34.9666666","143.0","1982-04-05","  38.2","110000","999.9","  48.9","  37.9","999.9"," 0.10","1010.1","999.9","999.9","  42.7","  3.1","999.9"
"34504099999","48.6","34.9666666","143.0","1982-04-06","  24.5","000000","999.9","  51.1","  34.7","  9.7"," 0.00","1022.9","999.9","999.9","  42.2","  5.7","  3.2"
"34504099999","48.6","34.9666666","143.0","1982-04-07","  32.6","000000","999.9","  57.0","  36.7","  9.7"," 0.00","1022.3","999.9","999.9","  45.6","  6.2","  6.1"
"34504099999","48.6","34.9666666","143.0","1982-04-08","  33.5","000000","999.9","  59.5","  35.6","  9.7"," 0.00","1017.6","999.9","999.9","  46.2","  4.3","  4.4"
"34504099999","48.6","34.9666666","143.0","1982-04-09","  38.8","010000","999.9","  58.1","  37.4"," 15.5"," 0.00","1009.4","999.9","999.9","  49.0","  5.1"," 13.0"
"34504099999","48.6","34.9666666","143.0","1982-04-10","  27.4","010000","999.9","  54.3","  37.2"," 11.7"," 0.00","1013.2","999.9","999.9","  44.5","  6.2","  8.3"
"34504099999","48.6","34.9666666","143.0","1982-04-11","  30.8","010000","999.9","  48.4","  29.7"," 17.5"," 0.00","1011.3","999.9","999.9","  40.0","  4.0","  7.3"
"34504099999","48.6","34.9666666","143.0","1982-04-12","  30.8","100000","999.9","  58.5","  28.8"," 13.6"," 0.16","1012.8","999.9","999.9","  45.0","  3.9","  3.2"
"34504099999","48.6","34.9666666","143.0","1982-04-13","  38.2","000000","999.9","  64.0","  40.1"," 17.5"," 0.00","1013.8","999.9","999.9","  47.7","  3.2"," 11.7"
"34504099999","48.6","34.9666666","143.0","1982-04-14","  39.9","000000","999.9","  59.2","  37.8"," 11.7"," 0.04","1018.2","999.9","999.9","  46.6","  4.3","  7.5"
"34504099999","48.6","34.9666666","143.0","1982-04-15","  43.4","010000","999.9","  60.4","  42.4"," 13.6"," 0.00","1015.8","999.9","999.9","  50.5","  3.6","  8.0"
"34504099999","48.6","34.9666666","143.0","1982-04-16","  40.1","010000","999.9","  50.5","  40.3"," 15.5"," 0.01","1015.4","999.9","999.9","  44.8","  2.5"," 10.7"
"34504099999","48.6","34.9666666","143.0","1982-04-17","  42.3","110000","999.9","  49.3","  37.6"," 11.7"," 0.00","1006.0","999.9","999.9","  43.2","  1.2","  7.5"
"34504099999","48.6","34.9666666","143.0","1982-04-18","  36.5","000000","999.9","  47.5","  37.9"," 13.6"," 0.16","1006.0","999.9","999.9","  41.6","  5.7","  6.8"
"34504099999","48.6","34.9666666","143.0","1982-04-19","  37.7","010000","999.9","  53.8","  41.7","  3.9"," 0.00","1010.4","999.9","999.9","  48.0","  3.2","  1.3"
"34504099999","48.6","34.9666666","143.0","1982-04-20","  41.7","010100","999.9","  54.9","  41.9"," 13.6"," 0.00","1010.3","999.9","999.9","  47.2","  3.0","  7.3"
"34504099999","48.6","34.9666666","143.0","1982-04-21","  36.2","000000","999.9","  50.9","  37.4"," 11.7"," 0.28","1010.0","999.9","999.9","  45.3","  3.6","  7.8"
"34504099999","48.6","34.9666666","143.0","1982-04-22","  40.0","010000","999.9","  44.1","  42.1"," 15.5"," 0.00","1009.5","999.9","999.9","  43.2","  1.7"," 11.0"
"34504099999","48.6","34.9666666","143.0","1982-04-23","  44.9","110000","999.9","  55.4","  42.8"," 11.7"," 0.12","1007.6","999.9","999.9","  48.0","  1.0","  4.3"
"34504099999","48.6","34.9666666","143.0","1982-04-24","  42.8","010000","999.9","  48.0","  33.1"," 11.7"," 0.08","1008.2","999.9","999.9","  45.5","  6.0","  8.5"
"34504099999","48.6","34.9666666","143.0","1982-04-25","  41.2","010000","999.9","  60.8","  42.4"," 15.5"," 0.00","1013.0","999.9","999.9","  48.2","  4.1"," 13.3"
"34504099999","48.6","34.9666666","143.0","1982-04-26","  40.6","010000","999.9","  56.3","  41.4"," 15.5"," 0.00","1010.9","999.9","999.9","  46.6","  4.8"," 12.5"
"34504099999","48.6","34.9666666","143.0","1982-04-27","  39.2","010000","999.9","  57.0","  37.9","  7.8"," 0.00","1010.9","999.9","999.9","  47.8","  4.0","  3.9"
"34504099999","48.6","34.9666666","143.0","1982-04-28","  37.8","000000","999.9","  61.2","  40.1","999.9"," 0.00","1014.2","999.9","999.9","  53.0","  3.0","  0.0"
"34504099999","48.6","34.9666666","143.0","1982-04-29","  37.9","000000","999.9","  68.9","  40.1"," 19.4"," 0.00","1011.6","999.9","999.9","  57.8","  4.7"," 10.2"
"34504099999","48.6","34.9666666","143.0","1982-04-30","  46.1","010000","999.9","  58.5","  46.8"," 17.5"," 0.00","1008.7","999.9","999.9","  53.1","  5.1"," 13.3"
"34504099999","48.6","34.9666666","143.0","1982-05-01","  44.1","010000","999.9","  65.5","  43.5"," 19.4"," 0.20","1011.8","999.9","999.9","  52.5","  4.8"," 12.6"
"34504099999","48.6","34.9666666","143.0","1982-05-02","  41.4","010000","999.9","  60.1","  42.8"," 15.5"," 0.00","1014.1","999.9","999.9","  51.2","  4.7"," 11.7"
"34504099999","48.6","34.9666666","143.0","1982-05-03","  43.7","010000","999.9","  49.8","  39.9"," 15.5"," 0.16","1017.5","999.9","999.9","  46.5","  3.0","  7.8"
"34504099999","48.6","34.9666666","143.0","1982-05-04","  32.2","000000","999.9","  58.6","  34.5"," 13.6"," 0.00","1023.2","999.9","999.9","  48.4","  5.1","  8.0"
"34504099999","48.6","34.9666666","143.0","1982-05-05","  37.6","000000","999.9","  60.1","  38.3"," 11.7"," 0.00","1023.0","999.9","999.9","  49.3","  4.8","  5.5"
"34504099999","48.6","34.9666666","143.0","1982-05-06","  41.8","000000","999.9","  59.2","  42.6","  7.8"," 0.00","1021.7","999.9","999.9","  49.4","  5.3","  2.8"
"34504099999","48.6","34.9666666","143.0","1982-05-07","  47.0","010000","999.9","  60.4","  46.8","999.9"," 0.00","1022.1","999.9","999.9","  53.1","  5.1","  0.0"
"34504099999","48.6","34.9666666","143.0","1982-05-08","  44.1","010000","999.9","  69.1","  45.5"," 13.6"," 0.04","1024.8","999.9","999.9","  57.4","  6.2","  8.3"
"34504099999","48.6","34.9666666","143.0","1982-05-09","  43.8","000000","999.9","  75.4","  47.5","  9.7"," 0.00","1028.1","999.9","999.9","  61.7","  6.2","  7.8"
"34504099999","48.6","34.9666666","143.0","1982-05-10","  51.3","000000","999.9","  78.1","  54.1","  9.7"," 0.00","1026.9","999.9","999.9","  66.2","  6.2","  6.9"
"34504099999","48.6","34.9666666","143.0","1982-05-11","  54.3","000000","999.9","  76.1","  50.0","  9.7"," 0.00","1022.9","999.9","999.9","  66.4","  5.7","  7.8"
"34504099999","48.6","34.9666666","143.0","1982-05-12","  51.1","010000","999.9","  81.1","  54.0"," 21.4"," 0.00","1019.3","999.9","999.9","  66.3","  6.2"," 11.4"
"34504099999","48.6","34.9666666","143.0","1982-05-13","  39.8","010000","999.9","  64.2","  41.0"," 23.3"," 0.00","1021.6","999.9","999.9","  56.1","  5.7"," 13.1"
"34504099999","48.6","34.9666666","143.0","1982-05-14","  37.5","000000","999.9","  66.4","  49.1"," 15.5"," 0.00","1016.2","999.9","999.9","  56.9","  4.8","  7.3"
"34504099999","48.6","34.9666666","143.0","1982-05-15","  29.8","000000","999.9","  59.5","  42.4"," 13.6"," 0.00","1018.7","999.9","999.9","  50.7","  6.2","  5.3"
"34504099999","48.6","34.9666666","143.0","1982-05-16","  36.3","000000","999.9","  67.3","  43.3"," 11.7"," 0.00","1018.4","999.9","999.9","  55.6","  5.7","  6.6"
"34504099999","48.6","34.9666666","143.0","1982-05-17","  39.4","000000","999.9","  69.4","  47.1"," 11.7"," 0.00","1019.8","999.9","999.9","  59.5","  6.2","  2.4"
"34504099999","48.6","34.9666666","143.0","1982-05-18","  43.6","000000","999.9","  72.9","  52.7","  7.8"," 0.00","1019.1","999.9","999.9","  62.9","  5.2","  4.9"
"34504099999","48.6","34.9666666","143.0","1982-05-19","  43.4","000000","999.9","  75.0","  53.6"," 11.7"," 0.00","1018.2","999.9","999.9","  63.4","  5.7","  7.3"
"34504099999","48.6","34.9666666","143.0","1982-05-20","  50.8","010000","999.9","  78.1","  49.6","  9.7"," 0.00","1016.2","999.9","999.9","  63.5","  5.1","  4.7"
"34504099999","48.6","34.9666666","143.0","1982-05-21","  52.9","000000","999.9","  71.2","  54.0"," 27.2"," 0.00","1015.8","999.9","999.9","  61.1","  3.8","  9.5"
"34504099999","48.6","34.9666666","143.0","1982-05-22","  49.8","000000","999.9","  66.0","  50.7","  7.8"," 0.00","1015.3","999.9","999.9","  59.2","  3.6","  3.6"
"34504099999","48.6","34.9666666","143.0","1982-05-23","  48.9","100000","999.9","  72.9","  50.9","  7.8"," 0.00","1013.8","999.9","999.9","  62.4","  3.6","  3.6"
"34504099999","48.6","34.9666666","143.0","1982-05-24","  56.0","010010","999.9","  70.7","  57.0"," 11.7"," 0.00","1011.6","999.9","999.9","  61.6","  2.9","  6.4"
"34504099999","48.6","34.9666666","143.0","1982-05-25","  58.4","110000","999.9","  74.5","  54.7"," 11.7"," 0.02","1016.0","999.9","999.9","  65.8","  3.1","  5.3"
"34504099999","48.6","34.9666666","143.0","1982-05-26","  57.3","000000","999.9","  79.0","  57.6","  7.8"," 0.16","1021.4","999.9","999.9","  66.9","  6.8","  3.9"
"34504099999","48.6","34.9666666","143.0","1982-05-27","  56.4","000000","999.9","  75.7","  58.1","  5.8"," 0.00","1024.0","999.9","999.9","  67.5","  4.7","  2.9"
"34504099999","48.6","34.9666666","143.0","1982-05-28","  55.4","000000","999.9","  81.3","  59.2"," 15.5"," 0.00","1021.9","999.9","999.9","  70.5","  4.7","  7.8"
"34504099999","48.6","34.9666666","143.0","1982-05-29","  53.2","000000","999.9","  81.9","  59.4"," 11.7"," 0.00","1019.3","999.9","999.9","  71.5","  5.1","  7.2"
"34504099999","48.6","34.9666666","143.0","1982-05-30","  51.0","000000","999.9","  80.4","  55.9"," 17.5"," 0.08","1016.1","999.9","999.9","  66.9","  6.2","  8.3"
"34504099999","48.6","34.9666666","143.0","1982-05-31","  40.6","000000","999.9","  71.2","  51.8"," 17.5"," 0.00","1017.9","999.9","999.9","  61.7","  5.3"," 13.8"
"34504099999","48.6","34.9666666","143.0","1982-06-01","  46.8","000000","999.9","  75.6","  53.6"," 11.7"," 0.00","1019.7","999.9","999.9","  65.9","  6.2","  6.8"
"34504099999","48.6","34.9666666","143.0","1982-06-02","  43.1","000000","999.9","  74.5","  59.9"," 13.6"," 0.00","1021.4","999.9","999.9","  66.4","  6.2","  9.2"
"34504099999","48.6","34.9666666","143.0","1982-06-03","  44.1","000000","999.9","  76.8","  54.5","  9.7"," 0.00","1021.4","999.9","999.9","  66.9","  5.3","  5.1"
"34504099999","48.6","34.9666666","143.0","1982-06-04","  50.1","000000","999.9","  79.0","  51.3","  9.7"," 0.00","1020.3","999.9","999.9","  68.7","  5.7","  4.9"
"34504099999","48.6","34.9666666","143.0","1982-06-05","  54.5","010010","999.9","  81.5","  57.7"," 11.7"," 0.00","1018.6","999.9","999.9","  67.4","  6.2","  4.9"
"34504099999","48.6","34.9666666","143.0","1982-06-06","  55.6","000000","999.9","  80.8","  59.5"," 11.7"," 0.00","1014.5","999.9","999.9","  68.4","  6.2","  6.5"
"34504099999","48.6","34.9666666","143.0","1982-06-07","  53.3","010010","999.9","  81.1","  59.4"," 19.4"," 0.00","1007.0","999.9","999.9","  67.8","  5.7"," 13.6"
"34504099999","48.6","34.9666666","143.0","1982-06-08","  41.4","000000","999.9","  63.3","  52.3"," 13.6"," 0.00","1014.1","999.9","999.9","  58.1","  5.7","  9.7"
"34504099999","48.6","34.9666666","143.0","1982-06-09","  40.2","000000","999.9","  70.0","  43.3"," 13.6"," 0.00","1014.9","999.9","999.9","  58.5","  5.7","  6.6"
"34504099999","48.6","34.9666666","143.0","1982-06-10","  51.5","010000","999.9","  74.1","  51.6","  7.8"," 0.00","1011.9","999.9","999.9","  61.2","  4.6","  3.6"
"34504099999","48.6","34.9666666","143.0","1982-06-11","  43.7","000000","999.9","  62.4","  46.8"," 11.7"," 0.08","1014.5","999.9","999.9","  54.9","  3.9","  7.5"
"34504099999","48.6","34.9666666","143.0","1982-06-12","  36.9","000000","999.9","  67.6","  41.9","  9.7"," 0.00","1019.4","999.9","999.9","  57.0","  7.2","  5.6"
"34504099999","48.6","34.9666666","143.0","1982-06-13","  52.2","000000","999.9","  80.8","  51.1"," 17.5"," 0.00","1009.9","999.9","999.9","  66.8","  6.2"," 14.6"
"34504099999","48.6","34.9666666","143.0","1982-06-14","  57.0","000000","999.9","  84.7","  58.3"," 15.5"," 0.00","1001.8","999.9","999.9","  72.5","  5.0"," 13.6"
"34504099999","48.6","34.9666666","143.0","1982-06-15","  47.1","010000","999.9","  74.1","  51.1"," 27.2"," 0.00","1001.0","999.9","999.9","  60.2","  6.2"," 18.3"
"34504099999","48.6","34.9666666","143.0","1982-06-16","  44.8","010000","999.9","  69.1","  48.6"," 15.5"," 0.04","1013.2","999.9","999.9","  57.4","  6.2"," 10.9"
"34504099999","48.6","34.9666666","143.0","1982-06-17","  47.1","000000","999.9","  65.1","  48.9","  7.8"," 0.00","1015.9","999.9","999.9","  59.0","  6.2","  2.5"
"34504099999","48.6","34.9666666","143.0","1982-06-18","  51.4","010000","999.9","  67.5","  54.5","  5.8"," 0.00","1014.5","999.9","999.9","  60.9","  4.0","  1.9"
"34504099999","48.6","34.9666666","143.0","1982-06-19","  51.3","010000","999.9","  66.2","  53.8","  7.8"," 0.24","1015.0","999.9","999.9","  57.7","  5.0","  2.6"
"34504099999","48.6","34.9666666","143.0","1982-06-20","  53.9","010000","999.9","  71.1","  50.9"," 11.7"," 0.00","1016.1","999.9","999.9","  60.5","  5.0","  5.8"
"34504099999","48.6","34.9666666","143.0","1982-06-21","  56.6","010010","999.9","  68.2","  34.2","  9.7"," 0.39","1011.6","999.9","999.9","  60.3","  3.9","  5.8"
"34504099999","48.6","34.9666666","143.0","1982-06-22","  54.3","010000","999.9","  72.7","  51.8","  9.7"," 0.00","1012.3","999.9","999.9","  64.0","  4.0","  4.6"
"34504099999","48.6","34.9666666","143.0","1982-06-23","  47.2","000000","999.9","  90.9","  57.0","  9.7"," 0.00","1012.6","999.9","999.9","  66.0","  5.1","  4.9"
"34504099999","48.6","34.9666666","143.0","1982-06-24","  58.9","010010","999.9","  75.4","  59.2"," 15.5"," 0.00","1009.3","999.9","999.9","  64.8","  4.6","  8.6"
"34504099999","48.6","34.9666666","143.0","1982-06-25","  53.6","000000","999.9","  67.1","  58.6"," 23.3"," 0.00","1006.6","999.9","999.9","  64.0","  6.2"," 12.5"
"34504099999","48.6","34.9666666","143.0","1982-06-26","  52.7","100000","999.9","  72.9","  53.6"," 19.4"," 0.00","1010.1","999.9","999.9","  63.5","  5.6"," 11.2"
"34504099999","48.6","34.9666666","143.0","1982-06-27","  51.6","000000","999.9","  73.6","  55.2","  7.8"," 0.00","1012.0","999.9","999.9","  65.2","  5.1","  3.6"
"34504099999","48.6","34.9666666","143.0","1982-06-28","  57.8","000000","999.9","  78.1","  59.0"," 11.7"," 0.00","1011.2","999.9","999.9","  68.6","  6.2","  6.6"
"34504099999","48.6","34.9666666","143.0","1982-06-29","  59.2","010000","999.9","  74.5","  59.9"," 11.7"," 0.04","1010.8","999.9","999.9","  66.1","  4.2","  7.0"
"34504099999","48.6","34.9666666","143.0","1982-06-30","  55.7","000000","999.9","  77.2","  58.1","  3.9"," 0.12","1013.6","999.9","999.9","  69.3","  4.9","  1.7"
"34504099999","48.6","34.9666666","143.0","1982-07-01","  56.1","000010","999.9","  74.7","  57.7"," 13.6"," 0.00","1007.8","999.9","999.9","  65.9","  6.2","  5.8"
"34504099999","48.6","34.9666666","143.0","1982-07-02","  53.3","010000","999.9","  67.6","  55.9"," 15.5"," 0.43","1005.5","999.9","999.9","  61.2","  6.2"," 10.0"
"34504099999","48.6","34.9666666","143.0","1982-07-03","  55.9","010000","999.9","  68.9","  52.5"," 11.7"," 0.00","1006.3","999.9","999.9","  60.2","  4.3","  4.6"
"34504099999","48.6","34.9666666","143.0","1982-07-04","  56.0","000000","999.9","  72.7","  54.9"," 11.7"," 0.16","1011.9","999.9","999.9","  64.0","  4.3","  2.2"
"34504099999","48.6","34.9666666","143.0","1982-07-05","  55.1","010000","999.9","  78.6","  56.5"," 13.6"," 0.00","1012.3","999.9","999.9","  68.2","  6.1","  4.6"
"34504099999","48.6","34.9666666","143.0","1982-07-06","  54.6","010000","999.9","  59.4","  55.8"," 15.5"," 0.01","1010.3","999.9","999.9","  57.6","  5.3"," 10.4"
"34504099999","48.6","34.9666666","143.0","1982-07-07","  54.2","010000","999.9","  60.4","  54.5"," 11.7"," 0.39","1009.4","999.9","999.9","  56.9","  3.7","  7.5"
"34504099999","48.6","34.9666666","143.0","1982-07-08","  54.0","010000","999.9","  74.1","  51.8","  7.8"," 0.20","1012.8","999.9","999.9","  63.8","  5.7","  2.5"
"34504099999","48.6","34.9666666","143.0","1982-07-09","  59.1","010010","999.9","  69.3","  59.4"," 17.5"," 0.00","1006.8","999.9","999.9","  62.1","  3.4"," 10.8"
"34504099999","48.6","34.9666666","143.0","1982-07-10","  61.7","010000","999.9","  75.4","  60.1"," 19.4"," 0.79","1005.2","999.9","999.9","  65.4","  5.3"," 12.4"
"34504099999","48.6","34.9666666","143.0","1982-07-11","  60.0","000000","999.9","  71.4","  58.3","  7.8"," 0.00","1014.6","999.9","999.9","  64.0","  4.9","  3.6"
"34504099999","48.6","34.9666666","143.0","1982-07-12","  59.2","000000","999.9","  78.8","  59.4","  9.7"," 0.00","1014.8","999.9","999.9","  69.2","  5.1","  4.4"
"34504099999","48.6","34.9666666","143.0","1982-07-13","  61.6","000000","999.9","  80.6","  60.8"," 15.5"," 0.00","1012.0","999.9","999.9","  72.4","  7.8","  5.6"
"34504099999","48.6","34.9666666","143.0","1982-07-14","  62.8","000000","999.9","  79.9","  63.7","  7.8"," 0.00","1009.7","999.9","999.9","  72.8","  4.1","  3.6"
"34504099999","48.6","34.9666666","143.0","1982-07-15","  61.1","010010","999.9","  70.9","  65.1"," 13.6"," 0.00","1009.7","999.9","999.9","  67.7","  6.2"," 10.8"
"34504099999","48.6","34.9666666","143.0","1982-07-16","  60.7","010000","999.9","  78.6","  62.6"," 17.5"," 0.08","1012.3","999.9","999.9","  69.7","  5.6"," 12.6"
"34504099999","48.6","34.9666666","143.0","1982-07-17","  57.6","000000","999.9","  77.0","  63.3"," 13.6"," 0.02","1016.1","999.9","999.9","  68.9","  6.2"," 10.4"
"34504099999","48.6","34.9666666","143.0","1982-07-18","  52.2","000000","999.9","  85.6","  59.4"," 11.7"," 0.00","1017.2","999.9","999.9","  69.5","  5.7"," 10.2"
"34504099999","48.6","34.9666666","143.0","1982-07-19","  52.9","000000","999.9","  77.0","  60.8","  9.7"," 0.00","1017.9","999.9","999.9","  68.6","  8.4","  6.4"
"34504099999","48.6","34.9666666","143.0","1982-07-20","  56.6","000000","999.9","  79.0","  57.7"," 13.6"," 0.00","1018.0","999.9","999.9","  70.1","  4.3","  6.9"
"34504099999","48.6","34.9666666","143.0","1982-07-21","  59.9","000010","999.9","  79.2","  60.8","  9.7"," 0.00","1015.6","999.9","999.9","  70.2","  4.7","  3.9"
"34504099999","48.6","34.9666666","143.0","1982-07-22","  59.9","000000","999.9","  93.4","  60.8","999.9"," 0.08","1011.8","999.9","999.9","  75.3","  4.6","  0.0"
"34504099999","48.6","34.9666666","143.0","1982-07-23","  61.0","010000","999.9","  82.9","  62.2","  9.7"," 0.00","1009.9","999.9","999.9","  71.0","  4.3","  2.9"
"34504099999","48.6","34.9666666","143.0","1982-07-24","  56.8","000000","999.9","  75.7","  63.5"," 11.7"," 0.01","1011.5","999.9","999.9","  69.3","  4.7","  6.1"
"34504099999","48.6","34.9666666","143.0","1982-07-25","  54.3","000000","999.9","  77.5","  58.3"," 15.5"," 0.00","1012.1","999.9","999.9","  68.8","  6.2","  8.4"
"34504099999","48.6","34.9666666","143.0","1982-07-26","  49.6","000000","999.9","  73.9","  57.4","  5.8"," 0.00","1011.3","999.9","999.9","  65.8","  4.9","  3.9"
"34504099999","48.6","34.9666666","143.0","1982-07-27","  50.3","000000","999.9","  76.3","  56.1","  9.7"," 0.00","1010.5","999.9","999.9","  70.0","  5.0","  3.6"
"34504099999","48.6","34.9666666","143.0","1982-07-28","  52.9","000000","999.9","  77.7","  60.3","  7.8"," 0.00","1010.6","999.9","999.9","  70.2","  4.4","  3.6"
"34504099999","48.6","34.9666666","143.0","1982-07-29","  54.4","010000","999.9","  79.9","  60.1"," 13.6"," 0.00","1008.8","999.9","999.9","  68.8","  4.6","  8.3"
"34504099999","48.6","34.9666666","143.0","1982-07-30","  52.0","010000","999.9","  72.7","  56.5"," 11.7"," 0.12","1009.0","999.9","999.9","  64.0","  6.6","  8.7"
"34504099999","48.6","34.9666666","143.0","1982-07-31","  54.9","000000","999.9","  70.2","  57.6"," 11.7"," 0.00","1007.3","999.9","999.9","  62.9","  4.1","  5.5"
"34504099999","48.6","34.9666666","143.0","1982-08-01","  52.8","000000","999.9","  74.1","  52.7","  5.8"," 0.00","1004.9","999.9","999.9","  64.5","  8.4","  1.9"
"34504099999","48.6","34.9666666","143.0","1982-08-02","  57.0","000000","999.9","  72.9","  55.0","  7.8"," 0.00","1004.6","999.9","999.9","  64.9","  4.1","  2.4"
"34504099999","48.6","34.9666666","143.0","1982-08-03","  56.9","100010","999.9","  75.9","  56.5","  7.8"," 0.00","1006.0","999.9","999.9","  66.2","  3.2","  1.0"
"34504099999","48.6","34.9666666","143.0","1982-08-04","  62.0","010010","999.9","  74.5","  59.7"," 11.7"," 0.00","1010.4","999.9","999.9","  65.5","  3.4","  5.1"
"34504099999","48.6","34.9666666","143.0","1982-08-05","  58.7","010000","999.9","  77.2","  59.7","  7.8"," 0.08","1012.3","999.9","999.9","  67.4","  4.5","  3.3"
"34504099999","48.6","34.9666666","143.0","1982-08-06","  52.3","000000","999.9","  76.3","  60.8","  7.8"," 0.00","1012.6","999.9","999.9","  68.3","  4.8","  4.6"
"34504099999","48.6","34.9666666","143.0","1982-08-07","  52.0","000000","999.9","  77.0","  55.0","  7.8"," 0.00","1013.8","999.9","999.9","  68.4","  5.7","  3.6"
"34504099999","48.6","34.9666666","143.0","1982-08-08","  50.1","000000","999.9","  78.4","  52.0"," 13.6"," 0.00","1017.5","999.9","999.9","  66.9","  6.2","  6.8"
"34504099999","48.6","34.9666666","143.0","1982-08-09","  52.9","000000","999.9","  80.2","  58.5","  9.7"," 0.00","1019.4","999.9","999.9","  69.9","  5.7","  2.2"
"34504099999","48.6","34.9666666","143.0","1982-08-10","  55.8","000000","999.9","  82.6","  59.5","  5.8"," 0.00","1018.2","999.9","999.9","  72.1","  5.7","  1.1"
"34504099999","48.6","34.9666666","143.0","1982-08-11","  53.6","000000","999.9","  84.9","  59.0"," 11.7"," 0.00","1015.4","999.9","999.9","  73.0","  5.1","  4.4"
"34504099999","48.6","34.9666666","143.0","1982-08-12","  54.1","010000","999.9","  71.2","  61.5"," 17.5"," 0.12","1013.6","999.9","999.9","  65.6","  4.3"," 10.9"
"34504099999","48.6","34.9666666","143.0","1982-08-13","  50.1","000000","999.9","  77.5","  52.5"," 13.6"," 0.00","1016.7","999.9","999.9","  65.2","  5.1","  7.3"
"34504099999","48.6","34.9666666","143.0","1982-08-14","  55.6","000000","999.9","  82.4","  55.6"," 11.7"," 0.00","1017.7","999.9","999.9","  68.1","  4.6","  3.7"
"34504099999","48.6","34.9666666","143.0","1982-08-15","  58.7","000000","999.9","  81.7","  57.9"," 11.7"," 0.00","1017.0","999.9","999.9","  71.8","  5.7","  8.3"
"34504099999","48.6","34.9666666","143.0","1982-08-16","  58.1","000000","999.9","  82.0","  64.4","  9.7"," 0.00","1015.0","999.9","999.9","  72.5","  4.3","  4.9"
"34504099999","48.6","34.9666666","143.0","1982-08-17","  61.4","010000","999.9","  76.1","  61.9"," 17.5"," 0.04","1008.8","999.9","999.9","  69.6","  4.3","  9.4"
"34504099999","48.6","34.9666666","143.0","1982-08-18","  54.9","000000","999.9","  76.3","  59.4","  7.8"," 0.00","1012.6","999.9","999.9","  68.2","  6.3","  2.9"
"34504099999","48.6","34.9666666","143.0","1982-08-19","  54.7","000000","999.9","  80.1","  59.7","  5.8"," 0.00","1014.5","999.9","999.9","  74.6","  6.2","  2.7"
"34504099999","48.6","34.9666666","143.0","1982-08-20","  57.1","000000","999.9","  82.0","  63.9","  9.7"," 0.00","1015.2","999.9","999.9","  73.8","  5.6","  4.9"
"34504099999","48.6","34.9666666","143.0","1982-08-21","  58.7","000000","999.9","  85.5","  60.1"," 11.7"," 0.00","1016.2","999.9","999.9","  74.2","  6.2","  8.0"
"34504099999","48.6","34.9666666","143.0","1982-08-22","  54.4","000000","999.9","  84.9","  58.8","  9.7"," 0.00","1015.0","999.9","999.9","  73.0","  5.4","  3.9"
"34504099999","48.6","34.9666666","143.0","1982-08-23","  57.6","010000","999.9","  83.3","  63.7","  7.8"," 0.00","1011.8","999.9","999.9","  71.1","  6.2","  5.3"
"34504099999","48.6","34.9666666","143.0","1982-08-24","  58.3","010010","999.9","  86.0","  62.8","  9.7"," 0.00","1007.7","999.9","999.9","  72.8","  6.2","  5.1"
"34504099999","48.6","34.9666666","143.0","1982-08-25","  62.1","000000","999.9","  74.5","  61.5","  7.8"," 0.00","1007.1","999.9","999.9","  67.1","  5.8","  2.9"
"34504099999","48.6","34.9666666","143.0","1982-08-26","  62.6","100000","999.9","  77.2","  61.3","  5.8"," 0.31","1009.8","999.9","999.9","  69.7","  3.3","  3.2"
"34504099999","48.6","34.9666666","143.0","1982-08-27","  58.4","000000","999.9","  87.3","  66.0"," 13.6"," 0.00","1012.2","999.9","999.9","  75.3","  4.3","  7.5"
"34504099999","48.6","34.9666666","143.0","1982-08-28","  57.7","000000","999.9","  83.7","  63.7","  9.7"," 0.00","1012.9","999.9","999.9","  71.8","  4.6","  3.9"
"34504099999","48.6","34.9666666","143.0","1982-08-29","  59.3","000000","999.9","  86.0","  61.3","  7.8"," 0.00","1012.3","999.9","999.9","  75.7","  5.2","  1.0"
"34504099999","48.6","34.9666666","143.0","1982-08-30","  64.3","000000","999.9","  85.5","  66.9"," 15.5"," 0.00","1012.4","999.9","999.9","  74.9","  3.9","  7.3"
"34504099999","48.6","34.9666666","143.0","1982-08-31","  64.1","010010","999.9","  84.0","  63.3","  9.7"," 0.00","1013.8","999.9","999.9","  73.6","  2.7","  3.4"
"34504099999","48.6","34.9666666","143.0","1982-09-01","  64.4","000000","999.9","  87.1","  65.3"," 11.7"," 0.02","1015.1","999.9","999.9","  74.1","  3.2","  6.1"
"34504099999","48.6","34.9666666","143.0","1982-09-02","  61.3","000000","999.9","  82.2","  65.3"," 17.5"," 0.00","1017.0","999.9","999.9","  70.7","  4.3","  8.5"
"34504099999","48.6","34.9666666","143.0","1982-09-03","  59.1","000000","999.9","  77.4","  59.7"," 13.6"," 0.00","1017.4","999.9","999.9","  68.8","  4.0","  7.3"
"34504099999","48.6","34.9666666","143.0","1982-09-04","  48.9","000000","999.9","  70.7","  54.1"," 17.5"," 0.00","1022.2","999.9","999.9","  62.5","  5.7","  9.7"
"34504099999","48.6","34.9666666","143.0","1982-09-05","  48.6","000000","999.9","  76.3","  50.4"," 11.7"," 0.00","1023.9","999.9","999.9","  64.2","  5.3","  2.7"
"34504099999","48.6","34.9666666","143.0","1982-09-06","  50.8","000000","999.9","  83.3","  54.7","  9.7"," 0.00","1021.8","999.9","999.9","  69.6","  6.2","  3.9"
"34504099999","48.6","34.9666666","143.0","1982-09-07","  50.6","000000","999.9","  86.2","  56.5"," 15.5"," 0.00","1017.6","999.9","999.9","  71.2","  5.5","  6.3"
"34504099999","48.6","34.9666666","143.0","1982-09-08","  51.6","000000","999.9","  87.6","  60.4","  9.7"," 0.00","1017.2","999.9","999.9","  74.8","  5.7","  5.0"
"34504099999","48.6","34.9666666","143.0","1982-09-09","  59.7","000000","999.9","  83.7","  64.4","  9.7"," 0.00","1019.8","999.9","999.9","  73.7","  4.8","  6.8"
"34504099999","48.6","34.9666666","143.0","1982-09-10","  59.3","010010","999.9","  77.2","  60.8"," 15.5"," 0.28","1022.2","999.9","999.9","  67.1","  5.7","  9.2"
"34504099999","48.6","34.9666666","143.0","1982-09-11","  44.9","000000","999.9","  64.9","  52.7"," 13.6"," 0.59","1025.5","999.9","999.9","  58.6","  6.2","  7.5"
"34504099999","48.6","34.9666666","143.0","1982-09-12","  40.5","000000","999.9","  63.3","  45.7","  7.8"," 0.00","1023.8","999.9","999.9","  54.4","  6.2","  4.1"
"34504099999","48.6","34.9666666","143.0","1982-09-13","  45.1","000000","999.9","  70.3","  42.8"," 11.7"," 0.00","1019.2","999.9","999.9","  57.9","  5.7","  5.3"
"34504099999","48.6","34.9666666","143.0","1982-09-14","  46.0","000000","999.9","  71.8","  53.2"," 15.5"," 0.00","1015.5","999.9","999.9","  61.7","  6.2"," 13.3"
"34504099999","48.6","34.9666666","143.0","1982-09-15","  45.9","000000","999.9","  67.3","  51.4"," 15.5"," 0.00","1019.0","999.9","999.9","  59.6","  5.7"," 11.9"
"34504099999","48.6","34.9666666","143.0","1982-09-16","  51.2","000000","999.9","  68.9","  52.9","  9.7"," 0.00","1021.2","999.9","999.9","  60.2","  6.2","  4.9"
"34504099999","48.6","34.9666666","143.0","1982-09-17","  48.2","000000","999.9","  74.1","  52.3"," 17.5"," 0.00","1015.6","999.9","999.9","  62.2","  4.3"," 10.7"
"34504099999","48.6","34.9666666","143.0","1982-09-18","  41.6","000000","999.9","  67.3","  50.0","  9.7"," 0.00","1024.0","999.9","999.9","  57.9","  5.1","  6.4"
"34504099999","48.6","34.9666666","143.0","1982-09-19","  40.3","000000","999.9","  70.5","  48.2","  7.8"," 0.00","1026.2","999.9","999.9","  58.2","  6.2","  6.6"
"34504099999","48.6","34.9666666","143.0","1982-09-20","  42.3","100000","999.9","  73.8","  46.0"," 11.7"," 0.00","1025.3","999.9","999.9","  59.4","  6.2","  8.5"
"34504099999","48.6","34.9666666","143.0","1982-09-21","  44.3","000000","999.9","  74.7","  50.7"," 13.6"," 0.00","1022.9","999.9","999.9","  61.6","  6.2","  9.7"
"34504099999","48.6","34.9666666","143.0","1982-09-22","  46.5","000000","999.9","  73.9","  50.0"," 13.6"," 0.00","1018.1","999.9","999.9","  59.6","  7.2"," 10.0"
"34504099999","48.6","34.9666666","143.0","1982-09-23","  49.8","000000","999.9","  75.7","  57.4"," 13.6"," 0.00","1013.3","999.9","999.9","  64.9","  6.2"," 10.7"
"34504099999","48.6","34.9666666","143.0","1982-09-24","  53.8","000000","999.9","  75.4","  53.6","  9.7"," 0.00","1015.1","999.9","999.9","  63.7","  6.2","  7.8"
"34504099999","48.6","34.9666666","143.0","1982-09-25","  57.9","110000","999.9","  75.4","  56.8"," 13.6"," 0.00","1017.5","999.9","999.9","  63.3","  2.4","  9.4"
"34504099999","48.6","34.9666666","143.0","1982-09-26","  46.1","010000","999.9","  61.5","  49.3"," 19.4"," 0.04","1020.9","999.9","999.9","  55.6","  4.1"," 13.9"
"34504099999","48.6","34.9666666","143.0","1982-09-27","  41.4","000000","999.9","  63.1","  46.4"," 11.7"," 0.00","1020.9","999.9","999.9","  52.8","  5.1","  4.9"
"34504099999","48.6","34.9666666","143.0","1982-09-28","  42.0","000000","999.9","  67.1","  43.3"," 13.6"," 0.00","1015.9","999.9","999.9","  54.9","  4.8","  8.3"
"34504099999","48.6","34.9666666","143.0","1982-09-29","  43.7","010000","999.9","  59.4","  47.1"," 13.6"," 0.00","1019.6","999.9","999.9","  52.8","  6.2","  8.4"
"34504099999","48.6","34.9666666","143.0","1982-09-30","  44.2","000000","999.9","  59.4","  46.4"," 15.5"," 0.00","1019.2","999.9","999.9","  53.2","  5.7","  8.7"
"34504099999","48.6","34.9666666","143.0","1982-10-01","  47.1","000000","999.9","  65.7","  46.4"," 13.6"," 0.00","1019.2","999.9","999.9","  56.7","  7.4","  8.5"
"34504099999","48.6","34.9666666","143.0","1982-10-02","  44.7","000000","999.9","  59.9","  46.0","  9.7"," 0.00","1021.7","999.9","999.9","  52.3","  3.7","  6.6"
"34504099999","48.6","34.9666666","143.0","1982-10-03","  37.2","000000","999.9","  52.9","  40.6"," 11.7"," 0.00","1023.9","999.9","999.9","  47.3","  6.2","  8.0"
"34504099999","48.6","34.9666666","143.0","1982-10-04","  31.6","000000","999.9","  47.5","  31.3"," 15.5"," 0.00","1026.9","999.9","999.9","  40.3","  6.2","  9.2"
"34504099999","48.6","34.9666666","143.0","1982-10-05","  33.5","000000","999.9","  47.1","  36.7","  3.9"," 0.00","1027.0"," 53.1","999.9","  43.4","  6.2","  1.1"
"34504099999","48.6","34.9666666","143.0","1982-10-06","  28.9","000000","999.9","  52.9","  34.7"," 11.7"," 0.00","1027.6","999.9","999.9","  44.3","  6.2","  7.3"
"34504099999","48.6","34.9666666","143.0","1982-10-07","  25.2","000000","999.9","  58.5","  29.3"," 13.6"," 0.00","1026.7","999.9","999.9","  43.6","  5.7"," 12.2"
"34504099999","48.6","34.9666666","143.0","1982-10-08","  36.5","000000","999.9","  60.4","  34.0"," 13.6"," 0.00","1018.9","999.9","999.9","  47.0","  5.4","  9.4"
"34504099999","48.6","34.9666666","143.0","1982-10-09","  48.8","000000","999.9","  64.6","  42.4"," 13.6"," 0.00","1011.2","999.9","999.9","  54.9","  4.4","  9.7"
"34504099999","48.6","34.9666666","143.0","1982-10-10","  54.6","010010","999.9","  65.1","  53.8"," 11.7"," 0.00","1009.0","999.9","999.9","  58.3","  8.0","  5.0"
"34504099999","48.6","34.9666666","143.0","1982-10-11","  48.9","010000","999.9","  54.1","  45.7"," 17.5"," 0.91","1011.7","999.9","999.9","  51.6","  2.2"," 11.7"
"34504099999","48.6","34.9666666","143.0","1982-10-12","  43.3","000000","999.9","  53.1","  43.0","  5.8"," 0.00","1016.8","999.9","999.9","  47.0","  6.1","  2.2"
"34504099999","48.6","34.9666666","143.0","1982-10-13","  43.4","010000","999.9","  50.5","  40.1","  9.7"," 0.00","1012.7","999.9","999.9","  46.3","  2.0","  6.9"
"34504099999","48.6","34.9666666","143.0","1982-10-14","  49.2","100000","999.9","  52.5","  47.5"," 15.5"," 0.04","1010.4","999.9","999.9","  50.2","  0.8","  7.0"
"34504099999","48.6","34.9666666","143.0","1982-10-15","  54.7","100000","999.9","  70.3","  53.2"," 15.5"," 0.00","1010.3","999.9","999.9","  59.8","  3.0"," 13.0"
"34504099999","48.6","34.9666666","143.0","1982-10-16","  55.3","010000","999.9","  66.4","  52.9"," 17.5"," 0.00","1008.8","999.9","999.9","  58.9","  2.9"," 14.0"
"34504099999","48.6","34.9666666","143.0","1982-10-17","  52.5","110000","999.9","  55.9","  48.2"," 33.0"," 0.24","1003.1","999.9","999.9","  53.0","  1.4"," 14.3"
"34504099999","48.6","34.9666666","143.0","1982-10-18","  40.1","011000","999.9","  49.5","  35.4"," 33.0"," 3.07","1007.1","999.9","999.9","  44.5","  3.4"," 22.1"
"34504099999","48.6","34.9666666","143.0","1982-10-19","  27.8","011000","999.9","  36.3","  31.6"," 15.5"," 0.04","1015.2","999.9","999.9","  34.1","  4.8"," 12.8"
"34504099999","48.6","34.9666666","143.0","1982-10-20","  22.7","000000","999.9","  36.5","  28.4"," 17.5"," 0.00","1019.0","999.9","999.9","  32.4","  5.7"," 15.1"
"34504099999","48.6","34.9666666","143.0","1982-10-21","  24.1","000000","999.9","  43.3","  23.0"," 15.5"," 0.00","1020.4","999.9","999.9","  36.3","  5.1"," 13.0"
"34504099999","48.6","34.9666666","143.0","1982-10-22","  41.0","000000","999.9","  57.4","  38.8"," 17.5"," 0.00","1020.4","999.9","999.9","  48.7","  2.6","  9.5"
"34504099999","48.6","34.9666666","143.0","1982-10-23","  39.0","000000","999.9","  54.7","  38.5"," 13.6"," 0.00","1029.4","999.9","999.9","  44.2","  3.7","  8.7"
"34504099999","48.6","34.9666666","143.0","1982-10-24","  29.3","000000","999.9","  56.8","  32.5"," 17.5"," 0.00","1030.4","999.9","999.9","  43.2","  5.7"," 14.7"
"34504099999","48.6","34.9666666","143.0","1982-10-25","  33.6","000000","999.9","  58.1","  31.3"," 11.7"," 0.00","1026.3","999.9","999.9","  43.2","  5.7","  6.6"
"34504099999","48.6","34.9666666","143.0","1982-10-26","  35.8","000000","999.9","  55.4","  33.4","  7.8"," 0.00","1023.4","999.9","999.9","  45.3","  2.6","  1.5"
"34504099999","48.6","34.9666666","143.0","1982-10-27","  40.3","100000","999.9","  54.7","  35.2"," 11.7"," 0.00","1022.3","999.9","999.9","  44.8","  0.6","  4.4"
"34504099999","48.6","34.9666666","143.0","1982-10-28","  41.5","000000","999.9","  51.1","  45.3"," 17.5"," 0.00","1029.1","999.9","999.9","  47.6","  3.0"," 12.4"
"34504099999","48.6","34.9666666","143.0","1982-10-29","  39.3","000000","999.9","  53.1","  42.8"," 15.5"," 0.00","1037.0","999.9","999.9","  46.1","  4.2"," 11.3"
"34504099999","48.6","34.9666666","143.0","1982-10-30","  37.0","100000","999.9","  53.2","  36.1"," 17.5"," 0.00","1035.4","999.9","999.9","  42.5","  2.1"," 11.7"
"34504099999","48.6","34.9666666","143.0","1982-10-31","  34.0","000000","999.9","  42.3","  36.1"," 15.5"," 0.00","1030.7","999.9","999.9","  39.3","  2.7"," 12.1"
"34504099999","48.6","34.9666666","143.0","1982-11-01","  35.5","000000","999.9","  42.1","  38.1"," 13.6"," 0.00","1025.7","999.9","999.9","  39.3","  1.2","  8.0"
"34504099999","48.6","34.9666666","143.0","1982-11-02","  34.8","010000","999.9","  40.3","  37.0"," 13.6"," 0.00","1023.7","999.9","999.9","  38.6","  2.0","  5.8"
"34504099999","48.6","34.9666666","143.0","1982-11-03","  42.0","010000","999.9","  56.5","  37.4"," 11.7"," 0.01","1018.0","999.9","999.9","  48.2","  2.4","  8.0"
"34504099999","48.6","34.9666666","143.0","1982-11-04","  37.1","000000","999.9","  49.3","  36.1"," 11.7"," 0.00","1017.9","999.9","999.9","  41.3","  3.1","  3.9"
"34504099999","48.6","34.9666666","143.0","1982-11-05","  30.8","010000","999.9","  45.1","  30.2"," 19.4"," 0.00","1011.5","999.9","999.9","  36.5","  3.8"," 12.9"
"34504099999","48.6","34.9666666","143.0","1982-11-06","  19.6","001000","999.9","  31.3","  24.4"," 15.5"," 0.00","1021.9","999.9","999.9","  27.3","  6.2"," 13.6"
"34504099999","48.6","34.9666666","143.0","1982-11-07","  18.2","001000","999.9","  36.5","  20.5"," 17.5"," 0.00","1026.1","999.9","999.9","  29.2","  6.2"," 13.1"
"34504099999","48.6","34.9666666","143.0","1982-11-08","  19.1","000000","999.9","  35.8","  23.0"," 11.7"," 0.00","1031.4","999.9","999.9","  29.8","  6.2","  2.2"
"34504099999","48.6","34.9666666","143.0","1982-11-09","  25.2","000000","999.9","  43.0","  24.8"," 13.6"," 0.00","1031.5","999.9","999.9","  32.6","  5.7","  6.4"
"34504099999","48.6","34.9666666","143.0","1982-11-10","  25.4","000000","999.9","  45.5","  23.9"," 13.6"," 0.00","1031.8","999.9","999.9","  32.4","  5.1","  9.7"
"34504099999","48.6","34.9666666","143.0","1982-11-11","  28.8","100000","999.9","  50.0","  27.0","  7.8"," 0.00","1032.6","999.9","999.9","  35.1","  2.5","  3.1"
"34504099999","48.6","34.9666666","143.0","1982-11-12","  25.9","000000","999.9","  55.6","  24.6"," 11.7"," 0.00","1030.3","999.9","999.9","  38.7","  4.3","  5.8"
"34504099999","48.6","34.9666666","143.0","1982-11-13","  26.7","000000","999.9","  55.4","  31.1","  7.8"," 0.00","1026.2","999.9","999.9","  39.4","  5.7","  4.4"
"34504099999","48.6","34.9666666","143.0","1982-11-14","  25.7","000000","999.9","  55.2","  28.8"," 11.7"," 0.00","1022.3","999.9","999.9","  39.2","  2.3","  6.3"
"34504099999","48.6","34.9666666","143.0","1982-11-15","  35.0","100000","999.9","  53.1","  31.3"," 17.5"," 0.00","1016.4","999.9","999.9","  40.7","  2.7"," 13.1"
"34504099999","48.6","34.9666666","143.0","1982-11-16","  43.5","010000","999.9","  45.7","  39.0"," 13.6"," 0.04","1016.5","999.9","999.9","  44.2","  0.8","  6.6"
"34504099999","48.6","34.9666666","143.0","1982-11-17","  43.5","110000","999.9","  50.0","  40.1"," 13.6"," 0.28","1016.1","999.9","999.9","  44.0","  0.8","  6.4"
"34504099999","48.6","34.9666666","143.0","1982-11-18","  41.7","000000","999.9","  57.7","  42.1"," 11.7"," 0.03","1013.4","999.9","999.9","  48.1","  3.7","  9.7"
"34504099999","48.6","34.9666666","143.0","1982-11-19","  40.4","000000","999.9","  48.4","  38.8"," 15.5"," 0.00","1016.9","999.9","999.9","  43.6","  1.8","  7.8"
"34504099999","48.6","34.9666666","143.0","1982-11-20","  36.9","100000","999.9","  40.3","  34.9","  5.8"," 0.00","1020.6","999.9","999.9","  37.6","  0.5","  3.6"
"34504099999","48.6","34.9666666","143.0","1982-11-21","  35.1","110000","999.9","  43.9","  36.7"," 17.5"," 0.02","1022.3","999.9","999.9","  39.7","  2.5","  8.7"
"34504099999","48.6","34.9666666","143.0","1982-11-22","  33.0","000000","999.9","  40.1","  30.9"," 13.6"," 0.00","1030.7","999.9","999.9","  36.6","  3.0","  7.3"
"34504099999","48.6","34.9666666","143.0","1982-11-23","  32.1","100000","999.9","  40.1","  29.7","  7.8"," 0.00","1034.6","999.9","999.9","  34.0","  1.5","  4.4"
"34504099999","48.6","34.9666666","143.0","1982-11-24","  32.3","000000","999.9","  44.8","  31.8","  9.7"," 0.00","1031.8","999.9","999.9","  36.2","  2.8","  7.0"
"34504099999","48.6","34.9666666","143.0","1982-11-25","  29.5","100000","999.9","  35.6","  28.2"," 11.7"," 0.00","1029.6","999.9","999.9","  31.4","  1.3","  5.8"
"34504099999","48.6","34.9666666","143.0","1982-11-26","  31.2","000000","999.9","  36.3","  29.1"," 11.7"," 0.00","1027.9","999.9","999.9","  35.2","  2.5","  8.7"
"34504099999","48.6","34.9666666","143.0","1982-11-27","  29.4","100000","999.9","  34.7","  30.2","  7.8"," 0.00","1029.3","999.9","999.9","  32.3","  2.3","  5.3"
"34504099999","48.6","34.9666666","143.0","1982-11-28","  29.0","000000","999.9","  32.5","  29.5","  9.7"," 0.00","1031.2","999.9","999.9","  30.7","  2.5","  7.8"
"34504099999","48.6","34.9666666","143.0","1982-11-29","  25.4","011000","999.9","  28.4","  25.5","  3.9"," 0.00","1032.0","999.9","999.9","  26.9","  1.4","  0.6"
"34504099999","48.6","34.9666666","143.0","1982-11-30","  23.8","000000","999.9","  27.7","  23.7","  7.8"," 0.00","1030.4","999.9","999.9","  25.5","  1.3","  1.1"
"34504099999","48.6","34.9666666","143.0","1982-12-01","  26.9","010000","999.9","  36.7","  27.3"," 15.5"," 0.00","1031.2","999.9","999.9","  32.0","  1.8"," 10.3"
"34504099999","48.6","34.9666666","143.0","1982-12-02","  27.5","000000","999.9","  35.8","  25.7"," 25.3"," 0.00","1024.6","999.9","999.9","  31.9","  4.8"," 17.2"
"34504099999","48.6","34.9666666","143.0","1982-12-03","  14.2","001000","999.9","  35.4","  18.1"," 25.3"," 0.00","1026.9","999.9","999.9","  23.1","  5.9"," 18.2"
"34504099999","48.6","34.9666666","143.0","1982-12-04","   8.4","000000","999.9","  23.7","  14.7"," 11.7"," 0.00","1035.5","999.9","999.9","  18.8","  5.1","  7.8"
"34504099999","48.6","34.9666666","143.0","1982-12-05","  22.8","001000","999.9","  29.3","  16.0","  7.8"," 0.00","1034.6","999.9","999.9","  25.5","  2.1","  3.6"
"34504099999","48.6","34.9666666","143.0","1982-12-06","  22.4","001000","999.9","  28.9","  25.9"," 15.5"," 0.00","1031.2","999.9","999.9","  27.6","  5.1","  7.0"
"34504099999","48.6","34.9666666","143.0","1982-12-07","  28.3","001000","999.9","  38.7","  25.7"," 19.4"," 0.00","1017.8","999.9","999.9","  31.7","  4.1"," 15.3"
"34504099999","48.6","34.9666666","143.0","1982-12-08","  24.8","000000","999.9","  31.8","  22.5"," 11.7"," 0.02","1021.7","999.9","999.9","  27.7","  2.8","  7.3"
"34504099999","48.6","34.9666666","143.0","1982-12-09","  36.0","110000","999.9","  43.3","  27.0"," 17.5"," 0.00","1017.0","999.9","999.9","  36.9","  1.0"," 11.7"
"34504099999","48.6","34.9666666","143.0","1982-12-10","  42.8","010000","999.9","  45.5","  40.3"," 15.5"," 0.12","1008.3","999.9","999.9","  43.5","  1.7"," 13.6"
"34504099999","48.6","34.9666666","143.0","1982-12-11","  40.9","100000","999.9","  48.0","  37.4"," 19.4"," 0.00","1007.3","999.9","999.9","  41.6","  1.7"," 12.9"
"34504099999","48.6","34.9666666","143.0","1982-12-12","  45.3","110000","999.9","  48.9","  45.5"," 29.1"," 0.00","1007.4","999.9","999.9","  46.8","  2.7"," 12.6"
"34504099999","48.6","34.9666666","143.0","1982-12-13","  42.3","110000","999.9","  46.0","  41.9"," 13.6"," 0.00","1008.7","999.9","999.9","  43.4","  2.8"," 10.4"
"34504099999","48.6","34.9666666","143.0","1982-12-14","  34.8","010000","999.9","  43.0","  35.6"," 11.7"," 0.24","1013.6","999.9","999.9","  38.6","  3.7","  5.8"
"34504099999","48.6","34.9666666","143.0","1982-12-15","  32.0","111000","999.9","  35.8","  31.1","  9.7"," 0.00","1015.1","999.9","999.9","  34.1","  3.9","  1.5"
"34504099999","48.6","34.9666666","143.0","1982-12-16","  35.5","010000","999.9","  44.2","  30.7"," 25.3"," 0.00","1003.6","999.9","999.9","  38.8","  3.9"," 16.1"
"34504099999","48.6","34.9666666","143.0","1982-12-17","  40.7","000000","999.9","  47.3","  38.7"," 19.4"," 0.00","1002.4","999.9","999.9","  43.6","  3.6"," 12.9"
"34504099999","48.6","34.9666666","143.0","1982-12-18","  43.4","110000","999.9","  50.4","  38.3"," 17.5"," 0.01","1010.2","999.9","999.9","  45.6","  2.6"," 12.5"
"34504099999","48.6","34.9666666","143.0","1982-12-19","  43.6","010000","999.9","  49.3","  45.7"," 17.5"," 0.00","1011.4","999.9","999.9","  48.1","  5.3"," 13.4"
"34504099999","48.6","34.9666666","143.0","1982-12-20","  39.2","000000","999.9","  51.3","  38.1"," 11.7"," 0.00","1011.9","999.9","999.9","  43.8","  4.8","  8.3"
"34504099999","48.6","34.9666666","143.0","1982-12-21","  34.8","100000","999.9","  40.5","  33.3"," 13.6"," 0.00","1013.3","999.9","999.9","  35.8","  2.1","  9.7"
"34504099999","48.6","34.9666666","143.0","1982-12-22","  37.0","110000","999.9","  40.1","  35.2"," 11.7"," 0.00","1020.5","999.9","999.9","  37.0","  0.1","  8.9"
"34504099999","48.6","34.9666666","143.0","1982-12-23","  33.7","100000","999.9","  36.1","  32.4"," 11.7"," 0.00","1023.6","999.9","999.9","  33.7","  0.1","  9.2"
"34504099999","48.6","34.9666666","143.0","1982-12-24","  31.7","100000","999.9","  33.8","  30.6"," 11.7"," 0.00","1024.9","999.9","999.9","  31.9","  0.7","  8.1"
"34504099999","48.6","34.9666666","143.0","1982-12-25","  29.8","001000","999.9","  35.1","  28.0","  9.7"," 0.00","1020.6","999.9","999.9","  32.6","  2.0","  7.5"
"34504099999","48.6","34.9666666","143.0","1982-12-26","  30.7","011000","999.9","  32.9","  30.7","  7.8"," 0.00","1019.0","999.9","999.9","  31.9","  1.3","  6.3"
"34504099999","48.6","34.9666666","143.0","1982-12-27","  27.0","001000","999.9","  35.1","  28.2","  9.7"," 0.00","1018.6","999.9","999.9","  29.9","  1.7","  8.0"
"34504099999","48.6","34.9666666","143.0","1982-12-28","  27.6","001000","999.9","  32.5","  27.5"," 15.5","99.99","1013.2","  1.2","999.9","  30.0","  1.8"," 10.5"
"34504099999","48.6","34.9666666","143.0","1982-12-29","  32.6","101000","999.9","  33.6","  32.0"," 11.7"," 0.04","1008.6","  0.4","999.9","  32.7","  0.6","  6.9"
"34504099999","48.6","34.9666666","143.0","1982-12-30","  27.8","001000","999.9","  33.1","  28.6"," 13.6"," 0.02","1012.3","999.9","999.9","  30.5","  2.0"," 10.0"
"34504099999","48.6","34.9666666","143.0","1982-12-31","  23.6","011000","999.9","  29.8","  24.6"," 17.5"," 0.03","1016.6","999.9","999.9","  27.3","  3.9"," 13.6"
"34504099999","48.6","34.9666666","143.0","1983-01-01","  18.2","001000","999.9","  23.7","  19.0"," 11.7"," 0.04","1018.7","999.9","999.9","  21.9","  5.0","  9.4"
"34504099999","48.6","34.9666666","143.0","1983-01-02","  10.1","001000","999.9","  17.2","  11.7","  7.8"," 0.04","1020.6","999.9","999.9","  14.1","  1.6","  4.4"
"34504099999","48.6","34.9666666","143.0","1983-01-03","  10.3","101000","999.9","  15.4","  11.1","  9.7"," 0.08","1021.7","999.9","999.9","  13.3","  1.5","  7.0"
"34504099999","48.6","34.9666666","143.0","1983-01-04","   9.7","100000","999.9","  15.1","   9.7","  5.8"," 0.04","1025.8","999.9","999.9","  12.2","  1.3","  1.2"
"34504099999","48.6","34.9666666","143.0","1983-01-05","  15.2","101000","999.9","  22.5","  13.6"," 15.5"," 0.00","1021.9","999.9","999.9","  18.0","  1.2"," 10.0"
"34504099999","48.6","34.9666666","143.0","1983-01-06","  22.2","101000","999.9","  30.7","  17.2"," 11.7"," 0.01","1025.3","  2.4","999.9","  24.1","  1.1","  9.2"
"34504099999","48.6","34.9666666","143.0","1983-01-07","  31.8","000000","999.9","  34.9","  29.5"," 15.5"," 0.00","1028.2","999.9","999.9","  32.7","  1.4"," 12.1"
"34504099999","48.6","34.9666666","143.0","1983-01-08","  31.0","000000","999.9","  35.8","  28.4"," 15.5"," 0.00","1025.9","  0.8","999.9","  33.3","  2.7"," 10.9"
"34504099999","48.6","34.9666666","143.0","1983-01-09","  27.7","001000","999.9","  32.5","  23.7","  9.7"," 0.00","1027.2","999.9","999.9","  29.3","  1.6","  5.6"
"34504099999","48.6","34.9666666","143.0","1983-01-10","  28.4","001000","999.9","  33.3","  25.0"," 13.6"," 0.01","1023.9","999.9","999.9","  31.2","  2.2"," 10.0"
"34504099999","48.6","34.9666666","143.0","1983-01-11","  31.6","011000","999.9","  35.4","  30.0"," 15.5"," 0.00","1019.9","999.9","999.9","  33.1","  1.8"," 11.1"
"34504099999","48.6","34.9666666","143.0","1983-01-12","  27.6","000000","999.9","  35.1","  29.1"," 15.5"," 0.04","1028.9","999.9","999.9","  31.7","  5.1","  9.2"
"34504099999","48.6","34.9666666","143.0","1983-01-13","  33.5","110000","999.9","  36.5","  31.6"," 13.6"," 0.00","1028.1","999.9","999.9","  33.7","  0.2","  7.8"
"34504099999","48.6","34.9666666","143.0","1983-01-14","  35.3","100000","999.9","  41.0","  31.3"," 15.5"," 0.00","1016.8","999.9","999.9","  36.0","  1.3"," 12.8"
"34504099999","48.6","34.9666666","143.0","1983-01-15","  35.6","110000","999.9","  37.0","  35.4"," 13.6"," 0.00","1005.3","999.9","999.9","  36.2","  2.0"," 10.8"
"34504099999","48.6","34.9666666","143.0","1983-01-16","  35.3","010000","999.9","  44.6","  32.0"," 19.4"," 0.02"," 996.4","999.9","999.9","  38.1","  1.8"," 13.6"
"34504099999","48.6","34.9666666","143.0","1983-01-17","  30.5","101000","999.9","  32.0","  28.4","  7.8"," 0.00","1003.7","999.9","999.9","  31.0","  0.3","  4.1"
"34504099999","48.6","34.9666666","143.0","1983-01-18","  27.5","011000","999.9","  34.0","  24.8"," 15.5"," 0.01","1006.2","999.9","999.9","  29.8","  1.4"," 10.8"
"34504099999","48.6","34.9666666","143.0","1983-01-19","  28.9","000000","999.9","  38.1","  31.6"," 17.5"," 0.00"," 997.3","999.9","999.9","  34.1","  5.1"," 13.6"
"34504099999","48.6","34.9666666","143.0","1983-01-20","  21.9","010000","999.9","  32.9","  26.6"," 15.5"," 0.01","1006.3","999.9","999.9","  29.1","  5.7"," 13.8"
"34504099999","48.6","34.9666666","143.0","1983-01-21","  21.5","011000","999.9","  29.7","  23.9"," 17.5"," 0.00","1016.1","999.9","999.9","  27.3","  3.3","  9.5"
"34504099999","48.6","34.9666666","143.0","1983-01-22","  23.9","011000","999.9","  37.6","  25.5"," 29.1"," 0.02","1007.5","999.9","999.9","  30.0","  4.9"," 24.5"
"34504099999","48.6","34.9666666","143.0","1983-01-23","  18.0","000000","999.9","  29.8","  23.7"," 23.3"," 0.00","1010.8","  0.4","999.9","  27.0","  6.2"," 13.4"
"34504099999","48.6","34.9666666","143.0","1983-01-24","  12.2","001000","999.9","  28.0","  15.4"," 13.6"," 0.02","1021.3","999.9","999.9","  19.5","  5.7"," 13.1"
"34504099999","48.6","34.9666666","143.0","1983-01-25","   9.4","000000","999.9","  23.2","  11.8"," 11.7"," 0.00","1035.6","999.9","999.9","  14.5","  4.1","  6.9"
"34504099999","48.6","34.9666666","143.0","1983-01-26","  23.0","001000","999.9","  32.9","  13.3"," 17.5"," 0.00","1024.8","999.9","999.9","  25.7","  2.4"," 10.5"
"34504099999","48.6","34.9666666","143.0","1983-01-27","  32.9","000000","999.9","  37.2","  30.2"," 11.7"," 0.00","1014.0","  0.4","999.9","  34.9","  1.4"," 10.7"
"34504099999","48.6","34.9666666","143.0","1983-01-28","  34.5","010000","999.9","  46.8","  28.9"," 23.3"," 0.04"," 999.9","999.9","999.9","  39.4","  3.9"," 15.3"
"34504099999","48.6","34.9666666","143.0","1983-01-29","  28.9","000000","999.9","  39.2","  33.1"," 17.5"," 0.00","1004.6","999.9","999.9","  35.7","  5.1"," 12.5"
"34504099999","48.6","34.9666666","143.0","1983-01-30","  32.4","010000","999.9","  42.6","  33.1"," 19.4"," 0.12","1003.0","999.9","999.9","  37.3","  3.6"," 14.3"
"34504099999","48.6","34.9666666","143.0","1983-01-31","  32.2","110000","999.9","  37.6","  27.7"," 11.7"," 0.16","1005.0","999.9","999.9","  33.4","  1.3","  6.9"
"34504099999","48.6","34.9666666","143.0","1983-02-01","  31.6","111000","999.9","  38.1","  30.7"," 13.6"," 0.16","1007.4","999.9","999.9","  34.2","  1.4","  7.2"
"34504099999","48.6","34.9666666","143.0","1983-02-02","  31.4","001000","999.9","  40.8","  29.8"," 17.5"," 0.00","1010.5","999.9","999.9","  34.6","  1.9"," 12.4"
"34504099999","48.6","34.9666666","143.0","1983-02-03","  32.9","110000","999.9","  40.3","  33.8"," 11.7"," 0.00","1013.3","999.9","999.9","  36.3","  1.0","  2.7"
"34504099999","48.6","34.9666666","143.0","1983-02-04","  31.6","011000","999.9","  37.8","  31.3"," 17.5"," 0.00","1010.0","999.9","999.9","  33.2","  1.2"," 11.2"
"34504099999","48.6","34.9666666","143.0","1983-02-05","  28.2","001000","999.9","  34.9","  26.4"," 23.3"," 0.08","1005.0","999.9","999.9","  30.3","  5.2"," 17.7"
"34504099999","48.6","34.9666666","143.0","1983-02-06","  17.1","000000","999.9","  33.8","  21.6"," 15.5"," 0.00","1014.0","999.9","999.9","  27.4","  3.7","  6.7"
"34504099999","48.6","34.9666666","143.0","1983-02-07","  22.8","000000","999.9","  34.3","  18.3"," 13.6"," 0.00","1018.3","999.9","999.9","  27.1","  3.7","  7.0"
"34504099999","48.6","34.9666666","143.0","1983-02-08","  33.2","011000","999.9","  37.9","  30.2"," 15.5"," 0.00","1016.2","999.9","999.9","  35.0","  2.2"," 13.8"
"34504099999","48.6","34.9666666","143.0","1983-02-09","  36.4","110000","999.9","  41.2","  35.8"," 15.5"," 0.16","1016.6","999.9","999.9","  38.4","  1.1","  7.3"
"34504099999","48.6","34.9666666","143.0","1983-02-10","  37.8","110000","999.9","  61.0","  32.7"," 11.7"," 0.00","1017.1","999.9","999.9","  40.9","  1.0","  6.3"
"34504099999","48.6","34.9666666","143.0","1983-02-11","  40.2","100000","999.9","  53.8","  38.5"," 15.5"," 0.00","1013.1","999.9","999.9","  43.0","  2.7"," 11.3"
"34504099999","48.6","34.9666666","143.0","1983-02-12","  41.6","000000","999.9","  55.6","  39.9"," 19.4"," 0.00","1006.8","999.9","999.9","  45.9","  4.7"," 12.9"
"34504099999","48.6","34.9666666","143.0","1983-02-13","  31.2","000000","999.9","  43.0","  32.7"," 23.3"," 0.00","1007.4","999.9","999.9","  37.8","  5.0","  9.7"
"34504099999","48.6","34.9666666","143.0","1983-02-14","  25.0","001000","999.9","  31.8","  23.7"," 15.5","99.99","1012.1","999.9","999.9","  27.9","  1.7","  9.7"
"34504099999","48.6","34.9666666","143.0","1983-02-15","  18.7","001000","999.9","  25.2","  19.6","  7.8"," 0.12","1018.8","  0.4","999.9","  22.3","  1.6","  1.5"
"34504099999","48.6","34.9666666","143.0","1983-02-16","  12.1","001000","999.9","  28.9","  14.7","  7.8"," 0.00","1017.4","999.9","999.9","  16.9","  3.7","  5.2"
"34504099999","48.6","34.9666666","143.0","1983-02-17","  13.9","001000","999.9","  20.7","  13.3","  3.9"," 0.08","1011.2","  1.6","999.9","  16.8","  2.0","  1.1"
"34504099999","48.6","34.9666666","143.0","1983-02-18","  12.9","001000","999.9","  19.4","  12.7"," 17.5"," 0.00","1015.7","999.9","999.9","  17.0","  2.7","  6.1"
"34504099999","48.6","34.9666666","143.0","1983-02-19","  17.8","011000","999.9","  30.2","  11.5"," 17.5"," 0.39","1014.4","999.9","999.9","  19.7","  0.9"," 15.3"
"34504099999","48.6","34.9666666","143.0","1983-02-20","  27.6","101000","999.9","  32.9","  26.2"," 13.6"," 0.33","1011.2","999.9","999.9","  29.3","  1.7","  8.0"
"34504099999","48.6","34.9666666","143.0","1983-02-21","  22.9","111000","999.9","  27.5","  20.3","  9.7"," 0.00","1013.2","  3.5","999.9","  24.8","  1.3","  6.7"
"34504099999","48.6","34.9666666","143.0","1983-02-22","  18.9","001000","999.9","  28.0","  19.2","  5.8"," 0.02","1019.7","999.9","999.9","  23.3","  3.2","  2.2"
"34504099999","48.6","34.9666666","143.0","1983-02-23","  18.6","100000","999.9","  26.2","  15.3","  5.8"," 0.01","1025.6","999.9","999.9","  21.5","  3.1","  2.4"
"34504099999","48.6","34.9666666","143.0","1983-02-24","  12.2","000000","999.9","  26.6","   7.7","  9.7"," 0.00","1030.4","999.9","999.9","  20.3","  3.0","  4.1"
"34504099999","48.6","34.9666666","143.0","1983-02-25","  23.3","001000","999.9","  30.4","  26.2"," 15.5"," 0.00","1027.2","999.9","999.9","  28.5","  5.1"," 12.4"
"34504099999","48.6","34.9666666","143.0","1983-02-26","  20.4","000000","999.9","  34.0","  18.7"," 11.7"," 0.00","1018.1","  3.1","999.9","  27.1","  3.9","  8.7"
"34504099999","48.6","34.9666666","143.0","1983-02-27","  21.4","000000","999.9","  35.4","  17.8","  7.8"," 0.00","1012.8","999.9","999.9","  27.5","  2.6","  3.4"
"34504099999","48.6","34.9666666","143.0","1983-02-28","  14.8","000000","999.9","  32.2","  17.2","  5.8"," 0.00","1015.8","999.9","999.9","  24.4","  5.7","  0.7"
"34504099999","48.6","34.9666666","143.0","1983-03-01","   3.8","000000","999.9","  18.0","   3.2"," 15.5"," 0.00","1028.7","999.9","999.9","  10.7","  6.2","  7.3"
"34504099999","48.6","34.9666666","143.0","1983-03-02","   5.8","000000","999.9","  21.6","   6.1","  5.8"," 0.00","1032.8","999.9","999.9","  14.5","  6.2","  3.3"
"34504099999","48.6","34.9666666","143.0","1983-03-03","   7.6","001000","999.9","  22.1","   8.8"," 11.7"," 0.00","1029.1","999.9","999.9","  15.7","  7.5","  3.4"
"34504099999","48.6","34.9666666","143.0","1983-03-04","   6.6","001000","999.9","  19.6","  10.9","  7.8"," 0.00","1026.4","999.9","999.9","  14.8","  3.5","  3.2"
"34504099999","48.6","34.9666666","143.0","1983-03-05","   8.2","001000","999.9","  22.8","   7.0"," 11.7"," 0.00","1023.7","999.9","999.9","  16.2","  4.3","  2.5"
"34504099999","48.6","34.9666666","143.0","1983-03-06","  22.1","001000","999.9","  33.4","  13.1"," 19.4"," 0.01","1012.2","999.9","999.9","  25.0","  2.2"," 14.6"
"34504099999","48.6","34.9666666","143.0","1983-03-07","  33.4","011000","999.9","  37.4","  32.5"," 17.5"," 0.16"," 998.4","  0.8","999.9","  34.8","  2.1"," 13.6"
"34504099999","48.6","34.9666666","143.0","1983-03-08","  18.4","001000","999.9","  34.7","  23.5"," 33.0"," 0.00","1003.3","999.9","999.9","  27.9","  6.2"," 23.6"
"34504099999","48.6","34.9666666","143.0","1983-03-09","  24.4","011000","999.9","  35.4","  19.9"," 15.5"," 0.01","1008.0","999.9","999.9","  27.7","  3.9"," 10.9"
"34504099999","48.6","34.9666666","143.0","1983-03-10","  35.4","010000","999.9","  40.8","  34.5"," 25.3"," 0.16","1002.5","999.9","999.9","  38.3","  2.8"," 13.2"
"34504099999","48.6","34.9666666","143.0","1983-03-11","  37.8","010000","999.9","  44.1","  36.5"," 23.3"," 0.00"," 996.5","999.9","999.9","  40.0","  2.4"," 14.8"
"34504099999","48.6","34.9666666","143.0","1983-03-12","  15.0","001000","999.9","  25.7","  20.5"," 31.1"," 0.06","1010.5","999.9","999.9","  23.5","  3.2"," 24.0"
"34504099999","48.6","34.9666666","143.0","1983-03-13","  18.2","001000","999.9","  31.6","  20.1"," 15.5"," 0.55","1029.2","999.9","999.9","  26.6","  5.7","  8.3"
"34504099999","48.6","34.9666666","143.0","1983-03-14","  22.5","000000","999.9","  39.6","  22.1","  9.7"," 0.00","1032.8","999.9","999.9","  30.9","  5.7","  3.4"
"34504099999","48.6","34.9666666","143.0","1983-03-15","  25.9","000000","999.9","  44.8","  27.5","  1.9"," 0.00","1030.0","999.9","999.9","  33.8","  5.7","  0.2"
"34504099999","48.6","34.9666666","143.0","1983-03-16","  29.2","000000","999.9","  46.8","  30.4","  7.8"," 0.00","1028.1","999.9","999.9","  37.9","  5.7","  3.9"
"34504099999","48.6","34.9666666","143.0","1983-03-17","  33.6","000000","999.9","  52.5","  30.9"," 11.7"," 0.00","1027.3","999.9","999.9","  40.0","  3.1","  3.2"
"34504099999","48.6","34.9666666","143.0","1983-03-18","  35.7","100000","999.9","  51.3","  30.9","  7.8"," 0.00","1023.6","999.9","999.9","  41.2","  2.8","  3.9"
"34504099999","48.6","34.9666666","143.0","1983-03-19","  33.5","100000","999.9","  39.6","  30.9"," 13.6"," 0.00","1021.5","999.9","999.9","  34.5","  0.7","  7.1"
"34504099999","48.6","34.9666666","143.0","1983-03-20","  33.9","100000","999.9","  40.3","  31.8","  7.8"," 0.00","1019.1","999.9","999.9","  35.1","  0.6","  4.1"
"34504099999","48.6","34.9666666","143.0","1983-03-21","  38.2","100000","999.9","  53.8","  33.3","  3.9"," 0.00","1013.3","999.9","999.9","  40.9","  0.9","  0.6"
"34504099999","48.6","34.9666666","143.0","1983-03-22","  40.1","000000","999.9","  52.7","  36.3"," 15.5"," 0.00","1010.2","999.9","999.9","  44.0","  0.9","  5.1"
"34504099999","48.6","34.9666666","143.0","1983-03-23","  38.1","010000","999.9","  56.5","  35.1"," 23.3"," 0.00","1006.1","999.9","999.9","  44.8","  2.5"," 15.1"
"34504099999","48.6","34.9666666","143.0","1983-03-24","  31.0","000000","999.9","  50.7","  32.7"," 11.7"," 0.12","1017.3","999.9","999.9","  42.0","  4.9","  8.9"
"34504099999","48.6","34.9666666","143.0","1983-03-25","  37.1","000000","999.9","  61.3","  34.5"," 17.5"," 0.00","1016.1","999.9","999.9","  48.9","  4.6"," 13.9"
"34504099999","48.6","34.9666666","143.0","1983-03-26","  43.2","000000","999.9","  70.5","  41.9"," 17.5"," 0.00","1009.4","999.9","999.9","  55.8","  5.1"," 13.8"
"34504099999","48.6","34.9666666","143.0","1983-03-27","  37.7","010000","999.9","  75.4","  45.7"," 25.3"," 0.00","1007.2","999.9","999.9","  58.6","  5.7"," 16.5"
"34504099999","48.6","34.9666666","143.0","1983-03-28","  40.9","000000","999.9","  70.9","  45.3"," 19.4"," 0.00","1009.3","999.9","999.9","  57.7","  6.2"," 13.8"
"34504099999","48.6","34.9666666","143.0","1983-03-29","  38.3","000000","999.9","  61.3","  38.1","  9.7"," 0.00","1021.2","999.9","999.9","  50.9","  5.7","  4.1"
"34504099999","48.6","34.9666666","143.0","1983-03-30","  38.4","000000","999.9","  66.4","  41.9","  7.8"," 0.00","1021.1","999.9","999.9","  54.9","  5.7","  4.4"
"34504099999","48.6","34.9666666","143.0","1983-03-31","  35.0","000000","999.9","  69.4","  45.1"," 11.7"," 0.00","1018.6","999.9","999.9","  55.3","  6.2","  7.8"
"34504099999","48.6","34.9666666","143.0","1983-04-01","  32.3","000000","999.9","  67.6","  43.2"," 15.5"," 0.00","1012.7","999.9","999.9","  56.1","  5.8"," 12.3"
"34504099999","48.6","34.9666666","143.0","1983-04-02","  32.8","000000","999.9","  66.4","  48.0"," 19.4"," 0.00","1009.5","999.9","999.9","  55.1","  5.9"," 16.9"
"34504099999","48.6","34.9666666","143.0","1983-04-03","  36.4","000000","999.9","  66.6","  44.6"," 15.5"," 0.00","1009.9","999.9","999.9","  54.9","  6.2"," 12.3"
"34504099999","48.6","34.9666666","143.0","1983-04-04","  46.4","010000","999.9","  65.1","  48.7"," 13.6"," 0.00","1008.8","999.9","999.9","  54.4","  5.3"," 11.2"
"34504099999","48.6","34.9666666","143.0","1983-04-05","  45.4","010000","999.9","  56.7","  41.7"," 54.4"," 0.08","1003.6","999.9","999.9","  49.2","  3.0"," 16.3"
"34504099999","48.6","34.9666666","143.0","1983-04-06","  40.5","010000","999.9","  62.2","  44.6"," 21.4"," 0.00","1005.1","999.9","999.9","  52.0","  5.6"," 16.8"
"34504099999","48.6","34.9666666","143.0","1983-04-07","  46.0","010000","999.9","  50.4","  46.4"," 13.6"," 0.08","1011.2","999.9","999.9","  47.8","  1.6"," 10.0"
"34504099999","48.6","34.9666666","143.0","1983-04-08","  41.9","100000","999.9","  62.4","  43.7"," 15.5"," 0.63","1014.6","999.9","999.9","  52.0","  1.7","  5.8"
"34504099999","48.6","34.9666666","143.0","1983-04-09","  40.5","000000","999.9","  69.3","  42.1"," 13.6"," 0.00","1018.1","999.9","999.9","  56.4","  4.8","  9.2"
"34504099999","48.6","34.9666666","143.0","1983-04-10","  39.2","000000","999.9","  72.3","  45.5"," 13.6"," 0.00","1014.5","999.9","999.9","  55.3","  5.3"," 12.1"
"34504099999","48.6","34.9666666","143.0","1983-04-11","  34.2","000000","999.9","  58.3","  42.6"," 11.7"," 0.00","1018.1","999.9","999.9","  49.2","  2.1","  6.1"
"34504099999","48.6","34.9666666","143.0","1983-04-12","  40.6","000000","999.9","  65.8","  40.5"," 13.6"," 0.00","1015.9","999.9","999.9","  53.7","  5.0","  8.7"
"34504099999","48.6","34.9666666","143.0","1983-04-13","  44.8","000000","999.9","  72.7","  45.7"," 17.5"," 0.00","1012.1","999.9","999.9","  57.7","  4.5"," 14.3"
"34504099999","48.6","34.9666666","143.0","1983-04-14","  43.3","000000","999.9","  76.8","  46.8"," 23.3"," 0.00","1006.8","999.9","999.9","  58.4","  7.0"," 17.7"
"34504099999","48.6","34.9666666","143.0","1983-04-15","  26.3","000000","999.9","  52.5","  34.7"," 17.5"," 0.00","1013.4","999.9","999.9","  44.2","  6.2"," 12.8"
"34504099999","48.6","34.9666666","143.0","1983-04-16","  29.1","000000","999.9","  54.0","  35.6"," 13.6"," 0.00","1014.8","999.9","999.9","  44.2","  4.3","  9.5"
"34504099999","48.6","34.9666666","143.0","1983-04-17","  29.5","000000","999.9","  49.3","  35.6"," 15.5"," 0.00","1013.9","999.9","999.9","  42.8","  5.1"," 12.4"
"34504099999","48.6","34.9666666","143.0","1983-04-18","  39.4","010000","999.9","  42.3","  32.7"," 17.5"," 0.08","1012.4","999.9","999.9","  41.0","  1.7"," 11.4"
"34504099999","48.6","34.9666666","143.0","1983-04-19","  36.4","000000","999.9","  54.5","  40.6"," 11.7"," 0.00","1023.1","999.9","999.9","  46.5","  4.7","  6.9"
"34504099999","48.6","34.9666666","143.0","1983-04-20","  36.9","010000","999.9","  56.8","  38.7"," 13.6"," 0.00","1025.4","999.9","999.9","  49.4","  4.9","  7.0"
"34504099999","48.6","34.9666666","143.0","1983-04-21","  45.8","010000","999.9","  51.3","  48.2"," 13.6"," 0.00","1024.5","999.9","999.9","  49.6","  3.4"," 11.7"
"34504099999","48.6","34.9666666","143.0","1983-04-22","  43.3","100000","999.9","  66.4","  41.9","  9.7"," 0.00","1024.3","999.9","999.9","  51.6","  3.6","  6.5"
"34504099999","48.6","34.9666666","143.0","1983-04-23","  40.6","000000","999.9","  71.8","  45.5"," 13.6"," 0.00","1019.4","999.9","999.9","  61.0","  4.6","  7.5"
"34504099999","48.6","34.9666666","143.0","1983-04-24","  36.0","000000","999.9","  72.7","  44.6"," 11.7"," 0.00","1017.8","999.9","999.9","  61.7","  4.7","  2.7"
"34504099999","48.6","34.9666666","143.0","1983-04-25","  37.0","000000","999.9","  74.3","  53.8"," 11.7"," 0.00","1016.8","999.9","999.9","  64.3","  5.1","  3.9"
"34504099999","48.6","34.9666666","143.0","1983-04-26","  37.1","000000","999.9","  76.3","  50.7","  9.7"," 0.00","1017.3","999.9","999.9","  63.6","  3.0","  5.3"
"34504099999","48.6","34.9666666","143.0","1983-04-27","  42.1","000000","999.9","  73.9","  50.7"," 15.5"," 0.00","1016.9","999.9","999.9","  62.2","  6.2"," 12.2"
"34504099999","48.6","34.9666666","143.0","1983-04-28","  43.9","000000","999.9","  77.0","  49.6"," 17.5"," 0.00","1015.9","999.9","999.9","  64.0","  6.2"," 14.6"
"34504099999","48.6","34.9666666","143.0","1983-04-29","  51.2","010000","999.9","  75.2","  50.9"," 13.6"," 0.00","1016.4","999.9","999.9","  61.1","  4.6"," 10.5"
"34504099999","48.6","34.9666666","143.0","1983-04-30","  54.1","010010","999.9","  69.4","  50.9"," 11.7"," 0.00","1012.5","999.9","999.9","  61.1","  4.6","  4.9"
"34504099999","48.6","34.9666666","143.0","1983-05-01","  51.1","000000","999.9","  70.7","  53.4"," 15.5"," 0.04","1007.7","999.9","999.9","  61.7","  4.1"," 10.3"
"34504099999","48.6","34.9666666","143.0","1983-05-02","  54.0","010000","999.9","  71.8","  52.2"," 23.3"," 0.00","1000.7","999.9","999.9","  61.9","  4.8"," 13.4"
"34504099999","48.6","34.9666666","143.0","1983-05-03","  48.3","010010","999.9","  65.5","  51.6"," 19.4"," 0.04"," 994.0","999.9","999.9","  56.7","  4.7"," 13.4"
"34504099999","48.6","34.9666666","143.0","1983-05-04","  48.8","010000","999.9","  59.7","  48.9"," 17.5"," 0.28","1000.3","999.9","999.9","  53.0","  3.3"," 13.4"
"34504099999","48.6","34.9666666","143.0","1983-05-05","  47.6","010000","999.9","  51.3","  47.1"," 17.5"," 0.00","1009.4","999.9","999.9","  48.9","  2.1"," 13.6"
"34504099999","48.6","34.9666666","143.0","1983-05-06","  45.7","010000","999.9","  55.4","  45.5","  7.8"," 0.12","1012.5","999.9","999.9","  49.8","  1.9","  6.3"
"34504099999","48.6","34.9666666","143.0","1983-05-07","  43.6","000000","999.9","  55.9","  43.9"," 11.7"," 0.00","1012.6","999.9","999.9","  49.1","  3.1","  6.3"
"34504099999","48.6","34.9666666","143.0","1983-05-08","  44.8","110000","999.9","  55.0","  43.9"," 11.7"," 0.00","1012.1","999.9","999.9","  49.8","  2.8","  1.9"
"34504099999","48.6","34.9666666","143.0","1983-05-09","  45.1","010000","999.9","  60.4","  46.4","  9.7"," 0.00","1014.0","999.9","999.9","  52.6","  3.4","  2.9"
"34504099999","48.6","34.9666666","143.0","1983-05-10","  42.6","000000","999.9","  66.4","  45.0"," 11.7"," 0.00","1013.5","999.9","999.9","  56.5","  3.7","  6.1"
"34504099999","48.6","34.9666666","143.0","1983-05-11","  41.7","000000","999.9","  68.7","  52.0"," 11.7"," 0.00","1011.3","999.9","999.9","  60.7","  4.1","  6.9"
"34504099999","48.6","34.9666666","143.0","1983-05-12","  44.9","000000","999.9","  70.3","  53.2","  9.7"," 0.00","1013.2","999.9","999.9","  62.1","  3.5","  4.2"
"34504099999","48.6","34.9666666","143.0","1983-05-13","  46.7","000000","999.9","  74.5","  52.9"," 11.7"," 0.00","1015.7","999.9","999.9","  63.3","  3.5","  3.3"
"34504099999","48.6","34.9666666","143.0","1983-05-14","  50.1","000000","999.9","  77.2","  56.5","  7.8"," 0.00","1017.9","999.9","999.9","  67.8","  4.8","  1.7"
"34504099999","48.6","34.9666666","143.0","1983-05-15","  50.2","000000","999.9","  81.7","  55.4","  3.9"," 0.00","1020.6","999.9","999.9","  71.7","  4.3","  0.5"
"34504099999","48.6","34.9666666","143.0","1983-05-16","  49.9","000000","999.9","  83.7","  63.7"," 11.7"," 0.00","1020.9","999.9","999.9","  73.7","  8.9","  7.0"
"34504099999","48.6","34.9666666","143.0","1983-05-17","  52.2","000000","999.9","  81.9","  59.5"," 15.5"," 0.00","1019.4","999.9","999.9","  70.6","  5.6"," 11.4"
"34504099999","48.6","34.9666666","143.0","1983-05-18","  53.8","000000","999.9","  88.0","  62.2"," 17.5"," 0.00","1018.8","999.9","999.9","  74.1","  6.2"," 11.9"
"34504099999","48.6","34.9666666","143.0","1983-05-19","  56.4","000000","999.9","  86.2","  60.6"," 17.5"," 0.00","1014.5","999.9","999.9","  72.4","  6.2"," 13.1"
"34504099999","48.6","34.9666666","143.0","1983-05-20","  56.5","000000","999.9","  84.4","  64.0"," 13.6"," 0.00","1010.8","999.9","999.9","  73.7","  6.2"," 11.0"
"34504099999","48.6","34.9666666","143.0","1983-05-21","  60.9","010010","999.9","  88.9","  64.8"," 15.5"," 0.00","1011.8","999.9","999.9","  72.9","  9.2","  9.4"
"34504099999","48.6","34.9666666","143.0","1983-05-22","  58.4","000000","999.9","  84.2","  62.4"," 11.7"," 0.16","1013.9","999.9","999.9","  72.7","  4.8","  7.0"
"34504099999","48.6","34.9666666","143.0","1983-05-23","  56.3","000000","999.9","  87.4","  65.5"," 15.5"," 0.00","1013.7","999.9","999.9","  75.7","  6.2"," 10.9"
"34504099999","48.6","34.9666666","143.0","1983-05-24","  47.6","000000","999.9","  89.1","  64.6"," 17.5"," 0.00","1011.9","999.9","999.9","  76.3","  6.2"," 12.5"
"34504099999","48.6","34.9666666","143.0","1983-05-25","  53.0","000010","999.9","  87.6","  59.7","  9.7"," 0.00","1008.5","999.9","999.9","  73.1","  5.7","  6.3"
"34504099999","48.6","34.9666666","143.0","1983-05-26","  59.2","010000","999.9","  77.7","  60.3","  7.8"," 0.00","1010.2","999.9","999.9","  68.9","  4.8","  6.1"
"34504099999","48.6","34.9666666","143.0","1983-05-27","  53.4","000000","999.9","  81.5","  59.0","  5.8"," 0.00","1012.2","999.9","999.9","  71.2","  6.2","  2.7"
"34504099999","48.6","34.9666666","143.0","1983-05-28","  55.8","000000","999.9","  81.1","  61.3"," 13.6"," 0.00","1012.1","999.9","999.9","  70.8","  6.2","  5.3"
"34504099999","48.6","34.9666666","143.0","1983-05-29","  51.2","000000","999.9","  80.4","  55.8"," 19.4"," 0.00","1012.4","999.9","999.9","  68.3","  5.7","  7.5"
"34504099999","48.6","34.9666666","143.0","1983-05-30","  57.6","000010","999.9","  77.4","  56.7"," 13.6"," 0.51","1015.2","999.9","999.9","  64.4","  5.1","  8.9"
"34504099999","48.6","34.9666666","143.0","1983-05-31","  48.0","000000","999.9","  79.0","  57.4"," 13.6"," 0.00","1017.4","999.9","999.9","  68.4","  6.2"," 10.4"
"34504099999","48.6","34.9666666","143.0","1983-06-01","  47.4","000000","999.9","  79.2","  61.3"," 15.5"," 0.00","1017.8","999.9","999.9","  71.8","  6.2"," 11.9"
"34504099999","48.6","34.9666666","143.0","1983-06-02","  44.3","000000","999.9","  81.1","  61.2"," 15.5"," 0.00","1018.8","999.9","999.9","  71.6","  5.3"," 11.2"
"34504099999","48.6","34.9666666","143.0","1983-06-03","  46.7","000000","999.9","  84.6","  61.3"," 15.5"," 0.00","1019.4","999.9","999.9","  72.5","  9.8"," 11.7"
"34504099999","48.6","34.9666666","143.0","1983-06-04","  52.4","000000","999.9","  80.8","  63.3"," 11.7"," 0.00","1020.5","999.9","999.9","  72.9","  6.2","  5.5"
"34504099999","48.6","34.9666666","143.0","1983-06-05","  49.7","000000","999.9","  77.4","  61.5"," 15.5"," 0.00","1018.1","999.9","999.9","  69.9","  5.7"," 10.0"
"34504099999","48.6","34.9666666","143.0","1983-06-06","  52.0","010000","999.9","  83.7","  56.5"," 21.4"," 0.00","1008.3","999.9","999.9","  70.3","  5.5","  8.7"
"34504099999","48.6","34.9666666","143.0","1983-06-07","  46.5","010000","999.9","  71.6","  50.2"," 19.4"," 0.24","1011.7","999.9","999.9","  56.7","  5.1"," 14.4"
"34504099999","48.6","34.9666666","143.0","1983-06-08","  39.6","000000","999.9","  63.9","  47.1"," 13.6"," 0.00","1019.9","999.9","999.9","  56.5","  6.2"," 12.5"
"34504099999","48.6","34.9666666","143.0","1983-06-09","  43.2","000000","999.9","  67.1","  45.5"," 15.5"," 0.00","1020.9","999.9","999.9","  59.2","  6.2","  8.7"
"34504099999","48.6","34.9666666","143.0","1983-06-10","  43.8","000000","999.9","  73.6","  48.2"," 11.7"," 0.00","1015.4","999.9","999.9","  63.2","  6.2","  7.5"
"34504099999","48.6","34.9666666","143.0","1983-06-11","  53.7","010000","999.9","  67.6","  56.3"," 13.6"," 0.00","1010.7","999.9","999.9","  62.2","  5.7","  8.6"
"34504099999","48.6","34.9666666","143.0","1983-06-12","  49.7","000000","999.9","  69.4","  57.2"," 11.7"," 0.00","1013.4","999.9","999.9","  62.4","  4.6","  6.7"
"34504099999","48.6","34.9666666","143.0","1983-06-13","  48.6","000000","999.9","  73.6","  53.1"," 11.7"," 0.00","1014.5","999.9","999.9","  64.5","  7.2","  5.3"
"34504099999","48.6","34.9666666","143.0","1983-06-14","  50.2","000000","999.9","  77.9","  55.9","  7.8"," 0.00","1015.2","999.9","999.9","  68.3","  9.8","  2.5"
"34504099999","48.6","34.9666666","143.0","1983-06-15","  52.9","010000","999.9","  77.2","  57.0"," 15.5"," 0.04","1011.9","999.9","999.9","  66.0","  5.3","  5.8"
"34504099999","48.6","34.9666666","143.0","1983-06-16","  56.7","010010","999.9","  82.6","  58.6","  3.9"," 0.01","1011.8","999.9","999.9","  70.5","  7.0","  1.0"
"34504099999","48.6","34.9666666","143.0","1983-06-17","  60.6","010000","999.9","  77.7","  60.1"," 11.7"," 0.28","1011.8","999.9","999.9","  67.3","  3.9","  7.0"
"34504099999","48.6","34.9666666","143.0","1983-06-18","  61.9","010000","999.9","  77.2","  63.5"," 13.6"," 0.59","1009.8","999.9","999.9","  70.1","  4.3","  8.5"
"34504099999","48.6","34.9666666","143.0","1983-06-19","  59.4","010010","999.9","  72.9","  59.9"," 15.5"," 0.00","1009.9","999.9","999.9","  65.3","  4.4","  8.0"
"34504099999","48.6","34.9666666","143.0","1983-06-20","  57.8","010000","999.9","  72.7","  56.7"," 11.7"," 0.10","1008.5","999.9","999.9","  65.9","  4.8","  3.5"
"34504099999","48.6","34.9666666","143.0","1983-06-21","  57.7","000000","999.9","  76.3","  60.3"," 13.6"," 0.00","1007.8","999.9","999.9","  68.4","  8.4","  6.6"
"34504099999","48.6","34.9666666","143.0","1983-06-22","  37.8","010000","999.9","  61.9","  51.3"," 23.3"," 0.00","1014.3","999.9","999.9","  57.2","  6.2"," 15.1"
"34504099999","48.6","34.9666666","143.0","1983-06-23","  36.8","000000","999.9","  62.6","  47.1"," 13.6"," 0.00","1018.7","999.9","999.9","  54.9","  5.6","  6.9"
"34504099999","48.6","34.9666666","143.0","1983-06-24","  40.3","000000","999.9","  70.0","  45.9"," 13.6"," 0.00","1018.3","999.9","999.9","  58.9","  5.1","  7.5"
"34504099999","48.6","34.9666666","143.0","1983-06-25","  47.0","000000","999.9","  79.2","  51.3"," 13.6"," 0.00","1016.6","999.9","999.9","  66.3","  9.8","  5.5"
"34504099999","48.6","34.9666666","143.0","1983-06-26","  52.4","000000","999.9","  82.9","  50.2"," 11.7"," 0.00","1013.5","999.9","999.9","  69.7","  6.2","  8.3"
"34504099999","48.6","34.9666666","143.0","1983-06-27","  58.9","000000","999.9","  75.4","  63.1","  7.8"," 0.02","1013.5","999.9","999.9","  68.3","  2.3","  4.2"
"34504099999","48.6","34.9666666","143.0","1983-06-28","  55.0","000000","999.9","  79.3","  61.2","  9.7"," 0.02","1013.2","999.9","999.9","  69.8","  4.9","  3.6"
"34504099999","48.6","34.9666666","143.0","1983-06-29","  51.9","000000","999.9","  85.1","  62.2","  9.7"," 0.00","1012.2","999.9","999.9","  74.7","  5.1","  3.9"
"34504099999","48.6","34.9666666","143.0","1983-06-30","  56.6","000000","999.9","  88.7","  61.2","  5.8"," 0.00","1014.6","999.9","999.9","  75.0","  6.2","  1.4"
"34504099999","48.6","34.9666666","143.0","1983-07-01","  55.6","000000","999.9","  90.0","  67.5"," 19.4"," 0.00","1015.4","999.9","999.9","  81.8","  5.3","  8.7"
"34504099999","48.6","34.9666666","143.0","1983-07-02","  58.8","010010","999.9","  91.6","  69.4"," 13.6"," 0.00","1011.9","999.9","999.9","  81.5","  5.3"," 11.2"
"34504099999","48.6","34.9666666","143.0","1983-07-03","  60.2","000010","999.9","  88.0","  66.4"," 15.5"," 0.02","1010.2","999.9","999.9","  76.6","  4.1"," 13.0"
"34504099999","48.6","34.9666666","143.0","1983-07-04","  63.1","010010","999.9","  85.8","  67.6"," 15.5"," 0.02","1010.9","999.9","999.9","  72.9","  3.9"," 11.7"
"34504099999","48.6","34.9666666","143.0","1983-07-05","  56.5","000000","999.9","  82.8","  67.1"," 13.6"," 0.31","1012.6","999.9","999.9","  74.6","  5.6"," 11.4"
"34504099999","48.6","34.9666666","143.0","1983-07-06","  47.9","000000","999.9","  76.1","  61.3"," 17.5"," 0.00","1015.2","999.9","999.9","  68.4","  4.6"," 11.9"
"34504099999","48.6","34.9666666","143.0","1983-07-07","  52.1","000000","999.9","  80.1","  56.5"," 11.7"," 0.00","1011.8","999.9","999.9","  69.9","  4.8","  7.8"
"34504099999","48.6","34.9666666","143.0","1983-07-08","  56.4","010000","999.9","  77.9","  59.4"," 15.5"," 0.03","1008.3","999.9","999.9","  68.5","  5.1","  6.7"
"34504099999","48.6","34.9666666","143.0","1983-07-09","  56.2","000000","999.9","  79.9","  60.8"," 11.7"," 0.03","1009.9","999.9","999.9","  70.6","  4.8","  8.0"
"34504099999","48.6","34.9666666","143.0","1983-07-10","  55.2","000000","999.9","  83.7","  60.1","  7.8"," 0.00","1012.4","999.9","999.9","  74.6","  5.7","  3.1"
"34504099999","48.6","34.9666666","143.0","1983-07-11","  57.4","000000","999.9","  88.0","  65.3"," 11.7"," 0.00","1012.5","999.9","999.9","  75.6","  4.8","  4.1"
"34504099999","48.6","34.9666666","143.0","1983-07-12","  58.5","000000","999.9","  87.6","  66.2"," 11.7"," 0.00","1011.1","999.9","999.9","  77.4","  5.7","  5.3"
"34504099999","48.6","34.9666666","143.0","1983-07-13","  60.1","010010","999.9","  88.7","  66.6"," 23.3"," 0.00","1007.4","999.9","999.9","  77.3","  5.7","  5.8"
"34504099999","48.6","34.9666666","143.0","1983-07-14","  61.5","000000","999.9","  86.2","  64.8"," 11.7"," 0.24","1005.5","999.9","999.9","  74.5","  8.4","  6.7"
"34504099999","48.6","34.9666666","143.0","1983-07-15","  60.5","000000","999.9","  84.7","  63.7"," 13.6"," 0.00","1009.1","999.9","999.9","  75.0","  4.8","  8.3"
"34504099999","48.6","34.9666666","143.0","1983-07-16","  60.9","000000","999.9","  84.0","  63.9"," 11.7"," 0.00","1011.5","999.9","999.9","  75.9","  6.2","  6.1"
"34504099999","48.6","34.9666666","143.0","1983-07-17","  58.1","000000","999.9","  85.3","  68.0"," 13.6"," 0.00","1013.1","999.9","999.9","  78.1","  4.7","  7.3"
"34504099999","48.6","34.9666666","143.0","1983-07-18","  55.9","000000","999.9","  83.3","  68.5"," 13.6"," 0.00","1014.4","999.9","999.9","  76.1","  6.2"," 10.2"
"34504099999","48.6","34.9666666","143.0","1983-07-19","  50.2","000000","999.9","  82.9","  64.0"," 13.6"," 0.00","1014.5","999.9","999.9","  72.9","  5.7"," 11.2"
"34504099999","48.6","34.9666666","143.0","1983-07-20","  50.8","000000","999.9","  85.3","  58.5"," 11.7"," 0.00","1010.7","999.9","999.9","  73.6","  6.2","  2.4"
"34504099999","48.6","34.9666666","143.0","1983-07-21","  48.4","000000","999.9","  73.6","  61.0"," 31.1"," 0.00","1006.6","999.9","999.9","  66.1","  6.2"," 10.9"
"34504099999","48.6","34.9666666","143.0","1983-07-22","  42.6","000000","999.9","  70.3","  48.2"," 15.5"," 0.00","1008.8","999.9","999.9","  59.0","  6.2","  9.2"
"34504099999","48.6","34.9666666","143.0","1983-07-23","  45.8","010000","999.9","  70.9","  47.5"," 15.5"," 0.00","1008.5","999.9","999.9","  58.5","  5.6","  8.0"
"34504099999","48.6","34.9666666","143.0","1983-07-24","  49.7","010000","999.9","  64.9","  53.1"," 15.5"," 0.20","1006.8","999.9","999.9","  57.8","  4.0","  8.0"
"34504099999","48.6","34.9666666","143.0","1983-07-25","  50.3","000000","999.9","  72.9","  33.6"," 13.6"," 0.00","1009.6","999.9","999.9","  61.8","  4.8","  9.0"
"34504099999","48.6","34.9666666","143.0","1983-07-26","  52.6","000000","999.9","  70.0","  54.9"," 13.6"," 0.00","1004.3","999.9","999.9","  62.6","  5.1","  9.0"
"34504099999","48.6","34.9666666","143.0","1983-07-27","  56.8","010000","999.9","  64.9","  55.4"," 29.1"," 0.16","1001.7","999.9","999.9","  60.8","  5.3"," 21.6"
"34504099999","48.6","34.9666666","143.0","1983-07-28","  58.1","010000","999.9","  70.9","  59.2"," 11.7"," 0.04","1008.7","999.9","999.9","  63.7","  5.3","  8.7"
"34504099999","48.6","34.9666666","143.0","1983-07-29","  59.2","000000","999.9","  79.2","  58.6","  7.8"," 0.04","1005.8","999.9","999.9","  68.8","  4.1","  3.6"
"34504099999","48.6","34.9666666","143.0","1983-07-30","  61.8","000000","999.9","  79.7","  60.6","  9.7"," 0.00","1007.0","999.9","999.9","  68.9","  4.3","  5.0"
"34504099999","48.6","34.9666666","143.0","1983-07-31","  58.9","000000","999.9","  80.1","  64.4"," 13.6"," 0.00","1010.8","999.9","999.9","  72.1"," 11.3"," 10.4"
"34504099999","48.6","34.9666666","143.0","1983-08-01","  53.9","000000","999.9","  77.2","  59.9"," 33.0"," 0.00","1016.0","999.9","999.9","  68.7","  6.2"," 12.9"
"34504099999","48.6","34.9666666","143.0","1983-08-02","  56.5","000000","999.9","  77.4","  63.0","  9.7"," 0.00","1015.7","999.9","999.9","  70.4","  5.3","  5.3"
"34504099999","48.6","34.9666666","143.0","1983-08-03","  58.4","000000","999.9","  82.6","  65.3","  9.7"," 0.00","1014.1","999.9","999.9","  73.1","  6.2","  7.5"
"34504099999","48.6","34.9666666","143.0","1983-08-04","  56.4","000000","999.9","  82.6","  65.5"," 38.9"," 0.00","1012.8","999.9","999.9","  74.5","  5.1","  8.5"
"34504099999","48.6","34.9666666","143.0","1983-08-05","  54.3","000000","999.9","  83.7","  64.4"," 11.7"," 0.00","1014.0","999.9","999.9","  74.6","  6.2","  7.8"
"34504099999","48.6","34.9666666","143.0","1983-08-06","  53.1","000000","999.9","  82.9","  62.2"," 15.5"," 0.00","1015.1","999.9","999.9","  73.4","  6.2"," 10.9"
"34504099999","48.6","34.9666666","143.0","1983-08-07","  51.0","000000","999.9","  87.6","  63.1"," 17.5"," 0.00","1013.4","999.9","999.9","  75.9","  6.2"," 12.2"
"34504099999","48.6","34.9666666","143.0","1983-08-08","  52.6","000000","999.9","  88.5","  64.9"," 17.5"," 0.00","1012.2","999.9","999.9","  74.1","  5.7"," 11.7"
"34504099999","48.6","34.9666666","143.0","1983-08-09","  64.0","010010","999.9","  76.3","  63.7"," 15.5"," 0.16","1012.4","999.9","999.9","  67.5","  4.8"," 10.4"
"34504099999","48.6","34.9666666","143.0","1983-08-10","  62.8","010010","999.9","  68.7","  63.5"," 15.5"," 0.24","1006.4","999.9","999.9","  65.5","  3.6"," 13.3"
"34504099999","48.6","34.9666666","143.0","1983-08-11","  65.1","010000","999.9","  81.9","  60.6"," 13.6"," 0.83","1003.7","999.9","999.9","  69.8","  4.3"," 11.4"
"34504099999","48.6","34.9666666","143.0","1983-08-12","  64.6","010100","999.9","  78.4","  63.3"," 19.4"," 0.59","1001.9","999.9","999.9","  69.1","  5.1"," 13.6"
"34504099999","48.6","34.9666666","143.0","1983-08-13","  62.4","010000","999.9","  79.7","  65.5"," 17.5"," 0.00","1002.3","999.9","999.9","  69.9","  4.8"," 13.1"
"34504099999","48.6","34.9666666","143.0","1983-08-14","  62.0","010010","999.9","  71.8","  59.9"," 13.6"," 0.08","1005.2","999.9","999.9","  66.0","  3.3","  9.7"
"34504099999","48.6","34.9666666","143.0","1983-08-15","  49.0","000000","999.9","  65.1","  54.3"," 17.5"," 0.28","1016.6","999.9","999.9","  59.8","  6.2"," 13.9"
"34504099999","48.6","34.9666666","143.0","1983-08-16","  50.1","000000","999.9","  72.7","  52.5","  7.8"," 0.00","1023.9","999.9","999.9","  63.1","  6.2","  1.7"
"34504099999","48.6","34.9666666","143.0","1983-08-17","  53.1","000000","999.9","  77.7","  54.3"," 11.7"," 0.00","1021.5","999.9","999.9","  66.5","  5.7","  4.1"
"34504099999","48.6","34.9666666","143.0","1983-08-18","  53.6","000000","999.9","  80.4","  59.5"," 13.6"," 0.00","1016.6","999.9","999.9","  69.3","  5.6","  6.8"
"34504099999","48.6","34.9666666","143.0","1983-08-19","  53.4","000000","999.9","  81.1","  60.6"," 13.6"," 0.00","1015.0","999.9","999.9","  71.8","  4.0","  7.5"
"34504099999","48.6","34.9666666","143.0","1983-08-20","  57.3","000000","999.9","  80.1","  63.0"," 15.5"," 0.00","1015.1","999.9","999.9","  70.8","  3.0"," 13.4"
"34504099999","48.6","34.9666666","143.0","1983-08-21","  47.6","000000","999.9","  76.3","  59.4"," 15.5"," 0.00","1015.9","999.9","999.9","  67.6","  4.8"," 12.4"
"34504099999","48.6","34.9666666","143.0","1983-08-22","  45.9","000000","999.9","  71.2","  56.7"," 15.5"," 0.00","1019.8","999.9","999.9","  64.1","  6.2"," 11.7"
"34504099999","48.6","34.9666666","143.0","1983-08-23","  48.6","000000","999.9","  73.6","  57.0"," 11.7"," 0.00","1021.2","999.9","999.9","  65.2","  5.3","  7.5"
"34504099999","48.6","34.9666666","143.0","1983-08-24","  48.5","000000","999.9","  75.4","  57.0","  7.8"," 0.00","1020.8","999.9","999.9","  66.6","  5.3","  2.7"
"34504099999","48.6","34.9666666","143.0","1983-08-25","  48.0","000000","999.9","  77.4","  57.6"," 13.6"," 0.00","1016.4","999.9","999.9","  68.8","  5.7","  5.0"
"34504099999","48.6","34.9666666","143.0","1983-08-26","  49.0","000000","999.9","  73.6","  56.5"," 13.6"," 0.00","1012.7","999.9","999.9","  64.2","  5.0"," 10.4"
"34504099999","48.6","34.9666666","143.0","1983-08-27","  42.0","000000","999.9","  69.8","  51.6"," 15.5"," 0.00","1011.0","999.9","999.9","  59.9","  3.9","  9.7"
"34504099999","48.6","34.9666666","143.0","1983-08-28","  47.7","000000","999.9","  67.3","  53.4"," 17.5"," 0.00","1013.4","999.9","999.9","  58.8","  4.1","  9.4"
"34504099999","48.6","34.9666666","143.0","1983-08-29","  47.3","000000","999.9","  78.1","  47.7"," 17.5"," 0.00","1013.9","999.9","999.9","  64.7","  5.3"," 13.1"
"34504099999","48.6","34.9666666","143.0","1983-08-30","  39.7","000000","999.9","  70.7","  54.0"," 15.5"," 0.00","1019.9","999.9","999.9","  61.7","  6.2"," 12.1"
"34504099999","48.6","34.9666666","143.0","1983-08-31","  44.4","000000","999.9","  71.8","  51.8"," 13.6"," 0.00","1024.8","999.9","999.9","  61.3","  4.8","  5.6"
"34504099999","48.6","34.9666666","143.0","1983-09-01","  43.7","000000","999.9","  77.2","  51.3","  7.8"," 0.00","1022.1","999.9","999.9","  66.0","  5.3","  1.9"
"34504099999","48.6","34.9666666","143.0","1983-09-02","  47.7","000000","999.9","  83.7","  57.7"," 11.7"," 0.00","1019.7","999.9","999.9","  70.0","  4.8","  9.0"
"34504099999","48.6","34.9666666","143.0","1983-09-03","  40.4","000000","999.9","  79.5","  56.7"," 13.6"," 0.00","1020.3","999.9","999.9","  65.9","  6.2"," 10.3"
"34504099999","48.6","34.9666666","143.0","1983-09-04","  41.3","000000","999.9","  79.0","  51.3"," 13.6"," 0.00","1018.3","999.9","999.9","  65.8","  6.2","  8.7"
"34504099999","48.6","34.9666666","143.0","1983-09-05","  43.0","000000","999.9","  80.2","  55.4"," 11.7"," 0.00","1018.0","999.9","999.9","  68.0","  5.0","  4.9"
"34504099999","48.6","34.9666666","143.0","1983-09-06","  44.9","000000","999.9","  82.9","  51.8","  7.8"," 0.00","1015.1","999.9","999.9","  68.0","  6.2","  1.7"
"34504099999","48.6","34.9666666","143.0","1983-09-07","  47.5","000000","999.9","  83.5","  55.8"," 11.7"," 0.00","1008.1","999.9","999.9","  67.7","  9.3","  2.9"
"34504099999","48.6","34.9666666","143.0","1983-09-08","  44.3","010000","999.9","  63.5","  50.2"," 19.4"," 0.00","1010.6","999.9","999.9","  58.0","  6.2"," 11.2"
"34504099999","48.6","34.9666666","143.0","1983-09-09","  39.5","000000","999.9","  64.9","  44.8"," 19.4"," 0.00","1016.3","999.9","999.9","  54.8","  6.2","  6.9"
"34504099999","48.6","34.9666666","143.0","1983-09-10","  47.7","010000","999.9","  73.6","  49.6"," 15.5"," 0.00","1013.9","999.9","999.9","  60.1","  6.2","  9.7"
"34504099999","48.6","34.9666666","143.0","1983-09-11","  55.9","000000","999.9","  77.5","  59.0"," 15.5"," 0.00","1012.5","999.9","999.9","  66.7","  3.2"," 11.4"
"34504099999","48.6","34.9666666","143.0","1983-09-12","  48.5","000000","999.9","  76.3","  55.6"," 13.6"," 0.00","1016.9","999.9","999.9","  65.8","  5.7"," 11.7"
"34504099999","48.6","34.9666666","143.0","1983-09-13","  43.6","000000","999.9","  74.1","  48.6"," 15.5"," 0.00","1022.0","999.9","999.9","  57.3","  6.2"," 12.2"
"34504099999","48.6","34.9666666","143.0","1983-09-14","  43.2","000000","999.9","  75.9","  48.2"," 13.6"," 0.00","1021.6","999.9","999.9","  60.7","  6.2","  8.6"
"34504099999","48.6","34.9666666","143.0","1983-09-15","  48.6","000000","999.9","  69.8","  56.3"," 13.6"," 0.00","1018.6","999.9","999.9","  60.7","  4.7","  9.7"
"34504099999","48.6","34.9666666","143.0","1983-09-16","  48.0","000000","999.9","  73.2","  52.7"," 11.7"," 0.00","1016.3","999.9","999.9","  62.6","  3.3","  3.4"
"34504099999","48.6","34.9666666","143.0","1983-09-17","  51.9","000000","999.9","  80.1","  53.4","  7.8"," 0.00","1014.6","999.9","999.9","  65.7","  5.4","  3.5"
"34504099999","48.6","34.9666666","143.0","1983-09-18","  46.1","000000","999.9","  81.9","  52.2"," 15.5"," 0.00","1015.5","999.9","999.9","  67.3","  6.2"," 11.7"
"34504099999","48.6","34.9666666","143.0","1983-09-19","  42.5","000000","999.9","  75.9","  52.2"," 23.3"," 0.00","1023.2","999.9","999.9","  63.7","  6.2"," 14.8"
"34504099999","48.6","34.9666666","143.0","1983-09-20","  41.3","000000","999.9","  74.5","  51.1"," 17.5"," 0.00","1024.3","999.9","999.9","  65.3","  6.2"," 14.6"
"34504099999","48.6","34.9666666","143.0","1983-09-21","  41.4","000000","999.9","  83.1","  57.6"," 23.3"," 0.00","1021.2","999.9","999.9","  68.8","  6.2"," 15.5"
"34504099999","48.6","34.9666666","143.0","1983-09-22","  43.1","000000","999.9","  80.4","  57.0"," 15.5"," 0.00","1018.9","999.9","999.9","  67.4","  6.2"," 12.1"
"34504099999","48.6","34.9666666","143.0","1983-09-23","  47.6","010000","999.9","  71.2","  53.4"," 17.5"," 0.00","1015.1","999.9","999.9","  61.5","  3.4","  8.3"
"34504099999","48.6","34.9666666","143.0","1983-09-24","  42.8","010000","999.9","  59.2","  48.2"," 17.5"," 0.12","1016.0","999.9","999.9","  53.8","  4.8"," 13.8"
"34504099999","48.6","34.9666666","143.0","1983-09-25","  44.1","000000","999.9","  60.4","  48.6"," 15.5"," 0.00","1015.0","999.9","999.9","  55.4","  4.1","  7.5"
"34504099999","48.6","34.9666666","143.0","1983-09-26","  43.3","000000","999.9","  68.5","  47.5"," 17.5"," 0.00","1020.6","999.9","999.9","  56.8","  6.2"," 11.9"
"34504099999","48.6","34.9666666","143.0","1983-09-27","  43.1","000000","999.9","  63.7","  43.2"," 13.6"," 0.00","1022.4","999.9","999.9","  53.4","  5.3"," 12.2"
"34504099999","48.6","34.9666666","143.0","1983-09-28","  42.9","000000","999.9","  69.8","  41.0"," 17.5"," 0.00","1018.0","999.9","999.9","  54.8","  4.3"," 11.2"
"34504099999","48.6","34.9666666","143.0","1983-09-29","  39.7","000000","999.9","  63.1","  47.7"," 19.4"," 0.00","1016.3","999.9","999.9","  54.6","  4.7"," 14.1"
"34504099999","48.6","34.9666666","143.0","1983-09-30","  27.6","000000","999.9","  62.4","  33.6"," 15.5"," 0.00","1020.0","999.9","999.9","  46.3","  6.2","  9.7"
"34504099999","48.6","34.9666666","143.0","1983-10-01","  38.1","010000","999.9","  53.8","  41.0"," 19.4"," 0.00","1014.1","999.9","999.9","  45.6","  5.1"," 14.6"
"34504099999","48.6","34.9666666","143.0","1983-10-02","  29.5","000000","999.9","  49.1","  35.1"," 15.5"," 0.12","1021.5","999.9","999.9","  42.8","  7.1"," 13.1"
"34504099999","48.6","34.9666666","143.0","1983-10-03","  30.8","000000","999.9","  53.8","  29.7"," 13.6"," 0.00","1020.8","999.9","999.9","  43.2","  6.2","  9.2"
"34504099999","48.6","34.9666666","143.0","1983-10-04","  39.2","000000","999.9","  51.1","  43.2","  3.9"," 0.00","1017.7","999.9","999.9","  46.4","  5.4","  1.3"
"34504099999","48.6","34.9666666","143.0","1983-10-05","  40.1","000000","999.9","  59.5","  39.6","  7.8"," 0.00","1020.8","999.9","999.9","  48.2","  3.1","  2.2"
"34504099999","48.6","34.9666666","143.0","1983-10-06","  50.1","000000","999.9","  72.5","  45.5"," 23.3"," 0.00","1016.9","999.9","999.9","  60.0","  4.6"," 14.2"
"34504099999","48.6","34.9666666","143.0","1983-10-07","  43.4","000000","999.9","  63.3","  42.3"," 25.3"," 0.00","1012.4","999.9","999.9","  55.4","  4.8"," 16.8"
"34504099999","48.6","34.9666666","143.0","1983-10-08","  37.2","000000","999.9","  67.1","  37.8"," 19.4"," 0.00","1018.1","999.9","999.9","  51.4","  6.2"," 14.1"
"34504099999","48.6","34.9666666","143.0","1983-10-09","  42.5","000000","999.9","  66.9","  48.6"," 19.4"," 0.00","1010.7","999.9","999.9","  57.1","  6.2"," 13.6"
"34504099999","48.6","34.9666666","143.0","1983-10-10","  44.8","010000","999.9","  58.5","  43.0"," 21.4"," 0.00","1006.2","999.9","999.9","  51.6","  5.7"," 17.2"
"34504099999","48.6","34.9666666","143.0","1983-10-11","  32.5","000000","999.9","  57.4","  34.2"," 17.5"," 0.00","1018.2","999.9","999.9","  48.5","  6.2"," 14.3"
"34504099999","48.6","34.9666666","143.0","1983-10-12","  45.9","010000","999.9","  66.4","  46.8"," 17.5"," 0.00","1013.1","999.9","999.9","  56.0","  5.7"," 14.8"
"34504099999","48.6","34.9666666","143.0","1983-10-13","  45.1","010000","999.9","  51.3","  44.2"," 21.4"," 0.00","1011.0","999.9","999.9","  48.5","  3.1"," 14.7"
"34504099999","48.6","34.9666666","143.0","1983-10-14","  39.6","100000","999.9","  53.8","  40.5"," 15.5"," 0.35","1024.7","999.9","999.9","  46.2","  3.7","  7.5"
"34504099999","48.6","34.9666666","143.0","1983-10-15","  44.2","000000","999.9","  64.0","  41.4","  9.7"," 0.00","1027.8","999.9","999.9","  50.8","  2.9","  4.4"
"34504099999","48.6","34.9666666","143.0","1983-10-16","  44.3","100000","999.9","  63.3","  41.4"," 13.6"," 0.00","1024.1","999.9","999.9","  50.2","  2.0","  7.8"
"34504099999","48.6","34.9666666","143.0","1983-10-17","  43.0","100000","999.9","  68.2","  40.3"," 13.6"," 0.00","1019.6","999.9","999.9","  53.4","  7.3","  5.3"
"34504099999","48.6","34.9666666","143.0","1983-10-18","  43.0","000000","999.9","  72.5","  44.1","  7.8"," 0.00","1020.6","999.9","999.9","  54.8","  4.5","  4.4"
"34504099999","48.6","34.9666666","143.0","1983-10-19","  43.4","000000","999.9","  68.2","  42.4","  7.8"," 0.00","1021.9","999.9","999.9","  53.6","  3.0","  1.9"
"34504099999","48.6","34.9666666","143.0","1983-10-20","  42.8","100000","999.9","  64.6","  42.8","  9.7"," 0.00","1019.4","999.9","999.9","  52.0","  1.6","  4.1"
"34504099999","48.6","34.9666666","143.0","1983-10-21","  36.2","000000","999.9","  55.6","  41.4"," 11.7"," 0.00","1019.5","999.9","999.9","  48.5","  3.6","  7.8"
"34504099999","48.6","34.9666666","143.0","1983-10-22","  40.1","011000","999.9","  46.8","  40.6"," 13.6"," 0.31","1023.7","999.9","999.9","  43.6","  1.9","  8.3"
"34504099999","48.6","34.9666666","143.0","1983-10-23","  34.6","100000","999.9","  47.1","  34.5"," 17.5"," 0.08","1028.0","999.9","999.9","  41.0","  3.5"," 14.2"
"34504099999","48.6","34.9666666","143.0","1983-10-24","  36.4","000000","999.9","  46.9","  37.8","  9.7"," 0.00","1026.8","999.9","999.9","  42.1","  3.7","  8.2"
"34504099999","48.6","34.9666666","143.0","1983-10-25","  34.8","000000","999.9","  52.0","  40.8"," 13.6"," 0.00","1024.4","999.9","999.9","  44.6","  8.7","  6.8"
"34504099999","48.6","34.9666666","143.0","1983-10-26","  34.9","000000","999.9","  46.9","  34.9","  1.9"," 0.00","1021.7","999.9","999.9","  41.1","  2.3","  0.3"
"34504099999","48.6","34.9666666","143.0","1983-10-27","  29.8","000000","999.9","  50.9","  29.7"," 15.5"," 0.00","1021.8","999.9","999.9","  43.5","  5.0","  9.7"
"34504099999","48.6","34.9666666","143.0","1983-10-28","  39.7","000000","999.9","  55.0","  44.8"," 13.6"," 0.00","1021.4","999.9","999.9","  48.5","  3.4"," 10.4"
"34504099999","48.6","34.9666666","143.0","1983-10-29","  41.4","100000","999.9","  54.3","  36.0","  7.8"," 0.00","1018.5","999.9","999.9","  44.2","  0.8","  1.7"
"34504099999","48.6","34.9666666","143.0","1983-10-30","  35.1","000000","999.9","  46.9","  38.1"," 13.6"," 0.00","1021.8","999.9","999.9","  42.4","  4.8"," 12.6"
"34504099999","48.6","34.9666666","143.0","1983-10-31","  26.0","000000","999.9","  43.7","  31.1"," 15.5"," 0.00","1022.3","999.9","999.9","  35.8","  4.1","  7.5"
"34504099999","48.6","34.9666666","143.0","1983-11-01","  36.2","010000","999.9","  50.7","  30.9"," 13.6"," 0.00","1022.7","999.9","999.9","  41.7","  1.9","  7.3"
"34504099999","48.6","34.9666666","143.0","1983-11-02","  35.8","000000","999.9","  52.3","  34.5"," 27.2"," 0.00","1022.2","999.9","999.9","  46.0","  4.6"," 17.8"
"34504099999","48.6","34.9666666","143.0","1983-11-03","  32.0","000000","999.9","  50.7","  33.8"," 17.5"," 0.00","1026.9","999.9","999.9","  43.9","  5.7"," 15.3"
"34504099999","48.6","34.9666666","143.0","1983-11-04","  26.6","000000","999.9","  50.4","  30.9"," 13.6"," 0.00","1032.5","999.9","999.9","  38.4","  6.2","  7.8"
"34504099999","48.6","34.9666666","143.0","1983-11-05","  27.0","000000","999.9","  47.8","  30.9","  9.7"," 0.00","1021.3","999.9","999.9","  39.8","  6.2","  7.3"
"34504099999","48.6","34.9666666","143.0","1983-11-06","  34.0","000000","999.9","  50.2","  35.1","  7.8"," 0.00","1020.3","999.9","999.9","  41.6","  4.2","  4.6"
"34504099999","48.6","34.9666666","143.0","1983-11-07","  35.0","000000","999.9","  48.0","  34.9"," 13.6"," 0.00","1025.1","999.9","999.9","  39.8","  1.7"," 11.4"
"34504099999","48.6","34.9666666","143.0","1983-11-08","  34.7","100000","999.9","  41.9","  34.7"," 13.6"," 0.00","1029.4","999.9","999.9","  38.4","  6.5","  8.7"
"34504099999","48.6","34.9666666","143.0","1983-11-09","  34.6","100000","999.9","  45.5","  32.4","  7.8"," 0.00","1026.4","999.9","999.9","  38.3","  6.3","  5.1"
"34504099999","48.6","34.9666666","143.0","1983-11-10","  34.7","000000","999.9","  42.3","  37.8","  9.7"," 0.00","1018.6","999.9","999.9","  39.0","  1.9","  5.3"
"34504099999","48.6","34.9666666","143.0","1983-11-11","  37.8","010100","999.9","  43.0","  34.9"," 25.3"," 0.04","1007.3","999.9","999.9","  39.2","  2.1"," 11.2"
"34504099999","48.6","34.9666666","143.0","1983-11-12","  22.6","001000","999.9","  56.8","  24.8"," 23.3"," 0.35","1004.0","999.9","999.9","  31.4","  2.4"," 17.8"
"34504099999","48.6","34.9666666","143.0","1983-11-13","  14.4","001000","999.9","  24.4","  16.5"," 17.5"," 0.05","1013.4","  2.0","999.9","  21.0","  4.8"," 15.8"
"34504099999","48.6","34.9666666","143.0","1983-11-14","  15.8","001000","999.9","  25.2","  11.8"," 15.5"," 0.01","1018.8","  2.0","999.9","  20.4","  4.6"," 12.8"
"34504099999","48.6","34.9666666","143.0","1983-11-15","  13.7","000000","999.9","  28.9","  11.8"," 11.7"," 0.00","1018.7","  1.6","999.9","  19.4","  9.3","  9.7"
"34504099999","48.6","34.9666666","143.0","1983-11-16","  24.9","001000","999.9","  30.6","  16.5","  7.8"," 0.00","1007.4","999.9","999.9","  27.3","  3.3","  3.9"
"34504099999","48.6","34.9666666","143.0","1983-11-17","  21.9","000000","999.9","  32.9","  21.4"," 15.5"," 0.00","1008.0","999.9","999.9","  27.5","  3.6","  9.7"
"34504099999","48.6","34.9666666","143.0","1983-11-18","  22.3","001000","999.9","  30.9","  20.1"," 13.6"," 0.00","1016.0","999.9","999.9","  26.1","  3.7","  8.4"
"34504099999","48.6","34.9666666","143.0","1983-11-19","  21.1","000000","999.9","  35.1","  16.0"," 13.6"," 0.00","1021.0","999.9","999.9","  27.2","  3.7","  7.5"
"34504099999","48.6","34.9666666","143.0","1983-11-20","  25.5","100000","999.9","  33.1","  25.5","  9.7"," 0.00","1022.9","  0.8","999.9","  28.7","  3.4","  6.3"
"34504099999","48.6","34.9666666","143.0","1983-11-21","  29.9","100000","999.9","  34.9","  25.5"," 15.5"," 0.00","1012.2","  0.8","999.9","  30.7","  1.5"," 12.6"
"34504099999","48.6","34.9666666","143.0","1983-11-22","  25.5","000000","999.9","  34.5","  25.5"," 15.5"," 0.00","1007.7","999.9","999.9","  30.9","  4.6"," 13.0"
"34504099999","48.6","34.9666666","143.0","1983-11-23","  19.3","000000","999.9","  32.0","  21.0"," 19.4"," 0.00","1017.3","999.9","999.9","  26.5","  6.2"," 15.3"
"34504099999","48.6","34.9666666","143.0","1983-11-24","  18.3","001000","999.9","  31.1","  19.8"," 27.2"," 0.00","1025.8","  0.4","999.9","  26.5","  5.7"," 17.2"
"34504099999","48.6","34.9666666","143.0","1983-11-25","  14.9","000000","999.9","  35.1","  15.1"," 17.5"," 0.00","1034.5","  0.4","999.9","  24.8","  6.2"," 12.8"
"34504099999","48.6","34.9666666","143.0","1983-11-26","  27.7","000000","999.9","  39.4","  23.7"," 15.5"," 0.00","1022.1","999.9","999.9","  32.2","  2.8"," 14.8"
"34504099999","48.6","34.9666666","143.0","1983-11-27","  36.0","000000","999.9","  43.5","  33.1"," 15.5"," 0.00","1009.1","  0.4","999.9","  39.4","  5.1"," 13.1"
"34504099999","48.6","34.9666666","143.0","1983-11-28","  40.2","010000","999.9","  52.7","  40.8"," 25.3"," 0.00","1002.2"," 45.3","999.9","  47.1","  4.3"," 20.1"
"34504099999","48.6","34.9666666","143.0","1983-11-29","  44.6","010000","999.9","  53.4","  40.3"," 27.2"," 0.12"," 998.4","999.9","999.9","  47.4","  4.6"," 23.3"
"34504099999","48.6","34.9666666","143.0","1983-11-30","  31.9","000000","999.9","  41.2","  33.1"," 15.5"," 0.08","1009.8","999.9","999.9","  35.9","  3.9","  9.2"
"34504099999","48.6","34.9666666","143.0","1983-12-01","  25.4","001000","999.9","  32.9","  24.3"," 15.5"," 0.00","1016.4","999.9","999.9","  29.2","  3.1","  9.5"
"34504099999","48.6","34.9666666","143.0","1983-12-02","  15.6","001000","999.9","  24.1","  18.0"," 15.5"," 0.00","1035.9","999.9","999.9","  22.1","  5.3"," 13.6"
"34504099999","48.6","34.9666666","143.0","1983-12-03","   8.8","000000","999.9","  27.5","  12.9"," 11.7"," 0.00","1043.9","999.9","999.9","  19.5","  6.2","  9.7"
"34504099999","48.6","34.9666666","143.0","1983-12-04","   9.6","000000","999.9","  28.8","  14.2","  7.8"," 0.00","1037.0","999.9","999.9","  22.2","  5.7","  2.8"
"34504099999","48.6","34.9666666","143.0","1983-12-05","  11.1","000000","999.9","  33.3","  16.9"," 13.6"," 0.00","1030.1","999.9","999.9","  23.9","  6.2"," 10.7"
"34504099999","48.6","34.9666666","143.0","1983-12-06","  17.7","000000","999.9","  39.0","  20.8"," 13.6"," 0.00","1022.9","999.9","999.9","  27.7","  5.6"," 10.4"
"34504099999","48.6","34.9666666","143.0","1983-12-07","  19.3","110000","999.9","  38.5","  21.2"," 13.6"," 0.00","1015.7","999.9","999.9","  30.0","  7.5"," 10.7"
"34504099999","48.6","34.9666666","143.0","1983-12-08","  31.0","111000","999.9","  32.9","  28.8"," 13.6"," 0.20","1012.3","999.9","999.9","  31.4","  0.3"," 11.2"
"34504099999","48.6","34.9666666","143.0","1983-12-09","  27.1","000000","999.9","  32.7","  27.9"," 13.6"," 0.01","1017.8","999.9","999.9","  30.5","  1.6","  6.6"
"34504099999","48.6","34.9666666","143.0","1983-12-10","  28.9","000000","999.9","  32.4","  29.7","  9.7"," 0.00","1013.1","999.9","999.9","  30.9","  2.7","  1.9"
"34504099999","48.6","34.9666666","143.0","1983-12-11","  31.9","100000","999.9","  37.8","  30.6"," 13.6"," 0.00","1009.8","  3.5","999.9","  33.1","  1.1"," 10.0"
"34504099999","48.6","34.9666666","143.0","1983-12-12","  19.7","000000","999.9","  31.6","  22.3"," 13.6"," 0.00","1018.1","999.9","999.9","  27.2","  5.7"," 10.5"
"34504099999","48.6","34.9666666","143.0","1983-12-13","  11.9","001000","999.9","  23.2","  17.4"," 13.6"," 0.00","1028.4","999.9","999.9","  19.4","  5.7"," 10.2"
"34504099999","48.6","34.9666666","143.0","1983-12-14","  18.4","001000","999.9","  25.0","  16.9"," 11.7"," 0.00","1036.8","999.9","999.9","  22.0","  1.0","  4.1"
"34504099999","48.6","34.9666666","143.0","1983-12-15","  18.2","010000","999.9","  23.2","  19.8","  9.7"," 0.00","1039.3","999.9","999.9","  21.8","  2.3","  4.6"
"34504099999","48.6","34.9666666","143.0","1983-12-16","  17.7","001000","999.9","  23.2","  17.6"," 13.6"," 0.00","1036.3","999.9","999.9","  20.4","  1.2"," 10.0"
"34504099999","48.6","34.9666666","143.0","1983-12-17","  17.2","000000","999.9","  29.3","  15.6"," 11.7"," 0.00","1031.5","999.9","999.9","  21.7","  2.0","  6.3"
"34504099999","48.6","34.9666666","143.0","1983-12-18","  16.2","100000","999.9","  28.2","  13.6","  9.7"," 0.00","1028.2","999.9","999.9","  20.4","  2.2","  4.1"
"34504099999","48.6","34.9666666","143.0","1983-12-19","  22.8","100000","999.9","  32.5","  21.7"," 13.6"," 0.00","1025.1","999.9","999.9","  25.5","  1.8"," 11.1"
"34504099999","48.6","34.9666666","143.0","1983-12-20","  23.9","100000","999.9","  29.8","  20.5"," 15.5"," 0.00","1024.1","999.9","999.9","  26.6","  1.2"," 13.8"
"34504099999","48.6","34.9666666","143.0","1983-12-21","  27.0","010000","999.9","  33.3","  27.5"," 13.6"," 0.00","1021.7","999.9","999.9","  29.2","  3.5"," 11.4"
"34504099999","48.6","34.9666666","143.0","1983-12-22","  31.5","110000","999.9","  34.0","  28.4"," 13.6"," 0.28","1019.6","999.9","999.9","  32.2","  1.2"," 10.2"
"34504099999","48.6","34.9666666","143.0","1983-12-23","  32.6","100000","999.9","  39.2","  31.1"," 15.5"," 0.04","1021.1","999.9","999.9","  34.0","  2.6"," 11.9"
"34504099999","48.6","34.9666666","143.0","1983-12-24","  29.8","110000","999.9","  34.3","  29.5"," 17.5"," 0.12","1015.0","999.9","999.9","  32.1","  3.6"," 12.6"
"34504099999","48.6","34.9666666","143.0","1983-12-25","  33.8","110000","999.9","  37.0","  32.4"," 17.5"," 0.04","1015.9","999.9","999.9","  34.7","  0.8","  7.0"
"34504099999","48.6","34.9666666","143.0","1983-12-26","  38.3","110000","999.9","  39.9","  35.2"," 13.6"," 0.12","1007.8","999.9","999.9","  38.6","  0.5","  8.5"
"34504099999","48.6","34.9666666","143.0","1983-12-27","  35.9","100000","999.9","  41.9","  34.3"," 13.6"," 0.08","1011.1","999.9","999.9","  37.6","  2.0"," 11.9"
"34504099999","48.6","34.9666666","143.0","1983-12-28","  32.8","011000","999.9","  39.6","  29.8"," 19.4"," 0.02","1010.9","999.9","999.9","  34.1","  2.5"," 16.0"
"34504099999","48.6","34.9666666","143.0","1983-12-29","  32.5","000000","999.9","  44.2","  36.1"," 29.1"," 0.16","1008.2","999.9","999.9","  40.1","  6.2"," 21.6"
"34504099999","48.6","34.9666666","143.0","1983-12-30","  26.5","000000","999.9","  36.7","  30.0"," 27.2"," 0.00","1017.7","999.9","999.9","  33.9","  5.1"," 19.1"
"34504099999","48.6","34.9666666","143.0","1983-12-31","  29.0","011000","999.9","  37.9","  29.7"," 17.5"," 0.00","1008.6","999.9","999.9","  33.6","  3.6"," 14.3"
"34504099999","48.6","34.9666666","143.0","1984-01-01","  28.9","001000","999.9","  35.8","  28.9"," 19.4"," 0.00","1007.7","999.9","999.9","  32.4","  5.5"," 15.8"
"34504099999","48.6","34.9666666","143.0","1984-01-02","  33.1","000000","999.9","  42.8","  32.4"," 15.5"," 0.02","1006.9","999.9","999.9","  38.9","  5.7"," 13.3"
"34504099999","48.6","34.9666666","143.0","1984-01-03","  30.8","000000","999.9","  40.5","  31.5"," 17.5"," 0.00","1014.0","999.9","999.9","  36.8","  6.2"," 14.6"
"34504099999","48.6","34.9666666","143.0","1984-01-04","  37.7","100000","999.9","  41.5","  34.5"," 15.5"," 0.00","1008.9","999.9","999.9","  38.7","  1.0"," 12.1"
"34504099999","48.6","34.9666666","143.0","1984-01-05","  37.6","100000","999.9","  39.4","  36.7"," 13.6"," 0.00","1013.0","999.9","999.9","  38.2","  2.1","  7.3"
"34504099999","48.6","34.9666666","143.0","1984-01-06","  31.0","010000","999.9","  37.6","  32.4"," 11.7"," 0.00","1021.3","999.9","999.9","  34.6","  2.2","  9.0"
"34504099999","48.6","34.9666666","143.0","1984-01-07","  32.0","111000","999.9","  33.4","  32.2"," 13.6"," 0.12","1014.6","999.9","999.9","  32.5","  0.4","  9.7"
"34504099999","48.6","34.9666666","143.0","1984-01-08","  34.1","110000","999.9","  36.7","  31.8"," 13.6"," 0.03","1008.1","999.9","999.9","  34.2","  0.3","  8.9"
"34504099999","48.6","34.9666666","143.0","1984-01-09","  33.6","110000","999.9","  35.6","  33.4","999.9"," 0.08","1014.0","999.9","999.9","  34.3","  0.8","  0.0"
"34504099999","48.6","34.9666666","143.0","1984-01-10","  32.4","101000","999.9","  34.9","  32.0"," 15.5"," 0.01","1015.2","999.9","999.9","  33.0","  0.8","  8.6"
"34504099999","48.6","34.9666666","143.0","1984-01-11","  23.8","001000","999.9","  30.7","  23.0"," 15.5"," 4.57","1019.6","  2.0","999.9","  27.1","  2.7"," 13.6"
"34504099999","48.6","34.9666666","143.0","1984-01-12","  18.4","000000","999.9","  28.9","  18.1","  7.8"," 0.04","1025.8","  2.0","999.9","  23.7","  5.1","  1.7"
"34504099999","48.6","34.9666666","143.0","1984-01-13","  14.1","000000","999.9","  22.8","  13.6"," 13.6"," 0.00","1024.2","  2.0","999.9","  17.9","  1.9"," 10.4"
"34504099999","48.6","34.9666666","143.0","1984-01-14","  14.5","000000","999.9","  23.0","   8.4"," 15.5"," 0.00","1015.1","  1.6","999.9","  16.9","  5.7","  4.9"
"34504099999","48.6","34.9666666","143.0","1984-01-15","  26.4","101000","999.9","  31.6","  21.7"," 17.5"," 0.00","1014.4","  1.6","999.9","  27.9","  2.5"," 12.9"
"34504099999","48.6","34.9666666","143.0","1984-01-16","  32.3","011000","999.9","  34.0","  31.3"," 13.6"," 0.20","1014.7","  3.5","999.9","  32.5","  0.5"," 10.0"
"34504099999","48.6","34.9666666","143.0","1984-01-17","  23.6","101000","999.9","  31.8","  16.2"," 15.5"," 0.00","1020.4","  7.9","999.9","  23.9","  0.2"," 11.4"
"34504099999","48.6","34.9666666","143.0","1984-01-18","  21.9","100000","999.9","  27.7","  12.9"," 11.7"," 0.03","1020.7","  7.9","999.9","  22.4","  0.5","  7.3"
"34504099999","48.6","34.9666666","143.0","1984-01-19","  28.6","101000","999.9","  33.3","  19.8"," 13.6"," 0.04","1019.3","  7.1","999.9","  28.8","  0.4","  6.6"
"34504099999","48.6","34.9666666","143.0","1984-01-20","  16.1","100000","999.9","  20.8","   8.8","  7.8"," 0.08","1028.3","  7.1","999.9","  16.5","  0.1","  3.9"
"34504099999","48.6","34.9666666","143.0","1984-01-21","  28.0","111000","999.9","  33.4","  19.2"," 15.5"," 0.00","1021.2","  6.7","999.9","  29.0","  1.3"," 14.1"
"34504099999","48.6","34.9666666","143.0","1984-01-22","  24.6","011000","999.9","  33.8","  24.1"," 17.5"," 0.12","1017.5","  4.7","999.9","  28.2","  4.2"," 10.0"
"34504099999","48.6","34.9666666","143.0","1984-01-23","  34.3","110000","999.9","  37.6","  24.1"," 23.3"," 0.00","1011.8","  4.7","999.9","  35.4","  1.5"," 18.1"
"34504099999","48.6","34.9666666","143.0","1984-01-24","  34.8","010000","999.9","  39.9","  30.4"," 19.4"," 0.08","1011.6","999.9","999.9","  36.6","  4.4"," 15.3"
"34504099999","48.6","34.9666666","143.0","1984-01-25","  31.5","000000","999.9","  35.8","  32.2"," 33.0"," 0.00","1013.5","  0.8","999.9","  34.5","  6.2"," 24.8"
"34504099999","48.6","34.9666666","143.0","1984-01-26","  23.7","010000","999.9","  30.0","  27.7"," 29.1"," 0.02","1018.9","999.9","999.9","  28.9","  6.2"," 25.9"
"34504099999","48.6","34.9666666","143.0","1984-01-27","  14.1","000000","999.9","  25.7","  20.8"," 23.3"," 0.01","1030.4","999.9","999.9","  22.8","  6.2"," 22.2"
"34504099999","48.6","34.9666666","143.0","1984-01-28","  10.6","000000","999.9","  23.9","  17.2"," 23.3"," 0.00","1036.4","999.9","999.9","  21.1","  6.2"," 18.7"
"34504099999","48.6","34.9666666","143.0","1984-01-29","   9.9","000000","999.9","  33.8","  15.4"," 17.5"," 0.00","1036.1","999.9","999.9","  23.7","  6.2"," 14.8"
"34504099999","48.6","34.9666666","143.0","1984-01-30","  14.4","000000","999.9","  34.2","  16.9"," 17.5"," 0.00","1031.6","999.9","999.9","  24.4","  6.2"," 14.6"
"34504099999","48.6","34.9666666","143.0","1984-01-31","  15.6","000000","999.9","  29.5","  19.4"," 15.5"," 0.00","1026.9","999.9","999.9","  23.5","  6.2"," 12.5"
"34504099999","48.6","34.9666666","143.0","1984-02-01","  15.1","000000","999.9","  31.1","  16.2"," 15.5"," 0.00","1026.1","999.9","999.9","  24.0","  6.2"," 12.1"
"34504099999","48.6","34.9666666","143.0","1984-02-02","  17.0","000000","999.9","  30.0","  19.8"," 13.6"," 0.00","1027.8","999.9","999.9","  24.7","  5.7"," 12.6"
"34504099999","48.6","34.9666666","143.0","1984-02-03","  11.0","000000","999.9","  32.9","  16.0"," 13.6"," 0.00","1031.3","999.9","999.9","  22.5","  6.2"," 13.1"
"34504099999","48.6","34.9666666","143.0","1984-02-04","   8.5","000000","999.9","  32.0","  14.0"," 23.3"," 0.00","1032.8","999.9","999.9","  21.8","  6.2"," 17.5"
"34504099999","48.6","34.9666666","143.0","1984-02-05","   4.3","000000","999.9","  28.4","   9.5"," 23.3"," 0.00","1032.3","999.9","999.9","  17.8","  6.2"," 18.6"
"34504099999","48.6","34.9666666","143.0","1984-02-06","   7.6","000000","999.9","  30.9","  14.0"," 15.5"," 0.00","1023.7","999.9","999.9","  20.6","  6.2"," 14.8"
"34504099999","48.6","34.9666666","143.0","1984-02-07","   8.9","000000","999.9","  27.9","  12.9"," 17.5"," 0.00","1011.7","999.9","999.9","  21.7","  6.2"," 15.5"
"34504099999","48.6","34.9666666","143.0","1984-02-08","  17.5","010000","999.9","  26.6","  19.4"," 17.5"," 0.00","1007.3","999.9","999.9","  22.8","  6.2"," 15.2"
"34504099999","48.6","34.9666666","143.0","1984-02-09","  16.7","001000","999.9","  25.7","  21.2"," 19.4"," 0.01","1012.6","999.9","999.9","  23.6","  6.2"," 15.3"
"34504099999","48.6","34.9666666","143.0","1984-02-10","  14.2","001000","999.9","  34.3","  19.8"," 23.3"," 0.01","1020.0","999.9","999.9","  25.0","  5.7"," 19.4"
"34504099999","48.6","34.9666666","143.0","1984-02-11","  19.9","001000","999.9","  25.3","  22.8"," 23.3"," 0.16","1013.4","  0.8","999.9","  23.7","  2.8"," 17.0"
"34504099999","48.6","34.9666666","143.0","1984-02-12","  17.1","001000","999.9","  23.7","  17.6"," 25.3"," 0.43","1017.4","999.9","999.9","  19.7","  1.0"," 22.3"
"34504099999","48.6","34.9666666","143.0","1984-02-13","  10.6","001000","999.9","  18.3","  12.0"," 21.4"," 0.55","1031.4","  2.8","999.9","  15.0","  2.3"," 18.3"
"34504099999","48.6","34.9666666","143.0","1984-02-14","   7.8","000000","999.9","  20.3","  11.1"," 19.4"," 0.08","1038.9","  2.8","999.9","  16.5","  6.2"," 17.2"
"34504099999","48.6","34.9666666","143.0","1984-02-15","   9.4","001000","999.9","  22.3","  10.4"," 19.4"," 0.00","1037.9","  2.4","999.9","  16.2","  4.4"," 17.8"
"34504099999","48.6","34.9666666","143.0","1984-02-16","   9.7","001000","999.9","  23.5","  13.8"," 19.4"," 0.00","1034.4","999.9","999.9","  19.0","  5.5"," 16.9"
"34504099999","48.6","34.9666666","143.0","1984-02-17","  12.2","000000","999.9","  26.1","  13.6"," 17.5"," 0.00","1038.1","  2.4","999.9","  18.9","  5.1"," 13.1"
"34504099999","48.6","34.9666666","143.0","1984-02-18","  21.1","001000","999.9","  27.1","  18.1"," 13.6"," 0.00","1039.0","999.9","999.9","  24.7","  2.1"," 11.4"
"34504099999","48.6","34.9666666","143.0","1984-02-19","  23.7","000000","999.9","  33.3","  25.5"," 21.4"," 0.00","1034.7","  2.0","999.9","  28.6","  5.7"," 17.5"
"34504099999","48.6","34.9666666","143.0","1984-02-20","  20.7","001000","999.9","  29.1","  22.3"," 23.3"," 0.00","1032.7","  2.0","999.9","  25.9","  5.1"," 20.5"
"34504099999","48.6","34.9666666","143.0","1984-02-21","  21.1","000000","999.9","  33.6","  18.9"," 21.4"," 0.00","1034.7","999.9","999.9","  27.1","  5.7"," 17.0"
"34504099999","48.6","34.9666666","143.0","1984-02-22","  19.1","000000","999.9","  32.9","  19.2"," 19.4"," 0.00","1035.7","  1.6","999.9","  26.6","  6.2"," 15.3"
"34504099999","48.6","34.9666666","143.0","1984-02-23","  22.0","001000","999.9","  30.0","  23.9"," 15.5"," 0.04","1035.5","  2.0","999.9","  26.7","  3.0"," 12.2"
"34504099999","48.6","34.9666666","143.0","1984-02-24","  22.0","001000","999.9","  28.6","  24.1"," 15.5"," 0.04","1036.8","999.9","999.9","  25.9","  3.2"," 14.1"
"34504099999","48.6","34.9666666","143.0","1984-02-25","  23.5","000000","999.9","  37.2","  23.2"," 17.5"," 0.00","1040.8","  1.6","999.9","  29.0","  4.3"," 13.1"
"34504099999","48.6","34.9666666","143.0","1984-02-26","  15.1","000000","999.9","  27.9","  18.3"," 15.5"," 0.00","1043.6","  1.2","999.9","  22.4","  5.6"," 11.7"
"34504099999","48.6","34.9666666","143.0","1984-02-27","  13.8","000000","999.9","  31.8","  14.7"," 13.6"," 0.00","1038.4","  0.8","999.9","  23.2","  6.2"," 12.9"
"34504099999","48.6","34.9666666","143.0","1984-02-28","  14.9","000000","999.9","  37.4","  17.2"," 15.5"," 0.00","1026.9","  0.4","999.9","  26.0","  6.2"," 14.7"
"34504099999","48.6","34.9666666","143.0","1984-02-29","  19.8","000000","999.9","  38.5","  24.1"," 13.6"," 0.00","1020.1","999.9","999.9","  28.0","  5.7"," 11.0"
"34504099999","48.6","34.9666666","143.0","1984-03-01","  24.1","000000","999.9","  36.0","  20.5","  5.8"," 0.00","1023.1","999.9","999.9","  27.7","  1.9","  1.9"
"34504099999","48.6","34.9666666","143.0","1984-03-02","  25.8","000000","999.9","  35.1","  24.3"," 13.6"," 0.00","1022.4","999.9","999.9","  29.2","  2.5","  9.3"
"34504099999","48.6","34.9666666","143.0","1984-03-03","  23.5","010000","999.9","  40.5","  31.8"," 29.1"," 0.00","1011.6","999.9","999.9","  35.7","  2.7"," 24.4"
"34504099999","48.6","34.9666666","143.0","1984-03-04","  34.2","010000","999.9","  44.2","  32.7"," 25.3"," 0.24","1011.7","999.9","999.9","  37.8","  2.3"," 19.4"
"34504099999","48.6","34.9666666","143.0","1984-03-05","  36.2","010000","999.9","  46.2","  34.2"," 15.5"," 0.04","1019.8","999.9","999.9","  39.0","  2.2"," 12.4"
"34504099999","48.6","34.9666666","143.0","1984-03-06","  32.0","000000","999.9","  36.7","  33.4"," 13.6"," 0.02","1020.3","999.9","999.9","  34.5","  1.6"," 11.1"
"34504099999","48.6","34.9666666","143.0","1984-03-07","  27.5","011000","999.9","  34.9","  29.3"," 15.5"," 0.00","1014.0","999.9","999.9","  31.3","  1.3"," 13.1"
"34504099999","48.6","34.9666666","143.0","1984-03-08","  34.0","100000","999.9","  36.5","  32.7"," 11.7"," 0.02","1016.6","999.9","999.9","  34.6","  0.3","  2.2"
"34504099999","48.6","34.9666666","143.0","1984-03-09","  31.5","100000","999.9","  39.9","  32.7"," 17.5"," 0.00","1026.5","999.9","999.9","  35.2","  1.1","  9.7"
"34504099999","48.6","34.9666666","143.0","1984-03-10","  22.4","000000","999.9","  39.4","  29.5"," 29.1"," 0.00","1022.2","999.9","999.9","  33.7","  4.8"," 24.5"
"34504099999","48.6","34.9666666","143.0","1984-03-11","  22.0","000000","999.9","  43.3","  32.9"," 23.3"," 0.00","1020.5","999.9","999.9","  36.9","  2.6"," 20.2"
"34504099999","48.6","34.9666666","143.0","1984-03-12","  20.7","000000","999.9","  41.7","  30.6"," 23.3"," 0.00","1022.8","999.9","999.9","  35.4","  5.7"," 17.7"
"34504099999","48.6","34.9666666","143.0","1984-03-13","  25.0","000000","999.9","  40.8","  30.9"," 19.4"," 0.00","1022.7","999.9","999.9","  33.2","  5.7"," 16.1"
"34504099999","48.6","34.9666666","143.0","1984-03-14","  24.8","000000","999.9","  39.7","  30.6"," 17.5"," 0.00","1022.1","999.9","999.9","  33.7","  6.2"," 15.5"
"34504099999","48.6","34.9666666","143.0","1984-03-15","  28.3","001010","999.9","  36.1","  29.5"," 11.7"," 0.00","1019.5","999.9","999.9","  32.6","  3.7","  9.2"
"34504099999","48.6","34.9666666","143.0","1984-03-16","  30.8","101000","999.9","  40.3","  31.8","  7.8"," 0.02","1016.5","999.9","999.9","  33.9","  1.7","  1.4"
"34504099999","48.6","34.9666666","143.0","1984-03-17","  29.2","110000","999.9","  39.7","  29.8","  3.9"," 0.12","1013.1","  0.4","999.9","  34.0","  3.1","  1.2"
"34504099999","48.6","34.9666666","143.0","1984-03-18","  23.1","001000","999.9","  33.8","  27.7"," 11.7"," 0.01","1014.5","999.9","999.9","  30.3","  4.8","  8.7"
"34504099999","48.6","34.9666666","143.0","1984-03-19","  21.0","001000","999.9","  31.1","  22.3"," 19.4"," 0.00","1018.4","  0.4","999.9","  26.4","  3.8"," 10.9"
"34504099999","48.6","34.9666666","143.0","1984-03-20","  18.4","001000","999.9","  28.2","  15.3"," 25.3"," 0.51","1019.6","  1.6","999.9","  23.1","  2.6"," 20.9"
"34504099999","48.6","34.9666666","143.0","1984-03-21","  12.8","000000","999.9","  28.8","  11.3"," 13.6"," 0.00","1028.2","  2.8","999.9","  19.9","  5.1","  9.7"
"34504099999","48.6","34.9666666","143.0","1984-03-22","  21.1","000000","999.9","  32.2","  16.3"," 15.5"," 0.00","1022.5","  2.0","999.9","  27.3","  4.1","  6.9"
"34504099999","48.6","34.9666666","143.0","1984-03-23","  29.0","000000","999.9","  37.9","  27.5"," 15.5"," 0.00","1015.7","  0.8","999.9","  33.1","  2.5"," 12.1"
"34504099999","48.6","34.9666666","143.0","1984-03-24","  34.5","111000","999.9","  36.7","  34.2"," 15.5"," 0.00","1009.1","999.9","999.9","  35.3","  0.6"," 13.6"
"34504099999","48.6","34.9666666","143.0","1984-03-25","  36.2","110000","999.9","  38.1","  34.9"," 13.6"," 0.08","1008.5","999.9","999.9","  36.2","  0.1","  8.6"
"34504099999","48.6","34.9666666","143.0","1984-03-26","  37.6","110000","999.9","  40.8","  35.4","  3.9"," 0.08","1012.7","999.9","999.9","  37.8","  0.7","  0.5"
"34504099999","48.6","34.9666666","143.0","1984-03-27","  37.1","100000","999.9","  41.5","  35.8","  9.7"," 0.00","1017.2","999.9","999.9","  38.2","  0.7","  2.7"
"34504099999","48.6","34.9666666","143.0","1984-03-28","  38.0","010000","999.9","  44.1","  35.2"," 15.5"," 0.00","1018.6","999.9","999.9","  40.3","  3.0"," 10.8"
"34504099999","48.6","34.9666666","143.0","1984-03-29","  42.3","100000","999.9","  54.9","  35.8","  9.7"," 0.12","1020.0","999.9","999.9","  44.5","  1.3","  6.1"
"34504099999","48.6","34.9666666","143.0","1984-03-30","  40.0","000000","999.9","  62.2","  37.8","  9.7"," 0.00","1019.3","999.9","999.9","  49.5","  3.4","  5.6"
"34504099999","48.6","34.9666666","143.0","1984-03-31","  38.1","000000","999.9","  57.4","  38.3"," 15.5"," 0.00","1015.2","999.9","999.9","  45.9","  4.2"," 15.5"
"34504099999","48.6","34.9666666","143.0","1984-04-01","  39.4","110000","999.9","  46.0","  39.2"," 15.5"," 0.04","1012.7","999.9","999.9","  42.3","  3.6"," 12.0"
"34504099999","48.6","34.9666666","143.0","1984-04-02","  41.2","110000","999.9","  47.1","  39.7","  9.7"," 0.39","1020.4","999.9","999.9","  42.6","  1.9","  3.6"
"34504099999","48.6","34.9666666","143.0","1984-04-03","  39.7","100000","999.9","  52.0","  34.5"," 13.6"," 0.00","1026.1","999.9","999.9","  42.9","  2.5","  7.8"
"34504099999","48.6","34.9666666","143.0","1984-04-04","  33.4","000000","999.9","  58.3","  41.0"," 23.3"," 0.00","1022.1","999.9","999.9","  49.2","  6.2"," 17.0"
"34504099999","48.6","34.9666666","143.0","1984-04-05","  31.2","000000","999.9","  61.0","  40.5"," 23.3"," 0.00","1018.9","999.9","999.9","  51.2","  6.2"," 18.9"
"34504099999","48.6","34.9666666","143.0","1984-04-06","  36.3","000000","999.9","  57.0","  47.5"," 23.3"," 0.00","1017.6","999.9","999.9","  51.5","  5.3"," 19.7"
"34504099999","48.6","34.9666666","143.0","1984-04-07","  33.8","000000","999.9","  64.2","  45.0"," 25.3"," 0.00","1015.6","999.9","999.9","  55.9","  6.2"," 19.7"
"34504099999","48.6","34.9666666","143.0","1984-04-08","  33.3","000000","999.9","  60.1","  43.5"," 23.3"," 0.00","1012.2","999.9","999.9","  52.5","  6.2"," 19.9"
"34504099999","48.6","34.9666666","143.0","1984-04-09","  31.6","000000","999.9","  54.9","  37.8"," 23.3"," 0.00","1012.5","999.9","999.9","  47.7","  6.2"," 17.7"
"34504099999","48.6","34.9666666","143.0","1984-04-10","  26.5","000000","999.9","  57.7","  38.8"," 23.3"," 0.00","1018.8","999.9","999.9","  48.6","  5.7"," 16.4"
"34504099999","48.6","34.9666666","143.0","1984-04-11","  27.5","000000","999.9","  61.0","  39.6"," 15.5"," 0.00","1020.8","999.9","999.9","  51.3","  5.7"," 11.4"
"34504099999","48.6","34.9666666","143.0","1984-04-12","  24.9","000000","999.9","  63.3","  36.7","  9.7"," 0.00","1019.5","999.9","999.9","  50.8","  5.7","  4.2"
"34504099999","48.6","34.9666666","143.0","1984-04-13","  35.3","000000","999.9","  67.3","  42.3"," 19.4"," 0.00","1020.5","999.9","999.9","  51.5","  5.1"," 11.7"
"34504099999","48.6","34.9666666","143.0","1984-04-14","  31.5","000000","999.9","  62.8","  41.0"," 15.5"," 0.00","1021.3","999.9","999.9","  51.8","  6.2"," 14.3"
"34504099999","48.6","34.9666666","143.0","1984-04-15","  28.5","000000","999.9","  65.5","  41.0"," 19.4"," 0.00","1019.4","999.9","999.9","  55.5","  6.2"," 16.1"
"34504099999","48.6","34.9666666","143.0","1984-04-16","  21.5","000000","999.9","  61.3","  43.9"," 19.4"," 0.00","1018.7","999.9","999.9","  53.6","  6.2"," 15.3"
"34504099999","48.6","34.9666666","143.0","1984-04-17","  26.2","000000","999.9","  64.2","  47.7"," 21.4"," 0.00","1017.0","999.9","999.9","  55.3","  6.2"," 16.0"
"34504099999","48.6","34.9666666","143.0","1984-04-18","  43.8","010000","999.9","  63.3","  48.0"," 15.5"," 0.00","1011.5","999.9","999.9","  54.1","  6.2"," 10.3"
"34504099999","48.6","34.9666666","143.0","1984-04-19","  46.3","010000","999.9","  58.3","  48.9"," 13.6"," 0.02","1008.3","999.9","999.9","  51.5","  3.0","  9.7"
"34504099999","48.6","34.9666666","143.0","1984-04-20","  35.9","010000","999.9","  50.5","  23.2"," 23.3"," 0.12","1011.8","999.9","999.9","  42.7","  5.6"," 16.6"
"34504099999","48.6","34.9666666","143.0","1984-04-21","  24.5","000000","999.9","  51.6","  38.3"," 17.5"," 0.00","1014.6","999.9","999.9","  43.9","  6.2"," 13.6"
"34504099999","48.6","34.9666666","143.0","1984-04-22","  23.4","000000","999.9","  50.5","  36.0"," 15.5"," 0.00","1017.6","999.9","999.9","  44.9","  5.6"," 11.0"
"34504099999","48.6","34.9666666","143.0","1984-04-23","  32.7","010000","999.9","  51.3","  41.4"," 13.6"," 0.01","1019.3","999.9","999.9","  45.0","  5.3"," 10.7"
"34504099999","48.6","34.9666666","143.0","1984-04-24","  43.9","010000","999.9","  50.9","  41.4"," 15.5"," 0.31","1014.8","999.9","999.9","  46.2","  2.9"," 10.9"
"34504099999","48.6","34.9666666","143.0","1984-04-25","  41.1","010000","999.9","  61.0","  42.3"," 19.4"," 0.35","1013.6","999.9","999.9","  47.4","  4.4"," 11.1"
"34504099999","48.6","34.9666666","143.0","1984-04-26","  42.4","100000","999.9","  61.9","  37.0"," 13.6"," 0.04","1006.2","999.9","999.9","  48.2","  3.0"," 10.4"
"34504099999","48.6","34.9666666","143.0","1984-04-27","  42.6","000000","999.9","  58.5","  44.6"," 15.5"," 0.00","1008.2","999.9","999.9","  49.4","  4.2"," 12.1"
"34504099999","48.6","34.9666666","143.0","1984-04-28","  40.2","000000","999.9","  61.7","  38.5"," 13.6"," 0.00","1014.3","999.9","999.9","  50.1","  5.0","  9.4"
"34504099999","48.6","34.9666666","143.0","1984-04-29","  40.3","000000","999.9","  64.2","  44.6"," 25.3"," 0.00","1013.0","999.9","999.9","  53.4"," 10.8"," 13.1"
"34504099999","48.6","34.9666666","143.0","1984-04-30","  42.2","010000","999.9","  63.1","  42.4","  9.7"," 0.00","1018.2","999.9","999.9","  51.0","  5.0","  3.6"
"34504099999","48.6","34.9666666","143.0","1984-05-01","  39.0","000000","999.9","  67.6","  41.4","  9.7"," 0.00","1021.0","999.9","999.9","  54.8","  5.3","  6.1"
"34504099999","48.6","34.9666666","143.0","1984-05-02","  38.5","000000","999.9","  70.5","  43.9","  5.8"," 0.00","1018.4","999.9","999.9","  59.0","  3.3","  3.2"
"34504099999","48.6","34.9666666","143.0","1984-05-03","  42.1","010010","999.9","  69.6","  52.0"," 17.5"," 0.00","1018.8","999.9","999.9","  60.1","  4.2","  5.8"
"34504099999","48.6","34.9666666","143.0","1984-05-04","  43.9","000000","999.9","  73.6","  48.6"," 15.5"," 0.01","1022.3","999.9","999.9","  60.7","  6.2"," 10.0"
"34504099999","48.6","34.9666666","143.0","1984-05-05","  39.2","000000","999.9","  71.8","  47.1","  3.9"," 0.00","1022.6","999.9","999.9","  59.8","  6.2","  1.0"
"34504099999","48.6","34.9666666","143.0","1984-05-06","  36.3","000000","999.9","  73.9","  48.6"," 15.5"," 0.00","1019.4","999.9","999.9","  60.6","  5.3","  3.9"
"34504099999","48.6","34.9666666","143.0","1984-05-07","  36.2","000000","999.9","  75.0","  48.0"," 17.5"," 0.00","1014.4","999.9","999.9","  61.2","  5.7","  9.0"
"34504099999","48.6","34.9666666","143.0","1984-05-08","  43.9","010000","999.9","  75.7","  51.3"," 17.5"," 0.00","1011.2","999.9","999.9","  59.8","  6.2"," 11.4"
"34504099999","48.6","34.9666666","143.0","1984-05-09","  50.5","000000","999.9","  76.8","  51.3","  9.7"," 0.00","1012.1","999.9","999.9","  60.8","  5.1","  3.3"
"34504099999","48.6","34.9666666","143.0","1984-05-10","  48.5","000000","999.9","  70.9","  49.6","  7.8"," 0.00","1016.3","999.9","999.9","  61.7","  3.0","  3.6"
"34504099999","48.6","34.9666666","143.0","1984-05-11","  52.1","000000","999.9","  82.6","  55.2"," 11.7"," 0.00","1015.8","999.9","999.9","  69.6","  4.8","  5.6"
"34504099999","48.6","34.9666666","143.0","1984-05-12","  53.6","000000","999.9","  87.8","  59.0"," 13.6"," 0.00","1014.5","999.9","999.9","  70.7","  5.7","  7.0"
"34504099999","48.6","34.9666666","143.0","1984-05-13","  53.8","000000","999.9","  80.8","  57.6"," 11.7"," 0.00","1011.7","999.9","999.9","  69.0","  6.2","  6.7"
"34504099999","48.6","34.9666666","143.0","1984-05-14","  55.8","010000","999.9","  88.7","  63.3"," 15.5"," 0.00","1007.1","999.9","999.9","  72.5","  5.3","  9.7"
"34504099999","48.6","34.9666666","143.0","1984-05-15","  54.6","000000","999.9","  75.4","  58.5","  9.7"," 0.00","1013.0","999.9","999.9","  63.0","  4.8","  5.3"
"34504099999","48.6","34.9666666","143.0","1984-05-16","  50.5","000000","999.9","  76.1","  53.1"," 15.5"," 0.00","1017.0","999.9","999.9","  64.6","  6.2","  9.2"
"34504099999","48.6","34.9666666","143.0","1984-05-17","  52.6","000000","999.9","  77.4","  58.1"," 15.5"," 0.00","1017.6","999.9","999.9","  67.9","  6.2","  7.8"
"34504099999","48.6","34.9666666","143.0","1984-05-18","  59.5","010000","999.9","  74.3","  59.7"," 13.6"," 0.31","1011.8","999.9","999.9","  66.3","  5.7","  9.2"
"34504099999","48.6","34.9666666","143.0","1984-05-19","  58.0","010010","999.9","  75.7","  59.4"," 15.5"," 0.31","1010.1","999.9","999.9","  65.6","  4.6","  6.9"
"34504099999","48.6","34.9666666","143.0","1984-05-20","  52.4","000000","999.9","  77.5","  53.8","  9.7"," 0.04","1014.5","999.9","999.9","  65.7","  5.3","  5.6"
"34504099999","48.6","34.9666666","143.0","1984-05-21","  49.0","000000","999.9","  83.8","  55.4"," 11.7"," 0.00","1016.2","999.9","999.9","  69.2","  6.2","  4.6"
"34504099999","48.6","34.9666666","143.0","1984-05-22","  54.0","000000","999.9","  83.5","  56.7"," 15.5"," 0.00","1013.6","999.9","999.9","  69.1","  5.1","  6.2"
"34504099999","48.6","34.9666666","143.0","1984-05-23","  53.0","010010","999.9","  86.0","  56.7"," 11.7"," 0.00","1011.3","999.9","999.9","  71.2","  6.2","  6.4"
"34504099999","48.6","34.9666666","143.0","1984-05-24","  54.7","000000","999.9"," 101.7","  58.8"," 17.5"," 0.00","1005.7","999.9","999.9","  72.2","  9.8"," 10.8"
"34504099999","48.6","34.9666666","143.0","1984-05-25","  54.4","010010","999.9","  78.4","  59.5"," 11.7"," 0.12","1001.0","999.9","999.9","  67.5","  6.2","  9.5"
"34504099999","48.6","34.9666666","143.0","1984-05-26","  48.9","000000","999.9","  74.8","  50.9"," 17.5"," 0.00","1006.9","999.9","999.9","  63.4","  6.2","  8.3"
"34504099999","48.6","34.9666666","143.0","1984-05-27","  50.5","000000","999.9","  76.1","  53.2"," 15.5"," 0.00","1010.0","999.9","999.9","  65.5","  4.8","  8.0"
"34504099999","48.6","34.9666666","143.0","1984-05-28","  48.3","000000","999.9","  77.2","  59.0"," 15.5"," 0.00","1009.3","999.9","999.9","  68.5","  6.2"," 10.0"
"34504099999","48.6","34.9666666","143.0","1984-05-29","  47.5","000000","999.9","  79.5","  56.3"," 11.7"," 0.00","1007.9","999.9","999.9","  70.6","  5.1","  9.2"
"34504099999","48.6","34.9666666","143.0","1984-05-30","  55.9","000000","999.9","  80.4","  60.3"," 11.7"," 0.00","1010.0","999.9","999.9","  70.2","  5.3","  7.5"
"34504099999","48.6","34.9666666","143.0","1984-05-31","  57.6","010010","999.9","  82.4","  58.1"," 11.7"," 0.00","1013.0","999.9","999.9","  64.0","  9.0","  6.3"
"34504099999","48.6","34.9666666","143.0","1984-06-01","  57.8","000000","999.9","  77.7","  55.8"," 13.6"," 0.79","1010.3","999.9","999.9","  68.6","  6.2","  8.6"
"34504099999","48.6","34.9666666","143.0","1984-06-02","  60.0","010000","999.9","  78.8","  58.8"," 11.7"," 0.00","1007.2","999.9","999.9","  66.7","  3.7","  6.1"
"34504099999","48.6","34.9666666","143.0","1984-06-03","  59.0","010000","999.9","  81.1","  62.8"," 17.5"," 0.51","1009.8","999.9","999.9","  69.8","  6.2"," 11.1"
"34504099999","48.6","34.9666666","143.0","1984-06-04","  48.6","000000","999.9","  80.8","  62.4"," 19.4"," 0.04","1014.0","999.9","999.9","  70.9","  6.2"," 15.1"
"34504099999","48.6","34.9666666","143.0","1984-06-05","  55.1","010000","999.9","  79.0","  61.2"," 13.6"," 0.00","1013.4","999.9","999.9","  68.4","  6.2","  8.6"
"34504099999","48.6","34.9666666","143.0","1984-06-06","  60.1","000000","999.9","  80.6","  61.9"," 11.7"," 0.00","1012.2","999.9","999.9","  71.1","  4.3","  8.3"
"34504099999","48.6","34.9666666","143.0","1984-06-07","  57.4","010010","999.9","  85.5","  60.8"," 11.7"," 0.00","1010.0","999.9","999.9","  71.4","  9.3","  8.0"
"34504099999","48.6","34.9666666","143.0","1984-06-08","  59.2","000010","999.9","  82.0","  61.5"," 19.4"," 0.12","1002.1","999.9","999.9","  72.7","  7.0"," 12.9"
"34504099999","48.6","34.9666666","143.0","1984-06-09","  51.5","010010","999.9","  73.0","  57.9"," 23.3"," 0.00","1000.0","999.9","999.9","  64.4","  5.7"," 17.5"
"34504099999","48.6","34.9666666","143.0","1984-06-10","  48.9","000000","999.9","  69.3","  52.7"," 19.4"," 0.08","1007.6","999.9","999.9","  59.8","  5.1"," 12.8"
"34504099999","48.6","34.9666666","143.0","1984-06-11","  44.3","000000","999.9","  71.2","  48.7"," 17.5"," 0.00","1015.2","999.9","999.9","  60.3","  5.7"," 11.9"
"34504099999","48.6","34.9666666","143.0","1984-06-12","  44.3","010000","999.9","  62.6","  52.0"," 15.5"," 0.00","1017.6","999.9","999.9","  56.0","  5.6"," 11.9"
"34504099999","48.6","34.9666666","143.0","1984-06-13","  36.9","000000","999.9","  62.8","  43.2"," 15.5"," 0.12","1020.1","999.9","999.9","  53.8","  5.6"," 13.4"
"34504099999","48.6","34.9666666","143.0","1984-06-14","  39.2","000000","999.9","  66.9","  45.7"," 11.7"," 0.00","1020.7","999.9","999.9","  56.8","  5.3","  8.3"
"34504099999","48.6","34.9666666","143.0","1984-06-15","  47.3","010000","999.9","  75.4","  51.8"," 19.4"," 0.00","1015.4","999.9","999.9","  61.9","  6.2"," 13.8"
"34504099999","48.6","34.9666666","143.0","1984-06-16","  52.5","010000","999.9","  73.6","  53.4"," 15.5"," 0.00","1010.8","999.9","999.9","  63.0","  5.1"," 10.2"
"34504099999","48.6","34.9666666","143.0","1984-06-17","  50.6","110000","999.9","  71.2","  55.2"," 13.6"," 0.24","1013.2","999.9","999.9","  63.1","  4.4","  9.0"
"34504099999","48.6","34.9666666","143.0","1984-06-18","  48.2","000000","999.9","  71.2","  51.6"," 13.6"," 0.00","1016.3","999.9","999.9","  62.6","  6.2"," 11.4"
"34504099999","48.6","34.9666666","143.0","1984-06-19","  49.5","010000","999.9","  70.7","  52.2"," 17.5"," 0.00","1015.6","999.9","999.9","  61.0","  6.2"," 12.4"
"34504099999","48.6","34.9666666","143.0","1984-06-20","  49.6","000000","999.9","  71.1","  53.2"," 11.7"," 0.08","1011.5","999.9","999.9","  62.6","  4.8","  7.0"
"34504099999","48.6","34.9666666","143.0","1984-06-21","  50.2","000000","999.9","  76.6","  54.1"," 11.7"," 0.00","1009.0","999.9","999.9","  66.4","  4.9","  7.8"
"34504099999","48.6","34.9666666","143.0","1984-06-22","  52.1","000000","999.9","  79.9","  57.4"," 11.7"," 0.00","1007.8","999.9","999.9","  68.7","  6.2","  8.7"
"34504099999","48.6","34.9666666","143.0","1984-06-23","  56.6","000000","999.9","  82.9","  59.9"," 15.5"," 0.00","1008.9","999.9","999.9","  71.3","  5.7","  8.9"
"34504099999","48.6","34.9666666","143.0","1984-06-24","  53.7","000000","999.9","  85.8","  59.9"," 15.5"," 0.00","1007.8","999.9","999.9","  75.5","  6.2"," 12.6"
"34504099999","48.6","34.9666666","143.0","1984-06-25","  58.7","000000","999.9","  88.0","  63.0"," 15.5"," 0.00","1007.3","999.9","999.9","  73.0","  5.7","  9.7"
"34504099999","48.6","34.9666666","143.0","1984-06-26","  52.6","000000","999.9","  66.0","  56.7"," 15.5"," 0.00","1011.7","999.9","999.9","  60.3","  5.7"," 11.2"
"34504099999","48.6","34.9666666","143.0","1984-06-27","  50.8","010000","999.9","  74.8","  49.3"," 13.6"," 0.00","1016.7","999.9","999.9","  60.8","  9.7","  6.2"
"34504099999","48.6","34.9666666","143.0","1984-06-28","  48.3","000000","999.9","  75.7","  49.8","  9.7"," 0.00","1019.5","999.9","999.9","  63.7","  5.3","  4.1"
"34504099999","48.6","34.9666666","143.0","1984-06-29","  48.8","000000","999.9","  85.1","  54.9"," 15.5"," 0.00","1015.1","999.9","999.9","  72.2","  6.2"," 10.0"
"34504099999","48.6","34.9666666","143.0","1984-06-30","  48.4","000000","999.9","  87.1","  57.7"," 15.5"," 0.00","1011.2","999.9","999.9","  73.0","  6.2","  9.2"
"34504099999","48.6","34.9666666","143.0","1984-07-01","  54.9","010000","999.9","  76.1","  55.0"," 17.5"," 0.00","1011.1","999.9","999.9","  66.1","  5.1"," 13.0"
"34504099999","48.6","34.9666666","143.0","1984-07-02","  47.5","010000","999.9","  69.1","  51.1"," 21.4"," 0.08","1014.3","999.9","999.9","  58.8","  9.3"," 13.4"
"34504099999","48.6","34.9666666","143.0","1984-07-03","  51.3","010000","999.9","  78.6","  52.5","  9.7"," 0.02","1011.8","999.9","999.9","  62.5","  5.7","  5.3"
"34504099999","48.6","34.9666666","143.0","1984-07-04","  58.3","000000","999.9","  77.5","  60.1"," 11.7"," 0.02","1005.0","999.9","999.9","  68.4","  6.2","  9.5"
"34504099999","48.6","34.9666666","143.0","1984-07-05","  51.6","010000","999.9","  79.9","  56.7"," 17.5"," 0.00","1006.3","999.9","999.9","  62.8","  5.0"," 10.1"
"34504099999","48.6","34.9666666","143.0","1984-07-06","  51.6","000000","999.9","  70.7","  52.2"," 15.5"," 7.91","1010.2","999.9","999.9","  61.2","  5.3","  9.5"
"34504099999","48.6","34.9666666","143.0","1984-07-07","  55.6","000000","999.9","  76.8","  56.1"," 13.6"," 0.00","1015.7","999.9","999.9","  67.5","  5.7","  7.8"
"34504099999","48.6","34.9666666","143.0","1984-07-08","  56.7","010010","999.9","  63.5","  57.7"," 15.5"," 0.91","1014.9","999.9","999.9","  59.8","  4.3"," 10.7"
"34504099999","48.6","34.9666666","143.0","1984-07-09","  56.9","010000","999.9","  69.4","  57.0","  9.7"," 0.20","1009.6","999.9","999.9","  62.1","  3.9","  3.9"
"34504099999","48.6","34.9666666","143.0","1984-07-10","  54.4","001000","999.9","  71.1","  56.5"," 15.5"," 0.00","1009.6","999.9","999.9","  62.8","  5.7"," 12.8"
"34504099999","48.6","34.9666666","143.0","1984-07-11","  57.4","010000","999.9","  70.7","  56.1"," 15.5"," 0.01","1009.9","999.9","999.9","  61.7","  6.5"," 12.6"
"34504099999","48.6","34.9666666","143.0","1984-07-12","  61.2","000000","999.9","  80.2","  59.5"," 15.5"," 0.01","1015.9","999.9","999.9","  70.9","  5.6"," 13.1"
"34504099999","48.6","34.9666666","143.0","1984-07-13","  60.5","000000","999.9","  83.1","  63.3"," 15.5"," 0.00","1018.6","999.9","999.9","  73.9","  5.7"," 10.2"
"34504099999","48.6","34.9666666","143.0","1984-07-14","  60.6","000000","999.9","  87.1","  67.6","  7.8"," 0.00","1014.4","999.9","999.9","  76.7","  4.6","  4.4"
"34504099999","48.6","34.9666666","143.0","1984-07-15","  61.3","010010","999.9","  86.5","  66.7","  7.8"," 0.00","1008.9","999.9","999.9","  78.4","  4.6","  2.8"
"34504099999","48.6","34.9666666","143.0","1984-07-16","  64.4","000000","999.9","  89.6","  68.2","  9.7"," 0.00","1005.8","999.9","999.9","  78.9","  3.3","  5.1"
"34504099999","48.6","34.9666666","143.0","1984-07-17","  60.5","000000","999.9","  90.7","  67.1"," 11.7"," 0.00","1008.3","999.9","999.9","  82.0","  5.0","  8.3"
"34504099999","48.6","34.9666666","143.0","1984-07-18","  63.8","000010","999.9","  97.7","  70.0"," 15.5"," 0.00","1009.6","999.9","999.9","  83.0","  4.1","  6.3"
"34504099999","48.6","34.9666666","143.0","1984-07-19","  64.1","010010","999.9","  82.8","  70.3"," 17.5"," 0.00","1008.2","999.9","999.9","  75.4","  5.7"," 10.8"
"34504099999","48.6","34.9666666","143.0","1984-07-20","  55.2","000000","999.9","  79.2","  61.3"," 15.5"," 0.08","1013.1","999.9","999.9","  69.9","  5.7"," 11.9"
"34504099999","48.6","34.9666666","143.0","1984-07-21","  54.1","000000","999.9","  78.8","  60.6","  7.8"," 0.00","1014.0","999.9","999.9","  72.6","  5.1","  3.6"
"34504099999","48.6","34.9666666","143.0","1984-07-22","  55.0","000000","999.9","  81.5","  62.6"," 13.6"," 0.00","1015.6","999.9","999.9","  71.6","  5.1","  6.4"
"34504099999","48.6","34.9666666","143.0","1984-07-23","  55.7","000000","999.9","  81.1","  65.7"," 13.6"," 0.00","1015.7","999.9","999.9","  72.8","  3.4","  9.2"
"34504099999","48.6","34.9666666","143.0","1984-07-24","  55.4","000010","999.9","  74.7","  60.3","  9.7"," 0.35","1012.1","999.9","999.9","  66.0","  3.0","  5.8"
"34504099999","48.6","34.9666666","143.0","1984-07-25","  53.5","000000","999.9","  70.9","  57.9"," 11.7"," 0.00","1010.5","999.9","999.9","  62.6","  4.3","  5.0"
"34504099999","48.6","34.9666666","143.0","1984-07-26","  51.7","010000","999.9","  73.0","  55.8","  9.7"," 0.00","1012.2","999.9","999.9","  65.1","  4.1","  3.9"
"34504099999","48.6","34.9666666","143.0","1984-07-27","  50.9","000000","999.9","  79.7","  56.5","999.9"," 0.00","1011.4","999.9","999.9","  67.5","  5.3","  0.0"
"34504099999","48.6","34.9666666","143.0","1984-07-28","  52.7","000000","999.9","  78.8","  57.6"," 13.6"," 0.00","1008.3","999.9","999.9","  68.7","  4.6","  5.8"
"34504099999","48.6","34.9666666","143.0","1984-07-29","  50.9","000000","999.9","  75.9","  59.7"," 15.5"," 0.00","1009.3","999.9","999.9","  67.0","  6.2"," 13.4"
"34504099999","48.6","34.9666666","143.0","1984-07-30","  48.1","000000","999.9","  75.4","  55.6"," 13.6"," 0.00","1013.9","999.9","999.9","  69.4","  4.4"," 10.3"
"34504099999","48.6","34.9666666","143.0","1984-07-31","  52.2","000000","999.9","  78.4","  55.6"," 13.6"," 0.00","1015.2","999.9","999.9","  65.1","  8.7","  5.0"
"34504099999","48.6","34.9666666","143.0","1984-08-01","  54.6","010000","999.9","  74.7","  54.0"," 15.5"," 0.00","1012.3","999.9","999.9","  64.2","  4.3"," 10.2"
"34504099999","48.6","34.9666666","143.0","1984-08-02","  55.0","000000","999.9","  76.3","  55.9"," 15.5"," 0.00","1011.6","999.9","999.9","  67.1","  5.1","  9.4"
"34504099999","48.6","34.9666666","143.0","1984-08-03","  54.9","000000","999.9","  81.9","  59.0"," 11.7"," 0.00","1013.9","999.9","999.9","  71.8","  5.1","  5.8"
"34504099999","48.6","34.9666666","143.0","1984-08-04","  56.8","000010","999.9","  79.7","  60.1"," 19.4"," 0.00","1015.0","999.9","999.9","  68.2","  3.0","  7.8"
"34504099999","48.6","34.9666666","143.0","1984-08-05","  56.6","000000","999.9","  77.7","  59.0"," 13.6"," 0.16","1016.2","999.9","999.9","  68.6","  2.1"," 11.2"
"34504099999","48.6","34.9666666","143.0","1984-08-06","  54.1","000000","999.9","  81.3","  63.0"," 13.6"," 0.00","1015.7","999.9","999.9","  71.7","  4.2"," 10.9"
"34504099999","48.6","34.9666666","143.0","1984-08-07","  53.7","000000","999.9","  77.9","  61.5"," 17.5"," 0.00","1016.3","999.9","999.9","  70.7","  4.8"," 11.9"
"34504099999","48.6","34.9666666","143.0","1984-08-08","  52.4","000000","999.9","  79.7","  61.9"," 13.6"," 0.00","1016.6","999.9","999.9","  71.4","  5.7"," 12.2"
"34504099999","48.6","34.9666666","143.0","1984-08-09","  56.8","010010","999.9","  82.0","  62.6"," 13.6"," 0.00","1016.9","999.9","999.9","  69.9","  4.1"," 10.0"
"34504099999","48.6","34.9666666","143.0","1984-08-10","  55.6","000000","999.9","  82.2","  62.4"," 13.6"," 0.00","1018.1","999.9","999.9","  71.8","  4.3","  8.5"
"34504099999","48.6","34.9666666","143.0","1984-08-11","  53.0","000000","999.9","  85.3","  59.2","  9.7"," 0.00","1016.3","999.9","999.9","  73.2","  4.8","  2.2"
"34504099999","48.6","34.9666666","143.0","1984-08-12","  51.2","000000","999.9","  89.8","  61.2"," 13.6"," 0.00","1007.7","999.9","999.9","  75.2","  6.2","  3.4"
"34504099999","48.6","34.9666666","143.0","1984-08-13","  56.5","010010","999.9","  81.3","  62.1"," 13.6"," 0.00","1003.2","999.9","999.9","  67.8","  5.7","  8.3"
"34504099999","48.6","34.9666666","143.0","1984-08-14","  55.7","010000","999.9","  63.0","  56.5"," 15.5"," 0.04","1005.2","999.9","999.9","  58.2","  4.3"," 11.9"
"34504099999","48.6","34.9666666","143.0","1984-08-15","  57.1","010000","999.9","  73.6","  48.6"," 11.7"," 0.47","1009.2","999.9","999.9","  61.1","  5.0","  6.9"
"34504099999","48.6","34.9666666","143.0","1984-08-16","  52.6","000000","999.9","  75.6","  54.0"," 15.5"," 0.12","1011.8","999.9","999.9","  63.4","  5.7","  9.7"
"34504099999","48.6","34.9666666","143.0","1984-08-17","  46.7","000000","999.9","  68.9","  53.4"," 13.6"," 0.00","1016.6","999.9","999.9","  61.4","  3.9"," 11.1"
"34504099999","48.6","34.9666666","143.0","1984-08-18","  47.9","000000","999.9","  73.8","  55.0"," 11.7"," 0.00","1016.4","999.9","999.9","  64.8","  3.4","  9.5"
"34504099999","48.6","34.9666666","143.0","1984-08-19","  51.0","000000","999.9","  78.8","  59.4","  5.8"," 0.00","1015.9","999.9","999.9","  70.7","  4.6","  3.3"
"34504099999","48.6","34.9666666","143.0","1984-08-20","  52.0","000000","999.9","  80.2","  55.9"," 11.7"," 0.00","1016.1","999.9","999.9","  67.9","  5.3","  6.1"
"34504099999","48.6","34.9666666","143.0","1984-08-21","  52.9","000000","999.9","  77.9","  59.0"," 13.6"," 0.00","1016.2","999.9","999.9","  67.8","  4.8","  8.7"
"34504099999","48.6","34.9666666","143.0","1984-08-22","  56.8","010000","999.9","  77.9","  63.1"," 13.6"," 0.16","1014.0","999.9","999.9","  67.3","  3.0","  9.0"
"34504099999","48.6","34.9666666","143.0","1984-08-23","  61.5","010010","999.9","  64.2","  60.3"," 15.5"," 0.20","1012.5","999.9","999.9","  62.7","  3.3"," 12.6"
"34504099999","48.6","34.9666666","143.0","1984-08-24","  61.2","000010","999.9","  74.3","  62.1","  9.7"," 1.30","1010.2","999.9","999.9","  66.8","  2.9","  5.8"
"34504099999","48.6","34.9666666","143.0","1984-08-25","  59.6","110000","999.9","  72.1","  58.3"," 11.7"," 0.00","1006.3","999.9","999.9","  63.8","  3.2","  5.3"
"34504099999","48.6","34.9666666","143.0","1984-08-26","  56.8","000000","999.9","  77.5","  57.4"," 11.7"," 0.04","1003.2","999.9","999.9","  67.8","  4.3","  4.4"
"34504099999","48.6","34.9666666","143.0","1984-08-27","  48.2","010000","999.9","  63.1","  52.5"," 13.6"," 0.00","1007.6","999.9","999.9","  58.9","  5.8"," 11.4"
"34504099999","48.6","34.9666666","143.0","1984-08-28","  38.4","000000","999.9","  61.7","  45.5"," 11.7"," 0.00","1020.6","999.9","999.9","  53.5","  5.7","  8.5"
"34504099999","48.6","34.9666666","143.0","1984-08-29","  44.5","000000","999.9","  71.8","  44.4"," 11.7"," 0.00","1022.4","999.9","999.9","  60.6","  6.2","  5.0"
"34504099999","48.6","34.9666666","143.0","1984-08-30","  45.6","000000","999.9","  75.4","  49.5"," 15.5"," 0.00","1019.7","999.9","999.9","  62.5","  6.2","  6.6"
"34504099999","48.6","34.9666666","143.0","1984-08-31","  49.5","000000","999.9","  78.1","  52.3"," 13.6"," 0.00","1016.5","999.9","999.9","  65.5","  6.2","  7.0"
"34504099999","48.6","34.9666666","143.0","1984-09-01","  50.7","000000","999.9","  80.2","  56.5","  7.8"," 0.00","1013.8","999.9","999.9","  68.3","  6.2","  4.6"
"34504099999","48.6","34.9666666","143.0","1984-09-02","  52.9","000000","999.9","  77.5","  58.5"," 13.6"," 0.00","1012.3","999.9","999.9","  64.6","  6.2","  9.4"
"34504099999","48.6","34.9666666","143.0","1984-09-03","  47.8","000000","999.9","  69.4","  51.1"," 13.6"," 0.00","1019.5","999.9","999.9","  60.8","  6.2","  6.7"
"34504099999","48.6","34.9666666","143.0","1984-09-04","  47.7","000000","999.9","  78.1","  50.4"," 11.7"," 0.00","1020.3","999.9","999.9","  64.4","  6.2","  7.0"
"34504099999","48.6","34.9666666","143.0","1984-09-05","  50.5","000000","999.9","  81.7","  52.3","  9.7"," 0.00","1017.3","999.9","999.9","  67.3","  6.2","  3.9"
"34504099999","48.6","34.9666666","143.0","1984-09-06","  49.1","000000","999.9","  83.8","  57.4","  7.8"," 0.00","1015.5","999.9","999.9","  70.3","  5.7","  5.5"
"34504099999","48.6","34.9666666","143.0","1984-09-07","  50.3","000000","999.9","  84.4","  55.8"," 13.6"," 0.00","1014.8","999.9","999.9","  71.6","  5.6","  4.1"
"34504099999","48.6","34.9666666","143.0","1984-09-08","  48.2","010000","999.9","  72.0","  56.3"," 13.6"," 0.12","1016.2","999.9","999.9","  63.6","  4.8"," 12.4"
"34504099999","48.6","34.9666666","143.0","1984-09-09","  42.2","000000","999.9","  76.8","  50.9"," 13.6"," 0.00","1014.4","999.9","999.9","  62.9","  6.2"," 12.1"
"34504099999","48.6","34.9666666","143.0","1984-09-10","  43.7","000000","999.9","  80.1","  50.2"," 13.6"," 0.00","1013.4","999.9","999.9","  63.2","  9.3"," 10.9"
"34504099999","48.6","34.9666666","143.0","1984-09-11","  50.7","000000","999.9","  81.3","  54.9","  9.7"," 0.00","1011.8","999.9","999.9","  67.6","  6.2","  9.2"
"34504099999","48.6","34.9666666","143.0","1984-09-12","  50.3","000000","999.9","  71.2","  55.6"," 13.6"," 0.00","1013.2","999.9","999.9","  62.5","  5.1","  7.0"
"34504099999","48.6","34.9666666","143.0","1984-09-13","  46.3","010000","999.9","  68.4","  50.4"," 11.7"," 0.00","1013.6","999.9","999.9","  57.1","  5.7","  9.0"
"34504099999","48.6","34.9666666","143.0","1984-09-14","  40.3","000000","999.9","  64.2","  42.4"," 15.5"," 0.00","1014.8","999.9","999.9","  54.6","  5.7"," 11.2"
"34504099999","48.6","34.9666666","143.0","1984-09-15","  40.4","000000","999.9","  63.1","  45.0"," 15.5"," 0.00","1016.0","999.9","999.9","  54.3","  5.3","  8.0"
"34504099999","48.6","34.9666666","143.0","1984-09-16","  42.4","000000","999.9","  63.3","  40.1"," 13.6"," 0.00","1021.9","999.9","999.9","  54.9","  5.0","  8.9"
"34504099999","48.6","34.9666666","143.0","1984-09-17","  41.0","000000","999.9","  70.7","  44.1"," 13.6"," 0.00","1022.1","999.9","999.9","  56.8","  6.2"," 10.4"
"34504099999","48.6","34.9666666","143.0","1984-09-18","  43.2","000000","999.9","  82.6","  49.5"," 13.6"," 0.00","1012.9","999.9","999.9","  63.6","  9.3"," 13.6"
"34504099999","48.6","34.9666666","143.0","1984-09-19","  54.9","010000","999.9","  71.4","  56.3"," 11.7"," 0.00","1008.9","999.9","999.9","  63.0","  4.3","  9.0"
"34504099999","48.6","34.9666666","143.0","1984-09-20","  49.0","000000","999.9","  69.1","  49.8","  9.7"," 0.00","1015.0","999.9","999.9","  57.9","  2.8","  4.7"
"34504099999","48.6","34.9666666","143.0","1984-09-21","  48.7","000000","999.9","  77.5","  33.8","  7.8"," 0.00","1019.3","999.9","999.9","  62.7","  5.1","  2.9"
"34504099999","48.6","34.9666666","143.0","1984-09-22","  52.2","000000","999.9","  83.3","  56.7"," 13.6"," 0.00","1013.3","999.9","999.9","  67.8","  6.2"," 11.4"
"34504099999","48.6","34.9666666","143.0","1984-09-23","  58.4","000000","999.9","  81.1","  60.6"," 15.5"," 0.00","1006.2","999.9","999.9","  68.2","  6.2"," 11.4"
"34504099999","48.6","34.9666666","143.0","1984-09-24","  51.4","000000","999.9","  74.7","  57.0"," 15.5"," 0.24","1009.1","999.9","999.9","  63.6","  5.3"," 11.2"
"34504099999","48.6","34.9666666","143.0","1984-09-25","  58.8","000000","999.9","  84.4","  56.3"," 11.7"," 0.00","1013.0","999.9","999.9","  69.0","  6.1","  9.2"
"34504099999","48.6","34.9666666","143.0","1984-09-26","  53.0","000000","999.9","  86.7","  58.5"," 15.5"," 0.00","1010.6","999.9","999.9","  70.9","  6.2"," 12.4"
"34504099999","48.6","34.9666666","143.0","1984-09-27","  53.6","010000","999.9","  69.4","  47.1"," 21.4"," 0.00","1010.0","999.9","999.9","  59.8","  3.9"," 10.7"
"34504099999","48.6","34.9666666","143.0","1984-09-28","  44.4","000000","999.9","  65.8","  40.1","  5.8"," 0.00","1018.7","999.9","999.9","  53.8","  8.4","  0.7"
"34504099999","48.6","34.9666666","143.0","1984-09-29","  48.2","110010","999.9","  60.1","  48.9","  7.8"," 0.00","1019.0","999.9","999.9","  53.2","  2.7","  1.7"
"34504099999","48.6","34.9666666","143.0","1984-09-30","  51.1","010010","999.9","  66.4","  46.8"," 13.6"," 0.16","1020.2","999.9","999.9","  56.8","  2.9","  8.6"
"34504099999","48.6","34.9666666","143.0","1984-10-01","  48.5","000000","999.9","  61.3","  48.7"," 11.7"," 0.00","1023.7","999.9","999.9","  54.3","  4.2","  8.0"
"34504099999","48.6","34.9666666","143.0","1984-10-02","  45.7","000000","999.9","  65.5","  43.7"," 15.5"," 0.00","1024.4","999.9","999.9","  53.2","  4.0"," 11.2"
"34504099999","48.6","34.9666666","143.0","1984-10-03","  47.0","000000","999.9","  75.0","  48.6"," 15.5"," 0.00","1020.1","999.9","999.9","  61.5","  6.2"," 13.3"
"34504099999","48.6","34.9666666","143.0","1984-10-04","  48.6","000000","999.9","  73.9","  52.2"," 25.3"," 0.00","1017.1","999.9","999.9","  61.1","  6.2"," 11.2"
"34504099999","48.6","34.9666666","143.0","1984-10-05","  55.3","000000","999.9","  70.9","  53.1","  9.7"," 0.00","1014.0","999.9","999.9","  61.1","  3.9","  4.6"
"34504099999","48.6","34.9666666","143.0","1984-10-06","  54.1","100000","999.9","  64.8","  50.0"," 13.6"," 0.00","1018.7","999.9","999.9","  56.9","  1.5","  8.5"
"34504099999","48.6","34.9666666","143.0","1984-10-07","  49.5","000000","999.9","  73.4","  51.3"," 15.5"," 0.00","1025.1","999.9","999.9","  60.4","  5.7"," 12.2"
"34504099999","48.6","34.9666666","143.0","1984-10-08","  51.3","000000","999.9","  76.3","  47.7"," 15.5"," 0.00","1018.2","999.9","999.9","  61.4","  4.7"," 10.2"
"34504099999","48.6","34.9666666","143.0","1984-10-09","  46.1","010000","999.9","  60.6","  45.9"," 21.4"," 0.08","1019.0","999.9","999.9","  52.0","  4.4"," 13.6"
"34504099999","48.6","34.9666666","143.0","1984-10-10","  48.6","000000","999.9","  59.9","  45.9"," 15.5"," 0.00","1023.2","999.9","999.9","  54.2","  4.6"," 12.8"
"34504099999","48.6","34.9666666","143.0","1984-10-11","  41.5","100000","999.9","  59.0","  41.0"," 13.6"," 0.00","1026.0","999.9","999.9","  50.0","  4.7","  9.7"
"34504099999","48.6","34.9666666","143.0","1984-10-12","  49.6","010000","999.9","  58.5","  43.2"," 13.6"," 0.00","1020.3","999.9","999.9","  52.4","  3.0","  8.5"
"34504099999","48.6","34.9666666","143.0","1984-10-13","  45.1","010000","999.9","  55.0","  43.9"," 15.5"," 0.16","1015.6","999.9","999.9","  49.7","  4.5"," 10.3"
"34504099999","48.6","34.9666666","143.0","1984-10-14","  35.7","010000","999.9","  45.5","  36.0"," 19.4"," 0.02","1016.0","999.9","999.9","  40.5","  4.8"," 12.9"
"34504099999","48.6","34.9666666","143.0","1984-10-15","  42.7","010000","999.9","  53.6","  38.5"," 19.4"," 0.12","1004.3","999.9","999.9","  46.2","  4.7"," 16.5"
"34504099999","48.6","34.9666666","143.0","1984-10-16","  31.9","011000","999.9","  45.9","  32.9"," 19.4"," 0.01","1007.4","999.9","999.9","  38.6","  5.7"," 16.0"
"34504099999","48.6","34.9666666","143.0","1984-10-17","  23.0","001000","999.9","  33.3","  29.8"," 19.4"," 0.00","1019.5","999.9","999.9","  31.7","  5.7"," 15.3"
"34504099999","48.6","34.9666666","143.0","1984-10-18","  26.5","000000","999.9","  43.3","  28.4"," 15.5"," 0.00","1020.7","999.9","999.9","  36.4","  5.9"," 10.5"
"34504099999","48.6","34.9666666","143.0","1984-10-19","  34.1","000000","999.9","  56.3","  32.5"," 15.5"," 0.00","1018.5","999.9","999.9","  45.1","  4.8"," 10.4"
"34504099999","48.6","34.9666666","143.0","1984-10-20","  43.4","000000","999.9","  64.6","  39.9"," 13.6"," 0.00","1020.8","999.9","999.9","  49.8","  2.3","  8.3"
"34504099999","48.6","34.9666666","143.0","1984-10-21","  51.5","100000","999.9","  61.7","  50.4"," 11.7"," 0.00","1020.3","999.9","999.9","  54.1","  2.3"," 10.0"
"34504099999","48.6","34.9666666","143.0","1984-10-22","  47.7","100000","999.9","  59.2","  47.5","  7.8"," 0.00","1020.6","999.9","999.9","  53.1","  2.5","  5.8"
"34504099999","48.6","34.9666666","143.0","1984-10-23","  38.2","000000","999.9","  58.6","  37.0"," 11.7"," 0.00","1022.8","999.9","999.9","  47.3","  3.9","  5.8"
"34504099999","48.6","34.9666666","143.0","1984-10-24","  50.2","100000","999.9","  61.9","  45.7"," 13.6"," 0.00","1018.9","999.9","999.9","  54.7","  1.9"," 10.3"
"34504099999","48.6","34.9666666","143.0","1984-10-25","  44.5","000000","999.9","  55.6","  46.8","  7.8"," 0.00","1022.5","999.9","999.9","  51.6","  3.6","  6.4"
"34504099999","48.6","34.9666666","143.0","1984-10-26","  41.1","000000","999.9","  60.8","  39.9","  7.8"," 0.00","1026.2","999.9","999.9","  47.3","  3.9","  4.7"
"34504099999","48.6","34.9666666","143.0","1984-10-27","  39.0","000000","999.9","  58.8","  39.7","  9.7"," 0.00","1027.2","999.9","999.9","  46.4","  4.3","  6.6"
"34504099999","48.6","34.9666666","143.0","1984-10-28","  41.2","000000","999.9","  53.1","  38.5","  7.8"," 0.00","1026.5","999.9","999.9","  46.5","  2.7","  4.1"
"34504099999","48.6","34.9666666","143.0","1984-10-29","  39.8","010000","999.9","  52.3","  39.6"," 15.5"," 0.00","1029.3","999.9","999.9","  45.9","  3.2"," 10.0"
"34504099999","48.6","34.9666666","143.0","1984-10-30","  35.5","000000","999.9","  48.7","  36.7"," 11.7"," 0.00","1030.8","999.9","999.9","  41.1","  3.7","  9.4"
"34504099999","48.6","34.9666666","143.0","1984-10-31","  29.5","000000","999.9","  43.9","  28.4"," 11.7"," 0.00","1034.0","999.9","999.9","  36.3","  4.8","  9.7"
"34504099999","48.6","34.9666666","143.0","1984-11-01","  28.5","000000","999.9","  50.4","  23.5","  7.8"," 0.00","1029.3","999.9","999.9","  37.7","  2.4","  5.3"
"34504099999","48.6","34.9666666","143.0","1984-11-02","  35.7","100000","999.9","  54.0","  35.1"," 11.7"," 0.00","1027.6","999.9","999.9","  44.1","  0.9","  5.3"
"34504099999","48.6","34.9666666","143.0","1984-11-03","  38.1","100000","999.9","  53.2","  33.6"," 11.7"," 0.00","1027.6","999.9","999.9","  42.8","  1.0","  5.8"
"34504099999","48.6","34.9666666","143.0","1984-11-04","  37.5","100000","999.9","  49.3","  33.8"," 11.7"," 0.00","1024.0","999.9","999.9","  40.8","  0.9","  8.7"
"34504099999","48.6","34.9666666","143.0","1984-11-05","  36.3","100000","999.9","  50.5","  31.1"," 13.6"," 0.00","1022.7","999.9","999.9","  38.9","  0.7"," 11.2"
"34504099999","48.6","34.9666666","143.0","1984-11-06","  37.3","000000","999.9","  45.5","  35.4"," 13.6"," 0.00","1023.7","999.9","999.9","  41.1","  1.7"," 10.0"
"34504099999","48.6","34.9666666","143.0","1984-11-07","  42.5","110000","999.9","  45.9","  39.6","  9.7"," 0.00","1024.2","999.9","999.9","  42.7","  0.2","  6.8"
"34504099999","48.6","34.9666666","143.0","1984-11-08","  46.7","110000","999.9","  51.4","  44.2","  7.8"," 0.02","1023.1","999.9","999.9","  48.0","  1.8","  4.1"
"34504099999","48.6","34.9666666","143.0","1984-11-09","  45.1","110000","999.9","  46.6","  45.0","  5.8"," 0.01","1020.9","999.9","999.9","  45.7","  0.9","  3.2"
"34504099999","48.6","34.9666666","143.0","1984-11-10","  40.1","100000","999.9","  45.1","  40.1"," 46.6"," 0.00","1019.1","999.9","999.9","  42.7","  1.6"," 10.9"
"34504099999","48.6","34.9666666","143.0","1984-11-11","  38.6","011000","999.9","  43.5","  32.4"," 19.4"," 0.01","1015.5","999.9","999.9","  39.3","  1.0"," 12.6"
"34504099999","48.6","34.9666666","143.0","1984-11-12","  21.8","001000","999.9","  29.5","  23.5"," 25.3"," 0.00","1023.0","999.9","999.9","  25.0","  2.8"," 23.1"
"34504099999","48.6","34.9666666","143.0","1984-11-13","  17.7","000000","999.9","  27.7","  21.2"," 23.3"," 0.01","1029.1","  0.4","999.9","  23.5","  6.2"," 16.6"
"34504099999","48.6","34.9666666","143.0","1984-11-14","  12.3","001000","999.9","  20.1","  13.5"," 11.7"," 0.00","1029.3","  0.4","999.9","  18.1","  4.2"," 10.7"
"34504099999","48.6","34.9666666","143.0","1984-11-15","  14.7","011000","999.9","  22.6","  16.9","  9.7"," 0.00","1031.0","  0.4","999.9","  19.6","  4.3","  6.1"
"34504099999","48.6","34.9666666","143.0","1984-11-16","  18.7","001000","999.9","  26.4","  14.2"," 15.5"," 0.00","1028.5","  0.4","999.9","  22.0","  2.0"," 11.9"
"34504099999","48.6","34.9666666","143.0","1984-11-17","  20.1","010000","999.9","  28.8","  21.9"," 15.5"," 0.00","1026.5","  0.4","999.9","  24.1","  2.4"," 12.9"
"34504099999","48.6","34.9666666","143.0","1984-11-18","  19.6","000000","999.9","  30.6","  19.2"," 17.5"," 0.00","1029.2","  0.4","999.9","  24.8","  3.4"," 15.1"
"34504099999","48.6","34.9666666","143.0","1984-11-19","  12.4","000000","999.9","  30.7","  16.5"," 15.5"," 0.00","1027.3","999.9","999.9","  21.7","  6.2"," 12.9"
"34504099999","48.6","34.9666666","143.0","1984-11-20","  21.1","010000","999.9","  33.3","  16.7"," 15.5"," 0.12","1020.3","999.9","999.9","  24.9","  4.4"," 12.1"
"34504099999","48.6","34.9666666","143.0","1984-11-21","  37.8","110000","999.9","  40.6","  31.8"," 15.5"," 0.39","1010.2","999.9","999.9","  37.8","  0.1","  5.8"
"34504099999","48.6","34.9666666","143.0","1984-11-22","  35.8","110000","999.9","  38.5","  33.4"," 15.5"," 0.00","1009.8","999.9","999.9","  35.8","  0.1"," 12.1"
"34504099999","48.6","34.9666666","143.0","1984-11-23","  33.6","110000","999.9","  36.1","  33.1"," 11.7"," 0.12","1010.5","999.9","999.9","  33.6","  0.3","  9.2"
"34504099999","48.6","34.9666666","143.0","1984-11-24","  40.5","110000","999.9","  47.8","  32.7"," 19.4"," 0.00","1004.8","999.9","999.9","  41.7","  1.7"," 16.1"
"34504099999","48.6","34.9666666","143.0","1984-11-25","  37.5","000000","999.9","  49.1","  41.2"," 23.3"," 0.12","1005.3","999.9","999.9","  44.4","  6.2"," 16.6"
"34504099999","48.6","34.9666666","143.0","1984-11-26","  37.8","000000","999.9","  48.9","  36.7"," 15.5"," 0.00","1018.0","999.9","999.9","  42.4","  5.1"," 12.3"
"34504099999","48.6","34.9666666","143.0","1984-11-27","  41.4","110000","999.9","  46.0","  40.3"," 13.6"," 0.04","1017.5","999.9","999.9","  42.4","  1.0","  5.3"
"34504099999","48.6","34.9666666","143.0","1984-11-28","  29.3","001000","999.9","  35.8","  29.3"," 19.4"," 0.16","1022.9","999.9","999.9","  33.3","  4.8"," 15.5"
"34504099999","48.6","34.9666666","143.0","1984-11-29","  12.2","000000","999.9","  28.4","  16.5"," 13.6"," 0.00","1037.6","999.9","999.9","  20.2","  6.2","  7.2"
"34504099999","48.6","34.9666666","143.0","1984-11-30","  13.6","000000","999.9","  28.8","  14.2","  7.8"," 0.00","1039.0","999.9","999.9","  18.2","  4.1","  6.7"
"34504099999","48.6","34.9666666","143.0","1984-12-01","  10.8","000000","999.9","  24.8","  12.4"," 13.6"," 0.00","1039.5","999.9","999.9","  17.5","  4.8"," 10.0"
"34504099999","48.6","34.9666666","143.0","1984-12-02","  11.7","000000","999.9","  24.1","  11.7"," 11.7"," 0.00","1040.3","999.9","999.9","  17.1","  3.9"," 10.7"
"34504099999","48.6","34.9666666","143.0","1984-12-03","   7.0","000000","999.9","  21.2","  11.1"," 13.6"," 0.00","1041.6","999.9","999.9","  15.0","  6.2"," 11.4"
"34504099999","48.6","34.9666666","143.0","1984-12-04","   2.6","000000","999.9","  24.4","   7.3","  7.8"," 0.00","1041.7","999.9","999.9","  14.2","  5.7","  4.1"
"34504099999","48.6","34.9666666","143.0","1984-12-05","   8.3","000000","999.9","  32.0","  10.2"," 15.5"," 0.00","1034.4","999.9","999.9","  18.9","  5.3","  9.5"
"34504099999","48.6","34.9666666","143.0","1984-12-06","  18.1","011000","999.9","  27.1","  15.8"," 13.6"," 0.00","1024.3","999.9","999.9","  22.3","  2.6"," 11.9"
"34504099999","48.6","34.9666666","143.0","1984-12-07","  27.3","001000","999.9","  30.7","  27.3"," 11.7"," 0.00","1026.7","999.9","999.9","  29.7","  2.0","  5.8"
"34504099999","48.6","34.9666666","143.0","1984-12-08","  30.4","001000","999.9","  34.7","  28.4","  9.7"," 0.05","1021.2","999.9","999.9","  31.8","  0.9","  8.3"
"34504099999","48.6","34.9666666","143.0","1984-12-09","  31.8","110000","999.9","  35.6","  32.2"," 11.7"," 0.00","1024.3","999.9","999.9","  33.6","  2.0","  5.5"
"34504099999","48.6","34.9666666","143.0","1984-12-10","  32.0","000000","999.9","  34.7","  32.0"," 19.4"," 0.00","1014.8","999.9","999.9","  33.3","  1.4"," 13.6"
"34504099999","48.6","34.9666666","143.0","1984-12-11","  31.2","001000","999.9","  33.1","  30.4"," 15.5"," 0.00","1005.5","999.9","999.9","  32.1","  1.2"," 13.8"
"34504099999","48.6","34.9666666","143.0","1984-12-12","  30.7","101000","999.9","  33.8","  31.1"," 11.7"," 0.02","1008.9","  1.6","999.9","  32.1","  3.3","  7.0"
"34504099999","48.6","34.9666666","143.0","1984-12-13","  26.9","101000","999.9","  32.2","  25.7"," 13.6"," 0.00","1013.8","  0.8","999.9","  28.7","  1.8","  8.0"
"34504099999","48.6","34.9666666","143.0","1984-12-14","  23.1","001000","999.9","  27.3","  24.3","  3.9"," 0.01","1020.4","  1.2","999.9","  25.7","  2.9","  0.5"
"34504099999","48.6","34.9666666","143.0","1984-12-15","  24.6","101000","999.9","  27.1","  23.2"," 11.7"," 0.00","1023.0","  1.6","999.9","  26.2","  0.8","  8.2"
"34504099999","48.6","34.9666666","143.0","1984-12-16","  20.3","101000","999.9","  26.1","  19.0","  3.9"," 0.00","1032.5","  2.0","999.9","  23.0","  0.9","  1.9"
"34504099999","48.6","34.9666666","143.0","1984-12-17","  22.0","101000","999.9","  27.3","  18.1"," 17.5"," 0.01","1035.1","  1.6","999.9","  23.5","  0.9","  7.5"
"34504099999","48.6","34.9666666","143.0","1984-12-18","  30.3","011000","999.9","  34.3","  24.1"," 17.5"," 0.00","1030.2","999.9","999.9","  31.3","  1.3"," 13.1"
"34504099999","48.6","34.9666666","143.0","1984-12-19","  32.1","100000","999.9","  33.8","  30.9"," 11.7"," 0.00","1035.9","  1.2","999.9","  32.5","  0.9","  8.5"
"34504099999","48.6","34.9666666","143.0","1984-12-20","  21.9","001000","999.9","  32.5","  18.7"," 17.5"," 0.00","1038.2","  0.8","999.9","  25.6","  4.7"," 15.3"
"34504099999","48.6","34.9666666","143.0","1984-12-21","  14.2","001000","999.9","  22.3","  16.5"," 17.5"," 0.00","1034.1","  0.8","999.9","  18.6","  5.1"," 14.7"
"34504099999","48.6","34.9666666","143.0","1984-12-22","  19.3","001000","999.9","  26.2","  18.5"," 15.5"," 0.02","1029.5","999.9","999.9","  22.6","  3.7"," 13.1"
"34504099999","48.6","34.9666666","143.0","1984-12-23","  13.3","001000","999.9","  21.9","  11.8"," 15.5"," 0.02","1032.6","999.9","999.9","  17.8","  3.0"," 13.4"
"34504099999","48.6","34.9666666","143.0","1984-12-24","   9.6","001010","999.9","  16.2","  10.0"," 15.5"," 0.04","1033.4","999.9","999.9","  13.3","  2.0"," 14.1"
"34504099999","48.6","34.9666666","143.0","1984-12-25","  15.4","001000","999.9","  22.5","  14.0"," 15.5"," 0.01","1030.0","999.9","999.9","  19.3","  2.2"," 14.3"
"34504099999","48.6","34.9666666","143.0","1984-12-26","  18.8","011000","999.9","  27.5","  18.7"," 21.4"," 0.01","1027.7","  1.6","999.9","  23.4","  6.2"," 17.0"
"34504099999","48.6","34.9666666","143.0","1984-12-27","  18.5","011000","999.9","  25.3","  19.2"," 17.5"," 0.00","1030.0","  1.6","999.9","  22.0","  3.0"," 15.5"
"34504099999","48.6","34.9666666","143.0","1984-12-28","  11.3","011000","999.9","  25.2","  12.6"," 19.4"," 0.00","1032.4","999.9","999.9","  17.3","  2.5"," 15.0"
"34504099999","48.6","34.9666666","143.0","1984-12-29","   6.7","000000","999.9","  17.1","   9.9"," 11.7"," 0.00","1036.3","  1.2","999.9","  12.5","  2.2"," 11.7"
"34504099999","48.6","34.9666666","143.0","1984-12-30","   5.8","000000","999.9","  16.9","   4.6"," 13.6"," 0.00","1037.0","  1.2","999.9","  10.0","  2.5","  9.0"
"34504099999","48.6","34.9666666","143.0","1984-12-31","   6.0","000000","999.9","  16.9","   5.9","  5.8"," 0.00","1030.1","  0.8","999.9","  10.4","  1.2","  2.2"
"34504099999","48.6","34.9666666","143.0","1985-01-01","  13.5","000000","999.9","  20.8","  10.2","  3.9"," 0.00","1018.2","999.9","999.9","  16.6","  0.7","  1.2"
"34504099999","48.6","34.9666666","143.0","1985-01-02","   9.0","000000","999.9","  18.3","   9.3"," 21.4"," 0.00","1011.1","  0.8","999.9","  14.4","  0.9","  4.7"
"34504099999","48.6","34.9666666","143.0","1985-01-03","  24.9","111000","999.9","  37.0","  17.4"," 23.3"," 0.00","1001.2","  1.2","999.9","  27.0","  1.4"," 13.4"
"34504099999","48.6","34.9666666","143.0","1985-01-04","  15.3","000000","999.9","  28.6","  16.5"," 21.4"," 0.00","1008.0","999.9","999.9","  20.3","  1.9","  8.5"
"34504099999","48.6","34.9666666","143.0","1985-01-05","  14.7","001000","999.9","  19.9","  12.4","  9.7"," 0.08","1013.6","999.9","999.9","  16.8","  0.8","  7.5"
"34504099999","48.6","34.9666666","143.0","1985-01-06","9999.9","110000","999.9","  39.9","  19.0"," 25.3"," 3.27","1009.6","999.9","999.9","  34.1","  1.7"," 15.3"
"34504099999","48.6","34.9666666","143.0","1985-01-07","  33.5","010000","999.9","  36.5","  33.8"," 19.4"," 0.00","1011.2","999.9","999.9","  35.3","  4.2"," 15.8"
"34504099999","48.6","34.9666666","143.0","1985-01-08","  28.7","110000","999.9","  35.4","  24.1"," 19.4"," 0.00","1014.5","999.9","999.9","  30.5","  0.8"," 12.9"
"34504099999","48.6","34.9666666","143.0","1985-01-09","  35.1","010000","999.9","  40.5","  23.7"," 29.1"," 0.02","1008.4","999.9","999.9","  35.7","  0.6"," 17.7"
"34504099999","48.6","34.9666666","143.0","1985-01-10","  24.8","111000","999.9","  28.0","  21.6"," 11.7"," 0.00","1005.7","999.9","999.9","  24.8","  0.3","  7.0"
"34504099999","48.6","34.9666666","143.0","1985-01-11","  12.5","001000","999.9","  20.8","   9.1"," 15.5"," 0.02","1010.3","999.9","999.9","  14.7","  1.4"," 11.7"
"34504099999","48.6","34.9666666","143.0","1985-01-12","   6.1","001000","999.9","  13.8","   2.7"," 11.7"," 0.01","1020.9","  0.4","999.9","   8.1","  1.8","  9.7"
"34504099999","48.6","34.9666666","143.0","1985-01-13","   7.4","000000","999.9","  16.9","   6.8","  5.8"," 0.00","1029.7","  0.8","999.9","  10.6","  3.9","  4.4"
"34504099999","48.6","34.9666666","143.0","1985-01-14","   8.0","000000","999.9","  18.3","   5.0","  7.8"," 0.00","1036.1","  1.2","999.9","  10.8","  0.7","  2.2"
"34504099999","48.6","34.9666666","143.0","1985-01-15","   0.7","000000","999.9","   9.0","  -0.4"," 11.7"," 0.00","1034.4","  1.2","999.9","   4.6","  1.2","  9.5"
"34504099999","48.6","34.9666666","143.0","1985-01-16","   8.0","001000","999.9","  15.8","   3.2","  9.7"," 0.01","1032.8","  1.2","999.9","  10.7","  1.2","  3.4"
"34504099999","48.6","34.9666666","143.0","1985-01-17","  13.2","001000","999.9","  22.6","  10.0"," 15.5"," 0.00","1025.2","  1.2","999.9","  16.7","  1.7","  8.5"
"34504099999","48.6","34.9666666","143.0","1985-01-18","  12.6","001000","999.9","  20.8","   8.4","  7.8"," 0.00","1015.8","  1.2","999.9","  15.9","  5.7","  2.9"
"34504099999","48.6","34.9666666","143.0","1985-01-19","  13.3","010000","999.9","  19.2","  13.8","999.9"," 0.00","1011.4","999.9","999.9","  17.2","  1.5","  0.0"
"34504099999","48.6","34.9666666","143.0","1985-01-20","  18.3","101000","999.9","  23.7","  17.4"," 13.6"," 0.00","1007.1","  1.2","999.9","  20.7","  0.9","  5.3"
"34504099999","48.6","34.9666666","143.0","1985-01-21","   9.3","001000","999.9","  23.0","   4.8"," 15.5"," 0.02","1019.5","999.9","999.9","  13.4","  2.5"," 13.6"
"34504099999","48.6","34.9666666","143.0","1985-01-22","   3.1","000000","999.9","  17.2","   1.8"," 15.5"," 0.00","1027.6","  1.6","999.9","   8.7","  5.0"," 13.3"
"34504099999","48.6","34.9666666","143.0","1985-01-23","  29.5","101000","999.9","  36.0","  13.1"," 19.4"," 0.16","1015.5","  2.0","999.9","  30.2","  0.8"," 16.3"
"34504099999","48.6","34.9666666","143.0","1985-01-24","  36.6","110000","999.9","  39.0","  34.9"," 17.5"," 0.01","1008.0","  0.8","999.9","  36.7","  0.2"," 15.3"
"34504099999","48.6","34.9666666","143.0","1985-01-25","  31.6","101000","999.9","  37.8","  28.4"," 19.4"," 0.00","1006.8","999.9","999.9","  33.1","  1.2"," 13.8"
"34504099999","48.6","34.9666666","143.0","1985-01-26","  26.8","000000","999.9","  31.6","  25.9"," 15.5"," 0.00","1016.9","999.9","999.9","  28.9","  1.3"," 10.0"
"34504099999","48.6","34.9666666","143.0","1985-01-27","  33.3","100000","999.9","  36.0","  28.8"," 13.6"," 0.00","1014.8","999.9","999.9","  33.9","  0.7"," 10.0"
"34504099999","48.6","34.9666666","143.0","1985-01-28","  35.0","111000","999.9","  37.4","  32.9"," 11.7"," 0.04","1013.4","999.9","999.9","  35.2","  0.2","  8.5"
"34504099999","48.6","34.9666666","143.0","1985-01-29","  21.0","001000","999.9","  34.2","  21.6"," 17.5"," 0.08","1024.8","999.9","999.9","  27.7","  4.2"," 15.1"
"34504099999","48.6","34.9666666","143.0","1985-01-30","  12.0","000000","999.9","  31.3","  16.0"," 21.4"," 0.00","1026.5","  0.4","999.9","  23.7","  5.1","  8.7"
"34504099999","48.6","34.9666666","143.0","1985-01-31","  19.4","001000","999.9","  28.0","  15.6"," 11.7"," 0.00","1015.5","999.9","999.9","  23.3","  1.3","  8.0"
"34504099999","48.6","34.9666666","143.0","1985-02-01","  28.2","111000","999.9","  32.0","  25.7","  9.7"," 0.00","1011.3","999.9","999.9","  28.8","  0.4","  5.0"
"34504099999","48.6","34.9666666","143.0","1985-02-02","  30.4","101000","999.9","  33.4","  29.1"," 15.5"," 0.00"," 998.5","  0.4","999.9","  31.6","  0.9"," 12.6"
"34504099999","48.6","34.9666666","143.0","1985-02-03","  31.2","101000","999.9","  36.3","  30.0"," 11.7"," 0.20"," 995.7","  0.8","999.9","  32.6","  1.2"," 10.0"
"34504099999","48.6","34.9666666","143.0","1985-02-04","  30.1","001000","999.9","  33.3","  22.3"," 13.6"," 0.20"," 994.1","  2.4","999.9","  30.3","  0.3","  8.0"
"34504099999","48.6","34.9666666","143.0","1985-02-05","  10.3","001000","999.9","  19.8","   9.7"," 17.5"," 0.79","1004.1","  7.9","999.9","  13.5","  1.5"," 15.3"
"34504099999","48.6","34.9666666","143.0","1985-02-06","   5.2","001000","999.9","  12.6","   7.0"," 15.5"," 0.00","1008.4","  8.3","999.9","   9.4","  2.8"," 11.7"
"34504099999","48.6","34.9666666","143.0","1985-02-07","   8.7","001000","999.9","  19.4","   9.1"," 11.7"," 0.01","1010.1","  8.7","999.9","  13.0","  5.6","  7.8"
"34504099999","48.6","34.9666666","143.0","1985-02-08","   4.7","001000","999.9","  13.6","   5.0"," 15.5"," 0.00","1007.2","999.9","999.9","   9.5","  0.9"," 14.6"
"34504099999","48.6","34.9666666","143.0","1985-02-09","  -7.3","000000","999.9","   3.2","  -4.4"," 11.7"," 0.00","1017.6","999.9","999.9","  -1.2","  3.1","  8.3"
"34504099999","48.6","34.9666666","143.0","1985-02-10","  -6.8","001000","999.9","   7.2","  -9.0"," 19.4"," 0.12","1014.9","  7.9","999.9","  -0.8","  4.0"," 10.7"
"34504099999","48.6","34.9666666","143.0","1985-02-11","   9.5","101000","999.9","  16.9","   5.7"," 15.5"," 0.39","1006.9","  7.9","999.9","  12.4","  0.9"," 11.7"
"34504099999","48.6","34.9666666","143.0","1985-02-12","   7.1","001000","999.9","  17.1","   5.9"," 13.6"," 0.24","1009.5","  8.3","999.9","  11.0","  1.6"," 10.8"
"34504099999","48.6","34.9666666","143.0","1985-02-13","   9.0","111000","999.9","  15.8","   5.9"," 23.3"," 0.00","1004.8","  8.7","999.9","  11.4","  0.4"," 15.5"
"34504099999","48.6","34.9666666","143.0","1985-02-14","   4.4","001000","999.9","  13.6","   4.5"," 17.5"," 0.16","1009.4"," 10.2","999.9","   8.1","  2.1"," 10.0"
"34504099999","48.6","34.9666666","143.0","1985-02-15","  -0.5","000000","999.9","  11.8","  -1.1"," 11.7"," 0.00","1017.9"," 10.2","999.9","   4.3","  0.9","  8.3"
"34504099999","48.6","34.9666666","143.0","1985-02-16","   2.6","001000","999.9","  12.6","  -3.3","  7.8"," 0.00","1016.3","  9.8","999.9","   6.0","  0.7","  1.9"
"34504099999","48.6","34.9666666","143.0","1985-02-17","  -1.8","001000","999.9","   9.7","  -4.4"," 11.7"," 0.08","1017.7","  9.8","999.9","   2.5","  1.9","  8.3"
"34504099999","48.6","34.9666666","143.0","1985-02-18","  -2.1","101000","999.9","   8.2","  -8.7","  5.8"," 0.01","1015.3","999.9","999.9","   0.6","  0.7","  1.5"
"34504099999","48.6","34.9666666","143.0","1985-02-19","  -6.0","001000","999.9","   4.1","  -8.9"," 11.7"," 0.00","1011.7","999.9","999.9","  -2.6","  1.1","  9.2"
"34504099999","48.6","34.9666666","143.0","1985-02-20","  -3.5","101000","999.9","   9.0"," -10.8"," 15.5"," 0.03","1017.1","  9.1","999.9","  -1.4","  0.7"," 10.9"
"34504099999","48.6","34.9666666","143.0","1985-02-21","   1.4","001000","999.9","  10.9","  -2.9"," 15.5"," 0.01","1025.5","  9.1","999.9","   4.3","  0.9"," 13.4"
"34504099999","48.6","34.9666666","143.0","1985-02-22","   0.2","000000","999.9","  15.4","  -0.9"," 15.5"," 0.00","1028.8","  9.1","999.9","   4.0","  7.3"," 12.4"
"34504099999","48.6","34.9666666","143.0","1985-02-23","   0.1","000000","999.9","  17.2","  -7.8","  9.7"," 0.00","1027.2","  9.1","999.9","   3.0","  1.0","  9.2"
"34504099999","48.6","34.9666666","143.0","1985-02-24","  -0.4","001000","999.9","  10.6","  -1.8"," 15.5"," 0.00","1022.6","999.9","999.9","   4.1","  5.8"," 12.4"
"34504099999","48.6","34.9666666","143.0","1985-02-25","   0.4","001000","999.9","  11.3","  -2.9"," 11.7"," 0.01","1024.7","  9.1","999.9","   3.8","  0.7","  8.6"
"34504099999","48.6","34.9666666","143.0","1985-02-26","   1.3","001000","999.9","  10.9","  -4.4"," 17.5"," 0.01","1025.5","  9.1","999.9","   4.8","  0.8"," 13.6"
"34504099999","48.6","34.9666666","143.0","1985-02-27","   4.9","001000","999.9","  12.9","   3.9"," 17.5"," 0.08","1027.4","999.9","999.9","   8.4","  0.8"," 14.3"
"34504099999","48.6","34.9666666","143.0","1985-02-28","   7.1","001000","999.9","  17.2","   2.7"," 11.7"," 0.00","1035.6","  9.4","999.9","  10.7","  1.9","  8.5"
"34504099999","48.6","34.9666666","143.0","1985-03-01","   5.4","100000","999.9","  17.2","   2.1","  5.8"," 0.00","1038.7","999.9","999.9","   8.9","  1.7","  1.2"
"34504099999","48.6","34.9666666","143.0","1985-03-02","   7.0","100000","999.9","  21.2","   2.1","  5.8"," 0.00","1038.8","  9.4","999.9","  10.2","  2.4","  1.5"
"34504099999","48.6","34.9666666","143.0","1985-03-03","   2.3","000000","999.9","  22.8","  -2.4"," 11.7"," 0.00","1039.0","  9.4","999.9","   9.1","  3.1","  7.8"
"34504099999","48.6","34.9666666","143.0","1985-03-04","   6.1","000000","999.9","  22.6","   2.3"," 17.5"," 0.00","1037.1","  8.7","999.9","  11.1","  5.7"," 13.4"
"34504099999","48.6","34.9666666","143.0","1985-03-05","  10.0","000000","999.9","  22.5","   7.9"," 11.7"," 0.00","1037.6","  8.7","999.9","  14.6","  4.3"," 10.7"
"34504099999","48.6","34.9666666","143.0","1985-03-06","   6.0","001000","999.9","  19.8","   5.7"," 17.5"," 0.00","1044.6","  8.3","999.9","  11.2","  8.4"," 14.8"
"34504099999","48.6","34.9666666","143.0","1985-03-07","   0.7","000000","999.9","  17.8","   0.7"," 19.4"," 0.00","1047.6","  8.3","999.9","   8.4","  6.2"," 16.3"
"34504099999","48.6","34.9666666","143.0","1985-03-08","   1.2","000000","999.9","  18.7","  -0.2"," 29.1"," 0.00","1046.5","  7.9","999.9","   9.0","  6.2"," 14.3"
"34504099999","48.6","34.9666666","143.0","1985-03-09","   1.4","000000","999.9","  20.7","  -2.6"," 15.5"," 0.00","1047.6","999.9","999.9","  10.0","  4.2"," 10.7"
"34504099999","48.6","34.9666666","143.0","1985-03-10","   9.1","000000","999.9","  21.9","   5.0"," 15.5"," 0.00","1044.8","999.9","999.9","  14.2","  3.6"," 15.3"
"34504099999","48.6","34.9666666","143.0","1985-03-11","  11.1","000000","999.9","  26.2","   9.7"," 15.5"," 0.00","1038.2","  7.9","999.9","  18.2","  4.3"," 12.6"
"34504099999","48.6","34.9666666","143.0","1985-03-12","  14.3","000000","999.9","  27.3","  10.9","  7.8"," 0.00","1037.6","999.9","999.9","  19.9","  4.8","  2.8"
"34504099999","48.6","34.9666666","143.0","1985-03-13","  15.2","000000","999.9","  29.7","   7.7"," 11.7"," 0.00","1033.5","  7.5","999.9","  19.9","  3.3","  7.3"
"34504099999","48.6","34.9666666","143.0","1985-03-14","  18.7","100000","999.9","  35.2","  10.0","  9.7"," 0.00","1025.4","  7.5","999.9","  22.1","  1.9","  5.1"
"34504099999","48.6","34.9666666","143.0","1985-03-15","  21.7","000000","999.9","  32.7","  17.1"," 15.5"," 0.00","1018.5","  4.7","999.9","  26.0","  4.0"," 11.2"
"34504099999","48.6","34.9666666","143.0","1985-03-16","  32.3","010000","999.9","  34.9","  28.4"," 13.6"," 0.02","1011.7","  3.1","999.9","  33.3","  1.4"," 10.0"
"34504099999","48.6","34.9666666","143.0","1985-03-17","  33.4","100000","999.9","  35.6","  32.5","999.9"," 0.00","1012.1","999.9","999.9","  33.7","  0.3","  0.0"
"34504099999","48.6","34.9666666","143.0","1985-03-18","  33.4","100000","999.9","  36.7","  32.4"," 15.5"," 0.00","1014.7","  1.2","999.9","  33.8","  0.4","  9.2"
"34504099999","48.6","34.9666666","143.0","1985-03-19","  32.4","100000","999.9","  38.7","  32.5"," 19.4"," 0.00","1013.5","  0.4","999.9","  35.0","  1.3"," 15.8"
"34504099999","48.6","34.9666666","143.0","1985-03-20","  31.4","000000","999.9","  41.4","  32.4"," 25.3"," 0.00","1012.3","999.9","999.9","  35.5","  4.0"," 22.3"
"34504099999","48.6","34.9666666","143.0","1985-03-21","  28.2","000000","999.9","  35.4","  31.3"," 25.3"," 0.00","1020.3","999.9","999.9","  33.1","  6.2"," 19.7"
"34504099999","48.6","34.9666666","143.0","1985-03-22","  27.3","001000","999.9","  35.1","  28.4"," 13.6"," 0.00","1023.7","999.9","999.9","  31.3","  6.2"," 12.4"
"34504099999","48.6","34.9666666","143.0","1985-03-23","  26.9","000000","999.9","  40.3","  29.5"," 17.5"," 0.00","1018.3","999.9","999.9","  33.0","  6.2"," 15.0"
"34504099999","48.6","34.9666666","143.0","1985-03-24","  27.5","000000","999.9","  42.4","  28.0"," 17.5"," 0.00","1017.7","999.9","999.9","  34.5","  6.2"," 15.1"
"34504099999","48.6","34.9666666","143.0","1985-03-25","  27.6","000000","999.9","  34.2","  28.4"," 11.7"," 0.00","1021.3","999.9","999.9","  31.8","  3.7","  8.3"
"34504099999","48.6","34.9666666","143.0","1985-03-26","  30.2","100000","999.9","  39.9","  31.5","  9.7"," 0.00","1021.0","999.9","999.9","  35.0","  3.5","  2.2"
"34504099999","48.6","34.9666666","143.0","1985-03-27","  30.0","000000","999.9","  44.4","  27.9","  7.8"," 0.00","1019.5","999.9","999.9","  36.2","  3.4","  4.9"
"34504099999","48.6","34.9666666","143.0","1985-03-28","  32.9","000000","999.9","  46.2","  29.1"," 13.6"," 0.00","1013.3","999.9","999.9","  36.9","  4.3","  9.7"
"34504099999","48.6","34.9666666","143.0","1985-03-29","  35.8","110000","999.9","  41.0","  34.2"," 13.6"," 0.04","1013.4","999.9","999.9","  37.1","  1.3","  7.3"
"34504099999","48.6","34.9666666","143.0","1985-03-30","  31.9","100000","999.9","  50.5","  29.7"," 15.5"," 0.01","1018.8","999.9","999.9","  39.4","  3.8","  9.5"
"34504099999","48.6","34.9666666","143.0","1985-03-31","  34.8","000000","999.9","  56.1","  31.6"," 13.6"," 0.00","1018.9","999.9","999.9","  44.8","  5.1","  8.6"
"34504099999","48.6","34.9666666","143.0","1985-04-01","  39.0","010000","999.9","  55.2","  33.4"," 11.7"," 0.00","1015.9","999.9","999.9","  46.7","  4.3","  5.8"
"34504099999","48.6","34.9666666","143.0","1985-04-02","  41.6","000000","999.9","  58.5","  41.4"," 13.6"," 0.00","1012.1","999.9","999.9","  50.4","  4.2"," 10.1"
"34504099999","48.6","34.9666666","143.0","1985-04-03","  39.2","100000","999.9","  49.5","  37.6"," 15.5"," 0.00","1014.4","999.9","999.9","  42.1","  0.8","  9.5"
"34504099999","48.6","34.9666666","143.0","1985-04-04","  39.0","100000","999.9","  55.6","  38.5"," 11.7"," 0.00","1015.9","999.9","999.9","  45.8","  3.0","  7.5"
"34504099999","48.6","34.9666666","143.0","1985-04-05","  42.3","000000","999.9","  64.8","  36.7"," 15.5"," 0.00","1010.7","999.9","999.9","  50.7","  3.9"," 11.9"
"34504099999","48.6","34.9666666","143.0","1985-04-06","  46.0","000000","999.9","  66.7","  39.6"," 13.6"," 0.00","1008.6","999.9","999.9","  52.2","  2.5","  9.5"
"34504099999","48.6","34.9666666","143.0","1985-04-07","  46.1","100000","999.9","  62.6","  40.3"," 13.6"," 0.00","1004.9","999.9","999.9","  51.5","  1.9","  7.5"
"34504099999","48.6","34.9666666","143.0","1985-04-08","  48.1","110010","999.9","  59.4","  42.4","  7.8"," 0.43","1004.3","999.9","999.9","  50.0","  1.4","  3.4"
"34504099999","48.6","34.9666666","143.0","1985-04-09","  48.1","110000","999.9","  61.7","  45.5"," 17.5"," 0.03","1002.8","999.9","999.9","  50.8","  1.3","  6.1"
"34504099999","48.6","34.9666666","143.0","1985-04-10","  46.7","010000","999.9","  53.6","  47.7"," 11.7"," 0.28","1002.8","999.9","999.9","  49.4","  1.6","  7.8"
"34504099999","48.6","34.9666666","143.0","1985-04-11","  39.5","100000","999.9","  56.7","  38.3"," 19.4"," 0.00","1003.9","999.9","999.9","  46.5","  3.1"," 12.4"
"34504099999","48.6","34.9666666","143.0","1985-04-12","  27.9","000000","999.9","  48.7","  30.0"," 15.5"," 0.00","1013.1","999.9","999.9","  41.1","  5.1","  6.9"
"34504099999","48.6","34.9666666","143.0","1985-04-13","  32.9","000000","999.9","  57.0","  33.1","  9.7"," 0.00","1012.1","999.9","999.9","  45.1","  5.7","  4.9"
"34504099999","48.6","34.9666666","143.0","1985-04-14","  29.3","000000","999.9","  53.1","  33.3"," 19.4"," 0.00","1012.0","999.9","999.9","  44.4","  6.2"," 12.9"
"34504099999","48.6","34.9666666","143.0","1985-04-15","  34.6","000000","999.9","  57.0","  35.2"," 15.5"," 0.00","1022.7","999.9","999.9","  45.4","  5.7"," 11.2"
"34504099999","48.6","34.9666666","143.0","1985-04-16","  39.7","001000","999.9","  52.5","  42.3"," 15.5"," 0.00","1024.1","999.9","999.9","  46.7","  5.7"," 12.6"
"34504099999","48.6","34.9666666","143.0","1985-04-17","  39.9","000000","999.9","  57.4","  42.4"," 13.6"," 0.00","1023.3","999.9","999.9","  49.2","  3.2","  4.9"
"34504099999","48.6","34.9666666","143.0","1985-04-18","  33.2","000000","999.9","  54.3","  41.0"," 17.5"," 0.00","1024.2","999.9","999.9","  48.6","  6.2"," 15.3"
"34504099999","48.6","34.9666666","143.0","1985-04-19","  31.3","010000","999.9","  57.6","  44.1"," 15.5"," 0.00","1015.2","999.9","999.9","  50.8","  6.2"," 13.8"
"34504099999","48.6","34.9666666","143.0","1985-04-20","  32.0","000000","999.9","  62.8","  41.7"," 17.5"," 0.00","1016.1","999.9","999.9","  52.0","  4.6"," 14.3"
"34504099999","48.6","34.9666666","143.0","1985-04-21","  29.2","000000","999.9","  63.5","  41.4"," 23.3"," 0.00","1022.4","999.9","999.9","  53.1","  6.2"," 16.5"
"34504099999","48.6","34.9666666","143.0","1985-04-22","  36.1","000000","999.9","  67.3","  33.6"," 17.5"," 0.00","1016.6","999.9","999.9","  56.7","  6.2"," 12.6"
"34504099999","48.6","34.9666666","143.0","1985-04-23","  41.0","000000","999.9","  65.1","  41.4","  3.9"," 0.00","1009.5","999.9","999.9","  53.7","  4.1","  1.7"
"34504099999","48.6","34.9666666","143.0","1985-04-24","  42.7","000000","999.9","  68.9","  46.6","  5.8"," 0.00","1006.8","999.9","999.9","  57.3","  4.1","  2.7"
"34504099999","48.6","34.9666666","143.0","1985-04-25","  46.0","010010","999.9","  63.9","  49.1"," 13.6"," 0.08","1005.4","999.9","999.9","  54.3","  4.0","  7.5"
"34504099999","48.6","34.9666666","143.0","1985-04-26","  38.4","010000","999.9","  48.9","  38.5"," 15.5"," 0.02","1009.2","999.9","999.9","  44.2","  3.7","  9.4"
"34504099999","48.6","34.9666666","143.0","1985-04-27","  38.5","010000","999.9","  56.3","  38.3"," 23.3"," 0.02","1013.4","999.9","999.9","  48.9","  5.6"," 10.9"
"34504099999","48.6","34.9666666","143.0","1985-04-28","  45.6","010000","999.9","  60.4","  34.5"," 11.7"," 0.03","1008.8","999.9","999.9","  50.1","  5.7","  6.3"
"34504099999","48.6","34.9666666","143.0","1985-04-29","  45.7","000000","999.9","  72.3","  45.3"," 19.4"," 0.00","1006.3","999.9","999.9","  58.6","  5.3"," 10.0"
"34504099999","48.6","34.9666666","143.0","1985-04-30","  41.8","010000","999.9","  53.1","  39.2"," 19.4"," 0.20","1004.8","999.9","999.9","  46.9","  5.7"," 13.4"
"34504099999","48.6","34.9666666","143.0","1985-05-01","  35.1","000000","999.9","  61.3","  33.6"," 23.3"," 0.00","1010.0","999.9","999.9","  48.4","  5.0"," 16.8"
"34504099999","48.6","34.9666666","143.0","1985-05-02","  37.8","000000","999.9","  64.9","  43.9"," 17.5"," 0.00","1011.9","999.9","999.9","  53.7","  6.2"," 15.1"
"34504099999","48.6","34.9666666","143.0","1985-05-03","  38.1","000000","999.9","  69.8","  41.4"," 15.5"," 0.00","1013.9","999.9","999.9","  54.7","  5.7"," 11.0"
"34504099999","48.6","34.9666666","143.0","1985-05-04","  40.4","000000","999.9","  73.4","  43.5"," 13.6"," 0.00","1011.6","999.9","999.9","  60.8","  5.7","  9.4"
"34504099999","48.6","34.9666666","143.0","1985-05-05","  46.1","000000","999.9","  75.7","  50.5"," 13.6"," 0.00","1014.0","999.9","999.9","  65.3","  3.9"," 11.1"
"34504099999","48.6","34.9666666","143.0","1985-05-06","  49.1","000000","999.9","  82.9","  54.1"," 11.7"," 0.00","1015.6","999.9","999.9","  69.6","  5.7","  5.8"
"34504099999","48.6","34.9666666","143.0","1985-05-07","  45.0","000000","999.9","  86.9","  52.7"," 13.6"," 0.00","1015.1","999.9","999.9","  71.0","  5.5","  7.0"
"34504099999","48.6","34.9666666","143.0","1985-05-08","  45.3","000000","999.9","  85.1","  56.7"," 13.6"," 0.00","1014.5","999.9","999.9","  71.8","  5.7","  7.2"
"34504099999","48.6","34.9666666","143.0","1985-05-09","  50.2","000000","999.9","  86.7","  56.7","  7.8"," 0.00","1015.4","999.9","999.9","  72.3","  6.2","  3.6"
"34504099999","48.6","34.9666666","143.0","1985-05-10","  50.5","000000","999.9","  90.5","  61.3"," 15.5"," 0.00","1016.0","999.9","999.9","  76.8","  9.8"," 11.1"
"34504099999","48.6","34.9666666","143.0","1985-05-11","  44.9","000000","999.9","  87.6","  61.0"," 19.4"," 0.00","1017.6","999.9","999.9","  72.5","  5.7"," 14.7"
"34504099999","48.6","34.9666666","143.0","1985-05-12","  45.9","000000","999.9","  86.2","  60.3"," 19.4"," 0.00","1016.0","999.9","999.9","  72.6","  6.2"," 12.4"
"34504099999","48.6","34.9666666","143.0","1985-05-13","  48.5","000000","999.9","  85.3","  63.7"," 13.6"," 0.00","1015.1","999.9","999.9","  74.7","  4.3","  6.7"
"34504099999","48.6","34.9666666","143.0","1985-05-14","  45.2","000000","999.9","  84.9","  62.8"," 13.6"," 0.00","1014.4","999.9","999.9","  73.7","  6.2"," 12.1"
"34504099999","48.6","34.9666666","143.0","1985-05-15","  47.8","000000","999.9","  81.9","  61.3","  7.8"," 0.00","1010.2","999.9","999.9","  72.3","  4.6","  2.5"
"34504099999","48.6","34.9666666","143.0","1985-05-16","  53.3","010000","999.9","  79.0","  63.7","  9.7"," 0.01","1010.0","999.9","999.9","  70.3","  5.7","  4.9"
"34504099999","48.6","34.9666666","143.0","1985-05-17","  51.1","000000","999.9","  82.6","  60.8","  9.7"," 0.00","1012.7","999.9","999.9","  69.6","  5.1","  4.4"
"34504099999","48.6","34.9666666","143.0","1985-05-18","  49.8","000000","999.9","  85.1","  57.2"," 11.7"," 0.00","1011.0","999.9","999.9","  72.1","  2.1","  3.2"
"34504099999","48.6","34.9666666","143.0","1985-05-19","  50.9","010000","999.9","  72.3","  52.0"," 23.3"," 0.16","1010.7","999.9","999.9","  61.1","  2.3"," 15.5"
"34504099999","48.6","34.9666666","143.0","1985-05-20","  36.7","000000","999.9","  64.6","  46.0"," 17.5"," 0.00","1016.2","999.9","999.9","  55.8","  3.5"," 12.9"
"34504099999","48.6","34.9666666","143.0","1985-05-21","  35.5","000000","999.9","  70.7","  43.7"," 11.7"," 0.00","1012.6","999.9","999.9","  59.9","  4.7","  7.0"
"34504099999","48.6","34.9666666","143.0","1985-05-22","  42.5","000000","999.9","  73.6","  55.9"," 13.6"," 0.00","1011.3","999.9","999.9","  62.9","  6.2"," 10.4"
"34504099999","48.6","34.9666666","143.0","1985-05-23","  48.6","000000","999.9","  77.2","  54.9"," 17.5"," 0.00","1011.3","999.9","999.9","  64.5","  6.2"," 10.7"
"34504099999","48.6","34.9666666","143.0","1985-05-24","  53.9","000000","999.9","  78.3","  57.7"," 11.7"," 0.00","1010.0","999.9","999.9","  69.0","  5.7","  5.5"
"34504099999","48.6","34.9666666","143.0","1985-05-25","  56.6","010010","999.9","  75.2","  61.7"," 15.5"," 0.00","1011.6","999.9","999.9","  67.6","  4.7","  7.3"
"34504099999","48.6","34.9666666","143.0","1985-05-26","  54.4","010000","999.9","  71.8","  59.5"," 19.4"," 0.00","1015.0","999.9","999.9","  63.6","  4.8"," 15.1"
"34504099999","48.6","34.9666666","143.0","1985-05-27","  49.5","010000","999.9","  73.9","  56.5"," 19.4"," 0.00","1016.0","999.9","999.9","  63.0","  4.3"," 14.6"
"34504099999","48.6","34.9666666","143.0","1985-05-28","  51.8","010000","999.9","  67.3","  53.4"," 13.6"," 0.04","1013.3","999.9","999.9","  59.0","  5.1","  7.0"
"34504099999","48.6","34.9666666","143.0","1985-05-29","  57.2","000010","999.9","  67.8","  54.7"," 15.5"," 0.00","1011.5","999.9","999.9","  61.3","  3.9","  9.2"
"34504099999","48.6","34.9666666","143.0","1985-05-30","  61.4","010010","999.9","  83.7","  62.4"," 13.6"," 0.24","1009.4","999.9","999.9","  71.0","  5.7","  9.0"
"34504099999","48.6","34.9666666","143.0","1985-05-31","  61.5","010010","999.9","  70.9","  60.8"," 15.5"," 0.16","1012.4","999.9","999.9","  64.6","  3.7","  8.7"
"34504099999","48.6","34.9666666","143.0","1985-06-01","  59.5","100010","999.9","  78.4","  58.8"," 15.5"," 0.00","1015.1","999.9","999.9","  65.1","  4.0","  7.5"
"34504099999","48.6","34.9666666","143.0","1985-06-02","  54.6","000000","999.9","  84.0","  56.8","  5.8"," 0.00","1012.2","999.9","999.9","  68.0","  4.3","  1.5"
"34504099999","48.6","34.9666666","143.0","1985-06-03","  60.2","010010","999.9","  74.5","  59.7","  9.7"," 0.00","1008.9","999.9","999.9","  65.3","  3.1","  6.1"
"34504099999","48.6","34.9666666","143.0","1985-06-04","  50.0","010000","999.9","  71.1","  58.5"," 15.5"," 0.47","1012.3","999.9","999.9","  64.6","  4.8"," 12.4"
"34504099999","48.6","34.9666666","143.0","1985-06-05","  45.3","000000","999.9","  72.1","  54.3"," 11.7"," 0.00","1018.5","999.9","999.9","  62.3","  6.2","  8.7"
"34504099999","48.6","34.9666666","143.0","1985-06-06","  48.5","000000","999.9","  76.5","  55.2","  7.8"," 0.00","1016.0","999.9","999.9","  68.0","  6.2","  4.9"
"34504099999","48.6","34.9666666","143.0","1985-06-07","  55.0","000000","999.9","  81.3","  57.4"," 13.6"," 0.02","1010.5","999.9","999.9","  70.9","  6.2"," 10.3"
"34504099999","48.6","34.9666666","143.0","1985-06-08","  57.5","000000","999.9","  84.9","  60.8"," 15.5"," 0.00","1009.2","999.9","999.9","  73.6","  6.2"," 12.6"
"34504099999","48.6","34.9666666","143.0","1985-06-09","  60.0","010000","999.9","  82.6","  64.6"," 15.5"," 0.00","1008.6","999.9","999.9","  71.9","  6.2"," 13.1"
"34504099999","48.6","34.9666666","143.0","1985-06-10","  50.2","000000","999.9","  74.3","  54.3"," 17.5"," 0.00","1010.4","999.9","999.9","  63.4","  6.2"," 13.0"
"34504099999","48.6","34.9666666","143.0","1985-06-11","  44.9","000000","999.9","  73.9","  49.3"," 13.6"," 0.00","1014.2","999.9","999.9","  62.6","  6.2","  7.3"
"34504099999","48.6","34.9666666","143.0","1985-06-12","  50.0","010000","999.9","  77.2","  53.8"," 17.5"," 0.00","1009.7","999.9","999.9","  64.3","  5.3"," 10.9"
"34504099999","48.6","34.9666666","143.0","1985-06-13","  47.1","010000","999.9","  70.0","  51.8"," 15.5"," 0.16","1012.1","999.9","999.9","  59.8","  5.3"," 11.9"
"34504099999","48.6","34.9666666","143.0","1985-06-14","  49.9","010000","999.9","  76.8","  51.1"," 19.4"," 0.00","1012.3","999.9","999.9","  61.4","  4.8"," 12.1"
"34504099999","48.6","34.9666666","143.0","1985-06-15","  50.9","000000","999.9","  73.6","  49.6"," 13.6"," 0.00","1014.0","999.9","999.9","  62.3","  4.7"," 10.4"
"34504099999","48.6","34.9666666","143.0","1985-06-16","  51.8","010000","999.9","  69.8","  51.4"," 19.4"," 0.20","1009.6","999.9","999.9","  59.9","  4.1"," 12.1"
"34504099999","48.6","34.9666666","143.0","1985-06-17","  44.6","000000","999.9","  67.6","  46.2"," 19.4"," 0.00","1010.0","999.9","999.9","  57.9","  6.2"," 12.9"
"34504099999","48.6","34.9666666","143.0","1985-06-18","  49.1","000000","999.9","  79.2","  52.5"," 13.6"," 0.00","1002.8","999.9","999.9","  66.7","  5.7","  9.2"
"34504099999","48.6","34.9666666","143.0","1985-06-19","  52.1","010000","999.9","  72.0","  55.6"," 13.6"," 0.51"," 999.1","999.9","999.9","  62.8","  5.5","  9.4"
"34504099999","48.6","34.9666666","143.0","1985-06-20","  51.9","000000","999.9","  70.3","  52.9"," 13.6"," 0.00","1003.8","999.9","999.9","  60.9","  5.7","  3.9"
"34504099999","48.6","34.9666666","143.0","1985-06-21","  53.3","000000","999.9","  74.7","  54.9"," 13.6"," 0.00","1006.7","999.9","999.9","  63.4","  5.7","  3.2"
"34504099999","48.6","34.9666666","143.0","1985-06-22","  55.5","000010","999.9","  76.5","  55.8"," 11.7"," 0.00","1006.0","999.9","999.9","  66.9","  4.7","  3.4"
"34504099999","48.6","34.9666666","143.0","1985-06-23","  56.8","010010","999.9","  79.5","  59.2"," 11.7"," 0.51","1008.5","999.9","999.9","  67.6","  4.2","  5.3"
"34504099999","48.6","34.9666666","143.0","1985-06-24","  59.1","010000","999.9","  77.7","  58.8"," 11.7"," 0.02","1007.2","999.9","999.9","  67.9","  5.1","  6.3"
"34504099999","48.6","34.9666666","143.0","1985-06-25","  58.4","010000","999.9","  75.7","  59.2","  9.7"," 0.13","1003.4","999.9","999.9","  64.4","  4.7","  6.1"
"34504099999","48.6","34.9666666","143.0","1985-06-26","  59.6","010000","999.9","  69.1","  57.6"," 17.5"," 0.47","1000.2","999.9","999.9","  62.9","  3.8","  7.8"
"34504099999","48.6","34.9666666","143.0","1985-06-27","  59.6","000000","999.9","  76.5","  59.4"," 15.5"," 0.43","1007.5","999.9","999.9","  67.5","  4.5"," 10.0"
"34504099999","48.6","34.9666666","143.0","1985-06-28","  58.1","010000","999.9","  75.0","  57.6"," 11.7"," 0.00","1013.1","999.9","999.9","  66.5","  4.2","  7.3"
"34504099999","48.6","34.9666666","143.0","1985-06-29","  58.4","010010","999.9","  72.1","  55.4"," 17.5"," 0.31","1011.9","999.9","999.9","  64.5","  4.5"," 10.2"
"34504099999","48.6","34.9666666","143.0","1985-06-30","  50.0","000000","999.9","  71.2","  50.0"," 13.6"," 0.00","1014.8","999.9","999.9","  61.5","  5.7"," 11.9"
"34504099999","48.6","34.9666666","143.0","1985-07-01","  52.4","000000","999.9","  74.1","  51.8"," 13.6"," 0.00","1014.6","999.9","999.9","  65.8","  5.1","  7.2"
"34504099999","48.6","34.9666666","143.0","1985-07-02","  54.4","000000","999.9","  79.2","  57.2"," 13.6"," 0.00","1012.3","999.9","999.9","  69.9","  5.7","  8.6"
"34504099999","48.6","34.9666666","143.0","1985-07-03","  56.9","010000","999.9","  71.1","  56.3"," 13.6"," 0.00","1012.7","999.9","999.9","  63.5","  4.7","  5.6"
"34504099999","48.6","34.9666666","143.0","1985-07-04","  60.0","010010","999.9","  70.3","  58.8"," 15.5"," 0.45","1010.2","999.9","999.9","  62.9","  1.7","  7.0"
"34504099999","48.6","34.9666666","143.0","1985-07-05","  59.0","010010","999.9","  71.8","  60.3"," 19.4"," 1.46","1003.6","999.9","999.9","  64.5","  5.6"," 17.7"
"34504099999","48.6","34.9666666","143.0","1985-07-06","  59.8","010010","999.9","  64.2","  58.6"," 15.5"," 0.55"," 999.5","999.9","999.9","  61.5","  5.1"," 13.8"
"34504099999","48.6","34.9666666","143.0","1985-07-07","  57.1","010000","999.9","  60.8","  56.8"," 15.5"," 0.63","1005.9","999.9","999.9","  59.1","  4.8"," 12.6"
"34504099999","48.6","34.9666666","143.0","1985-07-08","  55.3","010010","999.9","  74.3","  54.0"," 15.5"," 0.00","1010.5","999.9","999.9","  63.5","  4.3"," 10.4"
"34504099999","48.6","34.9666666","143.0","1985-07-09","  56.0","000000","999.9","  77.5","  54.9"," 11.7"," 0.00","1011.0","999.9","999.9","  66.8","  5.3","  6.8"
"34504099999","48.6","34.9666666","143.0","1985-07-10","  52.5","000000","999.9","  66.9","  56.1"," 15.5"," 0.08","1011.4","999.9","999.9","  61.9","  6.2"," 12.2"
"34504099999","48.6","34.9666666","143.0","1985-07-11","  53.0","000000","999.9","  74.3","  52.9"," 17.5"," 0.08","1014.3","999.9","999.9","  64.3","  6.2"," 10.7"
"34504099999","48.6","34.9666666","143.0","1985-07-12","  54.8","000000","999.9","  75.4","  55.0"," 11.7"," 0.00","1015.4","999.9","999.9","  65.7","  5.3","  6.8"
"34504099999","48.6","34.9666666","143.0","1985-07-13","  55.0","000000","999.9","  76.8","  60.6"," 13.6"," 0.00","1015.7","999.9","999.9","  69.3","  6.2","  7.8"
"34504099999","48.6","34.9666666","143.0","1985-07-14","  55.4","000010","999.9","  77.5","  60.4"," 15.5"," 0.00","1017.8","999.9","999.9","  66.8","  6.2"," 10.9"
"34504099999","48.6","34.9666666","143.0","1985-07-15","  55.4","000000","999.9","  78.3","  61.3"," 11.7"," 0.00","1020.2","999.9","999.9","  70.8","  4.3","  6.6"
"34504099999","48.6","34.9666666","143.0","1985-07-16","  58.5","000000","999.9","  81.9","  61.7","  5.8"," 0.00","1020.9","999.9","999.9","  73.2","  4.8","  0.7"
"34504099999","48.6","34.9666666","143.0","1985-07-17","  59.4","000000","999.9","  84.4","  66.4"," 13.6"," 0.00","1019.2","999.9","999.9","  75.5","  4.0","  3.6"
"34504099999","48.6","34.9666666","143.0","1985-07-18","  54.4","000000","999.9","  84.9","  66.7"," 11.7"," 0.00","1015.2","999.9","999.9","  76.5","  4.3","  4.4"
"34504099999","48.6","34.9666666","143.0","1985-07-19","  62.5","010010","999.9","  85.3","  64.0","  9.7"," 1.10","1011.8","999.9","999.9","  71.0","  5.1","  6.8"
"34504099999","48.6","34.9666666","143.0","1985-07-20","  60.3","000000","999.9","  79.2","  64.8"," 15.5"," 0.02","1013.1","999.9","999.9","  72.0","  3.7","  8.7"
"34504099999","48.6","34.9666666","143.0","1985-07-21","  59.1","000000","999.9","  80.8","  65.3","  7.8"," 0.00","1016.3","999.9","999.9","  71.7","  4.1","  1.7"
"34504099999","48.6","34.9666666","143.0","1985-07-22","  60.8","010000","999.9","  82.9","  60.8"," 15.5"," 0.04","1015.5","999.9","999.9","  68.0","  4.3","  9.7"
"34504099999","48.6","34.9666666","143.0","1985-07-23","  50.9","000000","999.9","  70.9","  54.9"," 15.5"," 0.02","1017.2","999.9","999.9","  62.6","  5.1"," 11.9"
"34504099999","48.6","34.9666666","143.0","1985-07-24","  54.4","010010","999.9","  67.1","  53.1"," 15.5"," 0.00","1011.1","999.9","999.9","  60.1","  4.3"," 10.4"
"34504099999","48.6","34.9666666","143.0","1985-07-25","  54.3","000000","999.9","  63.5","  55.9"," 17.5"," 0.31","1008.9","999.9","999.9","  60.4","  5.3"," 13.6"
"34504099999","48.6","34.9666666","143.0","1985-07-26","  52.8","010000","999.9","  73.0","  54.5"," 13.6"," 0.00","1008.4","999.9","999.9","  59.2","  4.1","  8.9"
"34504099999","48.6","34.9666666","143.0","1985-07-27","  52.3","000000","999.9","  71.2","  48.7"," 13.6"," 0.12","1009.5","999.9","999.9","  59.7","  4.5","  9.2"
"34504099999","48.6","34.9666666","143.0","1985-07-28","  56.6","110000","999.9","  76.8","  53.6","  9.7"," 0.00","1011.9","999.9","999.9","  65.8","  3.7","  3.4"
"34504099999","48.6","34.9666666","143.0","1985-07-29","  58.6","000000","999.9","  74.3","  61.7"," 13.6"," 0.03","1010.5","999.9","999.9","  67.0","  3.6","  5.8"
"34504099999","48.6","34.9666666","143.0","1985-07-30","  57.9","010010","999.9","  80.4","  57.2"," 15.5"," 0.00","1011.8","999.9","999.9","  69.4","  3.4","  6.6"
"34504099999","48.6","34.9666666","143.0","1985-07-31","  63.5","010010","999.9","  82.6","  63.7"," 31.1"," 0.04","1008.8","999.9","999.9","  72.5","  2.5"," 13.8"
"34504099999","48.6","34.9666666","143.0","1985-08-01","  62.6","000010","999.9","  82.4","  63.3"," 17.5"," 0.08","1008.7","999.9","999.9","  70.7","  4.3"," 10.9"
"34504099999","48.6","34.9666666","143.0","1985-08-02","  57.9","100000","999.9","  78.4","  57.7"," 11.7"," 0.00","1013.6","999.9","999.9","  68.6","  2.6","  7.5"
"34504099999","48.6","34.9666666","143.0","1985-08-03","  57.4","000000","999.9","  79.7","  62.8"," 11.7"," 0.00","1014.8","999.9","999.9","  71.7","  2.9","  5.1"
"34504099999","48.6","34.9666666","143.0","1985-08-04","  56.5","010010","999.9","  82.6","  63.3"," 17.5"," 0.00","1012.0","999.9","999.9","  72.9","  5.3"," 11.4"
"34504099999","48.6","34.9666666","143.0","1985-08-05","  60.7","010010","999.9","  75.6","  60.3"," 13.6"," 0.55","1007.4","999.9","999.9","  66.5","  2.6"," 12.3"
"34504099999","48.6","34.9666666","143.0","1985-08-06","  61.7","000000","999.9","  73.4","  62.2"," 11.7"," 0.00","1009.2","999.9","999.9","  67.5","  1.9","  8.5"
"34504099999","48.6","34.9666666","143.0","1985-08-07","  63.4","000000","999.9","  80.8","  62.8","  5.8"," 0.00","1008.6","999.9","999.9","  71.2","  1.8","  2.4"
"34504099999","48.6","34.9666666","143.0","1985-08-08","  65.5","000000","999.9","  89.8","  63.7"," 11.7"," 0.00","1005.8","999.9","999.9","  76.7","  3.4","  6.7"
"34504099999","48.6","34.9666666","143.0","1985-08-09","  64.2","000000","999.9","  80.2","  65.7"," 11.7"," 0.00","1009.0","999.9","999.9","  72.7","  2.3","  7.5"
"34504099999","48.6","34.9666666","143.0","1985-08-10","  60.4","000000","999.9","  74.3","  64.6","  3.9"," 0.00","1014.4","999.9","999.9","  69.7","  2.1","  1.7"
"34504099999","48.6","34.9666666","143.0","1985-08-11","  59.2","000000","999.9","  84.7","  61.2"," 13.6"," 0.00","1017.9","999.9","999.9","  75.2","  4.2","  6.3"
"34504099999","48.6","34.9666666","143.0","1985-08-12","  59.3","000000","999.9","  85.3","  66.2"," 19.4"," 0.00","1017.9","999.9","999.9","  75.3","  4.3"," 16.3"
"34504099999","48.6","34.9666666","143.0","1985-08-13","  60.1","000000","999.9","  84.9","  66.9"," 13.6"," 0.00","1019.6","999.9","999.9","  75.8","  2.5"," 12.9"
"34504099999","48.6","34.9666666","143.0","1985-08-14","  54.1","000000","999.9","  81.7","  65.8"," 13.6"," 0.00","1022.1","999.9","999.9","  73.0","  3.6"," 12.6"
"34504099999","48.6","34.9666666","143.0","1985-08-15","  58.5","000000","999.9","  82.2","  63.7"," 15.5"," 0.00","1021.5","999.9","999.9","  73.2","  3.9"," 12.4"
"34504099999","48.6","34.9666666","143.0","1985-08-16","  61.3","000000","999.9","  86.2","  67.5"," 13.6"," 0.00","1020.9","999.9","999.9","  76.3","  3.9"," 10.2"
"34504099999","48.6","34.9666666","143.0","1985-08-17","  58.4","000000","999.9","  89.1","  67.3"," 13.6"," 0.00","1019.5","999.9","999.9","  78.6","  8.9"," 10.7"
"34504099999","48.6","34.9666666","143.0","1985-08-18","  58.5","000000","999.9","  90.3","  69.3"," 13.6"," 0.00","1016.4","999.9","999.9","  78.9","  6.2","  9.4"
"34504099999","48.6","34.9666666","143.0","1985-08-19","  56.9","000000","999.9","  93.6","  65.8"," 11.7"," 0.00","1009.9","999.9","999.9","  79.6","  6.2","  8.5"
"34504099999","48.6","34.9666666","143.0","1985-08-20","  56.6","010010","999.9","  70.2","  59.5"," 11.7"," 0.10","1007.6","999.9","999.9","  66.2","  4.8","  8.7"
"34504099999","48.6","34.9666666","143.0","1985-08-21","  57.2","000000","999.9","  76.3","  59.2","  9.7"," 0.00","1008.7","999.9","999.9","  66.0","  4.2","  4.9"
"34504099999","48.6","34.9666666","143.0","1985-08-22","  56.8","000000","999.9","  69.6","  56.1"," 15.5"," 0.04","1011.0","999.9","999.9","  63.5","  4.2"," 11.4"
"34504099999","48.6","34.9666666","143.0","1985-08-23","  56.3","000000","999.9","  75.0","  59.4"," 15.5"," 0.00","1017.1","999.9","999.9","  66.6","  5.7"," 12.5"
"34504099999","48.6","34.9666666","143.0","1985-08-24","  55.9","000000","999.9","  80.8","  54.3"," 11.7"," 0.00","1021.1","999.9","999.9","  68.8","  3.7","  5.6"
"34504099999","48.6","34.9666666","143.0","1985-08-25","  59.2","000000","999.9","  83.3","  64.0"," 11.7"," 0.00","1021.2","999.9","999.9","  73.0","  3.9","  3.7"
"34504099999","48.6","34.9666666","143.0","1985-08-26","  49.2","000000","999.9","  84.4","  57.7"," 11.7"," 0.00","1019.5","999.9","999.9","  71.4","  6.2","  8.7"
"34504099999","48.6","34.9666666","143.0","1985-08-27","  47.8","000000","999.9","  84.4","  57.6"," 13.6"," 0.00","1015.4","999.9","999.9","  71.7","  6.2"," 10.7"
"34504099999","48.6","34.9666666","143.0","1985-08-28","  51.9","000000","999.9","  87.1","  61.9"," 13.6"," 0.00","1013.7","999.9","999.9","  75.2","  6.2"," 12.4"
"34504099999","48.6","34.9666666","143.0","1985-08-29","  53.8","000000","999.9","  90.7","  62.8"," 19.4"," 0.00","1013.5","999.9","999.9","  77.6","  6.2"," 14.6"
"34504099999","48.6","34.9666666","143.0","1985-08-30","  52.4","000000","999.9","  91.9","  66.6"," 19.4"," 0.00","1012.2","999.9","999.9","  76.2","  5.7"," 12.4"
"34504099999","48.6","34.9666666","143.0","1985-08-31","  54.4","000010","999.9","  89.8","  66.9"," 15.5"," 0.00","1009.6","999.9","999.9","  77.0","  5.7"," 11.9"
"34504099999","48.6","34.9666666","143.0","1985-09-01","  58.8","010010","999.9","  76.3","  63.5"," 15.5"," 0.20","1011.1","999.9","999.9","  68.9","  5.7"," 10.9"
"34504099999","48.6","34.9666666","143.0","1985-09-02","  52.6","000000","999.9","  83.8","  64.4"," 11.7"," 0.00","1014.6","999.9","999.9","  71.7","  4.3","  5.2"
"34504099999","48.6","34.9666666","143.0","1985-09-03","  56.7","000000","999.9","  82.4","  61.2","  7.8"," 0.00","1018.9","999.9","999.9","  71.6","  5.7","  4.6"
"34504099999","48.6","34.9666666","143.0","1985-09-04","  54.4","000000","999.9","  85.5","  61.2","  7.8"," 0.00","1014.9","999.9","999.9","  73.1","  5.7","  3.4"
"34504099999","48.6","34.9666666","143.0","1985-09-05","  58.8","010010","999.9","  83.5","  59.2"," 15.5"," 0.16","1006.3","999.9","999.9","  67.0","  5.1"," 10.0"
"34504099999","48.6","34.9666666","143.0","1985-09-06","  56.5","010000","999.9","  67.1","  55.8"," 13.6"," 0.16","1001.9","999.9","999.9","  60.0","  5.3"," 10.2"
"34504099999","48.6","34.9666666","143.0","1985-09-07","  44.5","000000","999.9","  62.8","  48.6"," 17.5"," 0.02","1008.0","999.9","999.9","  53.8","  4.8"," 13.8"
"34504099999","48.6","34.9666666","143.0","1985-09-08","  37.7","000000","999.9","  60.1","  41.9"," 17.5"," 0.04","1013.5","999.9","999.9","  49.1","  5.7"," 11.9"
"34504099999","48.6","34.9666666","143.0","1985-09-09","  43.9","010000","999.9","  61.3","  42.6"," 15.5"," 0.00","1013.8","999.9","999.9","  51.6","  4.3","  8.5"
"34504099999","48.6","34.9666666","143.0","1985-09-10","  44.3","110000","999.9","  64.4","  46.8"," 15.5"," 0.01","1014.9","999.9","999.9","  53.6","  3.4","  5.1"
"34504099999","48.6","34.9666666","143.0","1985-09-11","  44.8","000000","999.9","  64.6","  45.0"," 48.6"," 0.00","1018.0","999.9","999.9","  54.2","  5.6"," 11.9"
"34504099999","48.6","34.9666666","143.0","1985-09-12","  52.6","010010","999.9","  61.2","  50.4","  9.7"," 0.00","1012.6","999.9","999.9","  55.5","  2.6","  4.4"
"34504099999","48.6","34.9666666","143.0","1985-09-13","  46.5","000000","999.9","  58.1","  45.0"," 13.6"," 0.43","1011.5","999.9","999.9","  51.6","  4.8"," 10.0"
"34504099999","48.6","34.9666666","143.0","1985-09-14","  45.9","010000","999.9","  54.1","  43.9"," 15.5"," 0.00","1012.8","999.9","999.9","  49.7","  3.3","  9.5"
"34504099999","48.6","34.9666666","143.0","1985-09-15","  44.7","000000","999.9","  63.3","  45.9"," 13.6"," 0.00","1019.3","999.9","999.9","  53.8","  3.3","  9.2"
"34504099999","48.6","34.9666666","143.0","1985-09-16","  43.7","000000","999.9","  69.4","  45.0"," 11.7"," 0.00","1024.4","999.9","999.9","  56.1","  4.8","  6.1"
"34504099999","48.6","34.9666666","143.0","1985-09-17","  46.4","100000","999.9","  71.6","  47.1"," 13.6"," 0.00","1020.4","999.9","999.9","  58.6","  4.0","  7.3"
"34504099999","48.6","34.9666666","143.0","1985-09-18","  46.5","010000","999.9","  64.9","  48.2"," 27.2"," 0.02","1013.0","999.9","999.9","  55.2","  4.4"," 14.7"
"34504099999","48.6","34.9666666","143.0","1985-09-19","  40.6","000000","999.9","  62.6","  44.1"," 23.3"," 0.00","1019.9","999.9","999.9","  53.6","  6.2"," 18.7"
"34504099999","48.6","34.9666666","143.0","1985-09-20","  41.7","000000","999.9","  64.0","  45.0"," 13.6"," 0.00","1020.2","999.9","999.9","  54.9","  4.8"," 10.2"
"34504099999","48.6","34.9666666","143.0","1985-09-21","  52.3","000000","999.9","  74.8","  48.6"," 13.6"," 0.00","1015.9","999.9","999.9","  63.0","  2.1","  7.8"
"34504099999","48.6","34.9666666","143.0","1985-09-22","  51.8","000000","999.9","  81.1","  55.0"," 15.5"," 0.00","1013.8","999.9","999.9","  67.3","  3.7"," 10.9"
"34504099999","48.6","34.9666666","143.0","1985-09-23","  55.2","000000","999.9","  73.2","  53.8"," 23.3"," 0.00","1010.3","999.9","999.9","  64.0","  5.7"," 13.3"
"34504099999","48.6","34.9666666","143.0","1985-09-24","  38.7","000000","999.9","  57.6","  42.8"," 15.5"," 0.16","1018.1","999.9","999.9","  48.9","  5.3"," 10.9"
"34504099999","48.6","34.9666666","143.0","1985-09-25","  37.4","010000","999.9","  57.9","  37.8"," 13.6"," 0.00","1017.5","999.9","999.9","  48.4","  5.1","  8.9"
"34504099999","48.6","34.9666666","143.0","1985-09-26","  41.8","000000","999.9","  56.7","  43.9"," 19.4"," 0.00","1016.1","999.9","999.9","  50.5","  4.1"," 12.3"
"34504099999","48.6","34.9666666","143.0","1985-09-27","  35.1","000000","999.9","  54.9","  33.4"," 13.6"," 0.00","1025.3","999.9","999.9","  43.8","  4.8"," 10.4"
"34504099999","48.6","34.9666666","143.0","1985-09-28","  36.1","000000","999.9","  57.6","  37.8"," 13.6"," 0.00","1016.5","999.9","999.9","  46.3","  6.2","  8.9"
"34504099999","48.6","34.9666666","143.0","1985-09-29","  41.0","000000","999.9","  59.2","  39.6"," 15.5"," 0.00","1010.7","999.9","999.9","  48.0","  4.0"," 11.4"
"34504099999","48.6","34.9666666","143.0","1985-09-30","  37.0","010000","999.9","  46.4","  38.7"," 19.4"," 0.08","1015.2","999.9","999.9","  42.6","  6.2"," 16.8"
"34504099999","48.6","34.9666666","143.0","1985-10-01","  35.4","000000","999.9","  50.5","  38.7"," 17.5"," 0.08","1027.6","999.9","999.9","  43.6","  5.3"," 12.6"
"34504099999","48.6","34.9666666","143.0","1985-10-02","  40.9","010000","999.9","  67.1","  41.2"," 19.4"," 0.00","1022.5","999.9","999.9","  55.5","  4.8"," 14.6"
"34504099999","48.6","34.9666666","143.0","1985-10-03","  52.2","100000","999.9","  68.0","  54.7"," 11.7"," 0.00","1021.4","999.9","999.9","  59.4","  2.1","  5.6"
"34504099999","48.6","34.9666666","143.0","1985-10-04","  51.5","100000","999.9","  71.8","  45.0","  7.8"," 0.00","1022.7","999.9","999.9","  58.1","  0.8","  1.9"
"34504099999","48.6","34.9666666","143.0","1985-10-05","  54.7","100000","999.9","  71.6","  50.7","  7.8"," 0.00","1025.2","999.9","999.9","  60.4","  0.8","  3.1"
"34504099999","48.6","34.9666666","143.0","1985-10-06","  52.3","100000","999.9","  73.2","  53.1"," 11.7"," 0.00","1025.4","999.9","999.9","  59.8","  1.3","  7.8"
"34504099999","48.6","34.9666666","143.0","1985-10-07","  50.8","100000","999.9","  66.2","  45.9","  9.7"," 0.00","1022.8","999.9","999.9","  56.7","  0.6","  6.8"
"34504099999","48.6","34.9666666","143.0","1985-10-08","  50.0","100000","999.9","  60.4","  47.8"," 13.6"," 0.00","1020.4","999.9","999.9","  52.7","  0.9","  9.2"
"34504099999","48.6","34.9666666","143.0","1985-10-09","  49.3","000000","999.9","  63.3","  47.7"," 13.6"," 0.00","1019.3","999.9","999.9","  55.9","  2.1"," 12.2"
"34504099999","48.6","34.9666666","143.0","1985-10-10","  44.3","000000","999.9","  55.8","  48.2"," 15.5"," 0.00","1023.0","999.9","999.9","  51.3","  2.5"," 12.9"
"34504099999","48.6","34.9666666","143.0","1985-10-11","  37.4","000000","999.9","  54.7","  41.7"," 15.5"," 0.00","1023.1","999.9","999.9","  48.2","  5.3"," 12.6"
"34504099999","48.6","34.9666666","143.0","1985-10-12","  39.4","000000","999.9","  54.1","  45.9"," 11.7"," 0.00","1020.8","999.9","999.9","  48.9","  5.3","  7.3"
"34504099999","48.6","34.9666666","143.0","1985-10-13","  44.9","010000","999.9","  53.2","  47.7","  7.8"," 0.00","1019.1","999.9","999.9","  50.1","  3.7","  1.9"
"34504099999","48.6","34.9666666","143.0","1985-10-14","  45.7","010000","999.9","  54.7","  45.7","  7.8"," 0.00","1022.2","999.9","999.9","  48.7","  1.9","  4.9"
"34504099999","48.6","34.9666666","143.0","1985-10-15","  47.2","110000","999.9","  51.4","  46.8"," 15.5"," 0.16","1018.6","999.9","999.9","  48.7","  0.7","  4.6"
"34504099999","48.6","34.9666666","143.0","1985-10-16","  46.3","010000","999.9","  50.9","  44.6"," 23.3"," 0.47","1013.6","999.9","999.9","  47.6","  1.2"," 17.5"
"34504099999","48.6","34.9666666","143.0","1985-10-17","  39.9","010000","999.9","  49.1","  38.1"," 19.4"," 0.16","1013.2","999.9","999.9","  44.4","  2.3"," 17.2"
"34504099999","48.6","34.9666666","143.0","1985-10-18","  28.7","000000","999.9","  46.9","  30.9"," 11.7"," 0.00","1020.4","999.9","999.9","  37.8","  3.3","  7.0"
"34504099999","48.6","34.9666666","143.0","1985-10-19","  32.1","000000","999.9","  50.9","  31.5","  9.7"," 0.00","1018.3","999.9","999.9","  40.2","  4.8","  6.3"
"34504099999","48.6","34.9666666","143.0","1985-10-20","  35.9","000000","999.9","  46.9","  38.3"," 13.6"," 0.00","1021.1","999.9","999.9","  42.8","  4.6","  9.5"
"34504099999","48.6","34.9666666","143.0","1985-10-21","  33.8","000000","999.9","  51.6","  34.2"," 17.5"," 0.00","1029.1","999.9","999.9","  43.5","  4.8"," 10.4"
"34504099999","48.6","34.9666666","143.0","1985-10-22","  36.7","000000","999.9","  46.6","  41.0"," 11.7"," 0.00","1026.9","999.9","999.9","  43.6","  4.3","  9.7"
"34504099999","48.6","34.9666666","143.0","1985-10-23","  33.3","010000","999.9","  49.5","  36.7"," 17.5"," 4.02","1024.7","999.9","999.9","  42.8","  3.7"," 10.2"
"34504099999","48.6","34.9666666","143.0","1985-10-24","  35.8","010000","999.9","  40.3","  33.3"," 11.7"," 0.00","1024.5","999.9","999.9","  37.6","  3.3","  7.0"
"34504099999","48.6","34.9666666","143.0","1985-10-25","  36.8","000000","999.9","  47.8","  38.7","  9.7"," 0.00","1029.4","999.9","999.9","  42.9","  4.0","  6.8"
"34504099999","48.6","34.9666666","143.0","1985-10-26","  36.2","010000","999.9","  43.9","  40.3"," 13.6"," 0.00","1026.1","999.9","999.9","  42.5","  4.8"," 10.2"
"34504099999","48.6","34.9666666","143.0","1985-10-27","  31.8","000000","999.9","  45.3","  35.8"," 17.5"," 0.00","1020.3","999.9","999.9","  39.3","  4.5"," 11.4"
"34504099999","48.6","34.9666666","143.0","1985-10-28","  29.9","000000","999.9","  43.3","  30.6"," 15.5"," 0.00","1016.4","999.9","999.9","  34.7","  2.5"," 11.4"
"34504099999","48.6","34.9666666","143.0","1985-10-29","  25.1","011000","999.9","  41.0","  27.9"," 17.5"," 0.00","1016.7","999.9","999.9","  33.0","  4.5"," 13.4"
"34504099999","48.6","34.9666666","143.0","1985-10-30","  20.1","000000","999.9","  39.4","  23.5"," 13.6"," 0.00","1026.0","999.9","999.9","  29.6","  5.8","  8.4"
"34504099999","48.6","34.9666666","143.0","1985-10-31","  30.1","000000","999.9","  46.6","  25.0"," 19.4"," 0.00","1020.3","999.9","999.9","  35.8","  6.2"," 13.0"
"34504099999","48.6","34.9666666","143.0","1985-11-01","  45.6","010000","999.9","  50.4","  39.6"," 13.6"," 0.02","1010.6","999.9","999.9","  47.1","  2.8"," 12.5"
"34504099999","48.6","34.9666666","143.0","1985-11-02","  38.5","000000","999.9","  51.1","  39.7"," 11.7"," 0.00","1011.7","999.9","999.9","  43.9","  1.6","  5.3"
"34504099999","48.6","34.9666666","143.0","1985-11-03","  47.7","110000","999.9","  62.2","  42.1"," 19.4"," 0.00","1004.1","999.9","999.9","  51.6","  2.7"," 15.8"
"34504099999","48.6","34.9666666","143.0","1985-11-04","  32.2","100000","999.9","  46.0","  31.8"," 13.6"," 0.03","1021.3","999.9","999.9","  38.6","  2.8","  5.6"
"34504099999","48.6","34.9666666","143.0","1985-11-05","  31.7","100000","999.9","  47.7","  31.5"," 17.5"," 0.00","1025.5","999.9","999.9","  39.0","  3.3"," 10.7"
"34504099999","48.6","34.9666666","143.0","1985-11-06","  41.7","110000","999.9","  48.2","  37.4"," 15.5"," 0.02","1010.1","999.9","999.9","  43.4","  1.6"," 13.6"
"34504099999","48.6","34.9666666","143.0","1985-11-07","  46.4","110000","999.9","  53.1","  40.3"," 17.5"," 0.00","1002.9","999.9","999.9","  48.0","  1.6"," 14.6"
"34504099999","48.6","34.9666666","143.0","1985-11-08","  33.9","010000","999.9","  43.0","  33.8"," 19.4"," 0.35","1012.7","999.9","999.9","  38.2","  4.8"," 11.2"
"34504099999","48.6","34.9666666","143.0","1985-11-09","  32.1","000000","999.9","  44.6","  32.0"," 13.6"," 0.00","1023.1","999.9","999.9","  36.9","  3.2","  7.3"
"34504099999","48.6","34.9666666","143.0","1985-11-10","  32.2","100000","999.9","  44.8","  26.2"," 13.6"," 0.00","1020.9","999.9","999.9","  35.4","  1.1","  8.7"
"34504099999","48.6","34.9666666","143.0","1985-11-11","  40.1","110000","999.9","  48.4","  34.7"," 15.5"," 0.00","1010.5","999.9","999.9","  42.8","  2.8"," 13.6"
"34504099999","48.6","34.9666666","143.0","1985-11-12","  41.2","010000","999.9","  45.3","  40.1"," 11.7"," 0.12","1014.9","999.9","999.9","  42.5","  1.2","  5.5"
"34504099999","48.6","34.9666666","143.0","1985-11-13","  38.9","100000","999.9","  44.8","  39.9"," 11.7"," 0.00","1020.3","999.9","999.9","  43.2","  2.0","  7.8"
"34504099999","48.6","34.9666666","143.0","1985-11-14","9999.9","110000","999.9","  44.1","  32.9"," 13.6"," 0.00","1017.8"," 73.6","999.9","  40.3","  0.2","  6.3"
"34504099999","48.6","34.9666666","143.0","1985-11-15","  34.4","110000","999.9","  41.0","  32.0"," 17.5"," 0.08","1013.9","999.9","999.9","  37.0","  2.7"," 13.6"
"34504099999","48.6","34.9666666","143.0","1985-11-16","  24.6","001000","999.9","  35.1","  27.9"," 15.5"," 0.01","1028.7","999.9","999.9","  30.6","  4.3"," 10.9"
"34504099999","48.6","34.9666666","143.0","1985-11-17","  23.8","001000","999.9","  32.2","  24.3","  3.9"," 0.02","1034.3","999.9","999.9","  27.8","  2.8","  0.5"
"34504099999","48.6","34.9666666","143.0","1985-11-18","  20.8","001000","999.9","  27.7","  19.0"," 11.7"," 0.00","1041.3","  0.4","999.9","  24.7","  2.8","  9.2"
"34504099999","48.6","34.9666666","143.0","1985-11-19","  15.1","001000","999.9","  24.1","  14.2"," 17.5"," 0.00","1044.0","  0.4","999.9","  20.2","  9.3"," 13.4"
"34504099999","48.6","34.9666666","143.0","1985-11-20","  14.2","000000","999.9","  21.4","  16.3"," 13.6"," 0.00","1039.9","  0.4","999.9","  18.9","  5.7"," 11.9"
"34504099999","48.6","34.9666666","143.0","1985-11-21","  15.7","111000","999.9","  21.6","  15.6","  9.7"," 0.00","1034.6","  0.4","999.9","  18.5","  1.7","  5.8"
"34504099999","48.6","34.9666666","143.0","1985-11-22","  16.2","100000","999.9","  19.0","  14.0","  7.8"," 0.00","1033.7","  0.4","999.9","  16.9","  0.5","  6.8"
"34504099999","48.6","34.9666666","143.0","1985-11-23","  13.6","000000","999.9","  22.6","  13.1"," 13.6"," 0.00","1031.7","  0.4","999.9","  17.0","  1.2","  9.5"
"34504099999","48.6","34.9666666","143.0","1985-11-24","  16.6","001000","999.9","  22.5","  13.1"," 13.6"," 0.00","1026.8","  0.4","999.9","  19.4","  1.8"," 10.0"
"34504099999","48.6","34.9666666","143.0","1985-11-25","  26.1","011000","999.9","  33.4","  21.6"," 15.5"," 0.01","1013.2","  0.4","999.9","  27.4","  1.2","  7.8"
"34504099999","48.6","34.9666666","143.0","1985-11-26","  29.0","010000","999.9","  35.4","  28.9"," 15.5"," 0.00","1001.2","  0.4","999.9","  32.5","  4.0"," 12.8"
"34504099999","48.6","34.9666666","143.0","1985-11-27","  25.5","011000","999.9","  31.8","  28.0"," 13.6"," 0.12","1013.7","999.9","999.9","  28.7","  1.8","  8.5"
"34504099999","48.6","34.9666666","143.0","1985-11-28","  24.6","010000","999.9","  31.6","  19.9"," 15.5"," 0.63","1013.3","999.9","999.9","  27.5","  3.6"," 13.8"
"34504099999","48.6","34.9666666","143.0","1985-11-29","  20.4","001000","999.9","  25.9","  19.9"," 15.5"," 0.00","1016.9","999.9","999.9","  22.7","  2.4"," 12.4"
"34504099999","48.6","34.9666666","143.0","1985-11-30","  18.3","001000","999.9","  26.4","  15.1"," 11.7"," 0.35","1019.0","  2.4","999.9","  21.2","  1.1"," 10.7"
"34504099999","48.6","34.9666666","143.0","1985-12-01","  17.2","101000","999.9","  27.0","   9.3"," 11.7"," 0.08","1022.3","  2.4","999.9","  19.8","  4.4","  3.2"
"34504099999","48.6","34.9666666","143.0","1985-12-02","  14.2","101000","999.9","  25.2","   7.3"," 15.5"," 0.01","1025.6","  2.4","999.9","  17.2","  1.6","  8.0"
"34504099999","48.6","34.9666666","143.0","1985-12-03","   6.2","100000","999.9","  14.2","   3.6","  7.8"," 0.00","1026.1","  3.1","999.9","   7.9","  1.7","  3.4"
"34504099999","48.6","34.9666666","143.0","1985-12-04","  23.7","111000","999.9","  35.1","   2.8"," 13.6"," 0.31","1017.7","  4.7","999.9","  24.8","  0.4","  8.5"
"34504099999","48.6","34.9666666","143.0","1985-12-05","  35.0","110000","999.9","  36.7","  34.7"," 15.5"," 0.01","1014.6","  4.7","999.9","  35.6","  0.7"," 12.4"
"34504099999","48.6","34.9666666","143.0","1985-12-06","  34.7","100000","999.9","  36.3","  33.4"," 15.5"," 0.00","1015.8","  2.0","999.9","  34.7","  0.1","  6.9"
"34504099999","48.6","34.9666666","143.0","1985-12-07","  33.7","100000","999.9","  41.0","  31.5"," 15.5"," 0.00","1016.4","  2.0","999.9","  35.0","  1.9","  9.1"
"34504099999","48.6","34.9666666","143.0","1985-12-08","  33.8","100000","999.9","  39.9","  30.6"," 11.7"," 0.00","1020.6","  2.0","999.9","  34.8","  1.0","  9.2"
"34504099999","48.6","34.9666666","143.0","1985-12-09","9999.9","110000","999.9","  36.7","  30.6"," 13.6"," 0.00","1025.7","  2.0","999.9","  32.6","  0.1","  5.6"
"34504099999","48.6","34.9666666","143.0","1985-12-10","  33.3","110000","999.9","  34.3","  32.4"," 11.7"," 0.01","1024.5","  1.2","999.9","  33.4","  0.2","  9.5"
"34504099999","48.6","34.9666666","143.0","1985-12-11","  34.1","110000","999.9","  36.5","  32.7","  7.8"," 0.01","1021.4","999.9","999.9","  34.1","  0.1","  5.3"
"34504099999","48.6","34.9666666","143.0","1985-12-12","  28.5","100000","999.9","  35.2","  24.4"," 15.5"," 0.00","1030.7","999.9","999.9","  31.5","  2.9"," 10.4"
"34504099999","48.6","34.9666666","143.0","1985-12-13","  17.1","000000","999.9","  27.3","  21.2"," 13.6"," 0.00","1037.9","999.9","999.9","  23.8","  6.2","  7.8"
"34504099999","48.6","34.9666666","143.0","1985-12-14","  18.7","100000","999.9","  21.6","  19.2","  9.7"," 0.00","1028.6","999.9","999.9","  20.4","  1.6","  4.1"
"34504099999","48.6","34.9666666","143.0","1985-12-15","  26.4","101000","999.9","  30.4","  20.5"," 13.6"," 0.01","1019.6","999.9","999.9","  27.0","  0.6"," 10.0"
"34504099999","48.6","34.9666666","143.0","1985-12-16","  31.6","111000","999.9","  33.8","  29.5"," 15.5"," 0.16","1008.7","  0.4","999.9","  31.9","  0.4"," 10.0"
"34504099999","48.6","34.9666666","143.0","1985-12-17","  29.4","001000","999.9","  32.4","  29.5"," 13.6"," 0.08","1001.7","999.9","999.9","  30.6","  0.9","  6.8"
"34504099999","48.6","34.9666666","143.0","1985-12-18","  18.3","001000","999.9","  29.1","  15.4"," 23.3"," 0.04","1003.3","  3.5","999.9","  22.5","  2.8"," 18.2"
"34504099999","48.6","34.9666666","143.0","1985-12-19","   1.0","001000","999.9","  11.1","   0.7"," 17.5"," 0.12","1016.5","  3.9","999.9","   6.9","  4.1","  8.3"
"34504099999","48.6","34.9666666","143.0","1985-12-20","  13.5","101000","999.9","  27.0","  -1.5"," 11.7"," 0.00","1014.1","  3.5","999.9","  15.6","  1.0","  8.3"
"34504099999","48.6","34.9666666","143.0","1985-12-21","  21.8","001000","999.9","  28.2","  19.6"," 11.7"," 0.04","1018.8","  3.9","999.9","  24.8","  1.6","  8.0"
"34504099999","48.6","34.9666666","143.0","1985-12-22","  16.6","101000","999.9","  19.8","  15.8","  7.8"," 0.00","1030.9","999.9","999.9","  18.0","  0.4","  1.5"
"34504099999","48.6","34.9666666","143.0","1985-12-23","  16.0","100000","999.9","  18.0","  14.7","  9.7"," 0.00","1028.9","  3.9","999.9","  16.0","  0.1","  5.5"
"34504099999","48.6","34.9666666","143.0","1985-12-24","  13.8","100000","999.9","  22.6","   8.6","  9.7"," 0.00","1025.3","  3.5","999.9","  14.4","  0.8","  2.5"
"34504099999","48.6","34.9666666","143.0","1985-12-25","  13.6","100000","999.9","  19.4","   7.5"," 11.7"," 0.00","1023.7","  3.5","999.9","  14.0","  0.2","  7.0"
"34504099999","48.6","34.9666666","143.0","1985-12-26","  23.6","100000","999.9","  25.2","  21.9"," 11.7"," 0.00","1019.8","999.9","999.9","  23.6","  0.1","  7.8"
"34504099999","48.6","34.9666666","143.0","1985-12-27","  30.5","110000","999.9","  34.9","  21.9"," 13.6"," 0.00","1010.6","  3.5","999.9","  30.5","  0.1"," 11.9"
"34504099999","48.6","34.9666666","143.0","1985-12-28","  33.0","110000","999.9","  34.9","  32.0"," 13.6"," 0.12","1009.9","  2.4","999.9","  33.3","  1.7","  9.9"
"34504099999","48.6","34.9666666","143.0","1985-12-29","  33.4","110000","999.9","  39.0","  29.8"," 19.4"," 0.00","1014.5","  0.8","999.9","  34.4","  2.0"," 12.9"
"34504099999","48.6","34.9666666","143.0","1985-12-30","  36.9","111000","999.9","  43.0","  29.5"," 19.4"," 0.00","1008.0","  0.4","999.9","  38.1","  2.6"," 15.1"
"34504099999","48.6","34.9666666","143.0","1985-12-31","  18.3","000000","999.9","  28.4","  24.3","999.9"," 0.00","1019.8","999.9","999.9","  26.3","  9.3"," 20.4"
"34504099999","48.6","34.9666666","143.0","1986-01-01","  28.7","011000","999.9","  32.4","  26.8"," 11.7"," 0.04","1009.2","999.9","999.9","  30.0","  1.4"," 10.2"
"34504099999","48.6","34.9666666","143.0","1986-01-02","  27.6","010000","999.9","  32.7","  24.8"," 15.5"," 0.12","1006.1","  0.8","999.9","  29.2","  2.3"," 10.4"
"34504099999","48.6","34.9666666","143.0","1986-01-03","  29.0","111000","999.9","  33.3","  26.1"," 11.7"," 0.39","1010.8","999.9","999.9","  29.7","  0.4","  4.9"
"34504099999","48.6","34.9666666","143.0","1986-01-04","  32.8","100000","999.9","  35.8","  32.0"," 13.6"," 0.00","1013.8","  0.8","999.9","  33.1","  0.6","  9.5"
"34504099999","48.6","34.9666666","143.0","1986-01-05","  37.7","110000","999.9","  41.4","  32.0"," 15.5"," 0.24","1008.3","  0.8","999.9","  37.8","  0.2","  8.0"
"34504099999","48.6","34.9666666","143.0","1986-01-06","  24.3","010000","999.9","  33.3","  23.5"," 15.5"," 0.00","1014.7","  0.4","999.9","  28.0","  3.3","  8.0"
"34504099999","48.6","34.9666666","143.0","1986-01-07","  23.6","010000","999.9","  33.4","  22.3"," 13.6"," 0.08","1015.6","999.9","999.9","  28.4","  4.1","  8.3"
"34504099999","48.6","34.9666666","143.0","1986-01-08","  35.4","110000","999.9","  40.1","  32.2"," 15.5"," 0.19","1002.0","999.9","999.9","  36.2","  1.9"," 13.1"
"34504099999","48.6","34.9666666","143.0","1986-01-09","  21.9","001000","999.9","  30.9","  22.3"," 19.4"," 0.03","1013.5","999.9","999.9","  27.5","  5.0"," 15.8"
"34504099999","48.6","34.9666666","143.0","1986-01-10","  15.8","000000","999.9","  25.2","  18.5"," 13.6"," 0.00","1021.6","999.9","999.9","  22.2","  5.7"," 10.0"
"34504099999","48.6","34.9666666","143.0","1986-01-11","  14.8","001000","999.9","  22.3","  15.6"," 13.6"," 0.04","1017.1","999.9","999.9","  19.1","  3.3"," 10.4"
"34504099999","48.6","34.9666666","143.0","1986-01-12","  20.0","001000","999.9","  26.2","  20.8","  9.7"," 0.02","1012.8","  1.6","999.9","  23.8","  1.9","  6.3"
"34504099999","48.6","34.9666666","143.0","1986-01-13","  24.0","001000","999.9","  28.6","  23.7","  9.7"," 0.00","1011.4","  1.6","999.9","  26.4","  1.2","  7.8"
"34504099999","48.6","34.9666666","143.0","1986-01-14","  27.2","100000","999.9","  32.4","  23.0"," 15.5"," 0.00","1009.9","999.9","999.9","  28.6","  1.2"," 11.9"
"34504099999","48.6","34.9666666","143.0","1986-01-15","  32.1","110000","999.9","  35.4","  30.2"," 19.4"," 0.00"," 996.3","  0.8","999.9","  33.2","  2.5"," 12.9"
"34504099999","48.6","34.9666666","143.0","1986-01-16","  30.9","101000","999.9","  33.4","  29.7"," 15.5"," 0.12"," 997.8","999.9","999.9","  31.4","  0.3","  9.5"
"34504099999","48.6","34.9666666","143.0","1986-01-17","  25.4","101000","999.9","  29.7","  21.2"," 17.5"," 0.04","1003.8","999.9","999.9","  26.8","  0.7","  9.5"
"34504099999","48.6","34.9666666","143.0","1986-01-18","   8.4","001000","999.9","  23.7","   4.6"," 29.1"," 0.00","1009.6","  7.9","999.9","  13.4","  2.1"," 19.4"
"34504099999","48.6","34.9666666","143.0","1986-01-19","  12.5","001000","999.9","  27.0","  -0.9"," 15.5"," 0.01","1014.7","999.9","999.9","  15.2","  2.0"," 12.1"
"34504099999","48.6","34.9666666","143.0","1986-01-20","  28.6","001000","999.9","  33.8","  23.2"," 19.4"," 0.51","1006.3","999.9","999.9","  29.7","  0.8"," 15.0"
"34504099999","48.6","34.9666666","143.0","1986-01-21","  17.2","001000","999.9","  33.8","  20.5"," 29.1"," 0.03","1011.8","  8.7","999.9","  27.1","  4.7"," 22.2"
"34504099999","48.6","34.9666666","143.0","1986-01-22","  25.7","100000","999.9","  36.5","  14.5"," 15.5"," 0.00","1021.8","  7.9","999.9","  28.5","  1.7"," 12.9"
"34504099999","48.6","34.9666666","143.0","1986-01-23","  33.6","100000","999.9","  35.4","  31.1"," 15.5"," 0.00","1015.6","  5.9","999.9","  34.6","  1.0"," 13.1"
"34504099999","48.6","34.9666666","143.0","1986-01-24","  36.8","100000","999.9","  39.2","  34.7"," 15.5"," 0.08","1007.9","  4.7","999.9","  37.0","  0.3"," 11.9"
"34504099999","48.6","34.9666666","143.0","1986-01-25","  38.5","010000","999.9","  43.7","  37.8"," 23.3"," 0.08","1006.2","  0.8","999.9","  40.5","  2.3"," 16.3"
"34504099999","48.6","34.9666666","143.0","1986-01-26","  35.1","010000","999.9","  41.7","  32.5"," 19.4"," 0.17","1011.8","999.9","999.9","  36.3","  2.3"," 11.4"
"34504099999","48.6","34.9666666","143.0","1986-01-27","  29.7","000000","999.9","  34.5","  28.8","  5.8"," 0.00","1023.5","999.9","999.9","  31.5","  1.5","  0.8"
"34504099999","48.6","34.9666666","143.0","1986-01-28","  32.6","100000","999.9","  35.2","  31.5"," 15.5"," 0.00","1029.0","999.9","999.9","  33.1","  0.5","  7.5"
"34504099999","48.6","34.9666666","143.0","1986-01-29","  28.5","011000","999.9","  32.9","  31.3"," 15.5"," 0.00","1026.4","999.9","999.9","  31.8","  0.9"," 14.6"
"34504099999","48.6","34.9666666","143.0","1986-01-30","  26.8","001000","999.9","  35.4","  30.4"," 19.4"," 0.01","1026.2","999.9","999.9","  32.2","  3.5"," 17.0"
"34504099999","48.6","34.9666666","143.0","1986-01-31","  12.1","000000","999.9","  27.7","  14.9"," 19.4"," 0.00","1033.5","999.9","999.9","  22.0","  5.6"," 18.8"
"34504099999","48.6","34.9666666","143.0","1986-02-01","   6.5","000000","999.9","  21.6","  10.6"," 17.5"," 0.00","1036.3","999.9","999.9","  16.2","  6.2"," 14.7"
"34504099999","48.6","34.9666666","143.0","1986-02-02","   4.9","001000","999.9","  16.3","   8.6"," 15.5"," 0.00","1030.2","999.9","999.9","  12.3","  3.6"," 14.2"
"34504099999","48.6","34.9666666","143.0","1986-02-03","  -3.2","001000","999.9","  11.5","   3.2"," 19.4"," 0.00","1026.3","999.9","999.9","   6.0","  4.8"," 17.0"
"34504099999","48.6","34.9666666","143.0","1986-02-04","   0.6","000000","999.9","  16.2","   3.9"," 19.4"," 0.00","1025.2","999.9","999.9","   8.6","  8.9"," 13.6"
"34504099999","48.6","34.9666666","143.0","1986-02-05","   1.5","000000","999.9","  16.0","   0.5","  5.8"," 0.00","1023.9","999.9","999.9","   7.9","  0.8","  1.4"
"34504099999","48.6","34.9666666","143.0","1986-02-06","   6.1","000000","999.9","  24.8","   5.4","  9.7"," 0.00","1022.1","999.9","999.9","  15.1","  2.2","  8.0"
"34504099999","48.6","34.9666666","143.0","1986-02-07","   8.4","000000","999.9","  24.1","   8.2"," 13.6"," 0.00","1023.3","999.9","999.9","  15.4","  1.6"," 10.9"
"34504099999","48.6","34.9666666","143.0","1986-02-08","   9.6","000000","999.9","  26.2","   8.6"," 15.5"," 0.00","1023.6","999.9","999.9","  16.0","  2.0"," 12.2"
"34504099999","48.6","34.9666666","143.0","1986-02-09","   4.1","000000","999.9","  28.9","  10.6"," 19.4"," 0.00","1022.7","999.9","999.9","  18.1","  7.0"," 16.0"
"34504099999","48.6","34.9666666","143.0","1986-02-10","   6.2","001000","999.9","  27.0","  13.5"," 21.4"," 0.02","1023.3","999.9","999.9","  20.8","  4.6"," 20.0"
"34504099999","48.6","34.9666666","143.0","1986-02-11","  14.8","001000","999.9","  27.0","  19.0"," 17.5"," 0.20","1025.7","999.9","999.9","  21.7","  2.3"," 15.8"
"34504099999","48.6","34.9666666","143.0","1986-02-12","  11.3","000000","999.9","  24.8","  17.4"," 17.5"," 0.12","1030.0","  2.4","999.9","  20.9","  4.1"," 14.3"
"34504099999","48.6","34.9666666","143.0","1986-02-13","  16.0","000000","999.9","  30.9","  12.4"," 15.5"," 0.00","1026.2","  2.4","999.9","  20.9","  3.0"," 12.9"
"34504099999","48.6","34.9666666","143.0","1986-02-14","  10.3","000000","999.9","  28.0","  14.4"," 15.5"," 0.00","1025.0","999.9","999.9","  21.0","  5.3"," 14.8"
"34504099999","48.6","34.9666666","143.0","1986-02-15","   9.1","000000","999.9","  25.5","  12.6"," 17.5"," 0.00","1031.1","  2.0","999.9","  16.7","  5.7"," 15.5"
"34504099999","48.6","34.9666666","143.0","1986-02-16","   7.7","000000","999.9","  26.2","   7.3"," 13.6"," 0.00","1028.1","  1.6","999.9","  15.4","  4.3"," 11.4"
"34504099999","48.6","34.9666666","143.0","1986-02-17","  17.8","000000","999.9","  34.3","  11.3"," 15.5"," 0.00","1019.5","  1.2","999.9","  25.3","  5.1"," 10.0"
"34504099999","48.6","34.9666666","143.0","1986-02-18","  28.9","111000","999.9","  37.8","  27.0"," 15.5"," 0.00","1008.7","  1.2","999.9","  32.1","  1.6"," 11.9"
"34504099999","48.6","34.9666666","143.0","1986-02-19","  30.3","100000","999.9","  35.2","  29.3"," 13.6"," 0.00","1008.9","999.9","999.9","  32.5","  0.8"," 11.7"
"34504099999","48.6","34.9666666","143.0","1986-02-20","  10.6","001000","999.9","  20.5","  13.1"," 29.1"," 0.00","1019.6","999.9","999.9","  16.1","  2.4"," 21.1"
"34504099999","48.6","34.9666666","143.0","1986-02-21","  15.7","011000","999.9","  24.3","  12.9"," 29.1"," 0.91","1014.0","  2.8","999.9","  17.4","  0.2"," 23.9"
"34504099999","48.6","34.9666666","143.0","1986-02-22","  14.6","100000","999.9","  25.2","  13.8"," 11.7"," 0.01","1020.2","  4.3","999.9","  18.7","  1.5","  4.6"
"34504099999","48.6","34.9666666","143.0","1986-02-23","  26.9","100000","999.9","  35.4","  14.4"," 17.5"," 0.00","1014.6","  2.8","999.9","  27.5","  0.6"," 11.7"
"34504099999","48.6","34.9666666","143.0","1986-02-24","  27.7","111000","999.9","  35.8","  19.9"," 17.5"," 0.26","1004.9","  2.0","999.9","  29.7","  0.7"," 11.2"
"34504099999","48.6","34.9666666","143.0","1986-02-25","  14.3","001000","999.9","  21.9","  14.4"," 15.5"," 0.04","1014.8","  2.4","999.9","  19.0","  0.8"," 12.5"
"34504099999","48.6","34.9666666","143.0","1986-02-26","   2.8","000000","999.9","  17.8","   6.8"," 15.5"," 0.00","1024.4","999.9","999.9","  11.3","  1.6"," 14.3"
"34504099999","48.6","34.9666666","143.0","1986-02-27","  -0.4","000000","999.9","  15.4","   2.8"," 17.5"," 0.00","1034.2","  2.4","999.9","   8.0","  2.6"," 11.7"
"34504099999","48.6","34.9666666","143.0","1986-02-28","   3.5","000000","999.9","  24.3","   1.4"," 11.7"," 0.00","1032.9","  2.0","999.9","  12.0","  2.5","  9.2"
"34504099999","48.6","34.9666666","143.0","1986-03-01","   5.0","001000","999.9","  21.7","   2.3","  9.7"," 0.00","1031.5","  1.6","999.9","  13.4","  2.8","  6.7"
"34504099999","48.6","34.9666666","143.0","1986-03-02","   7.0","000000","999.9","  24.4","   2.5","  7.8"," 0.00","1030.5","  1.6","999.9","  14.2","  2.5","  3.9"
"34504099999","48.6","34.9666666","143.0","1986-03-03","  15.1","000000","999.9","  29.7","  12.2","  9.7"," 0.00","1025.7","  1.6","999.9","  20.9","  2.2","  8.4"
"34504099999","48.6","34.9666666","143.0","1986-03-04","  16.8","001000","999.9","  30.4","  14.2"," 15.5"," 0.00","1022.7","  1.6","999.9","  23.7","  2.5"," 12.9"
"34504099999","48.6","34.9666666","143.0","1986-03-05","  29.5","111000","999.9","  34.2","  26.4","  9.7"," 0.00","1018.2","  1.6","999.9","  31.2","  1.1","  6.6"
"34504099999","48.6","34.9666666","143.0","1986-03-06","  32.8","100000","999.9","  36.3","  31.5","  3.9"," 0.00","1024.2","  0.8","999.9","  33.1","  0.2","  0.6"
"34504099999","48.6","34.9666666","143.0","1986-03-07","  33.5","100000","999.9","  43.0","  29.5","  7.8"," 0.00","1029.1","  0.4","999.9","  34.1","  0.6","  6.7"
"34504099999","48.6","34.9666666","143.0","1986-03-08","  35.0","100000","999.9","  46.0","  32.7"," 15.5"," 0.00","1025.1","999.9","999.9","  38.8","  1.2"," 11.7"
"34504099999","48.6","34.9666666","143.0","1986-03-09","  31.3","000000","999.9","  47.3","  30.9"," 19.4"," 0.00","1022.2","999.9","999.9","  37.4","  2.2"," 15.3"
"34504099999","48.6","34.9666666","143.0","1986-03-10","  30.0","000000","999.9","  35.1","  30.4"," 19.4"," 0.00","1029.9","999.9","999.9","  32.6","  2.0"," 17.7"
"34504099999","48.6","34.9666666","143.0","1986-03-11","  29.7","000000","999.9","  41.4","  29.7"," 15.5"," 0.00","1034.9","999.9","999.9","  34.5","  3.4"," 12.9"
"34504099999","48.6","34.9666666","143.0","1986-03-12","  24.5","000000","999.9","  31.6","  28.8"," 17.5"," 0.00","1034.6","999.9","999.9","  29.6","  2.0"," 12.9"
"34504099999","48.6","34.9666666","143.0","1986-03-13","  23.5","000000","999.9","  34.3","  28.0"," 13.6"," 0.00","1035.3","999.9","999.9","  30.4","  4.3"," 12.1"
"34504099999","48.6","34.9666666","143.0","1986-03-14","  24.5","000000","999.9","  36.7","  25.7"," 15.5"," 0.00","1035.4","999.9","999.9","  30.2","  3.3"," 12.1"
"34504099999","48.6","34.9666666","143.0","1986-03-15","  23.9","001000","999.9","  33.8","  16.3"," 23.3"," 0.00","1037.7","999.9","999.9","  28.9","  4.7"," 19.2"
"34504099999","48.6","34.9666666","143.0","1986-03-16","  23.8","000000","999.9","  41.0","  25.3"," 19.4"," 0.00","1038.8","999.9","999.9","  32.9","  5.7"," 18.5"
"34504099999","48.6","34.9666666","143.0","1986-03-17","  26.8","000000","999.9","  44.1","  27.1"," 15.5"," 0.00","1032.1","999.9","999.9","  34.2","  2.4"," 13.6"
"34504099999","48.6","34.9666666","143.0","1986-03-18","  27.3","000000","999.9","  33.1","  30.0"," 13.6"," 0.00","1030.8","999.9","999.9","  31.8","  2.3"," 10.1"
"34504099999","48.6","34.9666666","143.0","1986-03-19","  27.8","000000","999.9","  43.0","  28.8"," 11.7"," 0.00","1029.7","999.9","999.9","  35.0","  3.1","  8.5"
"34504099999","48.6","34.9666666","143.0","1986-03-20","  28.3","000000","999.9","  45.9","  30.2","  5.8"," 0.00","1031.1","999.9","999.9","  37.2","  1.9","  3.6"
"34504099999","48.6","34.9666666","143.0","1986-03-21","  29.9","100000","999.9","  49.1","  30.0","  7.8"," 0.00","1028.8","999.9","999.9","  38.9","  1.2","  2.2"
"34504099999","48.6","34.9666666","143.0","1986-03-22","  29.2","000000","999.9","  49.6","  31.3","  5.8"," 0.00","1026.4","999.9","999.9","  40.3","  1.4","  1.7"
"34504099999","48.6","34.9666666","143.0","1986-03-23","  29.8","000000","999.9","  49.5","  29.1","  9.7"," 0.00","1024.2","999.9","999.9","  38.4","  5.5","  4.6"
"34504099999","48.6","34.9666666","143.0","1986-03-24","  28.1","001000","999.9","  49.6","  28.4"," 15.5"," 0.00","1014.3","999.9","999.9","  37.6","  3.0"," 13.8"
"34504099999","48.6","34.9666666","143.0","1986-03-25","  37.0","010000","999.9","  44.2","  34.0"," 15.5"," 0.08","1011.8","999.9","999.9","  39.1","  1.2","  8.6"
"34504099999","48.6","34.9666666","143.0","1986-03-26","  40.6","100000","999.9","  61.3","  38.7"," 15.5"," 0.03","1014.8","999.9","999.9","  47.7","  2.0"," 13.6"
"34504099999","48.6","34.9666666","143.0","1986-03-27","  42.7","000000","999.9","  63.3","  36.7"," 13.6"," 0.00","1020.9","999.9","999.9","  50.6","  3.1"," 11.9"
"34504099999","48.6","34.9666666","143.0","1986-03-28","  44.8","100000","999.9","  51.1","  42.4","  9.7"," 0.00","1025.0","999.9","999.9","  46.4","  0.8","  6.1"
"34504099999","48.6","34.9666666","143.0","1986-03-29","  43.1","100000","999.9","  66.7","  37.0"," 11.7"," 0.00","1022.4","999.9","999.9","  50.7","  1.6","  1.5"
"34504099999","48.6","34.9666666","143.0","1986-03-30","  35.1","000000","999.9","  58.3","  38.1"," 15.5"," 0.00","1016.4","999.9","999.9","  48.8","  4.8","  8.5"
"34504099999","48.6","34.9666666","143.0","1986-03-31","  36.9","000000","999.9","  59.2","  38.1","  9.7"," 0.00","1011.8","999.9","999.9","  48.4","  2.5","  7.3"
"34504099999","48.6","34.9666666","143.0","1986-04-01","  40.1","000000","999.9","  65.5","  40.3","  7.8"," 0.00","1011.9","999.9","999.9","  52.1","  1.9","  5.1"
"34504099999","48.6","34.9666666","143.0","1986-04-02","  35.1","010000","999.9","  56.8","  41.4"," 17.5"," 0.02","1018.5","999.9","999.9","  48.7","  3.7"," 10.0"
"34504099999","48.6","34.9666666","143.0","1986-04-03","  31.7","000000","999.9","  63.5","  35.6"," 11.7"," 0.00","1023.2","999.9","999.9","  49.1","  4.7","  7.0"
"34504099999","48.6","34.9666666","143.0","1986-04-04","  38.6","000000","999.9","  69.8","  39.2"," 17.5"," 0.00","1021.4","999.9","999.9","  53.8","  5.1","  9.0"
"34504099999","48.6","34.9666666","143.0","1986-04-05","  42.7","000000","999.9","  71.8","  39.6"," 19.4"," 0.00","1020.6","999.9","999.9","  55.5","  4.0","  3.2"
"34504099999","48.6","34.9666666","143.0","1986-04-06","  40.6","000000","999.9","  79.5","  48.9","  7.8"," 0.00","1021.5","999.9","999.9","  64.3","  5.1","  2.7"
"34504099999","48.6","34.9666666","143.0","1986-04-07","  38.3","000000","999.9","  75.4","  42.3"," 11.7"," 0.00","1023.8","999.9","999.9","  62.2","  6.2","  7.5"
"34504099999","48.6","34.9666666","143.0","1986-04-08","  34.2","000000","999.9","  75.9","  51.8"," 13.6"," 0.00","1021.6","999.9","999.9","  63.3","  5.6"," 10.2"
"34504099999","48.6","34.9666666","143.0","1986-04-09","  31.3","000000","999.9","  77.2","  45.7"," 15.5"," 0.00","1014.7","999.9","999.9","  61.9","  5.7"," 10.9"
"34504099999","48.6","34.9666666","143.0","1986-04-10","  39.5","000000","999.9","  78.6","  50.5"," 15.5"," 0.00","1006.0","999.9","999.9","  62.7","  5.7"," 12.2"
"34504099999","48.6","34.9666666","143.0","1986-04-11","  47.3","110000","999.9","  54.5","  45.0"," 15.5"," 0.02","1000.1","999.9","999.9","  49.0","  1.2"," 11.4"
"34504099999","48.6","34.9666666","143.0","1986-04-12","  34.7","000000","999.9","  52.5","  40.5"," 19.4"," 0.08","1008.6","999.9","999.9","  44.7","  4.3"," 13.6"
"34504099999","48.6","34.9666666","143.0","1986-04-13","  40.8","010000","999.9","  68.9","  40.5"," 19.4"," 0.00","1005.1","999.9","999.9","  55.0","  4.8"," 10.7"
"34504099999","48.6","34.9666666","143.0","1986-04-14","  49.2","100010","999.9","  68.2","  45.3"," 17.5"," 0.00","1000.0","999.9","999.9","  53.8","  3.0"," 11.2"
"34504099999","48.6","34.9666666","143.0","1986-04-15","  41.0","010000","999.9","  50.5","  39.2"," 15.5"," 0.08","1006.2","999.9","999.9","  43.6","  1.4"," 11.9"
"34504099999","48.6","34.9666666","143.0","1986-04-16","  32.6","000000","999.9","  51.1","  37.8"," 17.5"," 0.51","1017.1","999.9","999.9","  43.7","  3.6"," 11.7"
"34504099999","48.6","34.9666666","143.0","1986-04-17","  34.4","000000","999.9","  56.3","  35.2","  5.8"," 0.00","1020.7","999.9","999.9","  46.1","  2.8","  2.7"
"34504099999","48.6","34.9666666","143.0","1986-04-18","  37.0","000000","999.9","  62.8","  40.5"," 13.6"," 0.00","1021.2","999.9","999.9","  50.7","  3.9","  8.3"
"34504099999","48.6","34.9666666","143.0","1986-04-19","  38.8","000000","999.9","  67.8","  40.8"," 19.4"," 0.00","1013.9","999.9","999.9","  55.5","  6.2"," 15.0"
"34504099999","48.6","34.9666666","143.0","1986-04-20","  46.1","010000","999.9","  62.2","  51.3"," 23.3"," 0.08","1005.5","999.9","999.9","  55.0","  4.8"," 16.3"
"34504099999","48.6","34.9666666","143.0","1986-04-21","  43.5","010000","999.9","  52.5","  43.3"," 17.5"," 0.67","1009.7","999.9","999.9","  45.8","  1.9"," 12.6"
"34504099999","48.6","34.9666666","143.0","1986-04-22","  42.3","010000","999.9","  51.3","  40.5"," 17.5"," 0.11","1019.3"," 69.7","999.9","  47.0","  3.4","  8.7"
"34504099999","48.6","34.9666666","143.0","1986-04-23","  40.8","000000","999.9","  64.6","  23.7","  9.7"," 0.00","1025.5","999.9","999.9","  53.4","  4.0","  4.4"
"34504099999","48.6","34.9666666","143.0","1986-04-24","  43.8","010000","999.9","  63.7","  46.9"," 17.5"," 0.02","1023.1","999.9","999.9","  53.8","  4.8"," 10.4"
"34504099999","48.6","34.9666666","143.0","1986-04-25","  44.8","010000","999.9","  62.4","  48.7"," 13.6"," 0.04","1019.8","999.9","999.9","  54.8","  4.8","  9.2"
"34504099999","48.6","34.9666666","143.0","1986-04-26","  43.4","000000","999.9","  66.0","  45.0","  9.7"," 0.00","1018.3","999.9","999.9","  55.3","  3.7","  5.6"
"34504099999","48.6","34.9666666","143.0","1986-04-27","  44.2","010000","999.9","  67.8","  47.1"," 13.6"," 0.00","1015.6","999.9","999.9","  55.2","  4.8","  5.3"
"34504099999","48.6","34.9666666","143.0","1986-04-28","  44.5","000000","999.9","  64.6","  44.8"," 13.6"," 0.00","1015.8","999.9","999.9","  54.2","  4.5","  5.6"
"34504099999","48.6","34.9666666","143.0","1986-04-29","  43.7","000000","999.9","  72.9","  47.3"," 11.7"," 0.00","1013.9","999.9","999.9","  61.3","  3.9","  5.3"
"34504099999","48.6","34.9666666","143.0","1986-04-30","  46.1","000000","999.9","  73.4","  54.0"," 15.5"," 0.00","1012.1","999.9","999.9","  63.6","  3.0"," 10.7"
"34504099999","48.6","34.9666666","143.0","1986-05-01","  44.7","010000","999.9","  76.5","  57.0"," 15.5"," 0.00","1011.5","999.9","999.9","  64.6","  4.6","  6.9"
"34504099999","48.6","34.9666666","143.0","1986-05-02","  40.3","010000","999.9","  61.7","  43.5"," 19.4"," 0.00","1006.8","999.9","999.9","  53.1","  5.3"," 12.4"
"34504099999","48.6","34.9666666","143.0","1986-05-03","  40.7","010000","999.9","  45.1","  42.4"," 29.1"," 0.75","1002.4","999.9","999.9","  43.5","  3.4"," 24.1"
"34504099999","48.6","34.9666666","143.0","1986-05-04","  37.9","010000","999.9","  43.9","  39.6"," 23.3"," 0.35","1006.0","999.9","999.9","  40.6","  4.3"," 22.1"
"34504099999","48.6","34.9666666","143.0","1986-05-05","  26.8","000000","999.9","  52.5","  37.8"," 19.4"," 0.04","1015.5","999.9","999.9","  45.4","  6.2"," 16.2"
"34504099999","48.6","34.9666666","143.0","1986-05-06","  25.2","000000","999.9","  48.9","  34.2"," 13.6"," 0.00","1019.6","999.9","999.9","  40.6","  4.1","  8.9"
"34504099999","48.6","34.9666666","143.0","1986-05-07","  29.6","000000","999.9","  58.3","  36.5","  9.7"," 0.00","1021.9","999.9","999.9","  49.0","  4.3","  4.9"
"34504099999","48.6","34.9666666","143.0","1986-05-08","  36.7","000000","999.9","  68.5","  41.4","  7.8"," 0.00","1020.8","999.9","999.9","  56.2","  4.2","  1.5"
"34504099999","48.6","34.9666666","143.0","1986-05-09","  40.7","000000","999.9","  63.7","  46.2"," 13.6"," 0.00","1017.0","999.9","999.9","  54.2","  6.2","  6.6"
"34504099999","48.6","34.9666666","143.0","1986-05-10","  45.2","010000","999.9","  58.6","  47.3","  7.8"," 0.08","1016.8","999.9","999.9","  52.3","  4.3","  1.7"
"34504099999","48.6","34.9666666","143.0","1986-05-11","  45.5","100000","999.9","  68.7","  45.7"," 13.6"," 0.00","1017.3","999.9","999.9","  57.4","  4.0","  7.8"
"34504099999","48.6","34.9666666","143.0","1986-05-12","  36.7","010000","999.9","  68.9","  43.5"," 13.6"," 0.00","1018.0","999.9","999.9","  57.2","  6.2","  8.0"
"34504099999","48.6","34.9666666","143.0","1986-05-13","  41.9","000010","999.9","  76.3","  46.8"," 11.7"," 0.00","1017.6","999.9","999.9","  61.4","  5.7","  6.6"
"34504099999","48.6","34.9666666","143.0","1986-05-14","  44.4","000000","999.9","  70.5","  54.0"," 11.7"," 0.00","1018.8","999.9","999.9","  61.3","  3.6"," 10.5"
"34504099999","48.6","34.9666666","143.0","1986-05-15","  48.1","000000","999.9","  72.5","  54.5"," 13.6"," 0.00","1019.3","999.9","999.9","  63.0","  3.4","  9.2"
"34504099999","48.6","34.9666666","143.0","1986-05-16","  46.9","000000","999.9","  76.6","  50.7"," 11.7"," 0.00","1022.6","999.9","999.9","  62.8","  4.8","  8.5"
"34504099999","48.6","34.9666666","143.0","1986-05-17","  39.1","000000","999.9","  75.6","  50.4","  9.7"," 0.00","1024.0","999.9","999.9","  64.5","  6.4","  3.9"
"34504099999","48.6","34.9666666","143.0","1986-05-18","  43.4","000000","999.9","  78.3","  52.5","  7.8"," 0.00","1022.7","999.9","999.9","  65.4","  6.2","  1.2"
"34504099999","48.6","34.9666666","143.0","1986-05-19","  48.3","000000","999.9","  72.1","  54.3"," 13.6"," 0.00","1020.8","999.9","999.9","  63.3","  4.7","  8.0"
"34504099999","48.6","34.9666666","143.0","1986-05-20","  46.8","000000","999.9","  74.7","  54.0","  3.9"," 0.00","1019.0","999.9","999.9","  66.1","  3.0","  1.1"
"34504099999","48.6","34.9666666","143.0","1986-05-21","  53.1","010000","999.9","  73.0","  56.1"," 11.7"," 0.02","1015.2","999.9","999.9","  63.8","  2.5","  4.4"
"34504099999","48.6","34.9666666","143.0","1986-05-22","  50.4","000000","999.9","  73.9","  55.8","  9.7"," 0.00","1014.5","999.9","999.9","  64.9","  4.0","  6.3"
"34504099999","48.6","34.9666666","143.0","1986-05-23","  49.7","010000","999.9","  71.8","  57.4"," 17.5"," 0.00","1017.3","999.9","999.9","  62.3","  4.6"," 11.3"
"34504099999","48.6","34.9666666","143.0","1986-05-24","  46.4","000000","999.9","  78.6","  54.9"," 15.5"," 0.00","1020.0","999.9","999.9","  67.6","  5.7"," 14.2"
"34504099999","48.6","34.9666666","143.0","1986-05-25","  50.0","000000","999.9","  83.3","  59.0"," 11.7"," 0.00","1017.5","999.9","999.9","  72.2","  5.7","  8.6"
"34504099999","48.6","34.9666666","143.0","1986-05-26","  44.5","000000","999.9","  71.4","  57.9"," 23.3"," 0.00","1020.6","999.9","999.9","  62.8","  4.6"," 16.8"
"34504099999","48.6","34.9666666","143.0","1986-05-27","  48.6","000000","999.9","  74.1","  54.5"," 11.7"," 0.00","1022.8","999.9","999.9","  65.1","  4.6","  8.0"
"34504099999","48.6","34.9666666","143.0","1986-05-28","  51.7","000000","999.9","  81.9","  57.2","  5.8"," 0.00","1019.3","999.9","999.9","  69.3","  4.7","  1.7"
"34504099999","48.6","34.9666666","143.0","1986-05-29","  54.0","000000","999.9","  87.4","  57.9","  7.8"," 0.00","1015.9","999.9","999.9","  73.0","  5.1","  3.9"
"34504099999","48.6","34.9666666","143.0","1986-05-30","  55.1","010010","999.9","  89.8","  66.2"," 13.6"," 0.20","1012.2","999.9","999.9","  74.9","  4.3","  9.2"
"34504099999","48.6","34.9666666","143.0","1986-05-31","  56.1","000010","999.9","  79.3","  63.9"," 13.6"," 0.02","1011.9","999.9","999.9","  68.7","  4.8"," 10.0"
"34504099999","48.6","34.9666666","143.0","1986-06-01","  58.7","000000","999.9","  87.1","  59.4"," 11.7"," 0.00","1012.4","999.9","999.9","  70.9","  4.1","  4.4"
"34504099999","48.6","34.9666666","143.0","1986-06-02","  59.8","000000","999.9","  83.5","  64.2"," 13.6"," 0.00","1014.8","999.9","999.9","  73.3","  8.4","  8.0"
"34504099999","48.6","34.9666666","143.0","1986-06-03","  59.9","010010","999.9","  83.3","  62.2"," 13.6"," 0.00","1013.6","999.9","999.9","  71.1","  3.7","  6.1"
"34504099999","48.6","34.9666666","143.0","1986-06-04","  56.7","000000","999.9","  78.1","  58.8"," 11.7"," 0.00","1009.0","999.9","999.9","  69.1","  3.6","  6.6"
"34504099999","48.6","34.9666666","143.0","1986-06-05","  57.7","000000","999.9","  82.6","  57.9","  7.8"," 0.00","1004.9","999.9","999.9","  70.4","  5.7","  4.9"
"34504099999","48.6","34.9666666","143.0","1986-06-06","  57.7","000000","999.9","  79.0","  61.0","  7.8"," 0.00","1007.3","999.9","999.9","  70.3","  2.8","  4.4"
"34504099999","48.6","34.9666666","143.0","1986-06-07","  57.6","000000","999.9","  84.2","  61.2","  5.8"," 0.00","1010.2","999.9","999.9","  73.1","  5.7","  1.5"
"34504099999","48.6","34.9666666","143.0","1986-06-08","  60.8","000000","999.9","  89.4","  67.8"," 13.6"," 0.00","1012.5","999.9","999.9","  77.0","  5.3","  7.5"
"34504099999","48.6","34.9666666","143.0","1986-06-09","  49.4","000000","999.9","  91.6","  68.4"," 15.5"," 0.00","1014.0","999.9","999.9","  79.5","  5.3"," 10.0"
"34504099999","48.6","34.9666666","143.0","1986-06-10","  51.5","010000","999.9","  87.1","  66.7"," 19.4"," 0.00","1011.8","999.9","999.9","  78.0","  6.2"," 16.6"
"34504099999","48.6","34.9666666","143.0","1986-06-11","  49.9","010000","999.9","  92.8","  72.0"," 19.4"," 0.00","1008.1","999.9","999.9","  81.0","  6.2"," 15.8"
"34504099999","48.6","34.9666666","143.0","1986-06-12","  50.9","000000","999.9","  93.2","  68.4"," 23.3"," 0.00","1007.8","999.9","999.9","  81.2","  6.2"," 15.5"
"34504099999","48.6","34.9666666","143.0","1986-06-13","  47.2","000000","999.9","  88.0","  68.5"," 17.5"," 0.00","1014.6","999.9","999.9","  78.6","  6.2"," 13.1"
"34504099999","48.6","34.9666666","143.0","1986-06-14","  54.4","000000","999.9","  89.8","  68.7","  9.7"," 0.00","1016.7","999.9","999.9","  80.1","  5.7","  6.1"
"34504099999","48.6","34.9666666","143.0","1986-06-15","  56.7","000000","999.9","  86.0","  71.8"," 15.5"," 0.00","1015.5","999.9","999.9","  78.4","  4.8"," 10.7"
"34504099999","48.6","34.9666666","143.0","1986-06-16","  49.7","000000","999.9","  81.5","  64.8"," 15.5"," 0.00","1013.8","999.9","999.9","  72.6","  6.2"," 13.8"
"34504099999","48.6","34.9666666","143.0","1986-06-17","  47.5","000000","999.9","  79.9","  64.2"," 15.5"," 0.00","1013.6","999.9","999.9","  71.7","  4.8"," 11.7"
"34504099999","48.6","34.9666666","143.0","1986-06-18","  42.4","000000","999.9","  75.0","  60.3"," 15.5"," 0.00","1016.0","999.9","999.9","  67.4","  6.2"," 10.2"
"34504099999","48.6","34.9666666","143.0","1986-06-19","  46.3","000000","999.9","  74.3","  57.6"," 15.5"," 0.00","1018.2","999.9","999.9","  65.8","  6.2","  9.2"
"34504099999","48.6","34.9666666","143.0","1986-06-20","  50.4","000000","999.9","  84.4","  55.4","  9.7"," 0.00","1016.7","999.9","999.9","  72.0","  5.3","  6.8"
"34504099999","48.6","34.9666666","143.0","1986-06-21","  57.4","010010","999.9","  88.2","  61.9","  9.7"," 0.02","1009.2","999.9","999.9","  75.9","  6.2","  7.2"
"34504099999","48.6","34.9666666","143.0","1986-06-22","  57.4","000000","999.9","  83.1","  61.0"," 21.4"," 0.03","1004.4","999.9","999.9","  68.9","  5.7"," 12.5"
"34504099999","48.6","34.9666666","143.0","1986-06-23","  53.8","000000","999.9","  72.7","  57.2"," 19.4"," 0.00","1004.5","999.9","999.9","  64.1","  6.2"," 12.1"
"34504099999","48.6","34.9666666","143.0","1986-06-24","  46.1","010000","999.9","  60.1","  51.3"," 19.4"," 0.43","1007.4","999.9","999.9","  54.3","  5.3"," 11.2"
"34504099999","48.6","34.9666666","143.0","1986-06-25","  42.8","000000","999.9","  65.7","  48.6"," 15.5"," 0.00","1013.6","999.9","999.9","  58.4","  5.3","  8.0"
"34504099999","48.6","34.9666666","143.0","1986-06-26","  43.1","000000","999.9","  68.9","  51.8"," 11.7"," 0.00","1012.1","999.9","999.9","  60.5","  6.2","  4.5"
"34504099999","48.6","34.9666666","143.0","1986-06-27","  51.9","010010","999.9","  69.1","  53.6"," 15.5"," 0.12","1010.0","999.9","999.9","  58.8","  5.3","  9.0"
"34504099999","48.6","34.9666666","143.0","1986-06-28","  56.1","010010","999.9","  72.7","  55.2"," 13.6"," 0.12","1007.5","999.9","999.9","  61.4","  4.8"," 11.2"
"34504099999","48.6","34.9666666","143.0","1986-06-29","  55.6","110010","999.9","  70.0","  54.7","  9.7"," 0.03","1004.8","999.9","999.9","  61.6","  2.6","  1.7"
"34504099999","48.6","34.9666666","143.0","1986-06-30","  53.5","000000","999.9","  76.6","  57.0"," 13.6"," 0.20","1009.0","999.9","999.9","  68.6","  4.9","  5.5"
"34504099999","48.6","34.9666666","143.0","1986-07-01","  56.4","000000","999.9","  79.0","  59.2"," 11.7"," 0.00","1012.9","999.9","999.9","  70.6","  5.0","  6.5"
"34504099999","48.6","34.9666666","143.0","1986-07-02","  55.6","000000","999.9","  81.7","  59.4","  9.7"," 0.00","1015.6","999.9","999.9","  72.6","  5.7","  6.1"
"34504099999","48.6","34.9666666","143.0","1986-07-03","  57.3","000000","999.9","  83.1","  63.0","  9.7"," 0.00","1016.8","999.9","999.9","  73.7","  5.7","  5.6"
"34504099999","48.6","34.9666666","143.0","1986-07-04","  55.1","000000","999.9","  85.5","  63.9","  7.8"," 0.00","1016.9","999.9","999.9","  76.2","  5.7","  4.9"
"34504099999","48.6","34.9666666","143.0","1986-07-05","  58.0","000010","999.9","  85.6","  65.7"," 17.5"," 0.00","1016.8","999.9","999.9","  74.1","  6.2"," 10.0"
"34504099999","48.6","34.9666666","143.0","1986-07-06","  59.0","000010","999.9","  86.7","  61.2","  9.7"," 0.00","1015.8","999.9","999.9","  74.7","  4.8","  1.7"
"34504099999","48.6","34.9666666","143.0","1986-07-07","  60.9","010010","999.9","  86.2","  64.8"," 15.5"," 0.43","1010.6","999.9","999.9","  72.7","  4.8","  5.3"
"34504099999","48.6","34.9666666","143.0","1986-07-08","  61.5","000010","999.9","  86.7","  61.2","  7.8"," 0.00","1005.6","999.9","999.9","  77.1","  5.7","  4.2"
"34504099999","48.6","34.9666666","143.0","1986-07-09","  61.9","010010","999.9","  84.4","  61.7"," 17.5"," 1.34","1000.7","999.9","999.9","  71.2","  3.3"," 10.0"
"34504099999","48.6","34.9666666","143.0","1986-07-10","  49.9","010000","999.9","  67.3","  54.9"," 23.3"," 0.04","1005.4","999.9","999.9","  60.8","  5.7"," 16.0"
"34504099999","48.6","34.9666666","143.0","1986-07-11","  48.7","010000","999.9","  69.4","  50.4"," 15.5"," 0.10","1011.3","999.9","999.9","  60.6","  6.2","  9.0"
"34504099999","48.6","34.9666666","143.0","1986-07-12","  48.1","000000","999.9","  74.8","  50.7"," 13.6"," 0.00","1013.1","999.9","999.9","  62.4","  5.7","  8.0"
"34504099999","48.6","34.9666666","143.0","1986-07-13","  45.3","000000","999.9","  73.6","  51.3"," 17.5"," 0.00","1015.8","999.9","999.9","  64.0","  6.2","  5.8"
"34504099999","48.6","34.9666666","143.0","1986-07-14","  49.0","000000","999.9","  78.4","  56.7"," 13.6"," 0.00","1017.9","999.9","999.9","  66.2","  6.2","  6.7"
"34504099999","48.6","34.9666666","143.0","1986-07-15","  54.1","000000","999.9","  77.7","  60.1","  9.7"," 0.02","1018.4","999.9","999.9","  64.8","  4.7","  6.8"
"34504099999","48.6","34.9666666","143.0","1986-07-16","  51.8","000000","999.9","  77.2","  53.1"," 15.5"," 0.00","1019.2","999.9","999.9","  63.9","  5.4","  7.8"
"34504099999","48.6","34.9666666","143.0","1986-07-17","  52.9","000000","999.9","  78.6","  55.0"," 15.5"," 0.00","1017.4","999.9","999.9","  68.9","  5.3","  8.0"
"34504099999","48.6","34.9666666","143.0","1986-07-18","  59.5","010000","999.9","  74.7","  63.3","  9.7"," 0.00","1013.5","999.9","999.9","  68.1","  5.7","  4.7"
"34504099999","48.6","34.9666666","143.0","1986-07-19","  55.8","000000","999.9","  81.7","  62.8","  9.7"," 0.00","1012.1","999.9","999.9","  72.3","  5.3","  6.6"
"34504099999","48.6","34.9666666","143.0","1986-07-20","  55.1","000000","999.9","  82.6","  64.0"," 11.7"," 0.00","1015.4","999.9","999.9","  73.1","  5.7","  7.8"
"34504099999","48.6","34.9666666","143.0","1986-07-21","  54.5","000000","999.9","  88.0","  64.4","  7.8"," 0.00","1016.3","999.9","999.9","  75.9","  5.7","  3.4"
"34504099999","48.6","34.9666666","143.0","1986-07-22","  53.6","000000","999.9","  86.7","  64.8"," 15.5"," 0.00","1011.3","999.9","999.9","  76.9","  6.2","  4.4"
"34504099999","48.6","34.9666666","143.0","1986-07-23","  58.2","000000","999.9","  79.9","  64.4"," 17.5"," 0.00","1012.0","999.9","999.9","  73.3","  5.7"," 12.5"
"34504099999","48.6","34.9666666","143.0","1986-07-24","  54.8","000000","999.9","  81.9","  62.8"," 11.7"," 0.00","1013.4","999.9","999.9","  72.8","  6.2","  7.5"
"34504099999","48.6","34.9666666","143.0","1986-07-25","  55.7","000000","999.9","  88.7","  63.0"," 19.4"," 0.00","1009.8","999.9","999.9","  73.9","  5.7","  8.5"
"34504099999","48.6","34.9666666","143.0","1986-07-26","  51.8","000010","999.9","  71.6","  55.8"," 15.5"," 0.28","1011.7","999.9","999.9","  62.7","  4.8"," 11.2"
"34504099999","48.6","34.9666666","143.0","1986-07-27","  54.8","010000","999.9","  74.7","  53.1","  7.8"," 0.51","1015.2","999.9","999.9","  62.2","  3.9","  2.7"
"34504099999","48.6","34.9666666","143.0","1986-07-28","  58.2","010000","999.9","  71.1","  59.4"," 11.7"," 0.06","1014.6","999.9","999.9","  63.4","  5.4","  4.3"
"34504099999","48.6","34.9666666","143.0","1986-07-29","  59.5","000010","999.9","  75.9","  60.3","  7.8"," 0.04","1011.1","999.9","999.9","  66.3","  4.0","  4.3"
"34504099999","48.6","34.9666666","143.0","1986-07-30","  60.1","010010","999.9","  66.7","  61.5","  9.7"," 0.25","1009.3","999.9","999.9","  63.0","  1.9","  3.2"
"34504099999","48.6","34.9666666","143.0","1986-07-31","  60.7","110010","999.9","  71.6","  59.4","  3.9"," 0.28","1012.0","999.9","999.9","  64.8","  1.4","  0.5"
"34504099999","48.6","34.9666666","143.0","1986-08-01","  59.7","100000","999.9","  79.0","  58.8","  9.7"," 0.00","1018.8","999.9","999.9","  70.3","  2.0","  2.8"
"34504099999","48.6","34.9666666","143.0","1986-08-02","  57.7","000000","999.9","  82.0","  61.5","  5.8"," 0.00","1021.1","999.9","999.9","  72.8","  3.7","  0.7"
"34504099999","48.6","34.9666666","143.0","1986-08-03","  60.5","000000","999.9","  87.6","  65.5","  5.8"," 0.00","1021.4","999.9","999.9","  76.2","  6.2","  1.7"
"34504099999","48.6","34.9666666","143.0","1986-08-04","  63.2","000000","999.9","  86.7","  69.3","  5.8"," 0.00","1019.1","999.9","999.9","  77.8","  3.0","  3.1"
"34504099999","48.6","34.9666666","143.0","1986-08-05","  58.5","000000","999.9","  85.1","  68.2"," 13.6"," 0.00","1016.2","999.9","999.9","  77.0","  4.8"," 10.2"
"34504099999","48.6","34.9666666","143.0","1986-08-06","  55.0","000000","999.9","  85.6","  66.6"," 15.5"," 0.00","1014.6","999.9","999.9","  76.3","  5.0"," 11.9"
"34504099999","48.6","34.9666666","143.0","1986-08-07","  52.3","000000","999.9","  88.0","  65.1"," 11.7"," 0.00","1014.7","999.9","999.9","  76.9","  9.3","  9.4"
"34504099999","48.6","34.9666666","143.0","1986-08-08","  52.4","000000","999.9","  91.9","  66.4"," 11.7"," 0.00","1013.2","999.9","999.9","  79.3","  5.1","  6.7"
"34504099999","48.6","34.9666666","143.0","1986-08-09","  55.9","000000","999.9","  86.5","  71.6","  9.7"," 0.00","1012.0","999.9","999.9","  79.2","  6.2","  4.9"
"34504099999","48.6","34.9666666","143.0","1986-08-10","  55.0","000000","999.9","  91.0","  66.6"," 13.6"," 0.00","1011.5","999.9","999.9","  79.8","  6.2"," 10.7"
"34504099999","48.6","34.9666666","143.0","1986-08-11","  58.1","000000","999.9","  84.4","  64.6"," 15.5"," 0.00","1014.4","999.9","999.9","  75.4","  6.2"," 13.9"
"34504099999","48.6","34.9666666","143.0","1986-08-12","  54.4","000000","999.9","  81.9","  63.3"," 13.6"," 0.00","1016.9","999.9","999.9","  73.4","  6.2"," 10.2"
"34504099999","48.6","34.9666666","143.0","1986-08-13","  52.6","000000","999.9","  90.7","  63.5","  9.7"," 0.00","1012.6","999.9","999.9","  77.1","  6.2","  5.8"
"34504099999","48.6","34.9666666","143.0","1986-08-14","  56.6","000010","999.9","  89.1","  65.3"," 17.5"," 0.00","1007.3","999.9","999.9","  73.6","  6.2","  8.9"
"34504099999","48.6","34.9666666","143.0","1986-08-15","  53.0","000000","999.9","  77.2","  60.8"," 17.5"," 0.00","1011.3","999.9","999.9","  68.5","  6.2"," 12.9"
"34504099999","48.6","34.9666666","143.0","1986-08-16","  52.6","000000","999.9","  75.9","  57.0"," 15.5"," 0.00","1017.3","999.9","999.9","  66.2","  6.2"," 10.8"
"34504099999","48.6","34.9666666","143.0","1986-08-17","  48.1","000000","999.9","  82.2","  54.9","  5.8"," 0.00","1018.3","999.9","999.9","  69.4","  6.2","  1.7"
"34504099999","48.6","34.9666666","143.0","1986-08-18","  47.5","000000","999.9","  86.4","  58.3","  7.8"," 0.00","1014.0","999.9","999.9","  73.4","  6.2","  3.6"
"34504099999","48.6","34.9666666","143.0","1986-08-19","  51.1","010000","999.9","  88.9","  61.5"," 15.5"," 0.00","1011.2","999.9","999.9","  75.8","  6.2","  8.6"
"34504099999","48.6","34.9666666","143.0","1986-08-20","  67.0","010010","999.9","  83.7","  66.6"," 13.6"," 0.00","1007.5","999.9","999.9","  76.1","  6.2","  8.3"
"34504099999","48.6","34.9666666","143.0","1986-08-21","  54.5","000000","999.9","  73.2","  57.6"," 17.5"," 0.00","1008.3","999.9","999.9","  66.4","  6.2"," 12.6"
"34504099999","48.6","34.9666666","143.0","1986-08-22","  46.3","000000","999.9","  69.4","  51.6"," 17.5"," 0.00","1010.2","999.9","999.9","  59.3","  6.2"," 12.4"
"34504099999","48.6","34.9666666","143.0","1986-08-23","  48.6","000000","999.9","  76.8","  49.8"," 13.6"," 0.00","1015.0","999.9","999.9","  63.7","  5.7","  4.6"
"34504099999","48.6","34.9666666","143.0","1986-08-24","  52.0","000000","999.9","  87.1","  54.7"," 19.4"," 0.00","1011.3","999.9","999.9","  71.8","  6.2"," 11.4"
"34504099999","48.6","34.9666666","143.0","1986-08-25","  59.3","000000","999.9","  86.4","  62.4","  7.8"," 0.00","1008.7","999.9","999.9","  72.8","  6.2","  2.7"
"34504099999","48.6","34.9666666","143.0","1986-08-26","  50.3","000000","999.9","  69.4","  56.3"," 23.3"," 0.00","1011.0","999.9","999.9","  64.0","  6.2"," 14.2"
"34504099999","48.6","34.9666666","143.0","1986-08-27","  43.8","000000","999.9","  76.3","  48.0","  5.8"," 0.00","1018.6","999.9","999.9","  63.8","  6.2","  1.2"
"34504099999","48.6","34.9666666","143.0","1986-08-28","  46.9","000000","999.9","  86.7","  56.8"," 11.7"," 0.00","1016.9","999.9","999.9","  71.7","  6.2","  5.8"
"34504099999","48.6","34.9666666","143.0","1986-08-29","  49.2","000000","999.9","  92.5","  60.3"," 11.7"," 0.00","1014.9","999.9","999.9","  78.5","  6.2","  8.9"
"34504099999","48.6","34.9666666","143.0","1986-08-30","  59.6","000000","999.9","  97.0","  64.8","  9.7"," 0.00","1011.0","999.9","999.9","  80.9","  6.2","  3.2"
"34504099999","48.6","34.9666666","143.0","1986-08-31","  53.1","000000","999.9","  73.4","  56.8"," 17.5"," 0.00","1011.4","999.9","999.9","  66.1","  6.2"," 10.9"
"34504099999","48.6","34.9666666","143.0","1986-09-01","  47.3","000000","999.9","  72.7","  48.9","  7.8"," 0.00","1017.6","999.9","999.9","  61.3","  4.8","  4.1"
"34504099999","48.6","34.9666666","143.0","1986-09-02","  44.2","000000","999.9","  74.1","  56.1","  7.8"," 0.00","1018.7","999.9","999.9","  64.6","  5.5","  6.1"
"34504099999","48.6","34.9666666","143.0","1986-09-03","  44.0","000000","999.9","  76.8","  56.7"," 11.7"," 0.00","1017.8","999.9","999.9","  67.0","  6.2","  5.1"
"34504099999","48.6","34.9666666","143.0","1986-09-04","  46.8","000000","999.9","  83.1","  57.7"," 13.6"," 0.00","1016.4","999.9","999.9","  70.3","  5.3","  6.1"
"34504099999","48.6","34.9666666","143.0","1986-09-05","  47.1","010000","999.9","  70.9","  52.9"," 19.4"," 0.04","1012.1","999.9","999.9","  59.2","  5.6"," 10.4"
"34504099999","48.6","34.9666666","143.0","1986-09-06","  43.8","000000","999.9","  67.6","  51.3"," 15.5"," 0.01","1018.9","999.9","999.9","  58.3","  7.4","  9.2"
"34504099999","48.6","34.9666666","143.0","1986-09-07","  43.2","000000","999.9","  74.8","  46.4"," 11.7"," 0.00","1020.8","999.9","999.9","  60.1","  6.2","  5.6"
"34504099999","48.6","34.9666666","143.0","1986-09-08","  46.9","000000","999.9","  79.7","  50.7","  7.8"," 0.00","1017.1","999.9","999.9","  65.8","  5.7","  5.3"
"34504099999","48.6","34.9666666","143.0","1986-09-09","  49.9","000000","999.9","  80.1","  55.8"," 15.5"," 0.00","1015.9","999.9","999.9","  68.0","  6.2"," 10.5"
"34504099999","48.6","34.9666666","143.0","1986-09-10","  53.9","000000","999.9","  83.7","  57.6"," 11.7"," 0.00","1016.5","999.9","999.9","  71.3","  6.2","  8.7"
"34504099999","48.6","34.9666666","143.0","1986-09-11","  51.3","000000","999.9","  84.9","  60.4"," 13.6"," 0.00","1020.8","999.9","999.9","  74.0","  6.2","  9.0"
"34504099999","48.6","34.9666666","143.0","1986-09-12","  54.0","010000","999.9","  82.8","  63.5"," 11.7"," 0.01","1019.4","999.9","999.9","  71.2","  6.2"," 10.2"
"34504099999","48.6","34.9666666","143.0","1986-09-13","  50.5","000000","999.9","  86.5","  60.4","  3.9"," 0.02","1016.8","999.9","999.9","  71.9","  6.2","  1.5"
"34504099999","48.6","34.9666666","143.0","1986-09-14","  52.9","000000","999.9","  79.9","  60.8"," 13.6"," 0.00","1013.9","999.9","999.9","  69.4","  6.2","  6.3"
"34504099999","48.6","34.9666666","143.0","1986-09-15","  54.6","000000","999.9","  70.7","  56.5","  7.8"," 0.00","1018.1","999.9","999.9","  63.2","  3.7","  2.5"
"34504099999","48.6","34.9666666","143.0","1986-09-16","  54.9","000000","999.9","  86.2","  57.6"," 15.5"," 0.00","1017.8","999.9","999.9","  71.7","  5.3"," 10.5"
"34504099999","48.6","34.9666666","143.0","1986-09-17","  57.3","000000","999.9","  87.8","  59.9"," 15.5"," 0.00","1015.8","999.9","999.9","  73.4","  5.3"," 12.6"
"34504099999","48.6","34.9666666","143.0","1986-09-18","  54.7","000000","999.9","  86.2","  55.2"," 11.7"," 0.00","1015.0","999.9","999.9","  69.3","  6.2","  6.8"
"34504099999","48.6","34.9666666","143.0","1986-09-19","  42.9","010000","999.9","  63.1","  47.8"," 17.5"," 0.04","1018.4","999.9","999.9","  54.7","  5.7"," 15.0"
"34504099999","48.6","34.9666666","143.0","1986-09-20","  33.6","000000","999.9","  62.2","  41.7"," 13.6"," 0.00","1025.5","999.9","999.9","  51.8","  6.2"," 10.9"
"34504099999","48.6","34.9666666","143.0","1986-09-21","  40.4","000000","999.9","  69.8","  44.1"," 15.5"," 0.00","1017.6","999.9","999.9","  56.7","  6.2"," 10.0"
"34504099999","48.6","34.9666666","143.0","1986-09-22","  42.0","000000","999.9","  72.7","  46.9"," 13.6"," 0.00","1015.0","999.9","999.9","  60.1","  6.2","  6.8"
"34504099999","48.6","34.9666666","143.0","1986-09-23","  41.2","000000","999.9","  71.8","  48.6"," 15.5"," 0.00","1013.6","999.9","999.9","  59.3","  6.2"," 10.9"
"34504099999","48.6","34.9666666","143.0","1986-09-24","  40.5","010000","999.9","  65.3","  41.7"," 15.5"," 0.02","1013.7","999.9","999.9","  54.4","  6.2"," 12.4"
"34504099999","48.6","34.9666666","143.0","1986-09-25","  37.9","010000","999.9","  56.5","  39.9"," 15.5"," 0.04","1011.8","999.9","999.9","  49.0","  5.7"," 12.8"
"34504099999","48.6","34.9666666","143.0","1986-09-26","  32.7","000000","999.9","  57.9","  34.2"," 15.5"," 0.00","1017.8","999.9","999.9","  46.1","  6.2","  7.5"
"34504099999","48.6","34.9666666","143.0","1986-09-27","  28.5","000000","999.9","  53.8","  38.8"," 15.5"," 0.00","1023.9","999.9","999.9","  45.1","  6.2","  7.5"
"34504099999","48.6","34.9666666","143.0","1986-09-28","  23.2","000000","999.9","  53.8","  32.0"," 17.5"," 0.00","1032.5","999.9","999.9","  44.2","  6.2","  9.4"
"34504099999","48.6","34.9666666","143.0","1986-09-29","  22.8","000000","999.9","  54.3","  26.6"," 13.6"," 0.00","1032.7","999.9","999.9","  42.8","  6.2","  8.0"
"34504099999","48.6","34.9666666","143.0","1986-09-30","  40.5","010000","999.9","  57.9","  44.1"," 15.5"," 0.43","1014.8","999.9","999.9","  49.6","  4.4"," 14.3"
"34504099999","48.6","34.9666666","143.0","1986-10-01","  36.7","010000","999.9","  47.5","  40.6"," 13.6"," 0.02","1023.5","999.9","999.9","  43.6","  5.7"," 10.0"
"34504099999","48.6","34.9666666","143.0","1986-10-02","  35.2","000000","999.9","  53.2","  33.8","999.9"," 0.00","1026.4","999.9","999.9","  42.2","  5.0","  0.0"
"34504099999","48.6","34.9666666","143.0","1986-10-03","  39.3","000000","999.9","  63.3","  36.9"," 15.5"," 0.00","1018.5","999.9","999.9","  51.1","  4.6","  9.0"
"34504099999","48.6","34.9666666","143.0","1986-10-04","  39.7","000000"," 36.9","  57.6","  43.9"," 31.1"," 0.00","1011.0","999.9","999.9","  50.3","  4.6"," 13.9"
"34504099999","48.6","34.9666666","143.0","1986-10-05","  33.0","010000"," 35.0","  53.4","  34.2"," 19.4"," 0.00","1016.4","999.9","999.9","  42.5","  5.7"," 16.1"
"34504099999","48.6","34.9666666","143.0","1986-10-06","  30.9","010000","999.9","  44.2","  35.8"," 17.5"," 0.01","1023.3","999.9","999.9","  40.5","  6.2"," 12.1"
"34504099999","48.6","34.9666666","143.0","1986-10-07","  34.3","010000","999.9","  46.6","  26.1"," 13.6"," 0.12","1021.2","999.9","999.9","  39.0","  2.6","  6.8"
"34504099999","48.6","34.9666666","143.0","1986-10-08","  42.4","010000","999.9","  47.8","  42.1"," 15.5"," 0.04","1014.4","999.9","999.9","  44.7","  1.3","  8.3"
"34504099999","48.6","34.9666666","143.0","1986-10-09","  36.2","010000","999.9","  53.8","  32.7"," 15.5"," 0.02","1015.0","999.9","999.9","  45.5","  4.4"," 11.4"
"34504099999","48.6","34.9666666","143.0","1986-10-10","  27.9","000000","999.9","  52.2","  28.8"," 15.5"," 0.00","1022.9","999.9","999.9","  38.5","  6.2","  6.1"
"34504099999","48.6","34.9666666","143.0","1986-10-11","  37.4","000000","999.9","  60.6","  39.2"," 15.5"," 0.00","1022.4","999.9","999.9","  49.5","  5.0","  9.0"
"34504099999","48.6","34.9666666","143.0","1986-10-12","  38.1","000000","999.9","  58.5","  41.9"," 19.4"," 0.00","1020.3","999.9","999.9","  49.2","  4.1"," 14.6"
"34504099999","48.6","34.9666666","143.0","1986-10-13","  23.1","000000","999.9","  43.2","  32.7"," 17.5"," 0.00","1034.2","999.9","999.9","  38.9","  5.7"," 12.2"
"34504099999","48.6","34.9666666","143.0","1986-10-14","  32.6","000000","999.9","  57.0","  29.5"," 13.6"," 0.00","1035.1","999.9","999.9","  44.0","  4.8","  7.5"
"34504099999","48.6","34.9666666","143.0","1986-10-15","  38.4","000000","999.9","  59.4","  37.4","  9.7"," 0.00","1032.0","999.9","999.9","  47.7","  4.8","  8.5"
"34504099999","48.6","34.9666666","143.0","1986-10-16","  39.4","000000","999.9","  60.1","  40.3","  7.8"," 0.00","1029.5","999.9","999.9","  49.7","  2.6","  4.6"
"34504099999","48.6","34.9666666","143.0","1986-10-17","  36.2","000000","999.9","  63.1","  41.0","  7.8"," 0.00","1023.9","999.9","999.9","  50.9","  3.9","  4.2"
"34504099999","48.6","34.9666666","143.0","1986-10-18","  33.9","000000","999.9","  61.5","  41.5"," 15.5"," 0.00","1019.7","999.9","999.9","  50.2","  3.4"," 11.4"
"34504099999","48.6","34.9666666","143.0","1986-10-19","  37.5","010000","999.9","  56.1","  43.9"," 17.5"," 0.00","1018.9","999.9","999.9","  49.6","  6.2"," 14.6"
"34504099999","48.6","34.9666666","143.0","1986-10-20","  48.2","110000","999.9","  58.5","  47.3"," 15.5"," 0.12","1013.4","999.9","999.9","  51.1","  2.9"," 12.1"
"34504099999","48.6","34.9666666","143.0","1986-10-21","  51.8","110000","999.9","  57.7","  52.3"," 17.5"," 0.20","1005.8","999.9","999.9","  55.5","  1.6"," 13.6"
"34504099999","48.6","34.9666666","143.0","1986-10-22","  43.9","010000","999.9","  55.0","  39.6"," 25.3"," 0.43","1003.4","999.9","999.9","  46.7","  4.0"," 16.6"
"34504099999","48.6","34.9666666","143.0","1986-10-23","  43.7","000000","999.9","  56.8","  38.1"," 21.4"," 0.00","1011.3","999.9","999.9","  49.5","  6.2"," 14.8"
"34504099999","48.6","34.9666666","143.0","1986-10-24","  46.8","000000","999.9","  66.4","  47.7"," 13.6"," 0.00","1011.5","999.9","999.9","  55.4","  5.5"," 11.2"
"34504099999","48.6","34.9666666","143.0","1986-10-25","  47.9","110000"," 35.0","  54.7","  42.3"," 23.3"," 0.79","1012.3","999.9","999.9","  48.2","  0.9"," 14.8"
"34504099999","48.6","34.9666666","143.0","1986-10-26","  37.8","010000"," 36.9","  42.3","  36.0"," 23.3"," 1.65","1018.5","999.9","999.9","  39.5","  5.1"," 20.2"
"34504099999","48.6","34.9666666","143.0","1986-10-27","  37.3","000000","999.9","  42.4","  38.5"," 15.5"," 0.12","1030.6","999.9","999.9","  40.8","  6.2"," 11.2"
"34504099999","48.6","34.9666666","143.0","1986-10-28","  36.6","010000","999.9","  42.3","  39.2"," 11.7"," 0.00","1032.8","999.9","999.9","  40.8","  4.8"," 11.2"
"34504099999","48.6","34.9666666","143.0","1986-10-29","  36.5","000000","999.9","  42.3","  38.8","  9.7"," 0.00","1029.0","999.9","999.9","  40.8","  3.9","  6.7"
"34504099999","48.6","34.9666666","143.0","1986-10-30","  37.6","100000","999.9","  43.0","  40.5"," 11.7"," 0.00","1025.4","999.9","999.9","  41.0","  3.9","  7.8"
"34504099999","48.6","34.9666666","143.0","1986-10-31","  36.3","010000","999.9","  42.8","  38.8"," 15.5"," 0.00","1023.3","999.9","999.9","  40.8","  5.0"," 11.7"
"34504099999","48.6","34.9666666","143.0","1986-11-01","  41.3","010000","999.9","  44.1","  41.4","  9.7"," 0.03","1019.6","999.9","999.9","  42.3","  1.3","  7.5"
"34504099999","48.6","34.9666666","143.0","1986-11-02","  40.1","010000","999.9","  43.3","  40.3","  9.7"," 0.00","1016.3","999.9","999.9","  41.7","  1.3","  6.1"
"34504099999","48.6","34.9666666","143.0","1986-11-03","  41.8","010000","999.9","  44.4","  40.3"," 13.6"," 0.00","1015.4","999.9","999.9","  43.2","  1.1","  6.4"
"34504099999","48.6","34.9666666","143.0","1986-11-04","  30.1","000000","999.9","  41.5","  33.3"," 15.5"," 0.02","1022.4","999.9","999.9","  37.0","  5.7"," 12.9"
"34504099999","48.6","34.9666666","143.0","1986-11-05","  27.0","000000","999.9","  37.8","  29.5","  7.8"," 0.00","1024.2","999.9","999.9","  33.7","  8.9","  4.1"
"34504099999","48.6","34.9666666","143.0","1986-11-06","  29.3","010000","999.9","  37.0","  29.7"," 13.6"," 0.00","1014.5","999.9","999.9","  33.4","  2.5","  6.1"
"34504099999","48.6","34.9666666","143.0","1986-11-07","  34.0","010000","999.9","  44.6","  32.4"," 13.6"," 0.08","1005.9","999.9","999.9","  37.3","  3.5","  7.0"
"34504099999","48.6","34.9666666","143.0","1986-11-08","  32.1","011000","999.9","  36.0","  29.8"," 13.6"," 0.03","1010.6","999.9","999.9","  33.3","  2.5","  8.3"
"34504099999","48.6","34.9666666","143.0","1986-11-09","  30.0","001000","999.9","  34.7","  32.0"," 13.6"," 0.59","1018.0","  0.4","999.9","  32.8","  3.7","  8.0"
"34504099999","48.6","34.9666666","143.0","1986-11-10","  31.9","011000","999.9","  36.3","  30.9","  7.8"," 0.00","1023.9","999.9","999.9","  33.4","  1.2","  3.3"
"34504099999","48.6","34.9666666","143.0","1986-11-11","  28.8","000000","999.9","  40.1","  28.8","  9.7"," 0.00","1034.0","999.9","999.9","  33.7","  4.0","  4.9"
"34504099999","48.6","34.9666666","143.0","1986-11-12","  34.2","100000","999.9","  45.3","  28.8"," 11.7"," 0.00","1029.6","999.9","999.9","  36.5","  2.3"," 10.0"
"34504099999","48.6","34.9666666","143.0","1986-11-13","  32.5","100000","999.9","  42.4","  33.6"," 17.5"," 0.00","1024.0","999.9","999.9","  38.0","  3.4"," 13.6"
"34504099999","48.6","34.9666666","143.0","1986-11-14","  20.5","000000","999.9","  38.1","  28.0"," 15.5"," 0.00","1034.9","999.9","999.9","  31.6","  6.2","  9.7"
"34504099999","48.6","34.9666666","143.0","1986-11-15","  22.5","000000","999.9","  39.7","  23.4","  5.8"," 0.39","1036.8","999.9","999.9","  29.6","  6.2","  3.1"
"34504099999","48.6","34.9666666","143.0","1986-11-16","  21.1","000000","999.9","  46.4","  23.0","  9.7"," 0.00","1034.7","999.9","999.9","  32.7","  6.2","  6.1"
"34504099999","48.6","34.9666666","143.0","1986-11-17","  14.9","000000","999.9","  41.7","  23.5"," 11.7"," 0.00","1033.7","999.9","999.9","  31.6","  6.2","  7.5"
"34504099999","48.6","34.9666666","143.0","1986-11-18","  20.8","000000","999.9","  44.4","  23.9","  7.8"," 0.00","1031.1","999.9","999.9","  32.8","  5.3","  2.2"
"34504099999","48.6","34.9666666","143.0","1986-11-19","  29.7","101000","999.9","  34.9","  30.9","  7.8"," 0.00","1026.7","999.9","999.9","  33.1","  1.6","  1.9"
"34504099999","48.6","34.9666666","143.0","1986-11-20","  31.5","100000","999.9","  34.2","  32.4","  5.8"," 0.00","1029.0","  1.2","999.9","  32.8","  0.7","  1.6"
"34504099999","48.6","34.9666666","143.0","1986-11-21","  32.8","100000","999.9","  36.1","  32.4","  9.7"," 0.00","1030.4","  0.4","999.9","  34.1","  1.8","  7.0"
"34504099999","48.6","34.9666666","143.0","1986-11-22","  32.2","010000","999.9","  34.9","  33.1"," 15.5"," 0.00","1031.9","999.9","999.9","  34.1","  3.6"," 14.2"
"34504099999","48.6","34.9666666","143.0","1986-11-23","  27.9","000000","999.9","  36.9","  29.1"," 15.5"," 0.00","1029.8","999.9","999.9","  31.9","  4.7"," 13.9"
"34504099999","48.6","34.9666666","143.0","1986-11-24","  25.2","000000","999.9","  32.7","  25.0"," 15.5"," 0.00","1032.8","999.9","999.9","  29.1","  3.9"," 13.1"
"34504099999","48.6","34.9666666","143.0","1986-11-25","  19.0","001000","999.9","  25.5","  20.7"," 13.6"," 0.00","1034.0","999.9","999.9","  22.9","  2.3","  8.4"
"34504099999","48.6","34.9666666","143.0","1986-11-26","  15.8","000000","999.9","  31.6","  15.4","  9.7"," 0.00","1035.7","999.9","999.9","  20.6","  5.9","  5.6"
"34504099999","48.6","34.9666666","143.0","1986-11-27","  13.2","000000","999.9","  29.5","  14.5"," 11.7"," 0.00","1035.9","999.9","999.9","  21.0","  7.7","  7.8"
"34504099999","48.6","34.9666666","143.0","1986-11-28","  16.9","000000","999.9","  28.0","  16.0","  7.8"," 0.00","1034.0","999.9","999.9","  22.9","  6.6","  5.5"
"34504099999","48.6","34.9666666","143.0","1986-11-29","  21.6","000000","999.9","  31.8","  16.7","  3.9"," 0.00","1033.0","999.9","999.9","  26.1","  1.2","  1.9"
"34504099999","48.6","34.9666666","143.0","1986-11-30","  29.3","101000","999.9","  34.7","  28.8"," 11.7"," 0.00","1024.3","999.9","999.9","  31.6","  2.3","  7.2"
"34504099999","48.6","34.9666666","143.0","1986-12-01","  27.7","000000","999.9","  35.1","  31.8"," 15.5"," 0.00","1025.9","999.9","999.9","  33.4","  3.0","  9.5"
"34504099999","48.6","34.9666666","143.0","1986-12-02","  29.3","011000","999.9","  32.4","  29.8"," 15.5"," 0.00","1019.3","999.9","999.9","  31.0","  1.1"," 13.0"
"34504099999","48.6","34.9666666","143.0","1986-12-03","  20.2","000000"," 40.8","  36.1","  28.0"," 29.1"," 0.00","1022.1","999.9","999.9","  32.5","  5.3"," 17.2"
"34504099999","48.6","34.9666666","143.0","1986-12-04","  30.5","001000","999.9","  51.3","  28.0"," 19.4"," 0.00","1016.7","999.9","999.9","  39.9","  6.2"," 16.4"
"34504099999","48.6","34.9666666","143.0","1986-12-05","  36.5","000000","999.9","  49.5","  39.4"," 19.4"," 0.00","1017.2","999.9","999.9","  43.8","  5.7"," 14.4"
"34504099999","48.6","34.9666666","143.0","1986-12-06","  36.0","000000","999.9","  50.2","  35.6"," 15.5"," 0.00","1019.8","999.9","999.9","  41.5","  4.0"," 13.6"
"34504099999","48.6","34.9666666","143.0","1986-12-07","  31.2","000000","999.9","  44.6","  31.5"," 19.4"," 0.00","1021.8","999.9","999.9","  36.8","  4.8"," 13.4"
"34504099999","48.6","34.9666666","143.0","1986-12-08","  17.6","000000","999.9","  32.4","  22.5"," 23.3"," 0.00","1036.8","999.9","999.9","  27.7","  6.2"," 16.8"
"34504099999","48.6","34.9666666","143.0","1986-12-09","  10.9","000000","999.9","  28.0","  16.5"," 15.5"," 0.00","1043.8","999.9","999.9","  21.4","  6.2"," 13.4"
"34504099999","48.6","34.9666666","143.0","1986-12-10","  10.5","000000","999.9","  29.7","  13.3"," 11.7"," 0.00","1038.9","999.9","999.9","  20.3","  6.2","  9.5"
"34504099999","48.6","34.9666666","143.0","1986-12-11","  14.9","000000","999.9","  28.6","  14.2","  5.8"," 0.00","1032.8","999.9","999.9","  21.9","  5.0","  1.7"
"34504099999","48.6","34.9666666","143.0","1986-12-12","  26.2","100000","999.9","  30.2","  19.4","  7.8"," 0.00","1027.3","999.9","999.9","  26.7","  0.3","  1.9"
"34504099999","48.6","34.9666666","143.0","1986-12-13","  23.4","010000","999.9","  30.2","  26.1"," 13.6"," 0.00","1026.8","999.9","999.9","  28.9","  4.8","  8.9"
"34504099999","48.6","34.9666666","143.0","1986-12-14","  21.5","001000","999.9","  28.0","  23.2"," 15.5"," 0.00","1018.6","999.9","999.9","  25.7","  3.0","  9.5"
"34504099999","48.6","34.9666666","143.0","1986-12-15","  19.0","001000","999.9","  28.4","  19.0"," 11.7"," 0.02","1022.6","999.9","999.9","  24.5","  3.9","  6.6"
"34504099999","48.6","34.9666666","143.0","1986-12-16","  18.9","011100","999.9","  25.2","  17.4"," 15.5"," 0.00","1015.1","999.9","999.9","  21.7","  1.4"," 11.2"
"34504099999","48.6","34.9666666","143.0","1986-12-17","  12.9","010000","999.9","  16.7","  14.7"," 13.6"," 0.00","1014.6","  6.7","999.9","  15.4","  2.2"," 10.2"
"34504099999","48.6","34.9666666","143.0","1986-12-18","  15.2","001000","999.9","  25.2","  14.7"," 11.7"," 0.00","1013.6","  6.7","999.9","  19.4","  1.3","  8.9"
"34504099999","48.6","34.9666666","143.0","1986-12-19","  20.8","001000","999.9","  27.0","  18.0"," 15.5"," 0.02","1011.8","  6.3","999.9","  23.3","  1.4"," 10.7"
"34504099999","48.6","34.9666666","143.0","1986-12-20","  24.5","011000","999.9","  35.2","  17.1"," 15.5"," 0.00"," 995.8","  6.7","999.9","  27.0","  2.2"," 14.6"
"34504099999","48.6","34.9666666","143.0","1986-12-21","  28.9","011000","999.9","  37.8","  31.8"," 17.5"," 0.31"," 993.5","  5.9","999.9","  33.8","  3.4"," 16.0"
"34504099999","48.6","34.9666666","143.0","1986-12-22","  23.6","100000","999.9","  31.3","  21.2"," 11.7"," 0.00","1010.3","  4.7","999.9","  26.8","  3.0","  9.5"
"34504099999","48.6","34.9666666","143.0","1986-12-23","  28.8","111000","999.9","  33.1","  23.7"," 17.5"," 0.75","1005.6","999.9","999.9","  29.7","  1.1"," 12.8"
"34504099999","48.6","34.9666666","143.0","1986-12-24","  19.9","001000"," 40.8","  27.9","  19.9"," 29.1"," 0.04","1008.7"," 10.2","999.9","  23.7","  1.8"," 23.0"
"34504099999","48.6","34.9666666","143.0","1986-12-25","  17.9","001000","999.9","  24.4","  17.1"," 13.6"," 0.00","1020.8"," 10.2","999.9","  21.0","  1.9","  9.5"
"34504099999","48.6","34.9666666","143.0","1986-12-26","  17.6","001000","999.9","  25.2","  20.3"," 23.3"," 0.01","1011.0"," 10.2","999.9","  21.7","  2.6"," 18.3"
"34504099999","48.6","34.9666666","143.0","1986-12-27","   9.4","001000","999.9","  18.1","  13.6"," 19.4"," 0.00","1004.6"," 11.4","999.9","  14.8","  1.6"," 12.9"
"34504099999","48.6","34.9666666","143.0","1986-12-28","   5.6","001000","999.9","  13.3","   2.8","  7.8"," 0.08","1013.9","999.9","999.9","   8.7","  1.4","  5.8"
"34504099999","48.6","34.9666666","143.0","1986-12-29","  13.1","001000","999.9","  20.8","   9.0"," 11.7"," 0.03","1011.9"," 12.2","999.9","  16.5","  1.4","  6.6"
"34504099999","48.6","34.9666666","143.0","1986-12-30","  25.3","001000"," 35.0","  33.4","  19.0"," 31.1"," 0.00"," 998.6"," 12.2","999.9","  28.0","  2.5"," 18.3"
"34504099999","48.6","34.9666666","143.0","1986-12-31","  18.8","001000"," 35.0","  29.1","  16.9"," 19.4"," 0.04","1005.8","999.9","999.9","  23.7","  5.7"," 12.8"
"34504099999","48.6","34.9666666","143.0","1987-01-01","  14.5","011000","999.9","  21.6","  14.4"," 15.5"," 0.02","1010.4"," 10.6","999.9","  18.3","  2.0","  6.8"
"34504099999","48.6","34.9666666","143.0","1987-01-02","  26.1","101000","999.9","  33.6","  13.3"," 15.5"," 0.02","1000.5","999.9","999.9","  27.1","  0.4"," 10.0"
"34504099999","48.6","34.9666666","143.0","1987-01-03","   5.6","001000","999.9","  13.5","   8.2"," 15.5"," 0.12","1005.0","999.9","999.9","  10.5","  0.5"," 12.6"
"34504099999","48.6","34.9666666","143.0","1987-01-04","  -3.8","100000","999.9","   5.4","  -3.8"," 15.5"," 0.03","1014.9","999.9","999.9","   0.5","  1.1","  6.1"
"34504099999","48.6","34.9666666","143.0","1987-01-05","  -4.4","101000","999.9","   7.9","  -5.1"," 13.6"," 0.03","1019.3"," 12.6","999.9","   0.4","  3.1","  5.5"
"34504099999","48.6","34.9666666","143.0","1987-01-06","  10.5","101000","999.9","  26.1","  -8.0"," 19.4"," 0.02","1008.3"," 12.6","999.9","  13.2","  0.8"," 13.6"
"34504099999","48.6","34.9666666","143.0","1987-01-07","  20.3","100000","999.9","  26.8","  16.9"," 15.5"," 0.00","1006.9"," 12.6","999.9","  20.8","  0.3","  5.8"
"34504099999","48.6","34.9666666","143.0","1987-01-08","   0.2","000000","999.9","  17.2","  -4.4"," 15.5"," 0.00","1017.0","999.9","999.9","   4.9","  1.9"," 13.8"
"34504099999","48.6","34.9666666","143.0","1987-01-09","  -9.3","001000","999.9","   0.7"," -10.3"," 15.5"," 0.00","1015.9"," 12.6","999.9","  -4.0","  2.8"," 12.8"
"34504099999","48.6","34.9666666","143.0","1987-01-10","  -4.4","001000","999.9","   3.0"," -10.1","999.9"," 0.08","1015.7","999.9","999.9","   0.0","  1.6","  0.0"
"34504099999","48.6","34.9666666","143.0","1987-01-11","  -3.8","001000","999.9","  15.8"," -13.5"," 23.3"," 0.00","1024.1"," 13.0","999.9","   0.4","  0.8","  7.8"
"34504099999","48.6","34.9666666","143.0","1987-01-12","  22.9","011000","999.9","  30.2","  20.8"," 23.3"," 0.47","1014.8","999.9","999.9","  25.5","  0.9"," 20.4"
"34504099999","48.6","34.9666666","143.0","1987-01-13","  16.2","110000","999.9","  34.9","   7.5"," 19.4"," 0.00","1015.6","999.9","999.9","  23.7","  1.9"," 16.1"
"34504099999","48.6","34.9666666","143.0","1987-01-14","   9.1","111000","999.9","  24.8","   3.7"," 15.5"," 0.08","1020.9"," 13.8","999.9","  13.8","  0.7","  9.7"
"34504099999","48.6","34.9666666","143.0","1987-01-15","   2.5","000000","999.9","  16.5","   1.4"," 15.5"," 0.51","1021.8"," 15.0","999.9","   7.3","  1.6"," 10.4"
"34504099999","48.6","34.9666666","143.0","1987-01-16","  -5.6","000000","999.9","   5.0","  -6.5"," 11.7"," 0.00","1030.5"," 15.4","999.9","  -0.2","  0.9","  4.9"
"34504099999","48.6","34.9666666","143.0","1987-01-17","   5.5","001000","999.9","  15.8","   1.2"," 11.7"," 0.00","1035.3"," 16.5","999.9","  10.1","  1.6","  8.5"
"34504099999","48.6","34.9666666","143.0","1987-01-18","   4.3","001000","999.9","  12.9","   5.4"," 17.5"," 0.00","1041.1"," 16.9","999.9","   8.6","  4.6"," 12.5"
"34504099999","48.6","34.9666666","143.0","1987-01-19","   1.1","000000","999.9","  12.0","   0.7"," 17.5"," 0.00","1039.3"," 17.3","999.9","   5.8","  2.0"," 14.3"
"34504099999","48.6","34.9666666","143.0","1987-01-20","   5.8","001000","999.9","  16.0","   1.6"," 15.5"," 0.00","1035.7"," 16.9","999.9","  10.8","  4.3"," 14.7"
"34504099999","48.6","34.9666666","143.0","1987-01-21","  13.6","001000","999.9","  20.3","  11.8"," 11.7"," 0.04","1030.1"," 16.9","999.9","  16.5","  2.3"," 10.3"
"34504099999","48.6","34.9666666","143.0","1987-01-22","   4.1","001000","999.9","  10.8","   7.7"," 13.6"," 0.04","1026.4"," 17.7","999.9","   9.1","  3.9","  8.7"
"34504099999","48.6","34.9666666","143.0","1987-01-23","  13.1","001000","999.9","  18.7","   9.5"," 11.7"," 0.00","1020.7"," 18.1","999.9","  16.1","  3.6","  7.8"
"34504099999","48.6","34.9666666","143.0","1987-01-24","  12.2","001000","999.9","  19.0","   7.9"," 17.5"," 0.03","1018.6","999.9","999.9","  15.4","  2.3"," 10.5"
"34504099999","48.6","34.9666666","143.0","1987-01-25","  -3.3","000000","999.9","   8.1","  -2.2"," 19.4"," 0.04","1022.8","999.9","999.9","   1.9","  2.9"," 11.0"
"34504099999","48.6","34.9666666","143.0","1987-01-26","  22.6","001000"," 36.9","  27.9","   3.0"," 25.3"," 0.00","1000.2"," 19.7","999.9","  24.7","  2.1"," 20.4"
"34504099999","48.6","34.9666666","143.0","1987-01-27","  15.0","001000","999.9","  25.5","  14.7"," 13.6"," 0.01","1000.2"," 20.1","999.9","  21.4","  5.3"," 11.1"
"34504099999","48.6","34.9666666","143.0","1987-01-28","  17.4","001000","999.9","  31.6","   5.7"," 19.4"," 0.00","1003.2"," 20.1","999.9","  20.5","  4.0"," 14.6"
"34504099999","48.6","34.9666666","143.0","1987-01-29","  12.2","001000","999.9","  22.6","   8.2"," 15.5"," 0.01","1004.0"," 20.1","999.9","  17.9","  6.2"," 11.2"
"34504099999","48.6","34.9666666","143.0","1987-01-30"," -10.2","000000","999.9","   4.6","  -3.1"," 15.5"," 0.00","1021.9"," 20.1","999.9","   0.9","  6.2"," 14.1"
"34504099999","48.6","34.9666666","143.0","1987-01-31","  -6.2","000000","999.9","  11.5","  -9.8"," 11.7"," 0.00","1033.1"," 20.1","999.9","   1.1","  5.7","  7.0"
"34504099999","48.6","34.9666666","143.0","1987-02-01","   5.8","000000","999.9","  19.8","  -1.5"," 15.5"," 0.00","1027.1"," 19.3","999.9","   9.3","  3.7"," 10.9"
"34504099999","48.6","34.9666666","143.0","1987-02-02","  15.7","100000","999.9","  25.5","  10.0","  7.8"," 0.00","1028.2"," 20.1","999.9","  19.6","  1.8","  4.6"
"34504099999","48.6","34.9666666","143.0","1987-02-03","  17.0","100000","999.9","  24.3","   8.1","  5.8"," 0.00","1030.3"," 18.9","999.9","  18.2","  0.5","  1.7"
"34504099999","48.6","34.9666666","143.0","1987-02-04","  21.6","111000","999.9","  25.5","  19.8","  3.9"," 0.20","1031.6","999.9","999.9","  23.8","  1.2","  1.9"
"34504099999","48.6","34.9666666","143.0","1987-02-05","  14.0","100000","999.9","  20.5","   8.8","  7.8"," 0.01","1029.0"," 18.5","999.9","  15.6","  0.7","  4.7"
"34504099999","48.6","34.9666666","143.0","1987-02-06","  11.1","101000","999.9","  20.8","   4.6"," 15.5"," 0.00","1026.5"," 18.5","999.9","  12.6","  0.8"," 10.9"
"34504099999","48.6","34.9666666","143.0","1987-02-07","  24.4","100000","999.9","  28.6","  20.3"," 15.5"," 0.00","1016.1"," 18.5","999.9","  25.4","  1.8"," 14.1"
"34504099999","48.6","34.9666666","143.0","1987-02-08","  26.8","001000","999.9","  32.0","  22.3"," 15.5"," 0.24","1009.9"," 18.9","999.9","  28.2","  1.4"," 11.7"
"34504099999","48.6","34.9666666","143.0","1987-02-09","  12.5","101000","999.9","  24.1","   5.0"," 15.5"," 0.02","1008.9"," 19.7","999.9","  17.6","  4.9"," 10.4"
"34504099999","48.6","34.9666666","143.0","1987-02-10","   5.1","000000","999.9","  19.8","   3.2"," 13.6"," 0.01","1014.8"," 46.1","999.9","  10.1","  5.7","  9.2"
"34504099999","48.6","34.9666666","143.0","1987-02-11","  13.4","101000","999.9","  23.4","   1.6"," 15.5"," 0.00","1019.4","999.9","999.9","  16.6","  2.3","  7.4"
"34504099999","48.6","34.9666666","143.0","1987-02-12","  27.4","100000","999.9","  30.6","  21.0"," 11.7"," 0.02","1018.9"," 20.5","999.9","  27.5","  0.3","  7.8"
"34504099999","48.6","34.9666666","143.0","1987-02-13","  29.1","110000","999.9","  31.6","  27.0"," 11.7"," 0.00","1025.7"," 20.1","999.9","  29.4","  0.4","  8.7"
"34504099999","48.6","34.9666666","143.0","1987-02-14","  29.9","100000","999.9","  33.1","  27.0"," 13.6"," 0.00","1025.4"," 20.1","999.9","  30.0","  0.2"," 10.7"
"34504099999","48.6","34.9666666","143.0","1987-02-15","  27.7","100000","999.9","  34.9","  25.7"," 19.4"," 0.00","1023.3"," 18.9","999.9","  30.0","  3.6"," 16.9"
"34504099999","48.6","34.9666666","143.0","1987-02-16","  25.0","101000","999.9","  29.5","  24.1"," 17.5"," 0.00","1017.2"," 18.5","999.9","  27.6","  2.8"," 13.8"
"34504099999","48.6","34.9666666","143.0","1987-02-17","  27.4","110000","999.9","  29.8","  25.9","  9.7"," 0.00","1014.0","999.9","999.9","  28.1","  0.6","  9.2"
"34504099999","48.6","34.9666666","143.0","1987-02-18","  30.3","110000","999.9","  33.1","  28.4"," 11.7"," 0.00","1013.1","999.9","999.9","  31.2","  0.5","  9.2"
"34504099999","48.6","34.9666666","143.0","1987-02-19","  27.4","110000","999.9","  30.7","  27.7"," 11.7"," 0.04","1018.3"," 16.9","999.9","  29.0","  1.5","  8.0"
"34504099999","48.6","34.9666666","143.0","1987-02-20","  27.6","111000","999.9","  30.2","  27.0","  3.9"," 0.00","1025.9","999.9","999.9","  28.5","  0.9","  1.0"
"34504099999","48.6","34.9666666","143.0","1987-02-21","  32.7","110000","999.9","  34.5","  28.6"," 13.6"," 0.04","1019.7"," 15.7","999.9","  32.7","  0.1","  9.7"
"34504099999","48.6","34.9666666","143.0","1987-02-22","  31.5","100000","999.9","  35.6","  31.1"," 17.5"," 0.12","1010.9","999.9","999.9","  33.9","  3.4"," 14.1"
"34504099999","48.6","34.9666666","143.0","1987-02-23","  31.3","110000","999.9","  35.6","  32.4"," 13.6"," 0.00","1008.6","999.9","999.9","  33.7","  2.4"," 11.1"
"34504099999","48.6","34.9666666","143.0","1987-02-24","  17.2","001000","999.9","  29.1","  19.0"," 15.5"," 0.04","1014.6"," 11.8","999.9","  23.4","  4.0"," 13.9"
"34504099999","48.6","34.9666666","143.0","1987-02-25","   5.3","000000","999.9","  24.8","  11.3"," 17.5"," 0.00","1020.9"," 11.8","999.9","  17.6","  6.2"," 12.4"
"34504099999","48.6","34.9666666","143.0","1987-02-26","  18.1","011000","999.9","  30.7","  14.5"," 19.4"," 0.12","1022.0","999.9","999.9","  22.2","  4.7"," 11.0"
"34504099999","48.6","34.9666666","143.0","1987-02-27","   3.9","001000","999.9","  16.2","   2.8","  9.7"," 0.02","1026.3"," 13.8","999.9","   9.5","  3.1","  3.6"
"34504099999","48.6","34.9666666","143.0","1987-02-28","   9.2","000000","999.9","  28.0","   4.1","  7.8"," 0.00","1023.3","999.9","999.9","  13.3","  1.4","  5.8"
"34504099999","48.6","34.9666666","143.0","1987-03-01","  12.9","001000","999.9","  24.6","   9.7"," 17.5"," 0.08","1016.5"," 11.8","999.9","  17.6","  2.4"," 15.1"
"34504099999","48.6","34.9666666","143.0","1987-03-02","  -1.0","000000","999.9","  15.8","  -2.6"," 11.7"," 0.00","1017.2","999.9","999.9","   7.0","  5.1","  2.4"
"34504099999","48.6","34.9666666","143.0","1987-03-03","  -0.8","001000","999.9","  12.0","   0.0"," 11.7"," 0.00","1012.9","999.9","999.9","   5.9","  3.6","  5.3"
"34504099999","48.6","34.9666666","143.0","1987-03-04","  -0.2","001000","999.9","  10.8","  -0.4"," 19.4"," 0.16","1019.8"," 12.6","999.9","   4.8","  1.0"," 14.1"
"34504099999","48.6","34.9666666","143.0","1987-03-05","   7.9","001000","999.9","  15.1","   8.2"," 25.3"," 0.35","1013.9","999.9","999.9","  11.6","  0.3"," 21.4"
"34504099999","48.6","34.9666666","143.0","1987-03-06","  17.3","011000","999.9","  28.8","   8.6"," 15.5"," 0.12","1013.6"," 18.5","999.9","  19.9","  2.9"," 12.4"
"34504099999","48.6","34.9666666","143.0","1987-03-07","   8.4","001000","999.9","  25.0","   7.3"," 15.5"," 0.00","1024.8"," 18.9","999.9","  14.7","  1.8","  4.4"
"34504099999","48.6","34.9666666","143.0","1987-03-08","  16.4","001000","999.9","  24.4","  14.0"," 23.3"," 0.21","1019.8"," 18.9","999.9","  19.3","  1.0"," 19.7"
"34504099999","48.6","34.9666666","143.0","1987-03-09","  16.9","001000","999.9","  21.9","  18.5"," 19.4"," 0.43","1021.9","999.9","999.9","  20.2","  0.9"," 15.5"
"34504099999","48.6","34.9666666","143.0","1987-03-10","   9.3","001000","999.9","  18.7","   9.0"," 19.4"," 0.12","1026.4"," 22.0","999.9","  15.2","  5.3"," 16.3"
"34504099999","48.6","34.9666666","143.0","1987-03-11","   1.8","001000","999.9","  14.7","   4.6"," 19.4"," 0.00","1027.5"," 20.9","999.9","   9.1","  6.2"," 15.3"
"34504099999","48.6","34.9666666","143.0","1987-03-12","   5.0","001000","999.9","  18.5","   5.2"," 17.5"," 0.00","1024.2"," 21.3","999.9","  10.4","  3.5","  6.1"
"34504099999","48.6","34.9666666","143.0","1987-03-13","   7.3","000000","999.9","  23.5","   3.4"," 13.6"," 0.01","1021.9","999.9","999.9","  13.3","  3.4"," 10.7"
"34504099999","48.6","34.9666666","143.0","1987-03-14","  10.2","000000","999.9","  25.3","   9.0"," 13.6"," 0.00","1022.0","999.9","999.9","  17.4","  4.8"," 12.1"
"34504099999","48.6","34.9666666","143.0","1987-03-15","  12.9","000000","999.9","  25.3","   8.2","  7.8"," 0.00","1020.7"," 20.5","999.9","  17.5","  2.9","  6.0"
"34504099999","48.6","34.9666666","143.0","1987-03-16","  11.3","100000","999.9","  28.8","   2.7","  5.8"," 0.00","1018.6","999.9","999.9","  15.0","  0.9","  1.2"
"34504099999","48.6","34.9666666","143.0","1987-03-17","  12.6","100000","999.9","  28.6","   7.7"," 11.7"," 0.00","1017.2"," 18.9","999.9","  17.8","  2.1","  6.6"
"34504099999","48.6","34.9666666","143.0","1987-03-18","  13.2","100000","999.9","  25.2","   8.2"," 13.6"," 0.00","1015.8","999.9","999.9","  18.2","  3.1","  9.2"
"34504099999","48.6","34.9666666","143.0","1987-03-19","  16.7","100000","999.9","  30.6","   9.9"," 11.7"," 0.00","1017.8"," 18.1","999.9","  19.2","  1.5","  8.6"
"34504099999","48.6","34.9666666","143.0","1987-03-20","  25.3","000000","999.9","  33.4","  22.5"," 15.5"," 0.00","1021.3"," 17.3","999.9","  29.0","  2.8"," 13.0"
"34504099999","48.6","34.9666666","143.0","1987-03-21","  25.4","001000","999.9","  35.2","  27.0"," 15.5"," 0.00","1021.6"," 15.0","999.9","  31.0","  2.8"," 13.8"
"34504099999","48.6","34.9666666","143.0","1987-03-22","  29.9","110000","999.9","  37.8","  30.0"," 11.7"," 0.08","1026.2","999.9","999.9","  33.2","  2.3","  4.1"
"34504099999","48.6","34.9666666","143.0","1987-03-23","  25.1","100000","999.9","  32.7","  22.3"," 17.5"," 0.00","1028.3"," 11.0","999.9","  28.1","  1.7"," 11.4"
"34504099999","48.6","34.9666666","143.0","1987-03-24","  21.3","000000","999.9","  30.2","  23.9"," 19.4"," 0.00","1018.6"," 10.2","999.9","  26.4","  3.7"," 18.3"
"34504099999","48.6","34.9666666","143.0","1987-03-25","  20.5","001000","999.9","  27.3","  20.8"," 19.4"," 0.02","1014.3"," 11.4","999.9","  23.9","  1.7"," 13.1"
"34504099999","48.6","34.9666666","143.0","1987-03-26","  26.3","001000","999.9","  29.8","  24.8"," 11.7"," 0.00","1014.8"," 11.8","999.9","  28.5","  2.8","  9.1"
"34504099999","48.6","34.9666666","143.0","1987-03-27","  21.3","100000","999.9","  31.8","  18.7","  7.8"," 0.00","1022.5","  9.8","999.9","  27.0","  2.7","  1.9"
"34504099999","48.6","34.9666666","143.0","1987-03-28","  24.7","000000","999.9","  32.4","  23.4"," 11.7"," 0.00","1020.9","999.9","999.9","  29.5","  3.0","  7.0"
"34504099999","48.6","34.9666666","143.0","1987-03-29","  24.6","000000","999.9","  31.8","  23.0"," 15.5"," 0.00","1022.1","  8.7","999.9","  27.9","  2.0"," 13.9"
"34504099999","48.6","34.9666666","143.0","1987-03-30","  27.8","010000","999.9","  37.4","  25.2"," 17.5"," 0.00","1026.3","  7.5","999.9","  31.3","  3.7"," 15.1"
"34504099999","48.6","34.9666666","143.0","1987-03-31","  28.6","000000","999.9","  37.8","  28.4"," 19.4"," 0.00","1030.4","  5.5","999.9","  32.5","  4.1"," 16.2"
"34504099999","48.6","34.9666666","143.0","1987-04-01","  22.9","000000","999.9","  36.7","  21.2"," 23.3"," 0.00","1026.5","  4.3","999.9","  30.2","  5.3"," 15.5"
"34504099999","48.6","34.9666666","143.0","1987-04-02","  22.5","000000","999.9","  38.5","  26.2"," 19.4"," 0.00","1019.6","  2.8","999.9","  32.6","  5.7"," 17.2"
"34504099999","48.6","34.9666666","143.0","1987-04-03","  28.3","000000","999.9","  38.7","  31.1"," 19.4"," 0.00","1020.8","  0.4","999.9","  34.1","  4.5"," 16.3"
"34504099999","48.6","34.9666666","143.0","1987-04-04","  23.8","000000","999.9","  37.8","  28.0"," 15.5"," 0.00","1026.6","999.9","999.9","  32.1","  6.2"," 13.8"
"34504099999","48.6","34.9666666","143.0","1987-04-05","  22.7","000000","999.9","  42.1","  24.3"," 11.7"," 0.00","1024.5","999.9","999.9","  34.3","  6.2","  9.2"
"34504099999","48.6","34.9666666","143.0","1987-04-06","  35.5","110000","999.9","  40.6","  30.9"," 13.6"," 0.00","1011.5","999.9","999.9","  36.5","  1.4"," 11.9"
"34504099999","48.6","34.9666666","143.0","1987-04-07","  35.6","100000","999.9","  43.0","  35.8"," 15.5"," 0.00","1008.7","999.9","999.9","  38.9","  2.6"," 10.2"
"34504099999","48.6","34.9666666","143.0","1987-04-08","  35.0","000000","999.9","  52.9","  32.4"," 13.6"," 0.00","1013.8","999.9","999.9","  42.9","  3.4","  9.7"
"34504099999","48.6","34.9666666","143.0","1987-04-09","  40.9","010000","999.9","  59.9","  39.2"," 19.4"," 0.00","1011.3","999.9","999.9","  48.4","  5.3"," 13.1"
"34504099999","48.6","34.9666666","143.0","1987-04-10","  32.5","010000","999.9","  36.1","  33.1"," 17.5"," 0.02","1016.4","999.9","999.9","  35.1","  1.5"," 14.3"
"34504099999","48.6","34.9666666","143.0","1987-04-11","  30.1","011000","999.9","  34.9","  30.9"," 19.4"," 0.59","1017.5","  0.4","999.9","  32.9","  3.9"," 17.7"
"34504099999","48.6","34.9666666","143.0","1987-04-12","  22.9","001000"," 36.9","  39.4","  27.5"," 27.2"," 0.00","1016.8","999.9","999.9","  33.0","  5.7"," 22.6"
"34504099999","48.6","34.9666666","143.0","1987-04-13","  28.4","011000","999.9","  33.4","  28.4"," 23.3"," 0.04","1017.8","  0.8","999.9","  31.5","  3.7"," 21.6"
"34504099999","48.6","34.9666666","143.0","1987-04-14","  31.7","111000","999.9","  34.2","  31.8"," 15.5"," 0.43","1019.6","  0.8","999.9","  33.0","  1.9"," 12.6"
"34504099999","48.6","34.9666666","143.0","1987-04-15","  35.1","110000","999.9","  37.0","  32.9","  7.8"," 0.03","1019.0","  1.6","999.9","  35.1","  0.2","  5.1"
"34504099999","48.6","34.9666666","143.0","1987-04-16","  36.9","110000","999.9","  43.5","  34.9","  9.7"," 0.03","1018.0","999.9","999.9","  38.5","  2.0","  3.6"
"34504099999","48.6","34.9666666","143.0","1987-04-17","  36.8","100000","999.9","  51.6","  33.8"," 15.5"," 0.00","1012.8","999.9","999.9","  42.3","  2.8","  8.4"
"34504099999","48.6","34.9666666","143.0","1987-04-18","  33.4","010000","999.9","  50.2","  33.1"," 23.3"," 0.00","1003.9","999.9","999.9","  40.5","  4.8"," 16.0"
"34504099999","48.6","34.9666666","143.0","1987-04-19","  27.1","011000","999.9","  39.2","  31.1"," 17.5"," 0.00","1007.7","999.9","999.9","  34.7","  6.2"," 15.2"
"34504099999","48.6","34.9666666","143.0","1987-04-20","  26.4","000000","999.9","  42.6","  33.3"," 15.5"," 0.12","1014.9","999.9","999.9","  36.8","  4.8"," 12.6"
"34504099999","48.6","34.9666666","143.0","1987-04-21","  37.4","001000","999.9","  54.7","  31.5"," 19.4"," 0.00","1011.0","999.9","999.9","  42.5","  3.0"," 11.9"
"34504099999","48.6","34.9666666","143.0","1987-04-22","  35.7","110000","999.9","  44.8","  35.8"," 15.5"," 0.00","1013.8"," 48.8","999.9","  40.6","  3.1"," 12.0"
"34504099999","48.6","34.9666666","143.0","1987-04-23","  24.8","000000","999.9","  40.5","  32.7"," 19.4"," 0.00","1020.2","999.9","999.9","  36.8","  6.2"," 14.4"
"34504099999","48.6","34.9666666","143.0","1987-04-24","  23.4","000000","999.9","  49.6","  27.9"," 13.6"," 0.00","1024.1","999.9","999.9","  37.4","  3.5","  9.7"
"34504099999","48.6","34.9666666","143.0","1987-04-25","  37.8","010000","999.9","  58.3","  36.0"," 13.6"," 0.00","1012.6","999.9","999.9","  47.4","  5.7"," 10.8"
"34504099999","48.6","34.9666666","143.0","1987-04-26","  45.3","010010","999.9","  53.6","  42.3"," 17.5"," 0.12","1005.1","999.9","999.9","  47.0","  2.1"," 12.5"
"34504099999","48.6","34.9666666","143.0","1987-04-27","  34.7","010000"," 42.7","  40.6","  38.5"," 27.2"," 0.00","1004.1","999.9","999.9","  39.5","  5.7"," 21.9"
"34504099999","48.6","34.9666666","143.0","1987-04-28","  33.5","010000","999.9","  46.9","  36.0"," 11.7"," 0.00","1023.4","999.9","999.9","  42.1","  6.2","  7.3"
"34504099999","48.6","34.9666666","143.0","1987-04-29","  31.9","000000","999.9","  55.6","  38.3","  7.8"," 0.00","1030.6","999.9","999.9","  48.0","  6.2","  4.1"
"34504099999","48.6","34.9666666","143.0","1987-04-30","  36.2","000000","999.9","  65.8","  44.2"," 13.6"," 0.00","1025.2","999.9","999.9","  55.7","  6.2","  9.7"
"34504099999","48.6","34.9666666","143.0","1987-05-01","  39.2","010000","999.9","  65.7","  48.4"," 17.5"," 0.00","1016.9","999.9","999.9","  57.2","  6.2"," 11.2"
"34504099999","48.6","34.9666666","143.0","1987-05-02","  46.7","010000","999.9","  64.8","  51.3"," 19.4"," 0.02","1014.5","999.9","999.9","  57.0","  6.2"," 14.8"
"34504099999","48.6","34.9666666","143.0","1987-05-03","  45.5","010000","999.9","  65.7","  49.3"," 13.6"," 0.04","1017.6","999.9","999.9","  54.7","  6.2","  8.7"
"34504099999","48.6","34.9666666","143.0","1987-05-04","  47.1","010000","999.9","  53.4","  45.9"," 11.7"," 0.00","1020.5","999.9","999.9","  49.7","  3.7","  6.6"
"34504099999","48.6","34.9666666","143.0","1987-05-05","  47.0","100000","999.9","  66.0","  46.0","  3.9"," 0.00","1020.2","999.9","999.9","  56.4","  4.9","  0.5"
"34504099999","48.6","34.9666666","143.0","1987-05-06","  46.7","000000","999.9","  70.5","  46.8","  5.8"," 0.00","1016.7","999.9","999.9","  59.2","  4.6","  1.5"
"34504099999","48.6","34.9666666","143.0","1987-05-07","  48.0","010000","999.9","  69.1","  51.8"," 11.7"," 0.00","1007.8","999.9","999.9","  57.5","  4.1","  6.8"
"34504099999","48.6","34.9666666","143.0","1987-05-08","  47.3","010010","999.9","  66.7","  43.5"," 17.5"," 0.20"," 999.2","999.9","999.9","  52.3","  2.6","  9.5"
"34504099999","48.6","34.9666666","143.0","1987-05-09","  36.2","000000","999.9","  56.8","  38.3"," 15.5"," 0.00","1009.6","999.9","999.9","  48.0","  5.7","  9.5"
"34504099999","48.6","34.9666666","143.0","1987-05-10","  35.6","000000","999.9","  59.5","  39.7","  5.8"," 0.00","1013.8","999.9","999.9","  50.7","  6.2","  0.7"
"34504099999","48.6","34.9666666","143.0","1987-05-11","  41.0","010000","999.9","  61.9","  49.1"," 11.7"," 0.00","1013.9","999.9","999.9","  52.9","  6.2","  5.2"
"34504099999","48.6","34.9666666","143.0","1987-05-12","  44.9","000000","999.9","  69.3","  42.4"," 17.5"," 0.00","1015.5","999.9","999.9","  58.8","  5.7"," 10.8"
"34504099999","48.6","34.9666666","143.0","1987-05-13","  38.3","000000","999.9","  75.2","  46.4"," 15.5"," 0.00","1017.5","999.9","999.9","  61.8","  6.2","  9.7"
"34504099999","48.6","34.9666666","143.0","1987-05-14","  46.5","010000","999.9","  76.6","  52.9"," 11.7"," 0.00","1015.2","999.9","999.9","  62.7","  6.2","  5.8"
"34504099999","48.6","34.9666666","143.0","1987-05-15","  47.3","000000","999.9","  72.9","  48.9"," 11.7"," 0.00","1016.0","999.9","999.9","  63.5","  5.3","  3.6"
"34504099999","48.6","34.9666666","143.0","1987-05-16","  49.0","000000","999.9","  81.1","  55.8"," 13.6"," 0.00","1018.2","999.9","999.9","  67.9","  5.7","  6.6"
"34504099999","48.6","34.9666666","143.0","1987-05-17","  52.6","010010","999.9","  79.0","  53.1"," 13.6"," 0.55","1018.2","999.9","999.9","  64.7","  5.3","  7.5"
"34504099999","48.6","34.9666666","143.0","1987-05-18","  47.1","000000","999.9","  74.8","  58.6"," 15.5"," 0.00","1021.1","999.9","999.9","  66.7","  6.2"," 12.5"
"34504099999","48.6","34.9666666","143.0","1987-05-19","  51.2","000000","999.9","  80.4","  55.4"," 11.7"," 0.00","1016.5","999.9","999.9","  68.2","  6.2","  6.1"
"34504099999","48.6","34.9666666","143.0","1987-05-20","  56.6","000000","999.9","  83.1","  60.8"," 13.6"," 0.00","1009.5","999.9","999.9","  71.2","  6.2","  5.8"
"34504099999","48.6","34.9666666","143.0","1987-05-21","  56.8","010010","999.9","  79.9","  60.3"," 13.6"," 0.51","1004.8","999.9","999.9","  67.9","  5.8","  5.6"
"34504099999","48.6","34.9666666","143.0","1987-05-22","  56.2","010010","999.9","  77.4","  57.9"," 13.6"," 0.42"," 999.5","999.9","999.9","  62.4","  5.1","  4.4"
"34504099999","48.6","34.9666666","143.0","1987-05-23","  51.4","010000","999.9","  59.7","  51.3"," 15.5"," 0.16"," 998.2","999.9","999.9","  55.8","  4.9","  8.9"
"34504099999","48.6","34.9666666","143.0","1987-05-24","  51.1","010000","999.9","  59.5","  48.4","  9.7"," 0.16"," 999.3","999.9","999.9","  54.5","  4.8","  4.9"
"34504099999","48.6","34.9666666","143.0","1987-05-25","  48.4","000000","999.9","  68.9","  50.5"," 17.5"," 0.12","1006.2","999.9","999.9","  59.2","  5.1"," 10.4"
"34504099999","48.6","34.9666666","143.0","1987-05-26","  40.2","000000","999.9","  60.6","  44.2"," 15.5"," 0.00","1014.3","999.9","999.9","  52.5","  6.2","  8.5"
"34504099999","48.6","34.9666666","143.0","1987-05-27","  41.4","000000","999.9","  64.8","  47.8","  3.9"," 0.00","1017.5","999.9","999.9","  58.1","  6.2","  0.4"
"34504099999","48.6","34.9666666","143.0","1987-05-28","  40.5","000000","999.9","  70.0","  50.2","  7.8"," 0.00","1017.8","999.9","999.9","  61.3","  6.2","  1.0"
"34504099999","48.6","34.9666666","143.0","1987-05-29","  47.6","000000","999.9","  73.0","  49.6","  7.8"," 0.00","1016.9","999.9","999.9","  62.8","  6.2","  2.2"
"34504099999","48.6","34.9666666","143.0","1987-05-30","  45.4","000000","999.9","  76.3","  55.4","  7.8"," 0.00","1015.8","999.9","999.9","  66.5","  5.7","  2.7"
"34504099999","48.6","34.9666666","143.0","1987-05-31","  50.2","000000","999.9","  81.1","  57.6"," 15.5"," 0.00","1011.6","999.9","999.9","  69.1","  6.2","  8.0"
"34504099999","48.6","34.9666666","143.0","1987-06-01","  56.0","010000","999.9","  68.2","  58.3"," 13.6"," 0.00","1006.6","999.9","999.9","  61.9","  5.3","  6.6"
"34504099999","48.6","34.9666666","143.0","1987-06-02","  54.2","010000","999.9","  66.4","  54.5"," 11.7"," 0.00","1009.9","999.9","999.9","  59.9","  3.8","  7.5"
"34504099999","48.6","34.9666666","143.0","1987-06-03","  46.8","010000","999.9","  67.1","  50.5"," 13.6"," 0.02","1009.9","999.9","999.9","  55.9","  3.9","  9.5"
"34504099999","48.6","34.9666666","143.0","1987-06-04","  46.4","000000","999.9","  65.8","  46.2"," 13.6"," 0.00","1011.1","999.9","999.9","  56.1","  5.4","  9.5"
"34504099999","48.6","34.9666666","143.0","1987-06-05","  50.0","010000","999.9","  72.3","  50.5"," 11.7"," 0.00","1013.3","999.9","999.9","  62.7","  6.2","  3.9"
"34504099999","48.6","34.9666666","143.0","1987-06-06","  54.5","010000","999.9","  74.1","  57.2"," 15.5"," 0.00","1014.2","999.9","999.9","  64.3","  4.8"," 11.2"
"34504099999","48.6","34.9666666","143.0","1987-06-07","  56.1","000000","999.9","  69.4","  56.8"," 13.6"," 0.00","1013.8","999.9","999.9","  61.2","  4.8","  7.0"
"34504099999","48.6","34.9666666","143.0","1987-06-08","  56.4","010000","999.9","  65.5","  54.9","  3.9"," 0.00","1013.4","999.9","999.9","  59.0","  2.9","  1.0"
"34504099999","48.6","34.9666666","143.0","1987-06-09","  54.6","100000","999.9","  75.4","  52.2","  3.9"," 0.00","1016.1","999.9","999.9","  62.9","  3.8","  1.1"
"34504099999","48.6","34.9666666","143.0","1987-06-10","  57.3","000000","999.9","  79.3","  57.6","  7.8"," 0.00","1017.5","999.9","999.9","  69.8","  4.8","  2.2"
"34504099999","48.6","34.9666666","143.0","1987-06-11","  58.1","000000","999.9","  82.4","  60.1"," 11.7"," 0.00","1018.9","999.9","999.9","  72.0","  5.3","  3.6"
"34504099999","48.6","34.9666666","143.0","1987-06-12","  57.2","000000","999.9","  87.3","  66.0"," 13.6"," 0.00","1017.3","999.9","999.9","  75.1","  5.8"," 10.4"
"34504099999","48.6","34.9666666","143.0","1987-06-13","  56.4","000000","999.9","  90.9","  64.9"," 15.5"," 0.00","1013.9","999.9","999.9","  77.2","  5.7","  9.7"
"34504099999","48.6","34.9666666","143.0","1987-06-14","  57.3","010010","999.9","  87.8","  66.0"," 13.6"," 0.00","1011.9","999.9","999.9","  75.6","  6.2","  5.8"
"34504099999","48.6","34.9666666","143.0","1987-06-15","  58.7","000000","999.9","  84.7","  61.5","  9.7"," 0.04","1012.3","999.9","999.9","  74.2","  6.2","  3.6"
"34504099999","48.6","34.9666666","143.0","1987-06-16","  62.0","000000","999.9","  88.7","  63.3","  7.8"," 0.00","1010.0","999.9","999.9","  77.1","  5.3","  3.6"
"34504099999","48.6","34.9666666","143.0","1987-06-17","  61.6","010010","999.9","  86.0","  67.3"," 13.6"," 0.00","1008.6","999.9","999.9","  74.0","  6.2","  4.4"
"34504099999","48.6","34.9666666","143.0","1987-06-18","  59.1","000000","999.9","  79.7","  62.8"," 15.5"," 0.00","1006.0","999.9","999.9","  70.3","  5.7"," 10.8"
"34504099999","48.6","34.9666666","143.0","1987-06-19","  54.2","010010","999.9","  61.3","  57.0"," 19.4"," 0.43","1008.3","999.9","999.9","  58.7","  5.0"," 14.4"
"34504099999","48.6","34.9666666","143.0","1987-06-20","  55.4","010000","999.9","  63.9","  52.2"," 11.7"," 0.12","1009.9","999.9","999.9","  58.5","  2.1","  8.8"
"34504099999","48.6","34.9666666","143.0","1987-06-21","  56.4","010000","999.9","  72.7","  58.6"," 19.4"," 1.18","1013.0","999.9","999.9","  64.4","  3.8","  9.2"
"34504099999","48.6","34.9666666","143.0","1987-06-22","  59.2","010000","999.9","  75.4","  61.2"," 13.6"," 0.00","1015.5","999.9","999.9","  67.3","  3.7","  3.9"
"34504099999","48.6","34.9666666","143.0","1987-06-23","  59.8","010010","999.9","  71.8","  60.6","  7.8"," 0.59","1011.7","999.9","999.9","  64.7","  2.1","  5.1"
"34504099999","48.6","34.9666666","143.0","1987-06-24","  60.5","100000","999.9","  75.6","  58.3","  9.7"," 0.31","1012.2","999.9","999.9","  68.0","  3.6","  4.2"
"34504099999","48.6","34.9666666","143.0","1987-06-25","  61.2","010010","999.9","  77.2","  61.3","  3.9"," 0.59","1015.8","999.9","999.9","  65.9","  4.0","  1.0"
"34504099999","48.6","34.9666666","143.0","1987-06-26","  59.0","000000","999.9","  78.4","  59.7"," 11.7"," 0.00","1019.4","999.9","999.9","  70.3","  4.6","  6.7"
"34504099999","48.6","34.9666666","143.0","1987-06-27","  56.5","000000","999.9","  77.2","  60.6"," 13.6"," 0.00","1021.0","999.9","999.9","  69.6","  6.2","  8.5"
"34504099999","48.6","34.9666666","143.0","1987-06-28","  56.9","000000","999.9","  79.3","  62.6"," 11.7"," 0.00","1018.2","999.9","999.9","  70.9","  6.2","  8.5"
"34504099999","48.6","34.9666666","143.0","1987-06-29","  53.3","000000","999.9","  75.7","  59.9"," 15.5"," 0.00","1019.8","999.9","999.9","  66.1","  6.2"," 10.5"
"34504099999","48.6","34.9666666","143.0","1987-06-30","  54.8","010000","999.9","  73.2","  53.4"," 17.5"," 0.00","1019.3","999.9","999.9","  64.2","  5.6"," 10.3"
"34504099999","48.6","34.9666666","143.0","1987-07-01","  51.9","000000","999.9","  76.6","  58.8"," 13.6"," 0.00","1018.2","999.9","999.9","  67.1","  5.7","  9.0"
"34504099999","48.6","34.9666666","143.0","1987-07-02","  62.9","010000","999.9","  76.3","  61.2","  3.9"," 0.00","1015.7","999.9","999.9","  69.2","  3.6","  0.5"
"34504099999","48.6","34.9666666","143.0","1987-07-03","  66.5","100000","999.9","  86.9","  64.4"," 15.5"," 0.00","1014.0","999.9","999.9","  75.4","  4.2","  8.5"
"34504099999","48.6","34.9666666","143.0","1987-07-04","  51.1","000000","999.9","  78.6","  62.4"," 15.5"," 0.00","1013.7","999.9","999.9","  70.6","  6.2"," 10.7"
"34504099999","48.6","34.9666666","143.0","1987-07-05","  51.6","000000","999.9","  77.2","  61.5"," 13.6"," 0.00","1011.6","999.9","999.9","  70.0","  6.2"," 10.9"
"34504099999","48.6","34.9666666","143.0","1987-07-06","  48.9","010000","999.9","  64.2","  57.4"," 17.5"," 0.00","1016.1","999.9","999.9","  60.9","  6.2"," 14.8"
"34504099999","48.6","34.9666666","143.0","1987-07-07","  45.8","000000","999.9","  73.2","  54.1"," 15.5"," 0.00","1016.9","999.9","999.9","  63.3","  5.3","  9.2"
"34504099999","48.6","34.9666666","143.0","1987-07-08","  54.0","000000","999.9","  79.9","  59.0"," 15.5"," 0.00","1014.4","999.9","999.9","  70.9","  6.2","  7.5"
"34504099999","48.6","34.9666666","143.0","1987-07-09","  58.9","000000","999.9","  86.0","  60.4","999.9"," 0.00","1014.9","999.9","999.9","  74.6","  4.8","  0.0"
"34504099999","48.6","34.9666666","143.0","1987-07-10","  57.7","000000","999.9","  87.1","  64.2","  7.8"," 0.00","1014.9","999.9","999.9","  76.4","  5.6","  4.9"
"34504099999","48.6","34.9666666","143.0","1987-07-11","  58.8","000000","999.9","  77.2","  64.2"," 15.5"," 0.08","1016.4","999.9","999.9","  70.8","  5.7"," 10.9"
"34504099999","48.6","34.9666666","143.0","1987-07-12","  51.3","000000","999.9","  77.9","  60.1"," 11.7"," 0.00","1017.4","999.9","999.9","  69.5","  6.2","  6.3"
"34504099999","48.6","34.9666666","143.0","1987-07-13","  56.2","000000","999.9","  85.3","  60.4","999.9"," 0.00","1015.0","999.9","999.9","  74.1","  6.2","  0.0"
"34504099999","48.6","34.9666666","143.0","1987-07-14","  57.0","000000","999.9","  80.8","  62.8"," 15.5"," 0.00","1015.7","999.9","999.9","  72.3","  5.7","  9.0"
"34504099999","48.6","34.9666666","143.0","1987-07-15","  53.1","000000","999.9","  78.3","  63.9","  9.7"," 0.00","1016.9","999.9","999.9","  70.3","  5.7","  4.4"
"34504099999","48.6","34.9666666","143.0","1987-07-16","  51.8","000000","999.9","  77.7","  58.1","  9.7"," 0.00","1016.9","999.9","999.9","  68.8","  6.2","  4.6"
"34504099999","48.6","34.9666666","143.0","1987-07-17","  51.6","000000","999.9","  78.3","  59.5","  5.8"," 0.00","1015.6","999.9","999.9","  69.1","  6.2","  2.5"
"34504099999","48.6","34.9666666","143.0","1987-07-18","  55.1","000000","999.9","  85.5","  62.1"," 13.6"," 0.00","1013.1","999.9","999.9","  72.7","  6.2","  8.3"
"34504099999","48.6","34.9666666","143.0","1987-07-19","  60.1","000000","999.9","  72.7","  63.1"," 11.7"," 0.00","1011.7","999.9","999.9","  68.2","  4.8","  8.5"
"34504099999","48.6","34.9666666","143.0","1987-07-20","  54.3","000000","999.9","  77.7","  57.0"," 11.7"," 0.02","1013.4","999.9","999.9","  67.6","  4.3","  5.8"
"34504099999","48.6","34.9666666","143.0","1987-07-21","  54.9","000000","999.9","  76.5","  55.9","  7.8"," 0.00","1014.7","999.9","999.9","  68.2","  6.2","  4.1"
"34504099999","48.6","34.9666666","143.0","1987-07-22","  57.5","000000","999.9","  83.5","  62.2","  5.8"," 0.00","1014.9","999.9","999.9","  74.2","  6.2","  2.9"
"34504099999","48.6","34.9666666","143.0","1987-07-23","  61.0","000010","999.9","  85.6","  66.7","  5.8"," 0.00","1015.9","999.9","999.9","  77.0","  6.2","  1.2"
"34504099999","48.6","34.9666666","143.0","1987-07-24","  66.0","000000","999.9","  88.5","  67.3","  5.8"," 0.02","1015.7","999.9","999.9","  77.9","  6.2","  0.8"
"34504099999","48.6","34.9666666","143.0","1987-07-25","  67.4","010010","999.9","  91.0","  68.7"," 13.6"," 0.20","1011.1","999.9","999.9","  75.4","  3.9","  4.4"
"34504099999","48.6","34.9666666","143.0","1987-07-26","  66.8","000010","999.9","  84.4","  68.2","  9.7"," 0.39","1008.8","999.9","999.9","  74.4","  5.3","  3.6"
"34504099999","48.6","34.9666666","143.0","1987-07-27","  66.9","010000","999.9","  86.7","  63.1"," 15.5"," 0.00","1008.2","999.9","999.9","  73.8","  3.7","  8.7"
"34504099999","48.6","34.9666666","143.0","1987-07-28","  55.6","010000","999.9","  74.1","  57.6"," 15.5"," 0.16","1012.2","999.9","999.9","  65.6","  6.2"," 11.4"
"34504099999","48.6","34.9666666","143.0","1987-07-29","  60.1","010010","999.9","  76.3","  61.9"," 13.6"," 0.51","1011.3","999.9","999.9","  66.1","  4.8","  9.2"
"34504099999","48.6","34.9666666","143.0","1987-07-30","  57.1","010000","999.9","  76.6","  61.2"," 15.5"," 0.02","1011.6","999.9","999.9","  68.3","  5.1"," 11.2"
"34504099999","48.6","34.9666666","143.0","1987-07-31","  54.0","000000","999.9","  75.2","  59.5","  9.7"," 0.00","1014.0","999.9","999.9","  67.5","  6.2","  5.3"
"34504099999","48.6","34.9666666","143.0","1987-08-01","  55.1","000000","999.9","  81.0","  58.5","999.9"," 0.00","1011.9","999.9","999.9","  69.7","  6.2","  0.0"
"34504099999","48.6","34.9666666","143.0","1987-08-02","  60.4","010010","999.9","  79.3","  60.4","  7.8"," 0.04","1007.4","999.9","999.9","  69.6","  5.7","  1.5"
"34504099999","48.6","34.9666666","143.0","1987-08-03","  58.6","010010","999.9","  74.7","  56.5"," 15.5"," 0.08","1006.5","999.9","999.9","  64.2","  4.2","  5.1"
"34504099999","48.6","34.9666666","143.0","1987-08-04","  52.2","000000","999.9","  77.9","  53.4"," 13.6"," 0.00","1014.4","999.9","999.9","  66.2","  5.7","  8.0"
"34504099999","48.6","34.9666666","143.0","1987-08-05","  59.7","010000","999.9","  84.4","  64.4"," 11.7"," 0.04","1012.2","999.9","999.9","  72.4","  5.7","  8.7"
"34504099999","48.6","34.9666666","143.0","1987-08-06","  59.7","000000","999.9","  90.3","  59.5"," 17.5"," 0.00","1005.9","999.9","999.9","  73.1","  6.2"," 12.1"
"34504099999","48.6","34.9666666","143.0","1987-08-07","  53.4","000000","999.9","  72.5","  50.4"," 15.5"," 0.00","1017.7","999.9","999.9","  62.7","  6.2"," 10.5"
"34504099999","48.6","34.9666666","143.0","1987-08-08","  50.1","000000","999.9","  81.7","  52.9"," 11.7"," 0.00","1018.0","999.9","999.9","  68.4","  6.2","  5.3"
"34504099999","48.6","34.9666666","143.0","1987-08-09","  53.2","000000","999.9","  72.7","  56.5"," 15.5"," 0.00","1014.0","999.9","999.9","  63.7","  6.2","  8.3"
"34504099999","48.6","34.9666666","143.0","1987-08-10","  48.5","000000","999.9","  78.1","  52.0","  9.7"," 0.00","1015.9","999.9","999.9","  63.5","  5.7","  6.4"
"34504099999","48.6","34.9666666","143.0","1987-08-11","  53.5","000000","999.9","  71.1","  55.8","  7.8"," 0.00","1012.4","999.9","999.9","  64.3","  5.3","  5.8"
"34504099999","48.6","34.9666666","143.0","1987-08-12","  48.0","100000","999.9","  72.7","  52.5"," 13.6"," 0.00","1012.8","999.9","999.9","  62.0","  3.8","  7.3"
"34504099999","48.6","34.9666666","143.0","1987-08-13","  45.5","000000","999.9","  69.1","  49.6","  9.7"," 0.00","1012.6","999.9","999.9","  60.3","  5.1","  4.4"
"34504099999","48.6","34.9666666","143.0","1987-08-14","  52.2","010000","999.9","  67.8","  49.8"," 11.7"," 0.00","1012.7","999.9","999.9","  59.7","  5.3","  7.3"
"34504099999","48.6","34.9666666","143.0","1987-08-15","  52.3","100000","999.9","  74.7","  50.7","  7.8"," 0.00","1012.7","999.9","999.9","  64.1","  4.4","  3.4"
"34504099999","48.6","34.9666666","143.0","1987-08-16","  55.7","010000","999.9","  75.4","  57.0"," 15.5"," 0.12","1007.8","999.9","999.9","  63.3","  4.2","  7.0"
"34504099999","48.6","34.9666666","143.0","1987-08-17","  53.4","000000","999.9","  65.3","  54.7"," 13.6"," 0.00","1006.9","999.9","999.9","  59.2","  4.7","  7.3"
"34504099999","48.6","34.9666666","143.0","1987-08-18","  45.9","000000","999.9","  59.2","  50.0"," 13.6"," 0.04","1012.0","999.9","999.9","  55.6","  6.2"," 11.9"
"34504099999","48.6","34.9666666","143.0","1987-08-19","  43.3","000000","999.9","  64.9","  51.6"," 15.5"," 0.00","1014.7","999.9","999.9","  56.4","  6.2"," 10.2"
"34504099999","48.6","34.9666666","143.0","1987-08-20","  45.1","000000","999.9","  68.2","  48.7","  7.8"," 0.00","1015.4","999.9","999.9","  59.5","  6.2","  4.7"
"34504099999","48.6","34.9666666","143.0","1987-08-21","  52.1","000000","999.9","  67.5","  53.4"," 11.7"," 0.00","1017.0","999.9","999.9","  61.3","  4.7","  6.6"
"34504099999","48.6","34.9666666","143.0","1987-08-22","  55.1","000000","999.9","  71.1","  55.6"," 11.7"," 0.00","1016.7","999.9","999.9","  62.5","  4.3","  9.5"
"34504099999","48.6","34.9666666","143.0","1987-08-23","  51.5","000000","999.9","  76.1","  56.5"," 15.5"," 0.00","1017.3","999.9","999.9","  65.5","  4.8"," 11.2"
"34504099999","48.6","34.9666666","143.0","1987-08-24","  51.4","000000","999.9","  77.7","  57.2"," 15.5"," 0.00","1018.7","999.9","999.9","  65.5","  6.2","  8.9"
"34504099999","48.6","34.9666666","143.0","1987-08-25","  52.6","000000","999.9","  79.7","  59.4","  7.8"," 0.00","1018.7","999.9","999.9","  69.4","  4.3","  3.4"
"34504099999","48.6","34.9666666","143.0","1987-08-26","  55.3","000000","999.9","  81.9","  58.3","  7.8"," 0.00","1018.8","999.9","999.9","  71.4","  4.7","  2.9"
"34504099999","48.6","34.9666666","143.0","1987-08-27","  55.6","000000","999.9","  84.7","  61.2","  7.8"," 0.00","1019.9","999.9","999.9","  72.6","  1.8","  1.1"
"34504099999","48.6","34.9666666","143.0","1987-08-28","  55.9","000000","999.9","  87.1","  62.1","  7.8"," 0.00","1014.9","999.9","999.9","  72.6","  2.5","  5.0"
"34504099999","48.6","34.9666666","143.0","1987-08-29","  57.8","010000","999.9","  71.6","  58.1"," 13.6"," 0.04","1009.1","999.9","999.9","  64.0","  2.0","  9.5"
"34504099999","48.6","34.9666666","143.0","1987-08-30","  47.0","000000","999.9","  65.3","  48.0"," 13.6"," 0.12","1012.4","999.9","999.9","  56.7","  4.7"," 10.9"
"34504099999","48.6","34.9666666","143.0","1987-08-31","  44.9","010000","999.9","  68.9","  44.2"," 11.7"," 0.02","1014.3","999.9","999.9","  55.3","  3.0","  7.5"
"34504099999","48.6","34.9666666","143.0","1987-09-01","  45.5","000000","999.9","  60.1","  50.2"," 19.4"," 0.00","1012.5","999.9","999.9","  54.1","  4.5"," 14.6"
"34504099999","48.6","34.9666666","143.0","1987-09-02","  42.0","000000","999.9","  64.0","  45.0"," 15.5"," 0.00","1019.2","999.9","999.9","  55.1","  5.7"," 10.7"
"34504099999","48.6","34.9666666","143.0","1987-09-03","  43.1","000000","999.9","  70.7","  45.5","  3.9"," 0.00","1018.9","999.9","999.9","  58.1","  6.2","  1.0"
"34504099999","48.6","34.9666666","143.0","1987-09-04","  50.6","010010","999.9","  74.3","  52.2"," 15.5"," 0.00","1012.0","999.9","999.9","  62.1","  4.7","  9.7"
"34504099999","48.6","34.9666666","143.0","1987-09-05","  44.6","000000","999.9","  65.3","  46.4"," 13.6"," 0.00","1016.7","999.9","999.9","  54.9","  6.2"," 11.7"
"34504099999","48.6","34.9666666","143.0","1987-09-06","  44.1","000000","999.9","  67.1","  45.0","  7.8"," 0.00","1020.9","999.9","999.9","  57.4","  5.7","  3.6"
"34504099999","48.6","34.9666666","143.0","1987-09-07","  46.4","000000","999.9","  72.1","  47.7","  5.8"," 0.00","1021.5","999.9","999.9","  57.9","  5.6","  1.6"
"34504099999","48.6","34.9666666","143.0","1987-09-08","  46.6","000000","999.9","  75.7","  50.4"," 11.7"," 0.00","1018.3","999.9","999.9","  64.2","  5.6","  6.8"
"34504099999","48.6","34.9666666","143.0","1987-09-09","  52.0","000000","999.9","  72.1","  54.1"," 11.7"," 0.00","1017.5","999.9","999.9","  60.8","  4.3","  8.7"
"34504099999","48.6","34.9666666","143.0","1987-09-10","  49.1","000000","999.9","  67.6","  52.3","  9.7"," 0.00","1018.7","999.9","999.9","  58.1","  5.1","  6.4"
"34504099999","48.6","34.9666666","143.0","1987-09-11","  47.7","000000","999.9","  70.0","  45.9","  3.9"," 0.00","1020.3","999.9","999.9","  58.3","  4.2","  2.4"
"34504099999","48.6","34.9666666","143.0","1987-09-12","  51.1","010000","999.9","  64.6","  49.8"," 15.5"," 0.20","1016.3","999.9","999.9","  55.4","  1.9","  6.8"
"34504099999","48.6","34.9666666","143.0","1987-09-13","  55.4","010000","999.9","  73.9","  49.5"," 19.4"," 0.00","1013.8","999.9","999.9","  62.2","  4.0","  8.5"
"34504099999","48.6","34.9666666","143.0","1987-09-14","  51.5","010000","999.9","  74.3","  61.0"," 15.5"," 0.00","1013.2","999.9","999.9","  65.8","  5.3","  8.0"
"34504099999","48.6","34.9666666","143.0","1987-09-15","  53.1","000000","999.9","  76.1","  56.3"," 19.4"," 0.00","1011.2","999.9","999.9","  65.7","  5.3"," 12.6"
"34504099999","48.6","34.9666666","143.0","1987-09-16","  42.8","000000","999.9","  67.3","  47.1"," 19.4"," 0.00","1016.3","999.9","999.9","  57.0","  7.9"," 12.1"
"34504099999","48.6","34.9666666","143.0","1987-09-17","  42.2","000000","999.9","  58.1","  42.4"," 15.5"," 0.00","1019.9","999.9","999.9","  51.5","  6.2"," 12.4"
"34504099999","48.6","34.9666666","143.0","1987-09-18","  40.7","000000","999.9","  61.5","  44.6"," 15.5"," 0.00","1023.7","999.9","999.9","  52.1","  5.6","  9.0"
"34504099999","48.6","34.9666666","143.0","1987-09-19","  43.3","110000","999.9","  63.1","  39.6"," 13.6"," 0.08","1021.6","999.9","999.9","  51.4","  3.3","  5.1"
"34504099999","48.6","34.9666666","143.0","1987-09-20","  48.9","100000","999.9","  64.9","  50.4"," 15.5"," 0.03","1014.8","999.9","999.9","  57.1","  3.5","  8.7"
"34504099999","48.6","34.9666666","143.0","1987-09-21","  46.5","010000"," 35.0","  58.8","  49.3"," 23.3"," 0.28","1006.4","999.9","999.9","  55.1","  6.2"," 19.7"
"34504099999","48.6","34.9666666","143.0","1987-09-22","  39.2","000000","999.9","  53.2","  40.6"," 15.5"," 0.00","1021.9","999.9","999.9","  47.2","  5.3"," 11.2"
"34504099999","48.6","34.9666666","143.0","1987-09-23","  39.8","000000","999.9","  65.1","  36.3"," 17.5"," 0.00","1022.2","999.9","999.9","  49.6","  4.4"," 10.3"
"34504099999","48.6","34.9666666","143.0","1987-09-24","  46.6","000000","999.9","  73.6","  49.3"," 15.5"," 0.00","1014.5","999.9","999.9","  59.2","  5.3"," 12.4"
"34504099999","48.6","34.9666666","143.0","1987-09-25","  50.1","000000","999.9","  73.2","  49.6"," 13.6"," 0.00","1013.6","999.9","999.9","  60.6","  5.3"," 10.2"
"34504099999","48.6","34.9666666","143.0","1987-09-26","  56.3","000000","999.9","  69.3","  55.4","  7.8"," 0.00","1013.2","999.9","999.9","  61.1","  2.1","  3.9"
"34504099999","48.6","34.9666666","143.0","1987-09-27","  56.4","100000","999.9","  85.3","  54.9"," 19.4"," 0.00","1007.5","999.9","999.9","  69.3","  4.0"," 10.2"
"34504099999","48.6","34.9666666","143.0","1987-09-28","  54.4","110000","999.9","  66.0","  49.6"," 17.5"," 0.16","1009.1","999.9","999.9","  58.0","  2.6","  9.2"
"34504099999","48.6","34.9666666","143.0","1987-09-29","  40.1","000000","999.9","  56.8","  41.9","  7.8"," 0.00","1019.1","999.9","999.9","  49.3","  5.3","  3.2"
"34504099999","48.6","34.9666666","143.0","1987-09-30","  41.2","000000","999.9","  58.6","  46.6","  7.8"," 0.00","1021.4","999.9","999.9","  51.7","  4.5","  3.6"
"34504099999","48.6","34.9666666","143.0","1987-10-01","  39.0","000000","999.9","  56.7","  43.3","  9.7"," 0.00","1024.5","999.9","999.9","  49.5","  5.3","  6.8"
"34504099999","48.6","34.9666666","143.0","1987-10-02","  37.6","000000","999.9","  53.4","  42.8"," 15.5"," 0.00","1030.7","999.9","999.9","  46.6","  4.2"," 11.9"
"34504099999","48.6","34.9666666","143.0","1987-10-03","  38.2","000000","999.9","  54.5","  40.3"," 11.7"," 0.00","1033.0","999.9","999.9","  46.6","  5.3","  7.3"
"34504099999","48.6","34.9666666","143.0","1987-10-04","  39.6","000000","999.9","  62.2","  41.7"," 15.5"," 0.00","1029.9","999.9","999.9","  51.0","  4.8","  7.0"
"34504099999","48.6","34.9666666","143.0","1987-10-05","  37.1","000000","999.9","  58.5","  39.4"," 13.6"," 0.00","1028.2","999.9","999.9","  48.9","  5.7","  7.5"
"34504099999","48.6","34.9666666","143.0","1987-10-06","  39.0","000000","999.9","  60.1","  41.0","  9.7"," 0.00","1029.4","999.9","999.9","  49.1","  6.2","  6.6"
"34504099999","48.6","34.9666666","143.0","1987-10-07","  38.5","000000","999.9","  59.4","  43.2"," 11.7"," 0.00","1029.3","999.9","999.9","  50.5","  6.2","  7.3"
"34504099999","48.6","34.9666666","143.0","1987-10-08","  35.3","000000","999.9","  61.0","  40.6"," 17.5"," 0.00","1028.5","999.9","999.9","  49.7","  6.2"," 13.6"
"34504099999","48.6","34.9666666","143.0","1987-10-09","  38.6","000000","999.9","  67.1","  41.7"," 17.5"," 0.00","1027.8","999.9","999.9","  51.7","  6.2"," 14.0"
"34504099999","48.6","34.9666666","143.0","1987-10-10","  33.5","000000","999.9","  68.0","  42.1"," 15.5"," 0.00","1030.7","999.9","999.9","  52.1","  5.5"," 10.9"
"34504099999","48.6","34.9666666","143.0","1987-10-11","  30.4","000000","999.9","  64.6","  39.4"," 19.4"," 0.00","1029.1","999.9","999.9","  50.5","  6.2"," 16.5"
"34504099999","48.6","34.9666666","143.0","1987-10-12","  34.4","000000","999.9","  59.2","  40.3"," 19.4"," 0.00","1024.7","999.9","999.9","  49.3","  6.2"," 16.4"
"34504099999","48.6","34.9666666","143.0","1987-10-13","  40.2","000000","999.9","  55.2","  48.6"," 15.5"," 0.00","1021.2","999.9","999.9","  51.9","  5.5"," 14.3"
"34504099999","48.6","34.9666666","143.0","1987-10-14","  41.0","000000","999.9","  66.2","  48.2"," 17.5"," 0.00","1023.4","999.9","999.9","  53.7","  6.2"," 14.9"
"34504099999","48.6","34.9666666","143.0","1987-10-15","  40.3","000000","999.9","  63.7","  43.9"," 15.5"," 0.00","1025.5","999.9","999.9","  52.1","  6.2"," 12.1"
"34504099999","48.6","34.9666666","143.0","1987-10-16","  39.4","000000","999.9","  62.1","  45.0"," 15.5"," 0.00","1027.0","999.9","999.9","  51.8","  6.0"," 11.2"
"34504099999","48.6","34.9666666","143.0","1987-10-17","  33.4","000000","999.9","  62.4","  45.9"," 19.4"," 0.00","1026.8","999.9","999.9","  52.5","  6.2"," 14.1"
"34504099999","48.6","34.9666666","143.0","1987-10-18","  34.6","000000","999.9","  67.6","  44.6"," 19.4"," 0.00","1024.9","999.9","999.9","  52.9","  6.2"," 16.8"
"34504099999","48.6","34.9666666","143.0","1987-10-19","  27.9","000000","999.9","  62.2","  41.4"," 19.4"," 0.00","1026.5","999.9","999.9","  50.9","  6.2"," 16.0"
"34504099999","48.6","34.9666666","143.0","1987-10-20","  28.4","000000","999.9","  61.5","  41.4"," 19.4"," 0.00","1028.6","999.9","999.9","  51.4","  6.2"," 16.8"
"34504099999","48.6","34.9666666","143.0","1987-10-21","  27.0","000000","999.9","  58.6","  42.6"," 17.5"," 0.00","1028.4","999.9","999.9","  49.6","  6.2"," 15.0"
"34504099999","48.6","34.9666666","143.0","1987-10-22","  28.5","000000","999.9","  57.6","  36.7"," 15.5"," 0.00","1027.9","999.9","999.9","  46.0","  6.2"," 14.8"
"34504099999","48.6","34.9666666","143.0","1987-10-23","  28.7","000000","999.9","  53.8","  31.3"," 11.7"," 0.00","1029.5","999.9","999.9","  44.4","  6.2","  9.3"
"34504099999","48.6","34.9666666","143.0","1987-10-24","  29.9","000000","999.9","  52.7","  28.8"," 13.6"," 0.00","1033.2","999.9","999.9","  40.6","  3.9","  8.0"
"34504099999","48.6","34.9666666","143.0","1987-10-25","  25.3","000000","999.9","  47.8","  24.3"," 11.7"," 0.00","1037.5","999.9","999.9","  35.5","  5.1","  9.0"
"34504099999","48.6","34.9666666","143.0","1987-10-26","  16.4","000000","999.9","  39.6","  29.1"," 19.4"," 0.00","1035.2","999.9","999.9","  33.9","  6.2"," 15.8"
"34504099999","48.6","34.9666666","143.0","1987-10-27","  14.2","000000","999.9","  37.2","  24.4"," 21.4"," 0.00","1039.0","999.9","999.9","  30.2","  6.2"," 19.7"
"34504099999","48.6","34.9666666","143.0","1987-10-28","  11.4","000000","999.9","  41.7","  20.8"," 17.5"," 0.00","1041.4","999.9","999.9","  31.9","  6.2"," 15.8"
"34504099999","48.6","34.9666666","143.0","1987-10-29","  18.5","001000","999.9","  38.5","  25.3"," 19.4"," 0.00","1036.4","999.9","999.9","  31.1","  5.6"," 17.7"
"34504099999","48.6","34.9666666","143.0","1987-10-30","  26.0","011000","999.9","  38.8","  30.4"," 17.5"," 0.04","1030.8","999.9","999.9","  34.5","  5.0"," 14.7"
"34504099999","48.6","34.9666666","143.0","1987-10-31","  31.0","011000","999.9","  38.5","  32.4"," 11.7"," 0.04","1027.6","999.9","999.9","  35.4","  4.4","  5.2"
"34504099999","48.6","34.9666666","143.0","1987-11-01","  27.5","000000","999.9","  40.8","  34.2","  9.7"," 0.00","1025.7","999.9","999.9","  37.1","  3.1","  7.3"
"34504099999","48.6","34.9666666","143.0","1987-11-02","  25.9","000000","999.9","  45.5","  28.4","  7.8"," 0.00","1022.6","999.9","999.9","  36.4","  2.8","  6.1"
"34504099999","48.6","34.9666666","143.0","1987-11-03","  27.8","000000","999.9","  40.6","  32.2","  9.7"," 0.00","1022.6","999.9","999.9","  37.2","  1.2","  6.7"
"34504099999","48.6","34.9666666","143.0","1987-11-04","  28.5","000000","999.9","  41.4","  33.1","  7.8"," 0.00","1023.1","999.9","999.9","  36.1","  1.9","  3.2"
"34504099999","48.6","34.9666666","143.0","1987-11-05","  30.0","011000","999.9","  39.2","  29.5"," 15.5"," 0.07","1019.1","999.9","999.9","  34.0","  1.9","  6.5"
"34504099999","48.6","34.9666666","143.0","1987-11-06","  36.3","011000","999.9","  41.4","  32.9"," 13.6"," 0.09","1013.4","999.9","999.9","  38.0","  1.5","  9.5"
"34504099999","48.6","34.9666666","143.0","1987-11-07","  38.1","010000","999.9","  44.6","  35.2"," 13.6"," 0.05","1010.8","999.9","999.9","  40.9","  1.9"," 12.6"
"34504099999","48.6","34.9666666","143.0","1987-11-08","  30.6","100000","999.9","  40.1","  29.3"," 13.6"," 0.02","1016.1","999.9","999.9","  34.4","  2.0","  7.5"
"34504099999","48.6","34.9666666","143.0","1987-11-09","  27.4","011000","999.9","  42.4","  27.1"," 15.5"," 0.00","1014.1","999.9","999.9","  35.7","  4.0"," 12.6"
"34504099999","48.6","34.9666666","143.0","1987-11-10","  18.7","000000","999.9","  32.0","  17.4","  3.9"," 0.00","1022.6","999.9","999.9","  25.0","  5.7","  1.0"
"34504099999","48.6","34.9666666","143.0","1987-11-11","  21.5","000000","999.9","  38.8","  20.3","  7.8"," 0.00","1020.8","999.9","999.9","  29.8","  3.6","  1.5"
"34504099999","48.6","34.9666666","143.0","1987-11-12","  30.0","110000","999.9","  34.5","  23.9","  9.7"," 0.39","1015.4","999.9","999.9","  30.5","  0.4","  5.6"
"34504099999","48.6","34.9666666","143.0","1987-11-13","  33.2","100000","999.9","  35.1","  32.0","  3.9"," 0.01","1014.6","999.9","999.9","  33.3","  0.2","  1.0"
"34504099999","48.6","34.9666666","143.0","1987-11-14","  41.6","100000","999.9","  47.7","  34.2"," 13.6"," 0.00","1015.7","999.9","999.9","  41.6","  0.2","  6.3"
"34504099999","48.6","34.9666666","143.0","1987-11-15","  50.4","100000","999.9","  53.8","  45.7"," 11.7"," 0.00","1015.9","999.9","999.9","  50.6","  0.4","  7.3"
"34504099999","48.6","34.9666666","143.0","1987-11-16","  41.4","010000","999.9","  49.8","  35.2"," 11.7"," 0.01","1020.4","999.9","999.9","  43.4","  1.5","  8.3"
"34504099999","48.6","34.9666666","143.0","1987-11-17","  31.7","000000","999.9","  39.9","  30.2","  9.7"," 0.00","1025.1","999.9","999.9","  35.4","  2.2","  6.8"
"34504099999","48.6","34.9666666","143.0","1987-11-18","  31.6","000000","999.9","  36.7","  33.6","  9.7"," 0.00","1021.4","999.9","999.9","  35.2","  2.0","  7.8"
"34504099999","48.6","34.9666666","143.0","1987-11-19","  34.0","011000","999.9","  36.5","  32.7","  5.8"," 0.02","1019.1","999.9","999.9","  34.1","  0.4","  2.2"
"34504099999","48.6","34.9666666","143.0","1987-11-20","  31.8","001000","999.9","  33.1","  31.5","  7.8"," 0.24","1014.0","  0.4","999.9","  32.4","  0.7","  1.7"
"34504099999","48.6","34.9666666","143.0","1987-11-21","  28.0","000000","999.9","  31.8","  30.6","  9.7"," 0.12","1018.6","999.9","999.9","  31.0","  2.1","  8.4"
"34504099999","48.6","34.9666666","143.0","1987-11-22","  26.6","001000","999.9","  32.0","  28.4"," 17.5"," 0.00","1018.9","999.9","999.9","  30.0","  2.2"," 13.4"
"34504099999","48.6","34.9666666","143.0","1987-11-23","  38.7","010000","999.9","  46.0","  28.4"," 15.5"," 0.43","1010.6","999.9","999.9","  39.9","  1.1"," 14.2"
"34504099999","48.6","34.9666666","143.0","1987-11-24","  39.4","100000","999.9","  43.5","  36.7"," 11.7"," 0.00","1023.8","999.9","999.9","  40.4","  0.8","  3.6"
"34504099999","48.6","34.9666666","143.0","1987-11-25","  41.8","100000","999.9","  44.8","  38.1"," 17.5"," 0.00","1027.7","999.9","999.9","  42.1","  0.6"," 10.0"
"34504099999","48.6","34.9666666","143.0","1987-11-26","  33.6","000000","999.9","  37.2","  33.8"," 17.5"," 0.00","1028.1","999.9","999.9","  34.9","  2.2"," 15.5"
"34504099999","48.6","34.9666666","143.0","1987-11-27","  28.4","000000","999.9","  35.1","  31.3"," 17.5"," 0.00","1027.8","999.9","999.9","  32.7","  3.4"," 16.3"
"34504099999","48.6","34.9666666","143.0","1987-11-28","  24.7","000000","999.9","  33.1","  27.3"," 17.5"," 0.00","1027.2","999.9","999.9","  30.5","  5.7"," 12.6"
"34504099999","48.6","34.9666666","143.0","1987-11-29","  26.0","000000","999.9","  35.6","  28.6"," 13.6"," 0.00","1030.2","999.9","999.9","  30.5","  3.0"," 10.2"
"34504099999","48.6","34.9666666","143.0","1987-11-30","  28.6","100000","999.9","  35.6","  26.1"," 11.7"," 0.00","1031.0","999.9","999.9","  30.6","  1.4","  9.0"
"34504099999","48.6","34.9666666","143.0","1987-12-01","  31.8","000000","999.9","  37.0","  30.9"," 15.5"," 0.00","1024.7","999.9","999.9","  34.9","  1.3"," 13.4"
"34504099999","48.6","34.9666666","143.0","1987-12-02","  36.1","110000","999.9","  44.6","  33.8","  7.8"," 0.00","1021.0","999.9","999.9","  37.6","  0.3","  6.6"
"34504099999","48.6","34.9666666","143.0","1987-12-03","  30.3","110000","999.9","  35.2","  29.5"," 15.5"," 0.00","1025.7","999.9","999.9","  32.1","  1.1"," 11.2"
"34504099999","48.6","34.9666666","143.0","1987-12-04","  17.1","000000","999.9","  31.1","  20.5"," 13.6"," 0.00","1035.1","999.9","999.9","  25.0","  3.9"," 11.9"
"34504099999","48.6","34.9666666","143.0","1987-12-05","  15.0","000000","999.9","  28.2","  18.0"," 13.6"," 0.00","1030.0","999.9","999.9","  22.4","  2.5","  8.4"
"34504099999","48.6","34.9666666","143.0","1987-12-06","  18.1","000000","999.9","  28.8","  20.1","  7.8"," 0.00","1022.4","999.9","999.9","  25.5","  1.4","  4.9"
"34504099999","48.6","34.9666666","143.0","1987-12-07","  28.3","010000","999.9","  34.2","  27.7"," 13.6"," 0.00","1014.5","999.9","999.9","  30.9","  1.0","  8.7"
"34504099999","48.6","34.9666666","143.0","1987-12-08","  28.5","111100","999.9","  36.7","  24.8"," 13.6"," 0.03","1013.6","999.9","999.9","  32.5","  1.7","  9.0"
"34504099999","48.6","34.9666666","143.0","1987-12-09","  16.1","000000","999.9","  27.1","  16.9","  9.7"," 0.00","1018.2","999.9","999.9","  21.7","  1.9","  2.7"
"34504099999","48.6","34.9666666","143.0","1987-12-10","  16.1","000000","999.9","  30.7","  14.9"," 13.6"," 0.00","1011.9","999.9","999.9","  21.9","  1.4","  9.0"
"34504099999","48.6","34.9666666","143.0","1987-12-11","  21.9","000000","999.9","  34.2","  24.8"," 17.5"," 0.00","1003.8","999.9","999.9","  28.9","  4.8"," 14.2"
"34504099999","48.6","34.9666666","143.0","1987-12-12","  19.6","001000","999.9","  30.0","  14.4"," 15.5"," 0.04","1006.1","999.9","999.9","  23.3","  2.2"," 10.7"
"34504099999","48.6","34.9666666","143.0","1987-12-13","  14.4","001000","999.9","  25.5","  13.3"," 15.5"," 0.08","1019.5","999.9","999.9","  20.4","  3.3"," 11.7"
"34504099999","48.6","34.9666666","143.0","1987-12-14","  19.6","000000","999.9","  31.8","  23.0"," 11.7"," 0.04","1019.6","999.9","999.9","  25.7","  2.3","  9.9"
"34504099999","48.6","34.9666666","143.0","1987-12-15","  29.1","111000","999.9","  34.5","  22.5","  9.7"," 0.00","1013.4","999.9","999.9","  30.8","  1.6","  4.4"
"34504099999","48.6","34.9666666","143.0","1987-12-16","  26.7","100000","999.9","  33.4","  20.1","  7.8"," 0.00","1015.8","999.9","999.9","  27.0","  0.3","  3.4"
"34504099999","48.6","34.9666666","143.0","1987-12-17","  20.7","101000","999.9","  24.3","  18.3","  3.9"," 0.00","1020.3","  0.8","999.9","  21.7","  0.5","  0.6"
"34504099999","48.6","34.9666666","143.0","1987-12-18","  20.5","000000","999.9","  25.9","  21.0","  7.8"," 0.00","1027.9","999.9","999.9","  23.9","  1.7","  4.3"
"34504099999","48.6","34.9666666","143.0","1987-12-19","  25.0","101000","999.9","  34.5","  20.7"," 13.6"," 0.00","1017.3","999.9","999.9","  26.8","  1.2"," 12.1"
"34504099999","48.6","34.9666666","143.0","1987-12-20","  34.3","110000","999.9","  35.6","  32.7"," 15.5"," 0.08","1008.1","999.9","999.9","  34.8","  0.6"," 10.3"
"34504099999","48.6","34.9666666","143.0","1987-12-21","  32.1","100000","999.9","  32.9","  32.0","  7.8"," 0.12","1010.1","999.9","999.9","  32.3","  0.3","  5.5"
"34504099999","48.6","34.9666666","143.0","1987-12-22","  31.1","001000","999.9","  32.9","  31.3"," 13.6"," 0.00","1013.2","999.9","999.9","  32.0","  0.9","  5.8"
"34504099999","48.6","34.9666666","143.0","1987-12-23","   8.4","011000","999.9","  27.7","   7.5"," 15.5"," 0.01","1020.3","999.9","999.9","  13.9","  4.6"," 14.8"
"34504099999","48.6","34.9666666","143.0","1987-12-24","   4.9","001000","999.9","  14.5","   5.7"," 13.6"," 0.00","1029.1","999.9","999.9","   9.7","  3.5"," 11.2"
"34504099999","48.6","34.9666666","143.0","1987-12-25","   5.8","000000","999.9","  19.8","   6.8","  7.8"," 0.00","1032.6","999.9","999.9","  12.5","  3.1","  1.7"
"34504099999","48.6","34.9666666","143.0","1987-12-26","  11.1","000000","999.9","  25.0","   5.9"," 11.7"," 0.00","1032.7","999.9","999.9","  15.3","  1.4","  6.8"
"34504099999","48.6","34.9666666","143.0","1987-12-27","  21.3","000000","999.9","  31.1","  17.2"," 15.5"," 0.00","1021.6","999.9","999.9","  26.1","  2.8"," 11.9"
"34504099999","48.6","34.9666666","143.0","1987-12-28","  32.2","111000","999.9","  34.5","  29.1"," 13.6"," 0.35","1011.6","999.9","999.9","  32.6","  0.2","  9.0"
"34504099999","48.6","34.9666666","143.0","1987-12-29","  22.4","011000","999.9","  33.8","  21.2"," 35.0"," 0.00","1012.7","  1.6","999.9","  28.6","  4.1"," 19.4"
"34504099999","48.6","34.9666666","143.0","1987-12-30","  22.2","111000","999.9","  38.5","  15.4"," 17.5"," 0.24","1013.4","999.9","999.9","  26.0","  3.6"," 11.7"
"34504099999","48.6","34.9666666","143.0","1987-12-31","  28.8","011000","999.9","  38.3","  30.4"," 21.4"," 0.08","1004.3","999.9","999.9","  35.6","  5.0"," 17.9"
"34504099999","48.6","34.9666666","143.0","1988-01-01","  16.4","000000","999.9","  28.9","  20.8"," 15.5"," 0.00","1023.1","999.9","999.9","  25.8","  6.2","  6.8"
"34504099999","48.6","34.9666666","143.0","1988-01-02","  27.5","000000","999.9","  36.1","  20.8"," 15.5"," 0.00","1018.2","999.9","999.9","  30.3","  2.2"," 12.4"
"34504099999","48.6","34.9666666","143.0","1988-01-03","  37.5","100000","999.9","  39.6","  35.8"," 13.6"," 0.00","1009.6","999.9","999.9","  38.1","  0.5"," 12.4"
"34504099999","48.6","34.9666666","143.0","1988-01-04","  41.3","100000","999.9","  42.6","  39.2"," 11.7"," 0.00","1012.9","999.9","999.9","  41.3","  0.2","  6.1"
"34504099999","48.6","34.9666666","143.0","1988-01-05","  38.9","110000","999.9","  41.0","  35.4"," 13.6"," 0.00","1014.1","999.9","999.9","  39.1","  0.3"," 10.0"
"34504099999","48.6","34.9666666","143.0","1988-01-06","  33.8","100000","999.9","  36.1","  32.4"," 13.6"," 0.00","1017.4","999.9","999.9","  33.8","  0.1"," 10.7"
"34504099999","48.6","34.9666666","143.0","1988-01-07","  37.1","110000","999.9","  40.5","  33.3"," 13.6"," 0.00","1014.1","999.9","999.9","  37.2","  0.3"," 11.7"
"34504099999","48.6","34.9666666","143.0","1988-01-08","  33.2","100000","999.9","  33.8","  31.6","  9.7"," 0.00","1019.1","999.9","999.9","  33.2","  0.1","  4.6"
"34504099999","48.6","34.9666666","143.0","1988-01-09","  34.3","100000","999.9","  35.6","  33.4","  9.7"," 0.00","1025.9","999.9","999.9","  34.7","  0.1","  6.6"
"34504099999","48.6","34.9666666","143.0","1988-01-10","  31.1","100000","999.9","  34.5","  31.8"," 15.5"," 0.98","1035.6","999.9","999.9","  33.1","  1.6"," 13.1"
"34504099999","48.6","34.9666666","143.0","1988-01-11","  25.3","000000","999.9","  31.6","  26.6"," 19.4"," 0.00","1032.7","999.9","999.9","  29.9","  2.2"," 14.3"
"34504099999","48.6","34.9666666","143.0","1988-01-12","  21.3","001000","999.9","  26.4","  23.7"," 23.3"," 0.02","1020.3","999.9","999.9","  25.5","  3.0"," 13.1"
"34504099999","48.6","34.9666666","143.0","1988-01-13","  22.8","001000","999.9","  27.7","  24.3"," 11.7"," 0.08","1017.8","999.9","999.9","  26.3","  1.1","  6.1"
"34504099999","48.6","34.9666666","143.0","1988-01-14","  17.8","001000","999.9","  26.2","  17.6"," 17.5"," 0.00","1024.8","999.9","999.9","  22.7","  1.5"," 12.9"
"34504099999","48.6","34.9666666","143.0","1988-01-15","  10.7","000000","999.9","  19.0","  12.6"," 13.6"," 0.00","1034.2","  2.0","999.9","  15.9","  2.3"," 12.1"
"34504099999","48.6","34.9666666","143.0","1988-01-16","  14.8","001000","999.9","  22.1","  12.6","  9.7"," 0.00","1036.5","  2.0","999.9","  18.4","  1.9","  3.2"
"34504099999","48.6","34.9666666","143.0","1988-01-17","  16.7","100000","999.9","  19.9","  16.2","  9.7"," 0.00","1032.2","999.9","999.9","  17.8","  0.4","  5.3"
"34504099999","48.6","34.9666666","143.0","1988-01-18","  22.7","001000","999.9","  30.7","  17.6"," 15.5"," 0.00","1026.2","999.9","999.9","  25.5","  1.0"," 12.1"
"34504099999","48.6","34.9666666","143.0","1988-01-19","  31.0","001000","999.9","  32.9","  28.6"," 11.7"," 0.31","1021.5","  3.1","999.9","  31.8","  0.4","  8.5"
"34504099999","48.6","34.9666666","143.0","1988-01-20","  30.2","100000","999.9","  32.2","  28.4","  7.8"," 0.00","1024.1","  2.4","999.9","  30.9","  0.5","  5.3"
"34504099999","48.6","34.9666666","143.0","1988-01-21","  28.0","001000","999.9","  30.6","  26.1","  7.8"," 0.03","1023.8","999.9","999.9","  28.9","  0.6","  6.1"
"34504099999","48.6","34.9666666","143.0","1988-01-22","   8.9","001000","999.9","  21.2","   8.4"," 15.5"," 0.31","1026.6","999.9","999.9","  13.3","  1.6"," 13.8"
"34504099999","48.6","34.9666666","143.0","1988-01-23","   4.2","000000","999.9","  14.5","   3.2"," 13.6"," 0.00","1025.0","999.9","999.9","   8.8","  1.6"," 11.7"
"34504099999","48.6","34.9666666","143.0","1988-01-24","  -3.9","000000","999.9","   9.9","  -0.4"," 11.7"," 0.00","1023.5","  3.1","999.9","   3.4","  1.2"," 10.2"
"34504099999","48.6","34.9666666","143.0","1988-01-25","  -3.8","000000","999.9","  11.7","  -1.1","  9.7"," 0.00","1022.0","  3.1","999.9","   4.5","  2.4","  7.8"
"34504099999","48.6","34.9666666","143.0","1988-01-26","  -5.7","000000","999.9","   7.7","  -5.1","  9.7"," 0.00","1021.9","  3.1","999.9","  -0.2","  0.6","  7.5"
"34504099999","48.6","34.9666666","143.0","1988-01-27","  -5.6","000000","999.9","   5.4","  -4.9"," 11.7"," 0.00","1020.8","999.9","999.9","  -0.4","  1.2","  9.5"
"34504099999","48.6","34.9666666","143.0","1988-01-28","  -3.1","000000","999.9","   7.3","  -2.7"," 11.7"," 0.00","1026.6","  3.1","999.9","   2.2","  1.0","  9.0"
"34504099999","48.6","34.9666666","143.0","1988-01-29","  -4.9","000000","999.9","  11.5","  -7.1","  7.8"," 0.00","1027.0","  3.1","999.9","   0.9","  1.0","  3.4"
"34504099999","48.6","34.9666666","143.0","1988-01-30"," -10.5","000000","999.9","   9.3","  -9.6"," 15.5"," 0.00","1021.4","  3.1","999.9","  -0.9","  2.0"," 11.9"
"34504099999","48.6","34.9666666","143.0","1988-01-31","  -3.8","000000","999.9","  15.6","  -6.7"," 19.4"," 0.00","1014.5","999.9","999.9","   4.3","  2.0"," 17.0"
"34504099999","48.6","34.9666666","143.0","1988-02-01","  -3.3","000000","999.9","  13.1","  -1.1"," 23.3"," 0.00","1022.5","  3.1","999.9","   6.3","  3.9"," 16.6"
"34504099999","48.6","34.9666666","143.0","1988-02-02","  -2.4","000000","999.9","  16.9","  -1.3"," 11.7"," 0.00","1030.3","  3.1","999.9","   6.9","  2.4"," 10.2"
"34504099999","48.6","34.9666666","143.0","1988-02-03","   5.7","000000","999.9","  18.9","   5.4"," 13.6"," 0.00","1023.6","999.9","999.9","  12.8","  3.4"," 10.7"
"34504099999","48.6","34.9666666","143.0","1988-02-04","  16.8","101000","999.9","  23.7","  13.3","  9.7"," 0.00","1025.5","999.9","999.9","  19.3","  1.0","  7.0"
"34504099999","48.6","34.9666666","143.0","1988-02-05","  27.4","100000","999.9","  32.5","  23.4","  9.7"," 0.00","1027.6","999.9","999.9","  27.5","  0.3","  4.5"
"34504099999","48.6","34.9666666","143.0","1988-02-06","  31.3","010000","999.9","  35.8","  29.5"," 11.7"," 0.00","1021.0","999.9","999.9","  33.6","  1.6"," 10.4"
"34504099999","48.6","34.9666666","143.0","1988-02-07","  28.2","000000","999.9","  34.2","  27.3"," 15.5"," 0.00","1020.8","  2.8","999.9","  30.9","  1.2"," 10.7"
"34504099999","48.6","34.9666666","143.0","1988-02-08","  31.0","100000","999.9","  34.9","  28.8"," 11.7"," 0.00","1018.6","  1.6","999.9","  32.1","  0.6","  9.7"
"34504099999","48.6","34.9666666","143.0","1988-02-09","  31.6","000000","999.9","  36.5","  32.0"," 15.5"," 0.00","1014.9","  0.8","999.9","  33.5","  0.9"," 12.9"
"34504099999","48.6","34.9666666","143.0","1988-02-10","  27.7","000000","999.9","  33.1","  28.0"," 15.5"," 0.00","1016.3","  0.8","999.9","  30.3","  1.1"," 12.1"
"34504099999","48.6","34.9666666","143.0","1988-02-11","  27.9","000000","999.9","  31.3","  27.3"," 15.5"," 0.00","1019.8","  0.4","999.9","  29.5","  0.9"," 11.4"
"34504099999","48.6","34.9666666","143.0","1988-02-12","  30.5","110000","999.9","  32.0","  28.8"," 13.6"," 0.08","1020.2","999.9","999.9","  30.6","  0.3","  7.8"
"34504099999","48.6","34.9666666","143.0","1988-02-13","  26.1","100000","999.9","  32.0","  23.4"," 15.5"," 0.00","1029.9","999.9","999.9","  29.6","  0.8","  9.2"
"34504099999","48.6","34.9666666","143.0","1988-02-14","  16.4","000000","999.9","  24.6","  17.2"," 15.5"," 0.00","1036.2","999.9","999.9","  21.0","  2.2"," 14.3"
"34504099999","48.6","34.9666666","143.0","1988-02-15","   7.5","000000","999.9","  29.5","  11.1"," 15.5"," 0.00","1037.1","999.9","999.9","  18.7","  3.9"," 12.4"
"34504099999","48.6","34.9666666","143.0","1988-02-16","  10.1","000000","999.9","  30.2","  12.0"," 11.7"," 0.00","1032.1","999.9","999.9","  20.4","  2.0","  8.0"
"34504099999","48.6","34.9666666","143.0","1988-02-17","  16.1","000000","999.9","  34.9","  18.0","  7.8"," 0.00","1021.8","999.9","999.9","  26.1","  1.6","  3.4"
"34504099999","48.6","34.9666666","143.0","1988-02-18","  22.5","000000","999.9","  35.2","  20.7","  9.7"," 0.00","1011.3","999.9","999.9","  28.8","  1.9","  7.3"
"34504099999","48.6","34.9666666","143.0","1988-02-19","  29.7","011000","999.9","  33.4","  27.5"," 15.5"," 0.08","1008.1","  0.4","999.9","  31.0","  0.7"," 10.0"
"34504099999","48.6","34.9666666","143.0","1988-02-20","  30.6","111000","999.9","  37.8","  26.1","  5.8"," 0.02","1016.1","  0.8","999.9","  32.1","  0.6","  5.3"
"34504099999","48.6","34.9666666","143.0","1988-02-21","  27.9","101000","999.9","  32.4","  22.1"," 11.7"," 0.24","1016.9","  3.5","999.9","  28.3","  0.3","  8.5"
"34504099999","48.6","34.9666666","143.0","1988-02-22","  17.2","011000","999.9","  23.5","  18.3"," 15.5"," 0.01","1016.8","999.9","999.9","  20.9","  0.9"," 10.2"
"34504099999","48.6","34.9666666","143.0","1988-02-23","  19.9","001000","999.9","  28.2","  17.8","  3.9"," 0.01","1018.5","  3.1","999.9","  23.7","  0.9","  0.7"
"34504099999","48.6","34.9666666","143.0","1988-02-24","  19.9","101000","999.9","  27.9","  19.8","  5.8"," 0.02","1018.6","999.9","999.9","  24.5","  0.9","  1.9"
"34504099999","48.6","34.9666666","143.0","1988-02-25","  20.1","000000","999.9","  33.6","  16.0","  9.7"," 0.00","1022.1","  3.1","999.9","  25.8","  1.2","  1.9"
"34504099999","48.6","34.9666666","143.0","1988-02-26","  19.8","000000","999.9","  36.5","  21.6"," 17.5"," 0.00","1026.8","999.9","999.9","  27.3","  2.3"," 14.8"
"34504099999","48.6","34.9666666","143.0","1988-02-27","  14.5","001000","999.9","  26.2","  15.3"," 15.5"," 0.00","1019.9"," 30.3","999.9","  20.8","  4.2"," 13.6"
"34504099999","48.6","34.9666666","143.0","1988-02-28","  27.1","111000","999.9","  32.5","  18.7"," 11.7"," 0.08","1005.2","999.9","999.9","  27.6","  0.3","  8.0"
"34504099999","48.6","34.9666666","143.0","1988-02-29","  29.5","111010","999.9","  33.4","  27.7"," 15.5"," 0.24"," 997.8","999.9","999.9","  30.7","  0.5","  9.4"
"34504099999","48.6","34.9666666","143.0","1988-03-01","  33.3","100000","999.9","  41.0","  28.0"," 15.5"," 0.12","1004.4","  3.5","999.9","  34.9","  1.4"," 13.6"
"34504099999","48.6","34.9666666","143.0","1988-03-02","  30.3","001000","999.9","  38.8","  30.9"," 19.4"," 0.00"," 995.5","999.9","999.9","  34.4","  2.1"," 14.7"
"34504099999","48.6","34.9666666","143.0","1988-03-03","  30.9","001000","999.9","  33.3","  29.3"," 19.4"," 0.12"," 988.6","999.9","999.9","  31.8","  0.8"," 13.4"
"34504099999","48.6","34.9666666","143.0","1988-03-04","  31.7","001000","999.9","  32.9","  31.1"," 11.7"," 0.00"," 998.3","  2.8","999.9","  31.9","  0.5","  9.5"
"34504099999","48.6","34.9666666","143.0","1988-03-05","  27.5","001000","999.9","  35.1","  29.5"," 11.7"," 0.16","1015.3","  3.5","999.9","  31.6","  1.4","  7.0"
"34504099999","48.6","34.9666666","143.0","1988-03-06","  24.8","000000","999.9","  38.1","  28.0","  3.9"," 0.00","1018.6","999.9","999.9","  33.0","  2.0","  0.5"
"34504099999","48.6","34.9666666","143.0","1988-03-07","  29.7","100000","999.9","  40.1","  30.6","  7.8"," 0.00","1012.5","  0.8","999.9","  33.1","  1.4","  5.6"
"34504099999","48.6","34.9666666","143.0","1988-03-08","  30.1","000000","999.9","  41.9","  29.1"," 13.6"," 0.00","1010.3","  0.4","999.9","  34.2","  1.4","  8.0"
"34504099999","48.6","34.9666666","143.0","1988-03-09","  27.5","000000","999.9","  36.5","  29.8"," 17.5"," 0.00","1013.6","999.9","999.9","  32.2","  1.9"," 14.8"
"34504099999","48.6","34.9666666","143.0","1988-03-10","  26.3","000000","999.9","  37.0","  27.3"," 17.5"," 0.00","1016.1","999.9","999.9","  31.4","  1.7"," 16.3"
"34504099999","48.6","34.9666666","143.0","1988-03-11","  28.3","001000","999.9","  30.7","  27.9"," 15.5"," 0.00","1012.9","999.9","999.9","  29.4","  0.5"," 12.9"
"34504099999","48.6","34.9666666","143.0","1988-03-12","  28.7","001000","999.9","  32.5","  29.3"," 13.6"," 0.43","1010.5","  5.9","999.9","  30.4","  0.8","  4.1"
"34504099999","48.6","34.9666666","143.0","1988-03-13","  29.4","001000","999.9","  35.2","  28.8"," 23.3"," 0.12","1001.5","999.9","999.9","  31.3","  1.1"," 16.5"
"34504099999","48.6","34.9666666","143.0","1988-03-14","  23.3","011000","999.9","  34.0","  24.4"," 23.3"," 0.12","1007.3","999.9","999.9","  29.8","  2.8"," 15.0"
"34504099999","48.6","34.9666666","143.0","1988-03-15","  21.4","011000","999.9","  32.7","  25.2"," 19.4"," 0.00","1010.7","  4.3","999.9","  29.0","  2.0"," 11.4"
"34504099999","48.6","34.9666666","143.0","1988-03-16","  27.2","000000","999.9","  36.3","  24.8"," 17.5"," 0.00","1016.1","  2.4","999.9","  31.7","  1.9"," 10.4"
"34504099999","48.6","34.9666666","143.0","1988-03-17","  39.6","000000","999.9","  56.7","  34.5"," 17.5"," 0.00","1003.3","  1.2","999.9","  45.3","  1.5"," 16.8"
"34504099999","48.6","34.9666666","143.0","1988-03-18","  41.0","010000","999.9","  56.1","  42.8"," 17.5"," 0.12","1002.5","999.9","999.9","  47.9","  2.3"," 13.1"
"34504099999","48.6","34.9666666","143.0","1988-03-19","  34.7","011000","999.9","  43.2","  31.3"," 23.3"," 0.51","1006.4","999.9","999.9","  35.6","  0.7"," 12.4"
"34504099999","48.6","34.9666666","143.0","1988-03-20","  31.2","001000","999.9","  39.2","  30.4"," 19.4"," 0.43","1015.2","999.9","999.9","  32.6","  0.5"," 14.9"
"34504099999","48.6","34.9666666","143.0","1988-03-21","  33.4","111000","999.9","  35.6","  31.8","  5.8"," 0.30","1021.1","999.9","999.9","  33.8","  0.5","  2.4"
"34504099999","48.6","34.9666666","143.0","1988-03-22","  34.4","110000","999.9","  36.5","  33.8","  7.8"," 0.00","1024.1","999.9","999.9","  35.1","  0.8","  6.3"
"34504099999","48.6","34.9666666","143.0","1988-03-23","  35.4","110000","999.9","  40.3","  34.2"," 13.6"," 0.00","1024.9","999.9","999.9","  36.6","  1.2","  8.2"
"34504099999","48.6","34.9666666","143.0","1988-03-24","  37.0","010000","999.9","  47.3","  33.1"," 15.5"," 0.00","1020.0","999.9","999.9","  40.2","  3.4"," 10.2"
"34504099999","48.6","34.9666666","143.0","1988-03-25","  40.0","000000","999.9","  57.7","  41.2"," 11.7"," 0.00","1014.5","999.9","999.9","  47.3","  3.4","  8.0"
"34504099999","48.6","34.9666666","143.0","1988-03-26","  39.9","010000","999.9","  53.1","  41.2"," 11.7"," 0.00","1007.4","999.9","999.9","  45.7","  3.0"," 10.0"
"34504099999","48.6","34.9666666","143.0","1988-03-27","  43.4","110000","999.9","  44.1","  42.1"," 13.6"," 0.04","1009.2","999.9","999.9","  43.5","  0.3","  9.5"
"34504099999","48.6","34.9666666","143.0","1988-03-28","  42.6","010000","999.9","  50.5","  41.0"," 13.6"," 0.02","1014.5","999.9","999.9","  44.6","  1.1","  6.9"
"34504099999","48.6","34.9666666","143.0","1988-03-29","  34.0","010000","999.9","  55.0","  39.2"," 19.4"," 0.00","1012.1","999.9","999.9","  47.5","  3.3"," 15.1"
"34504099999","48.6","34.9666666","143.0","1988-03-30","  35.6","010000","999.9","  51.6","  40.8"," 13.6"," 0.00","1013.9","999.9","999.9","  45.0","  2.2","  9.5"
"34504099999","48.6","34.9666666","143.0","1988-03-31","  39.7","000000","999.9","  50.5","  40.6","  9.7"," 0.00","1022.9","999.9","999.9","  44.5","  1.4","  7.5"
"34504099999","48.6","34.9666666","143.0","1988-04-01","  38.9","000000","999.9","  54.5","  36.0","  9.7"," 0.00","1026.6","999.9","999.9","  45.8","  1.4","  6.1"
"34504099999","48.6","34.9666666","143.0","1988-04-02","  37.3","010000","999.9","  53.6","  39.7"," 15.5"," 0.02","1022.0","999.9","999.9","  46.7","  2.5"," 11.2"
"34504099999","48.6","34.9666666","143.0","1988-04-03","  38.8","010000","999.9","  48.9","  41.4"," 15.5"," 0.00","1020.0","999.9","999.9","  45.5","  3.4"," 12.6"
"34504099999","48.6","34.9666666","143.0","1988-04-04","  42.4","010000","999.9","  49.8","  41.4","  5.8"," 0.16","1024.7","999.9","999.9","  44.7","  1.2","  3.4"
"34504099999","48.6","34.9666666","143.0","1988-04-05","  42.4","100000","999.9","  50.5","  41.0","  7.8"," 0.00","1025.7","999.9","999.9","  45.2","  0.8","  2.4"
"34504099999","48.6","34.9666666","143.0","1988-04-06","  41.5","110000","999.9","  53.2","  40.5","  7.8"," 0.00","1021.6","999.9","999.9","  46.2","  0.8","  3.9"
"34504099999","48.6","34.9666666","143.0","1988-04-07","  39.5","000000","999.9","  57.2","  40.1","  7.8"," 0.12","1025.1","999.9","999.9","  47.1","  1.2","  5.0"
"34504099999","48.6","34.9666666","143.0","1988-04-08","  37.0","000000","999.9","  62.4","  38.5"," 15.5"," 0.00","1019.5","999.9","999.9","  50.1","  2.0"," 10.0"
"34504099999","48.6","34.9666666","143.0","1988-04-09","  43.4","000000","999.9","  65.1","  42.8"," 15.5"," 0.00","1008.3","999.9","999.9","  53.6","  2.0","  9.7"
"34504099999","48.6","34.9666666","143.0","1988-04-10","  42.1","000000","999.9","  61.3","  44.1","  9.7"," 0.00","1011.0","999.9","999.9","  53.7","  1.7","  4.6"
"34504099999","48.6","34.9666666","143.0","1988-04-11","  32.1","011000","999.9","  50.7","  36.1"," 19.4"," 0.08","1016.0","999.9","999.9","  42.7","  4.2"," 13.8"
"34504099999","48.6","34.9666666","143.0","1988-04-12","  30.3","000000","999.9","  58.5","  35.6"," 19.4"," 0.00","1020.2","999.9","999.9","  48.2","  3.4"," 11.9"
"34504099999","48.6","34.9666666","143.0","1988-04-13","  34.0","000000","999.9","  66.2","  40.5"," 13.6"," 0.00","1020.6","999.9","999.9","  53.6","  4.4","  7.2"
"34504099999","48.6","34.9666666","143.0","1988-04-14","  39.0","000000","999.9","  68.2","  41.0"," 11.7"," 0.00","1007.6","999.9","999.9","  55.9","  4.8","  6.8"
"34504099999","48.6","34.9666666","143.0","1988-04-15","  41.5","010000","999.9","  64.0","  40.1"," 21.4"," 0.03","1006.5","999.9","999.9","  52.1","  2.1"," 13.3"
"34504099999","48.6","34.9666666","143.0","1988-04-16","  36.2","010000","999.9","  40.3","  35.4"," 23.3"," 0.08","1017.9","999.9","999.9","  38.0","  2.2"," 17.5"
"34504099999","48.6","34.9666666","143.0","1988-04-17","  38.4","010000","999.9","  48.4","  38.7"," 15.5"," 0.67","1019.7","999.9","999.9","  44.5","  4.8"," 13.6"
"34504099999","48.6","34.9666666","143.0","1988-04-18","  35.6","010000","999.9","  48.4","  41.5"," 15.5"," 0.00","1014.1","999.9","999.9","  43.9","  4.4","  9.0"
"34504099999","48.6","34.9666666","143.0","1988-04-19","  43.7","110000","999.9","  54.0","  42.8","  3.9"," 0.20","1013.0","999.9","999.9","  48.7","  2.1","  1.5"
"34504099999","48.6","34.9666666","143.0","1988-04-20","  46.2","000000","999.9","  68.2","  47.1","  7.8"," 0.00","1014.3","999.9","999.9","  57.4","  3.6","  3.9"
"34504099999","48.6","34.9666666","143.0","1988-04-21","  43.8","000000","999.9","  70.5","  48.2"," 15.5"," 0.00","1014.7","999.9","999.9","  59.8","  5.1","  6.4"
"34504099999","48.6","34.9666666","143.0","1988-04-22","  47.9","110000","999.9","  56.5","  48.4"," 11.7"," 0.00","1008.2","999.9","999.9","  53.2","  3.1","  4.1"
"34504099999","48.6","34.9666666","143.0","1988-04-23","  46.5","100000","999.9","  59.0","  45.0","  9.7"," 0.00","1004.7","999.9","999.9","  50.8","  3.0","  5.1"
"34504099999","48.6","34.9666666","143.0","1988-04-24","  38.0","110000","999.9","  54.1","  42.1"," 19.4"," 0.00","1007.8","999.9","999.9","  46.9","  3.4"," 11.4"
"34504099999","48.6","34.9666666","143.0","1988-04-25","  25.9","010000","999.9","  50.9","  33.6"," 15.5"," 0.08","1017.1","999.9","999.9","  41.6","  4.1","  7.8"
"34504099999","48.6","34.9666666","143.0","1988-04-26","  34.5","000000","999.9","  54.1","  35.8","  9.7"," 0.00","1020.8","999.9","999.9","  47.1","  4.3","  5.1"
"34504099999","48.6","34.9666666","143.0","1988-04-27","  31.5","000000","999.9","  60.3","  43.5"," 15.5"," 0.00","1020.1","999.9","999.9","  51.0","  4.8","  6.8"
"34504099999","48.6","34.9666666","143.0","1988-04-28","  24.4","000000","999.9","  49.1","  39.0"," 15.5"," 0.00","1021.7","999.9","999.9","  43.0","  4.8"," 10.5"
"34504099999","48.6","34.9666666","143.0","1988-04-29","  25.9","000000","999.9","  52.3","  37.6"," 15.5"," 0.00","1017.4","999.9","999.9","  43.6","  5.1"," 10.1"
"34504099999","48.6","34.9666666","143.0","1988-04-30","  24.3","000000","999.9","  53.1","  33.8"," 11.7"," 0.00","1020.6","999.9","999.9","  43.5","  5.8","  6.5"
"34504099999","48.6","34.9666666","143.0","1988-05-01","  25.1","000000","999.9","  59.2","  38.1","  3.9"," 0.00","1022.4","999.9","999.9","  49.4","  6.2","  0.5"
"34504099999","48.6","34.9666666","143.0","1988-05-02","  26.3","000000","999.9","  67.5","  38.7","  7.8"," 0.00","1022.2","999.9","999.9","  54.8","  5.0","  1.7"
"34504099999","48.6","34.9666666","143.0","1988-05-03","  34.9","000000","999.9","  70.5","  43.2"," 13.6"," 0.00","1022.2","999.9","999.9","  57.0","  3.4","  5.6"
"34504099999","48.6","34.9666666","143.0","1988-05-04","  37.0","000000","999.9","  73.0","  41.2"," 15.5"," 0.00","1022.3","999.9","999.9","  58.8","  4.3"," 10.4"
"34504099999","48.6","34.9666666","143.0","1988-05-05","  40.0","000000","999.9","  74.3","  49.3"," 15.5"," 0.00","1020.5","999.9","999.9","  62.2","  6.2"," 12.6"
"34504099999","48.6","34.9666666","143.0","1988-05-06","  48.9","010000","999.9","  58.1","  51.4"," 13.6"," 0.00","1012.7","999.9","999.9","  53.8","  4.7","  8.5"
"34504099999","48.6","34.9666666","143.0","1988-05-07","  50.5","010000","999.9","  54.1","  50.0","  9.7"," 0.39","1009.7","999.9","999.9","  52.0","  1.8","  6.1"
"34504099999","48.6","34.9666666","143.0","1988-05-08","  51.4","110000","999.9","  59.7","  50.0","999.9"," 0.00","1011.0","999.9","999.9","  54.7","  3.3","  0.0"
"34504099999","48.6","34.9666666","143.0","1988-05-09","  49.8","110000","999.9","  59.9","  46.0"," 17.5"," 0.00","1010.4","999.9","999.9","  51.1","  2.8","  9.2"
"34504099999","48.6","34.9666666","143.0","1988-05-10","  40.8","010000","999.9","  47.8","  39.2"," 17.5"," 0.04","1010.1","999.9","999.9","  43.7","  4.0"," 10.9"
"34504099999","48.6","34.9666666","143.0","1988-05-11","  40.4","010000","999.9","  47.8","  35.6"," 11.7"," 0.12","1010.6","999.9","999.9","  43.7","  3.4","  8.3"
"34504099999","48.6","34.9666666","143.0","1988-05-12","  32.2","000000","999.9","  56.5","  40.8"," 15.5"," 0.00","1015.2","999.9","999.9","  48.5","  6.2","  9.7"
"34504099999","48.6","34.9666666","143.0","1988-05-13","  35.3","000000","999.9","  60.6","  37.0"," 13.6"," 0.00","1016.8","999.9","999.9","  51.7","  6.2"," 10.4"
"34504099999","48.6","34.9666666","143.0","1988-05-14","  37.6","000000","999.9","  67.5","  40.3","  9.7"," 0.00","1018.5","999.9","999.9","  55.1","  5.3","  5.3"
"34504099999","48.6","34.9666666","143.0","1988-05-15","  42.0","000000","999.9","  71.4","  45.0","  7.8"," 0.00","1018.5","999.9","999.9","  61.0","  5.8","  1.7"
"34504099999","48.6","34.9666666","143.0","1988-05-16","  44.2","000000","999.9","  73.9","  54.0","  3.9"," 0.00","1017.1","999.9","999.9","  64.3","  4.3","  0.5"
"34504099999","48.6","34.9666666","143.0","1988-05-17","  47.3","010000","999.9","  69.6","  54.3"," 15.5"," 0.04","1012.4","999.9","999.9","  60.7","  3.4"," 10.0"
"34504099999","48.6","34.9666666","143.0","1988-05-18","  51.9","000000","999.9","  66.4","  55.6"," 13.6"," 0.02","1006.5","999.9","999.9","  60.6","  5.7","  5.8"
"34504099999","48.6","34.9666666","143.0","1988-05-19","  51.9","000000","999.9","  74.8","  51.8"," 13.6"," 0.00","1012.4","999.9","999.9","  64.7","  4.7","  5.3"
"34504099999","48.6","34.9666666","143.0","1988-05-20","  51.3","000000","999.9","  73.8","  57.6"," 11.7"," 0.00","1015.5","999.9","999.9","  65.6","  4.6","  5.3"
"34504099999","48.6","34.9666666","143.0","1988-05-21","  52.0","000000","999.9","  77.2","  57.2"," 11.7"," 0.00","1017.2","999.9","999.9","  66.9","  5.4","  7.6"
"34504099999","48.6","34.9666666","143.0","1988-05-22","  51.2","000000","999.9","  70.7","  55.0"," 19.4"," 0.00","1018.0","999.9","999.9","  63.1","  5.7"," 12.6"
"34504099999","48.6","34.9666666","143.0","1988-05-23","  54.8","010000","999.9","  66.9","  56.1"," 13.6"," 0.00","1014.5","999.9","999.9","  61.5","  5.3","  8.3"
"34504099999","48.6","34.9666666","143.0","1988-05-24","  56.4","010010","999.9","  73.6","  57.6"," 11.7"," 0.16","1012.1","999.9","999.9","  64.1","  4.8","  9.0"
"34504099999","48.6","34.9666666","143.0","1988-05-25","  58.4","010000","999.9","  71.4","  59.0","  9.7"," 0.02","1015.3","999.9","999.9","  63.8","  3.6","  5.3"
"34504099999","48.6","34.9666666","143.0","1988-05-26","  56.2","010000","999.9","  67.8","  57.6"," 11.7"," 0.00","1013.9","999.9","999.9","  62.5","  3.9","  5.3"
"34504099999","48.6","34.9666666","143.0","1988-05-27","  53.8","000000","999.9","  78.3","  58.1"," 21.4"," 0.00","1011.0","999.9","999.9","  67.7","  5.0"," 12.7"
"34504099999","48.6","34.9666666","143.0","1988-05-28","  55.2","000000","999.9","  81.1","  58.5"," 15.5"," 0.00","1012.9","999.9","999.9","  67.9","  6.2"," 10.9"
"34504099999","48.6","34.9666666","143.0","1988-05-29","  48.9","000000","999.9","  78.8","  59.0"," 11.7"," 0.00","1016.1","999.9","999.9","  69.6","  6.2","  9.2"
"34504099999","48.6","34.9666666","143.0","1988-05-30","  47.7","000000","999.9","  79.7","  57.7"," 11.7"," 0.00","1017.0","999.9","999.9","  70.2","  6.2","  6.4"
"34504099999","48.6","34.9666666","143.0","1988-05-31","  51.8","000000","999.9","  82.9","  60.4","  7.8"," 0.00","1015.1","999.9","999.9","  70.7","  5.2","  3.0"
"34504099999","48.6","34.9666666","143.0","1988-06-01","  49.0","000000","999.9","  83.7","  57.9","  3.9"," 0.00","1012.7","999.9","999.9","  71.2","  6.2","  0.5"
"34504099999","48.6","34.9666666","143.0","1988-06-02","  53.9","000000","999.9","  82.0","  57.2","  7.8"," 0.00","1007.3","999.9","999.9","  70.6","  6.2","  3.4"
"34504099999","48.6","34.9666666","143.0","1988-06-03","  59.0","010000","999.9","  79.5","  58.5"," 13.6"," 0.08","1006.7","999.9","999.9","  66.3","  5.4","  6.3"
"34504099999","48.6","34.9666666","143.0","1988-06-04","  54.8","010000","999.9","  75.6","  59.5","  9.7"," 0.00","1008.9","999.9","999.9","  66.0","  6.2","  3.9"
"34504099999","48.6","34.9666666","143.0","1988-06-05","  56.6","010000","999.9","  75.7","  59.4","  5.8"," 0.03","1011.0","999.9","999.9","  66.0","  5.1","  3.1"
"34504099999","48.6","34.9666666","143.0","1988-06-06","  57.1","010010","999.9","  75.9","  55.9","  5.8"," 0.04","1012.3","999.9","999.9","  64.5","  4.3","  3.9"
"34504099999","48.6","34.9666666","143.0","1988-06-07","  58.4","010010","999.9","  72.9","  55.9"," 11.7"," 0.08","1013.2","999.9","999.9","  64.4","  5.3","  4.1"
"34504099999","48.6","34.9666666","143.0","1988-06-08","  57.1","000000","999.9","  82.4","  59.7","  9.7"," 0.00","1013.4","999.9","999.9","  71.5","  5.1","  4.7"
"34504099999","48.6","34.9666666","143.0","1988-06-09","  55.2","000000","999.9","  86.9","  61.7","  7.8"," 0.00","1012.5","999.9","999.9","  75.2","  5.8","  3.5"
"34504099999","48.6","34.9666666","143.0","1988-06-10","  59.4","000000","999.9","  84.0","  65.3"," 15.5"," 0.00","1009.3","999.9","999.9","  74.9","  6.2","  1.7"
"34504099999","48.6","34.9666666","143.0","1988-06-11","  64.3","010010","999.9","  79.5","  67.3","  9.7"," 0.00","1006.9","999.9","999.9","  72.7","  3.9","  3.2"
"34504099999","48.6","34.9666666","143.0","1988-06-12","  61.3","010010","999.9","  89.1","  63.0"," 15.5"," 0.02","1007.1","999.9","999.9","  74.5","  3.7","  6.8"
"34504099999","48.6","34.9666666","143.0","1988-06-13","  64.2","010010","999.9","  79.7","  63.5","  9.7"," 0.24","1007.4","999.9","999.9","  70.5","  3.9","  4.6"
"34504099999","48.6","34.9666666","143.0","1988-06-14","  61.6","010010","999.9","  75.6","  61.2","  5.8"," 0.31","1004.3","999.9","999.9","  67.5","  1.9","  3.2"
"34504099999","48.6","34.9666666","143.0","1988-06-15","  59.8","010000","999.9","  66.0","  59.5","  7.8"," 0.39"," 999.3","999.9","999.9","  62.5","  2.2","  4.1"
"34504099999","48.6","34.9666666","143.0","1988-06-16","  49.2","000000","999.9","  66.4","  52.2"," 17.5"," 0.00"," 999.3","999.9","999.9","  58.6","  4.1"," 11.1"
"34504099999","48.6","34.9666666","143.0","1988-06-17","  52.9","010000","999.9","  58.8","  51.6"," 13.6"," 0.00"," 998.6","999.9","999.9","  56.0","  4.4","  9.7"
"34504099999","48.6","34.9666666","143.0","1988-06-18","  56.0","110000","999.9","  61.9","  54.7"," 15.5"," 0.12"," 999.7","999.9","999.9","  57.8","  2.9"," 10.9"
"34504099999","48.6","34.9666666","143.0","1988-06-19","  55.6","110000","999.9","  68.5","  55.2"," 13.6"," 0.98","1005.4","999.9","999.9","  59.7","  1.9","  9.2"
"34504099999","48.6","34.9666666","143.0","1988-06-20","  55.9","000000","999.9","  67.3","  54.9"," 13.6"," 0.00","1005.0","999.9","999.9","  61.4","  3.5","  8.3"
"34504099999","48.6","34.9666666","143.0","1988-06-21","  56.6","000000","999.9","  74.5","  57.6","  9.7"," 0.00","1006.5","999.9","999.9","  65.6","  3.7","  5.8"
"34504099999","48.6","34.9666666","143.0","1988-06-22","  59.4","010010","999.9","  71.4","  57.0","  1.9"," 0.00","1009.1","999.9","999.9","  63.3","  4.3","  0.3"
"34504099999","48.6","34.9666666","143.0","1988-06-23","  59.4","100000","999.9","  73.9","  56.1","  7.8"," 0.12","1009.4","999.9","999.9","  66.3","  1.5","  1.3"
"34504099999","48.6","34.9666666","143.0","1988-06-24","  62.3","010000","999.9","  75.6","  63.5","  9.7"," 0.00","1008.5","999.9","999.9","  68.2","  1.9","  7.5"
"34504099999","48.6","34.9666666","143.0","1988-06-25","  64.1","010010","999.9","  81.0","  64.9"," 11.7"," 0.04","1008.7","999.9","999.9","  72.3","  2.9","  6.8"
"34504099999","48.6","34.9666666","143.0","1988-06-26","  62.4","000000","999.9","  82.4","  63.3","  7.8"," 0.02","1012.5","999.9","999.9","  73.1","  1.9","  3.2"
"34504099999","48.6","34.9666666","143.0","1988-06-27","  58.9","000000","999.9","  86.4","  66.7","  7.8"," 0.00","1013.6","999.9","999.9","  75.3","  2.0","  3.9"
"34504099999","48.6","34.9666666","143.0","1988-06-28","  64.2","000000","999.9","  83.1","  64.8","  7.8"," 0.00","1011.6","999.9","999.9","  75.2","  4.0","  4.4"
"34504099999","48.6","34.9666666","143.0","1988-06-29","  65.2","010010","999.9","  84.4","  66.4","  3.9"," 0.08","1012.0","999.9","999.9","  73.2","  3.7","  1.5"
"34504099999","48.6","34.9666666","143.0","1988-06-30","  64.6","010000","999.9","  90.3","  66.7","  7.8"," 0.04","1011.8","999.9","999.9","  74.7","  4.1","  5.6"
"34504099999","48.6","34.9666666","143.0","1988-07-01","  57.7","000000","999.9","  90.3","  69.3","  9.7"," 0.00","1011.6","999.9","999.9","  79.0","  3.9","  7.0"
"34504099999","48.6","34.9666666","143.0","1988-07-02","  60.0","000000","999.9","  90.3","  67.3","999.9"," 0.00","1009.2","999.9","999.9","  79.1","  4.8","  0.0"
"34504099999","48.6","34.9666666","143.0","1988-07-03","  61.5","000000","999.9","  92.1","  68.4","  5.8"," 0.00","1010.4","999.9","999.9","  78.6","  3.9","  2.9"
"34504099999","48.6","34.9666666","143.0","1988-07-04","  62.6","000000","999.9","  95.4","  67.1","  3.9"," 0.00","1013.3","999.9","999.9","  80.5","  4.8","  1.0"
"34504099999","48.6","34.9666666","143.0","1988-07-05","  61.7","000000","999.9","  91.9","  70.2","  9.7"," 0.00","1014.2","999.9","999.9","  80.6","  5.7","  3.6"
"34504099999","48.6","34.9666666","143.0","1988-07-06","  64.6","000000","999.9","  91.9","  70.3","  9.7"," 0.00","1011.8","999.9","999.9","  80.0","  4.6","  3.3"
"34504099999","48.6","34.9666666","143.0","1988-07-07","  65.6","010000","999.9","  79.3","  69.4"," 11.7"," 0.00","1007.5","999.9","999.9","  74.1","  5.7","  8.6"
"34504099999","48.6","34.9666666","143.0","1988-07-08","  62.1","010000","999.9","  81.7","  66.6"," 11.7"," 0.04","1009.8","999.9","999.9","  72.3","  4.3","  8.5"
"34504099999","48.6","34.9666666","143.0","1988-07-09","  60.8","000000","999.9","  82.4","  63.1"," 13.6"," 0.00","1009.8","999.9","999.9","  72.9","  4.2","  7.8"
"34504099999","48.6","34.9666666","143.0","1988-07-10","  57.4","000000","999.9","  80.2","  64.9"," 13.6"," 0.00","1009.2","999.9","999.9","  72.9","  5.3","  5.8"
"34504099999","48.6","34.9666666","143.0","1988-07-11","  58.0","000000","999.9","  80.6","  65.7"," 13.6"," 0.00","1008.2","999.9","999.9","  73.0","  5.7","  7.3"
"34504099999","48.6","34.9666666","143.0","1988-07-12","  63.4","010000","999.9","  76.8","  64.8"," 11.7"," 0.00","1008.7","999.9","999.9","  69.9","  3.4","  8.3"
"34504099999","48.6","34.9666666","143.0","1988-07-13","  65.1","010010","999.9","  74.8","  64.9","  3.9"," 0.47","1007.7","999.9","999.9","  66.8","  1.4","  0.6"
"34504099999","48.6","34.9666666","143.0","1988-07-14","  65.5","110010","999.9","  72.3","  62.8"," 11.7"," 0.39","1006.7","999.9","999.9","  67.1","  1.7","  5.1"
"34504099999","48.6","34.9666666","143.0","1988-07-15","  65.6","000010","999.9","  79.7","  64.8","  7.8"," 0.01","1007.7","999.9","999.9","  71.8","  2.0","  6.6"
"34504099999","48.6","34.9666666","143.0","1988-07-16","  63.0","000010","999.9","  85.3","  64.0","  7.8"," 0.03","1010.3","999.9","999.9","  73.7","  4.0","  4.1"
"34504099999","48.6","34.9666666","143.0","1988-07-17","  64.5","000000","999.9","  89.8","  68.4","  5.8"," 0.00","1009.2","999.9","999.9","  79.5","  4.3","  2.1"
"34504099999","48.6","34.9666666","143.0","1988-07-18","  66.9","010010","999.9","  77.5","  68.2","  9.7"," 0.20","1009.4","999.9","999.9","  72.5","  2.7","  3.9"
"34504099999","48.6","34.9666666","143.0","1988-07-19","  64.6","010010","999.9","  81.5","  65.3","  9.7"," 0.04","1010.8","999.9","999.9","  70.4","  3.9","  7.8"
"34504099999","48.6","34.9666666","143.0","1988-07-20","  63.0","010010","999.9","  79.7","  63.7","  7.8"," 0.28","1010.7","999.9","999.9","  72.1","  3.5","  3.6"
"34504099999","48.6","34.9666666","143.0","1988-07-21","  64.6","010010","999.9","  82.4","  63.5"," 13.6"," 0.00","1010.6","999.9","999.9","  71.4","  3.3","  7.2"
"34504099999","48.6","34.9666666","143.0","1988-07-22","  60.5","010000","999.9","  77.2","  60.1"," 15.5"," 0.35","1011.4","999.9","999.9","  65.3","  2.9","  2.7"
"34504099999","48.6","34.9666666","143.0","1988-07-23","  61.0","110010","999.9","  73.6","  58.8","999.9"," 1.42","1012.5","999.9","999.9","  65.7","  2.0","  0.0"
"34504099999","48.6","34.9666666","143.0","1988-07-24","  64.9","010010","999.9","  79.9","  61.7","  5.8"," 0.00","1013.0","999.9","999.9","  69.8","  2.4","  2.2"
"34504099999","48.6","34.9666666","143.0","1988-07-25","  64.6","000000","999.9","  81.9","  66.6"," 11.7"," 0.00","1015.9","999.9","999.9","  73.7","  3.5","  8.4"
"34504099999","48.6","34.9666666","143.0","1988-07-26","  58.4","000000","999.9","  81.3","  65.5","  7.8"," 0.00","1018.4","999.9","999.9","  72.7","  5.6","  3.9"
"34504099999","48.6","34.9666666","143.0","1988-07-27","  61.0","000000","999.9","  79.3","  63.1"," 11.7"," 0.00","1015.0","999.9","999.9","  71.9","  5.3","  8.5"
"34504099999","48.6","34.9666666","143.0","1988-07-28","  61.8","000000","999.9","  85.6","  65.3"," 11.7"," 0.00","1011.4","999.9","999.9","  75.6","  6.2","  7.8"
"34504099999","48.6","34.9666666","143.0","1988-07-29","  64.1","000000","999.9","  80.6","  66.6"," 11.7"," 0.00","1011.8","999.9","999.9","  73.4","  4.3","  8.3"
"34504099999","48.6","34.9666666","143.0","1988-07-30","  59.4","000000","999.9","  82.8","  63.1"," 11.7"," 0.00","1014.4","999.9","999.9","  73.0","  4.8","  8.7"
"34504099999","48.6","34.9666666","143.0","1988-07-31","  56.4","000000","999.9","  84.2","  65.7"," 13.6"," 0.00","1015.3","999.9","999.9","  75.6","  4.6","  7.8"
"34504099999","48.6","34.9666666","143.0","1988-08-01","  58.8","000000","999.9","  84.4","  67.1"," 13.6"," 0.00","1016.3","999.9","999.9","  74.8","  5.7","  8.3"
"34504099999","48.6","34.9666666","143.0","1988-08-02","  58.6","000000","999.9","  80.4","  66.6"," 11.7"," 0.00","1015.3","999.9","999.9","  73.5","  5.1","  7.2"
"34504099999","48.6","34.9666666","143.0","1988-08-03","  55.9","000000","999.9","  82.9","  63.5","  7.8"," 0.00","1013.4","999.9","999.9","  71.7","  6.2","  4.2"
"34504099999","48.6","34.9666666","143.0","1988-08-04","  58.1","000000","999.9","  86.2","  63.7"," 17.5"," 0.00","1011.3","999.9","999.9","  73.4","  6.2"," 12.1"
"34504099999","48.6","34.9666666","143.0","1988-08-05","  53.0","000000","999.9","  76.3","  58.5"," 13.6"," 0.00","1016.5","999.9","999.9","  69.1","  6.2","  7.5"
"34504099999","48.6","34.9666666","143.0","1988-08-06","  57.2","000010","999.9","  85.8","  59.5"," 17.5"," 0.00","1011.4","999.9","999.9","  68.9","  6.2"," 10.4"
"34504099999","48.6","34.9666666","143.0","1988-08-07","  51.7","000000","999.9","  74.8","  54.7"," 15.5"," 0.00","1012.3","999.9","999.9","  65.2","  5.7"," 10.7"
"34504099999","48.6","34.9666666","143.0","1988-08-08","  50.3","000000","999.9","  75.2","  54.0"," 15.5"," 0.00","1012.4","999.9","999.9","  65.3","  6.2","  6.8"
"34504099999","48.6","34.9666666","143.0","1988-08-09","  51.3","000000","999.9","  79.7","  53.4","  3.9"," 0.00","1015.4","999.9","999.9","  66.6","  6.2","  0.5"
"34504099999","48.6","34.9666666","143.0","1988-08-10","  53.9","000000","999.9","  81.9","  58.5","  7.8"," 0.00","1013.4","999.9","999.9","  69.8","  6.2","  2.6"
"34504099999","48.6","34.9666666","143.0","1988-08-11","  58.8","010000","999.9","  81.0","  62.2","  7.8"," 0.00","1011.1","999.9","999.9","  70.3","  3.9","  3.9"
"34504099999","48.6","34.9666666","143.0","1988-08-12","  54.5","000000","999.9","  79.2","  62.1","  9.7"," 0.00","1015.3","999.9","999.9","  70.3","  5.7","  6.1"
"34504099999","48.6","34.9666666","143.0","1988-08-13","  60.3","010000","999.9","  90.3","  62.2"," 11.7"," 0.00","1015.9","999.9","999.9","  75.8","  4.3","  2.9"
"34504099999","48.6","34.9666666","143.0","1988-08-14","  64.4","010010","999.9","  86.9","  67.5","  9.7"," 0.39","1013.4","999.9","999.9","  76.0","  2.8","  5.1"
"34504099999","48.6","34.9666666","143.0","1988-08-15","  54.8","000000","999.9","  77.9","  63.9"," 15.5"," 0.00","1014.9","999.9","999.9","  70.4","  4.5"," 11.4"
"34504099999","48.6","34.9666666","143.0","1988-08-16","  54.7","000000","999.9","  79.5","  61.0","  7.8"," 0.00","1015.3","999.9","999.9","  70.2","  5.3","  5.1"
"34504099999","48.6","34.9666666","143.0","1988-08-17","  57.9","000000","999.9","  88.5","  61.5","  7.8"," 0.00","1011.9","999.9","999.9","  74.8","  5.3","  3.2"
"34504099999","48.6","34.9666666","143.0","1988-08-18","  56.5","010010","999.9","  70.2","  59.2"," 13.6"," 0.02","1009.0","999.9","999.9","  65.6","  8.4"," 10.0"
"34504099999","48.6","34.9666666","143.0","1988-08-19","  52.6","000000","999.9","  73.4","  56.3"," 17.5"," 0.02","1013.6","999.9","999.9","  64.7","  5.0"," 10.8"
"34504099999","48.6","34.9666666","143.0","1988-08-20","  50.5","000000","999.9","  75.2","  53.4","  7.8"," 0.00","1019.3","999.9","999.9","  64.7","  5.3","  3.6"
"34504099999","48.6","34.9666666","143.0","1988-08-21","  50.6","000000","999.9","  83.3","  54.0","  7.8"," 0.00","1020.3","999.9","999.9","  68.7","  6.2","  5.8"
"34504099999","48.6","34.9666666","143.0","1988-08-22","  48.5","000000","999.9","  81.5","  54.9","  9.7"," 0.00","1017.8","999.9","999.9","  70.4","  6.2","  6.7"
"34504099999","48.6","34.9666666","143.0","1988-08-23","  48.5","000000","999.9","  83.8","  55.0"," 15.5"," 0.00","1015.1","999.9","999.9","  69.6","  6.2","  8.3"
"34504099999","48.6","34.9666666","143.0","1988-08-24","  57.0","000000","999.9","  88.7","  60.3"," 17.5"," 0.00","1010.9","999.9","999.9","  75.1","  6.2"," 10.0"
"34504099999","48.6","34.9666666","143.0","1988-08-25","  59.1","000000","999.9","  87.4","  62.1","  7.8"," 0.00","1006.6","999.9","999.9","  75.2","  6.2","  6.1"
"34504099999","48.6","34.9666666","143.0","1988-08-26","  62.3","010010","999.9","  81.3","  60.3","  9.7"," 0.35","1004.6","999.9","999.9","  67.9","  3.9","  3.6"
"34504099999","48.6","34.9666666","143.0","1988-08-27","  58.4","100010","999.9","  68.0","  55.6"," 15.5"," 1.02","1003.8","999.9","999.9","  60.3","  1.3","  5.0"
"34504099999","48.6","34.9666666","143.0","1988-08-28","  54.7","010000","999.9","  66.6","  54.9"," 15.5"," 0.43","1002.1","999.9","999.9","  58.8","  2.6"," 10.0"
"34504099999","48.6","34.9666666","143.0","1988-08-29","  57.0","010000","999.9","  67.5","  55.8"," 15.5"," 0.11","1004.8","999.9","999.9","  60.3","  2.3"," 10.4"
"34504099999","48.6","34.9666666","143.0","1988-08-30","  57.4","000000","999.9","  73.9","  55.9","  7.8"," 0.00","1012.0","999.9","999.9","  64.7","  3.5","  4.1"
"34504099999","48.6","34.9666666","143.0","1988-08-31","  57.0","000000","999.9","  76.3","  57.0","  5.8"," 0.00","1016.4","999.9","999.9","  66.3","  4.1","  1.1"
"34504099999","48.6","34.9666666","143.0","1988-09-01","  60.2","000000","999.9","  69.4","  60.8","  7.8"," 0.00","1017.0","999.9","999.9","  64.6","  1.9","  6.8"
"34504099999","48.6","34.9666666","143.0","1988-09-02","  56.9","100000","999.9","  73.4","  57.7","  7.8"," 0.00","1014.6","999.9","999.9","  64.1","  2.1","  4.2"
"34504099999","48.6","34.9666666","143.0","1988-09-03","  54.6","000000","999.9","  79.5","  59.7","  7.8"," 0.00","1009.7","999.9","999.9","  68.7","  6.2","  5.6"
"34504099999","48.6","34.9666666","143.0","1988-09-04","  57.6","000010","999.9","  80.4","  58.8","  9.7"," 0.00","1008.4","999.9","999.9","  67.6","  5.7","  6.6"
"34504099999","48.6","34.9666666","143.0","1988-09-05","  59.1","010010","999.9","  70.5","  57.4"," 13.6"," 0.24","1012.9","999.9","999.9","  62.8","  3.1","  6.6"
"34504099999","48.6","34.9666666","143.0","1988-09-06","  53.5","010000","999.9","  67.3","  54.3"," 15.5"," 0.04","1010.6","999.9","999.9","  59.0","  3.5","  8.6"
"34504099999","48.6","34.9666666","143.0","1988-09-07","  52.8","010000","999.9","  69.3","  50.0","  7.8"," 0.00","1009.0","999.9","999.9","  59.7","  3.5","  2.7"
"34504099999","48.6","34.9666666","143.0","1988-09-08","  56.6","010000","999.9","  64.9","  55.4"," 19.4"," 1.38","1003.3","999.9","999.9","  57.9","  1.6"," 13.8"
"34504099999","48.6","34.9666666","143.0","1988-09-09","  51.1","010000"," 35.0","  55.6","  50.2"," 23.3"," 0.41"," 999.5","999.9","999.9","  53.1","  3.0"," 10.8"
"34504099999","48.6","34.9666666","143.0","1988-09-10","  45.5","010000","999.9","  53.6","  47.1"," 19.4"," 0.35","1012.4","999.9","999.9","  49.5","  4.8"," 14.6"
"34504099999","48.6","34.9666666","143.0","1988-09-11","  45.0","000000","999.9","  59.2","  45.7"," 13.6"," 0.00","1017.8","999.9","999.9","  51.7","  6.2"," 10.9"
"34504099999","48.6","34.9666666","143.0","1988-09-12","  47.3","000000","999.9","  67.1","  46.8"," 15.5"," 0.00","1016.2","999.9","999.9","  56.2","  6.2"," 11.4"
"34504099999","48.6","34.9666666","143.0","1988-09-13","  53.0","000000","999.9","  72.1","  51.3"," 11.7"," 0.00","1015.2","999.9","999.9","  60.2","  5.0","  9.0"
"34504099999","48.6","34.9666666","143.0","1988-09-14","  52.2","100000","999.9","  72.1","  50.5","  7.8"," 0.00","1016.2","999.9","999.9","  60.8","  4.1","  1.9"
"34504099999","48.6","34.9666666","143.0","1988-09-15","  55.1","000000","999.9","  74.3","  50.7"," 11.7"," 0.00","1019.4","999.9","999.9","  61.9","  3.7","  4.1"
"34504099999","48.6","34.9666666","143.0","1988-09-16","  53.6","100000","999.9","  77.9","  54.5","  3.9"," 0.00","1016.4","999.9","999.9","  64.4","  4.0","  0.5"
"34504099999","48.6","34.9666666","143.0","1988-09-17","  52.7","010000","999.9","  66.2","  53.1","  9.7"," 0.00","1011.2","999.9","999.9","  59.3","  4.3","  3.6"
"34504099999","48.6","34.9666666","143.0","1988-09-18","  50.0","010000","999.9","  62.2","  47.8","  7.8"," 0.04","1011.6","999.9","999.9","  54.5","  3.4","  1.5"
"34504099999","48.6","34.9666666","143.0","1988-09-19","  41.6","010000","999.9","  56.8","  49.5"," 23.3"," 0.12","1013.7","999.9","999.9","  52.3","  4.7"," 18.3"
"34504099999","48.6","34.9666666","143.0","1988-09-20","  47.1","010000","999.9","  63.3","  49.1"," 19.4"," 0.04","1017.6","999.9","999.9","  55.6","  4.3"," 12.4"
"34504099999","48.6","34.9666666","143.0","1988-09-21","  48.5","000000","999.9","  62.8","  45.9"," 13.6"," 0.00","1016.6","999.9","999.9","  54.7","  4.6","  7.8"
"34504099999","48.6","34.9666666","143.0","1988-09-22","  48.7","000000","999.9","  61.0","  50.2"," 11.7"," 0.00","1019.5","999.9","999.9","  55.8","  4.3","  7.8"
"34504099999","48.6","34.9666666","143.0","1988-09-23","  37.2","000000","999.9","  62.6","  43.3"," 15.5"," 0.00","1024.4","999.9","999.9","  52.4","  6.2"," 12.2"
"34504099999","48.6","34.9666666","143.0","1988-09-24","  38.2","000000","999.9","  53.4","  41.9"," 17.5"," 0.00","1019.5","999.9","999.9","  48.7","  5.0"," 10.0"
"34504099999","48.6","34.9666666","143.0","1988-09-25","  48.7","000000","999.9","  59.5","  50.2","  5.8"," 0.00","1019.3","999.9","999.9","  54.7","  4.3","  2.4"
"34504099999","48.6","34.9666666","143.0","1988-09-26","  49.1","100000","999.9","  62.1","  45.3"," 11.7"," 0.00","1020.6","999.9","999.9","  53.0","  1.9","  4.3"
"34504099999","48.6","34.9666666","143.0","1988-09-27","  43.6","000000","999.9","  63.5","  42.8","  7.8"," 0.00","1022.8","999.9","999.9","  53.0","  4.5","  5.6"
"34504099999","48.6","34.9666666","143.0","1988-09-28","  53.2","000000","999.9","  70.9","  50.7","  7.8"," 0.00","1022.3","999.9","999.9","  59.6","  3.1","  4.4"
"34504099999","48.6","34.9666666","143.0","1988-09-29","  54.7","100000","999.9","  71.1","  48.7","999.9"," 0.00","1023.6","999.9","999.9","  59.9","  2.4","  0.0"
"34504099999","48.6","34.9666666","143.0","1988-09-30","  52.5","100000","999.9","  72.1","  49.5"," 11.7"," 0.00","1025.8","999.9","999.9","  59.7","  4.4","  2.4"
"34504099999","48.6","34.9666666","143.0","1988-10-01","  47.4","000000","999.9","  70.3","  49.1","  9.7"," 0.00","1024.9","999.9","999.9","  58.8","  4.6","  7.5"
"34504099999","48.6","34.9666666","143.0","1988-10-02","  47.3","000000","999.9","  68.2","  49.5"," 15.5"," 0.00","1023.3","999.9","999.9","  56.9","  3.9"," 12.9"
"34504099999","48.6","34.9666666","143.0","1988-10-03","  41.7","000000","999.9","  67.8","  46.6"," 17.5"," 0.00","1028.2","999.9","999.9","  54.3","  5.7"," 15.5"
"34504099999","48.6","34.9666666","143.0","1988-10-04","  35.7","000000","999.9","  63.9","  44.8"," 15.5"," 0.00","1028.4","999.9","999.9","  53.6","  6.2"," 14.3"
"34504099999","48.6","34.9666666","143.0","1988-10-05","  33.6","000000","999.9","  63.7","  42.3"," 17.5"," 0.00","1024.3","999.9","999.9","  52.6","  6.2"," 13.8"
"34504099999","48.6","34.9666666","143.0","1988-10-06","  40.5","010000","999.9","  60.8","  43.3"," 17.5"," 0.02","1015.5","999.9","999.9","  50.8","  5.3"," 12.2"
"34504099999","48.6","34.9666666","143.0","1988-10-07","  51.7","100000","999.9","  59.4","  47.1","  7.8"," 0.01","1011.1","999.9","999.9","  53.7","  1.5","  5.1"
"34504099999","48.6","34.9666666","143.0","1988-10-08","  55.2","100000","999.9","  66.2","  49.5"," 15.5"," 0.00","1009.0","999.9","999.9","  58.8","  2.0"," 10.9"
"34504099999","48.6","34.9666666","143.0","1988-10-09","  57.0","010000","999.9","  69.8","  53.8"," 15.5"," 0.04","1007.0","999.9","999.9","  60.0","  1.9"," 10.4"
"34504099999","48.6","34.9666666","143.0","1988-10-10","  51.8","100000","999.9","  66.9","  52.3"," 11.7"," 0.00","1019.4","999.9","999.9","  57.2","  2.6","  3.4"
"34504099999","48.6","34.9666666","143.0","1988-10-11","  43.1","100000","999.9","  66.9","  47.8"," 11.7"," 0.00","1021.8","999.9","999.9","  55.6","  5.0","  8.6"
"34504099999","48.6","34.9666666","143.0","1988-10-12","  38.0","000000","999.9","  63.5","  41.9"," 13.6"," 0.00","1023.6","999.9","999.9","  52.1","  6.2"," 10.2"
"34504099999","48.6","34.9666666","143.0","1988-10-13","  38.9","000000","999.9","  66.6","  43.2"," 15.5"," 0.00","1027.1","999.9","999.9","  55.1","  6.2"," 12.3"
"34504099999","48.6","34.9666666","143.0","1988-10-14","  41.9","000000","999.9","  60.8","  44.2"," 15.5"," 0.00","1033.2","999.9","999.9","  50.7","  6.2"," 12.9"
"34504099999","48.6","34.9666666","143.0","1988-10-15","  34.0","000000","999.9","  55.9","  36.0"," 13.6"," 0.00","1037.3","999.9","999.9","  44.4","  5.7"," 10.6"
"34504099999","48.6","34.9666666","143.0","1988-10-16","  34.4","000000","999.9","  56.7","  35.8"," 11.7"," 0.00","1033.5","999.9","999.9","  45.7","  5.3","  5.3"
"34504099999","48.6","34.9666666","143.0","1988-10-17","  33.5","000000","999.9","  51.1","  34.2"," 15.5"," 0.00","1028.5","999.9","999.9","  43.9","  2.3","  6.6"
"34504099999","48.6","34.9666666","143.0","1988-10-18","  34.2","000000","999.9","  58.1","  39.7"," 15.5"," 0.00","1025.0","999.9","999.9","  49.1","  3.4"," 12.4"
"34504099999","48.6","34.9666666","143.0","1988-10-19","  35.7","010000","999.9","  53.6","  45.3"," 13.6"," 0.08","1019.5","999.9","999.9","  48.1","  4.3"," 11.9"
"34504099999","48.6","34.9666666","143.0","1988-10-20","  33.2","010000","999.9","  48.4","  41.4"," 15.5"," 0.01","1021.7","999.9","999.9","  44.3","  3.4"," 12.2"
"34504099999","48.6","34.9666666","143.0","1988-10-21","  22.8","000000","999.9","  42.8","  30.7"," 13.6"," 0.00","1032.0","999.9","999.9","  36.2","  5.7"," 10.4"
"34504099999","48.6","34.9666666","143.0","1988-10-22","  23.6","000000","999.9","  46.4","  23.5","  7.8"," 0.00","1030.6","999.9","999.9","  32.9","  3.0","  2.9"
"34504099999","48.6","34.9666666","143.0","1988-10-23","  26.4","000000","999.9","  46.8","  24.1","  7.8"," 0.00","1024.8","999.9","999.9","  33.7","  1.7","  4.4"
"34504099999","48.6","34.9666666","143.0","1988-10-24","  40.6","000000","999.9","  52.0","  37.0"," 15.5"," 0.00","1014.7","999.9","999.9","  45.9","  2.3"," 13.4"
"34504099999","48.6","34.9666666","143.0","1988-10-25","  25.0","000000","999.9","  45.9","  30.6"," 17.5"," 0.00","1018.6","999.9","999.9","  38.0","  4.8"," 12.8"
"34504099999","48.6","34.9666666","143.0","1988-10-26","  17.3","000000","999.9","  36.0","  24.3"," 13.6"," 0.00","1030.9","999.9","999.9","  30.6","  5.7","  9.2"
"34504099999","48.6","34.9666666","143.0","1988-10-27","  16.4","000000","999.9","  36.9","  21.7","  9.7"," 0.00","1035.7","999.9","999.9","  28.4","  4.3","  7.1"
"34504099999","48.6","34.9666666","143.0","1988-10-28","  25.0","000000","999.9","  45.3","  19.8","  7.8"," 0.00","1030.7","999.9","999.9","  33.5","  5.3","  4.1"
"34504099999","48.6","34.9666666","143.0","1988-10-29","  36.0","000000","999.9","  51.1","  38.5","999.9"," 0.00","1016.9","999.9","999.9","  43.7","  4.3","  0.0"
"34504099999","48.6","34.9666666","143.0","1988-10-30","  25.1","010000","999.9","  42.8","  26.6"," 17.5"," 0.00","1013.1","999.9","999.9","  36.9","  5.3"," 13.8"
"34504099999","48.6","34.9666666","143.0","1988-10-31","  18.8","000000","999.9","  36.7","  20.7","  9.7"," 0.00","1020.9","999.9","999.9","  28.0","  5.3","  3.2"
"34504099999","48.6","34.9666666","143.0","1988-11-01","  17.5","000000","999.9","  32.9","  22.8","  9.7"," 0.00","1022.9","999.9","999.9","  27.5","  4.3","  5.1"
"34504099999","48.6","34.9666666","143.0","1988-11-02","  14.9","000000","999.9","  37.4","  15.6"," 15.5"," 0.00","1023.8","999.9","999.9","  27.1","  5.4","  7.6"
"34504099999","48.6","34.9666666","143.0","1988-11-03","  29.5","000000","999.9","  42.3","  32.9"," 13.6"," 0.00","1017.5","999.9","999.9","  35.9","  2.2"," 10.9"
"34504099999","48.6","34.9666666","143.0","1988-11-04","  18.5","000000","999.9","  33.4","  24.6"," 15.5"," 0.00","1029.6","999.9","999.9","  30.0","  5.3"," 13.1"
"34504099999","48.6","34.9666666","143.0","1988-11-05","  22.1","000000","999.9","  39.7","  21.0","  7.8"," 0.00","1035.6","999.9","999.9","  30.0","  5.3","  1.0"
"34504099999","48.6","34.9666666","143.0","1988-11-06","  22.0","010000","999.9","  40.6","  25.0"," 13.6"," 0.02","1025.2","999.9","999.9","  32.3","  3.3","  7.0"
"34504099999","48.6","34.9666666","143.0","1988-11-07","  28.2","011000","999.9","  35.6","  26.6"," 11.7"," 0.19","1012.6","999.9","999.9","  31.3","  1.6","  6.1"
"34504099999","48.6","34.9666666","143.0","1988-11-08","  27.0","001000","999.9","  36.0","  26.4","  9.7"," 0.12","1014.8","999.9","999.9","  31.7","  1.9","  6.3"
"34504099999","48.6","34.9666666","143.0","1988-11-09","  25.0","001000","999.9","  31.8","  27.0"," 11.7"," 0.09","1022.2","  1.2","999.9","  29.4","  5.0","  9.7"
"34504099999","48.6","34.9666666","143.0","1988-11-10","  15.9","001000","999.9","  26.2","  21.6"," 13.6"," 0.03","1029.9","999.9","999.9","  24.0","  4.1"," 11.7"
"34504099999","48.6","34.9666666","143.0","1988-11-11","  12.3","001000","999.9","  21.2","  12.7"," 11.7"," 0.01","1034.7","999.9","999.9","  18.0","  4.8","  9.2"
"34504099999","48.6","34.9666666","143.0","1988-11-12","  16.5","001000","999.9","  23.2","  16.9","  7.8"," 0.00","1036.5","  0.4","999.9","  19.3","  1.2","  5.6"
"34504099999","48.6","34.9666666","143.0","1988-11-13","  19.1","100000","999.9","  28.4","   8.4"," 11.7"," 0.00","1029.9","  0.4","999.9","  19.3","  0.3","  3.6"
"34504099999","48.6","34.9666666","143.0","1988-11-14","  33.1","010000","999.9","  39.2","  25.5"," 17.5"," 0.04","1013.6","  0.4","999.9","  35.9","  2.0"," 14.2"
"34504099999","48.6","34.9666666","143.0","1988-11-15","  34.1","100000","999.9","  42.4","  32.9"," 11.7"," 0.12","1005.4","999.9","999.9","  36.3","  1.3"," 10.4"
"34504099999","48.6","34.9666666","143.0","1988-11-16","  32.0","111000","999.9","  35.2","  31.6","  9.7"," 0.01","1012.2","999.9","999.9","  32.8","  0.6","  5.1"
"34504099999","48.6","34.9666666","143.0","1988-11-17","  31.8","001000","999.9","  32.9","  31.5","  5.8"," 0.00","1018.1","999.9","999.9","  32.2","  0.4","  1.2"
"34504099999","48.6","34.9666666","143.0","1988-11-18","  26.1","000000","999.9","  32.0","  27.5","  5.8"," 0.04","1020.2","999.9","999.9","  30.4","  1.6","  2.2"
"34504099999","48.6","34.9666666","143.0","1988-11-19","  29.0","011000","999.9","  35.6","  24.3"," 17.5"," 0.00","1010.4","999.9","999.9","  31.3","  1.1"," 10.4"
"34504099999","48.6","34.9666666","143.0","1988-11-20","  24.9","001000","999.9","  35.6","  27.3"," 13.6"," 0.12","1015.2","999.9","999.9","  30.3","  3.2","  7.1"
"34504099999","48.6","34.9666666","143.0","1988-11-21","  22.7","001000","999.9","  27.1","  23.0"," 17.5"," 0.00","1012.7","999.9","999.9","  25.6","  2.9"," 13.6"
"34504099999","48.6","34.9666666","143.0","1988-11-22","  26.2","101000","999.9","  35.2","  22.5"," 13.6"," 0.39","1012.4","  4.3","999.9","  27.5","  0.8","  7.3"
"34504099999","48.6","34.9666666","143.0","1988-11-23","  18.2","110000","999.9","  31.5","  13.1"," 11.7"," 0.12","1017.3","  2.4","999.9","  21.7","  1.9","  8.6"
"34504099999","48.6","34.9666666","143.0","1988-11-24","  14.6","100000","999.9","  24.4","   7.2","  7.8"," 0.00","1023.8","999.9","999.9","  17.5","  1.4","  4.1"
"34504099999","48.6","34.9666666","143.0","1988-11-25","  22.1","100000","999.9","  26.1","  18.9"," 11.7"," 0.00","1019.6","  3.1","999.9","  22.9","  0.7","  9.0"
"34504099999","48.6","34.9666666","143.0","1988-11-26","  20.3","001000","999.9","  30.7","  17.8"," 11.7"," 0.00","1015.4","  3.1","999.9","  24.4","  0.9","  8.5"
"34504099999","48.6","34.9666666","143.0","1988-11-27","  28.2","010000","999.9","  34.9","  23.9"," 13.6"," 0.00","1012.3","  3.1","999.9","  31.1","  0.7","  8.3"
"34504099999","48.6","34.9666666","143.0","1988-11-28","  20.7","001000","999.9","  34.2","  16.7"," 48.6"," 0.01","1017.0","  3.1","999.9","  26.6","  3.8"," 17.2"
"34504099999","48.6","34.9666666","143.0","1988-11-29","  20.7","001000","999.9","  35.2","  14.2"," 17.5"," 0.00","1011.6","999.9","999.9","  26.4","  3.0"," 13.4"
"34504099999","48.6","34.9666666","143.0","1988-11-30","  25.2","011000"," 48.6","  35.6","  24.8"," 36.9"," 0.20"," 993.6","  2.4","999.9","  31.4","  4.3"," 24.3"
"34504099999","48.6","34.9666666","143.0","1988-12-01","  12.4","001000"," 35.0","  24.4","  16.7"," 27.2"," 0.08","1012.5","  3.1","999.9","  20.1","  4.4"," 16.4"
"34504099999","48.6","34.9666666","143.0","1988-12-02","   8.2","000000","999.9","  18.9","   9.5","  9.7"," 0.00","1024.7","999.9","999.9","  14.0","  6.2","  8.3"
"34504099999","48.6","34.9666666","143.0","1988-12-03","   5.9","000000","999.9","  18.7","   7.7"," 17.5"," 0.00","1023.6","999.9","999.9","  14.3","  4.8"," 14.3"
"34504099999","48.6","34.9666666","143.0","1988-12-04","  15.5","011000","999.9","  27.0","  16.9"," 19.4"," 0.02","1020.6","  3.1","999.9","  22.1","  4.2"," 16.8"
"34504099999","48.6","34.9666666","143.0","1988-12-05","  31.2","110000","999.9","  34.9","  26.2"," 13.6"," 0.04","1011.1","  2.4","999.9","  31.6","  0.4","  7.8"
"34504099999","48.6","34.9666666","143.0","1988-12-06","  33.7","110000","999.9","  36.1","  30.9"," 15.5"," 0.03","1003.4","  1.2","999.9","  33.9","  0.3","  7.0"
"34504099999","48.6","34.9666666","143.0","1988-12-07","  32.3","110000","999.9","  38.8","  30.6"," 19.4"," 0.24","1005.3","  0.8","999.9","  34.2","  1.5"," 14.2"
"34504099999","48.6","34.9666666","143.0","1988-12-08","  30.2","100000","999.9","  36.3","  29.5"," 11.7"," 0.00","1020.6","  0.4","999.9","  31.8","  0.6","  5.1"
"34504099999","48.6","34.9666666","143.0","1988-12-09","  26.3","100000","999.9","  29.1","  22.6","  5.8"," 0.00","1022.1","999.9","999.9","  26.3","  0.1","  2.5"
"34504099999","48.6","34.9666666","143.0","1988-12-10","  26.3","100000","999.9","  30.2","  23.4"," 11.7"," 0.00","1013.4","  0.4","999.9","  27.1","  0.8","  7.3"
"34504099999","48.6","34.9666666","143.0","1988-12-11","  24.9","001000","999.9","  31.3","  21.4"," 17.5"," 0.10","1007.6","  0.4","999.9","  27.4","  2.1"," 13.9"
"34504099999","48.6","34.9666666","143.0","1988-12-12","  21.2","011000","999.9","  29.8","  25.3"," 23.3"," 0.05","1010.3","  2.0","999.9","  27.2","  4.7"," 12.5"
"34504099999","48.6","34.9666666","143.0","1988-12-13","  22.5","011000","999.9","  32.5","  16.5"," 15.5"," 0.31","1016.1","  3.9","999.9","  24.9","  3.7","  9.2"
"34504099999","48.6","34.9666666","143.0","1988-12-14","  15.2","011000","999.9","  23.2","   8.8","  9.7"," 0.16","1016.7","  3.9","999.9","  18.5","  3.9","  5.1"
"34504099999","48.6","34.9666666","143.0","1988-12-15","  22.7","011000","999.9","  31.6","  20.3"," 15.5"," 0.01","1010.5","  3.5","999.9","  25.0","  1.3"," 12.4"
"34504099999","48.6","34.9666666","143.0","1988-12-16","  17.6","101000","999.9","  24.4","  18.3"," 15.5"," 0.47","1021.2","999.9","999.9","  20.3","  1.2","  8.5"
"34504099999","48.6","34.9666666","143.0","1988-12-17","  18.0","101000","999.9","  22.5","  16.5"," 11.7"," 0.00","1020.1","  7.5","999.9","  19.9","  0.9","  9.7"
"34504099999","48.6","34.9666666","143.0","1988-12-18","  13.2","000000","999.9","  20.5","   7.5"," 13.6"," 0.00","1014.9","  7.1","999.9","  16.6","  1.8","  8.5"
"34504099999","48.6","34.9666666","143.0","1988-12-19","  18.8","101000","999.9","  27.3","  11.5"," 13.6"," 0.00","1011.5","  7.1","999.9","  20.8","  0.7","  5.8"
"34504099999","48.6","34.9666666","143.0","1988-12-20","  29.1","001000","999.9","  34.5","  25.5"," 19.4"," 0.01","1005.4","  6.3","999.9","  32.2","  3.1"," 17.0"
"34504099999","48.6","34.9666666","143.0","1988-12-21","  23.4","001000","999.9","  29.3","  21.9"," 15.5"," 0.00","1017.0","  4.3","999.9","  27.1","  2.1","  9.9"
"34504099999","48.6","34.9666666","143.0","1988-12-22","  18.4","001000","999.9","  31.1","  14.4"," 15.5"," 0.01","1017.9","  4.3","999.9","  23.0","  2.6"," 12.5"
"34504099999","48.6","34.9666666","143.0","1988-12-23","  30.5","011000","999.9","  34.3","  29.1"," 13.6"," 0.02","1016.8","  5.5","999.9","  33.0","  1.3"," 11.4"
"34504099999","48.6","34.9666666","143.0","1988-12-24","  32.6","100000","999.9","  35.4","  29.1"," 17.5"," 0.01","1010.1","  3.9","999.9","  33.7","  0.6"," 13.6"
"34504099999","48.6","34.9666666","143.0","1988-12-25","  32.5","001000","999.9","  34.9","  32.0"," 15.5"," 0.02"," 998.2","999.9","999.9","  33.6","  1.2"," 10.9"
"34504099999","48.6","34.9666666","143.0","1988-12-26","  13.9","001000"," 38.9","  32.0","  14.5"," 29.1"," 0.24","1011.3","999.9","999.9","  20.4","  4.6"," 21.2"
"34504099999","48.6","34.9666666","143.0","1988-12-27","   8.6","001000","999.9","  20.7","   9.5"," 13.6"," 0.00","1021.2","  3.5","999.9","  15.3","  3.3","  8.7"
"34504099999","48.6","34.9666666","143.0","1988-12-28","  30.2","011000","999.9","  34.9","  18.0"," 17.5"," 0.12","1010.8","  4.3","999.9","  31.5","  0.9"," 13.6"
"34504099999","48.6","34.9666666","143.0","1988-12-29","  10.0","001000"," 35.0","  23.0","  13.6"," 23.3"," 0.20","1023.2","  3.9","999.9","  16.2","  3.9"," 18.2"
"34504099999","48.6","34.9666666","143.0","1988-12-30","  24.5","011000","999.9","  36.9","  10.4"," 15.5"," 0.04","1020.1","999.9","999.9","  26.9","  1.8"," 13.4"
"34504099999","48.6","34.9666666","143.0","1988-12-31","  31.8","111000"," 35.0","  36.7","  30.0"," 23.3"," 0.04","1006.4","  2.8","999.9","  33.6","  0.9"," 18.2"
"34504099999","48.6","34.9666666","143.0","1989-01-01","  17.2","011000"," 38.9","  32.0","   7.2"," 27.2"," 0.20","1011.6","  3.1","999.9","  23.2","  2.3"," 20.6"
"34504099999","48.6","34.9666666","143.0","1989-01-02","  -2.0","000000","999.9","   9.1","   1.6"," 19.4"," 0.08","1033.9","999.9","999.9","   5.2","  4.7"," 15.3"
"34504099999","48.6","34.9666666","143.0","1989-01-03","   8.6","011000","999.9","  26.6","   1.4"," 17.5"," 0.00","1032.6","999.9","999.9","  13.5","  3.7"," 13.6"
"34504099999","48.6","34.9666666","143.0","1989-01-04","  30.7","010000","999.9","  34.3","  31.6"," 23.3"," 0.08","1021.4","  3.9","999.9","  33.2","  1.9"," 17.0"
"34504099999","48.6","34.9666666","143.0","1989-01-05","  25.9","001000","999.9","  32.2","  28.4"," 13.6"," 0.00","1020.5","  3.9","999.9","  29.8","  1.6"," 10.3"
"34504099999","48.6","34.9666666","143.0","1989-01-06","  26.2","001000","999.9","  30.6","  27.0","  9.7"," 0.00","1018.8","  3.9","999.9","  28.4","  1.2","  3.6"
"34504099999","48.6","34.9666666","143.0","1989-01-07","  28.2","001000","999.9","  34.2","  27.5","  9.7"," 0.02","1011.4","  3.9","999.9","  29.5","  0.5","  6.3"
"34504099999","48.6","34.9666666","143.0","1989-01-08","  26.7","101000","999.9","  29.5","  25.0","  5.8"," 0.08","1009.9","  4.7","999.9","  27.4","  0.4","  2.2"
"34504099999","48.6","34.9666666","143.0","1989-01-09","  23.3","100000","999.9","  26.8","  19.6","  9.7"," 0.01","1019.6","999.9","999.9","  23.7","  0.3","  4.9"
"34504099999","48.6","34.9666666","143.0","1989-01-10","  26.8","100000","999.9","  30.9","  25.9"," 15.5"," 0.00","1020.6","  4.7","999.9","  27.7","  0.5"," 10.9"
"34504099999","48.6","34.9666666","143.0","1989-01-11","  31.7","111000","999.9","  34.7","  27.7"," 17.5"," 0.00","1014.7","999.9","999.9","  33.5","  1.0"," 15.1"
"34504099999","48.6","34.9666666","143.0","1989-01-12","  30.5","001000","999.9","  34.5","  32.7"," 17.5"," 0.16","1021.5","  2.8","999.9","  33.6","  2.7"," 14.9"
"34504099999","48.6","34.9666666","143.0","1989-01-13","  26.4","000000","999.9","  34.9","  24.8"," 11.7"," 0.00","1029.7","  2.8","999.9","  29.8","  2.4","  9.2"
"34504099999","48.6","34.9666666","143.0","1989-01-14","  28.4","101000","999.9","  34.2","  27.7"," 13.6"," 0.00","1023.6","  2.8","999.9","  30.6","  1.3","  8.3"
"34504099999","48.6","34.9666666","143.0","1989-01-15","  30.9","111000","999.9","  33.8","  27.0"," 11.7"," 0.04","1020.7","  2.8","999.9","  31.7","  1.2","  7.3"
"34504099999","48.6","34.9666666","143.0","1989-01-16","  32.0","011000"," 35.0","  40.1","  31.3"," 25.3"," 0.18","1009.3","  3.1","999.9","  36.1","  3.5"," 18.7"
"34504099999","48.6","34.9666666","143.0","1989-01-17","  32.5","010000"," 35.0","  38.7","  35.6"," 25.3"," 0.02","1016.0","  2.8","999.9","  37.0","  3.7"," 18.5"
"34504099999","48.6","34.9666666","143.0","1989-01-18","  32.5","011000","999.9","  38.1","  34.9"," 19.4"," 0.01","1014.7","  2.0","999.9","  36.1","  2.1"," 15.1"
"34504099999","48.6","34.9666666","143.0","1989-01-19","  26.6","011000","999.9","  35.1","  28.8"," 21.4"," 0.04","1015.5","  1.6","999.9","  33.1","  4.8"," 18.7"
"34504099999","48.6","34.9666666","143.0","1989-01-20","  21.0","000000","999.9","  31.3","  26.6"," 17.5"," 0.01","1030.0","  1.6","999.9","  28.0","  5.3"," 11.7"
"34504099999","48.6","34.9666666","143.0","1989-01-21","  31.7","111000","999.9","  33.4","  26.8","  9.7"," 0.02","1029.2","999.9","999.9","  32.2","  0.5","  7.0"
"34504099999","48.6","34.9666666","143.0","1989-01-22","  32.3","110000","999.9","  37.2","  32.5"," 13.6"," 0.04","1028.1","  1.2","999.9","  33.9","  1.2","  8.4"
"34504099999","48.6","34.9666666","143.0","1989-01-23","  29.9","000000","999.9","  35.1","  32.9"," 17.5"," 0.00","1024.5","  1.2","999.9","  33.8","  2.9"," 14.9"
"34504099999","48.6","34.9666666","143.0","1989-01-24","  25.0","000000","999.9","  35.6","  25.2"," 13.6"," 0.00","1028.4","  0.8","999.9","  29.8","  2.7","  9.2"
"34504099999","48.6","34.9666666","143.0","1989-01-25","  26.5","011000","999.9","  34.9","  29.5"," 15.5"," 0.00","1028.2","  0.4","999.9","  32.7","  4.5"," 13.4"
"34504099999","48.6","34.9666666","143.0","1989-01-26","  27.5","100000","999.9","  33.6","  28.0"," 11.7"," 0.00","1032.4","999.9","999.9","  30.8","  2.9","  5.8"
"34504099999","48.6","34.9666666","143.0","1989-01-27","  33.3","100000","999.9","  34.0","  32.7","  5.8"," 0.00","1035.3","  0.4","999.9","  33.3","  0.2","  5.1"
"34504099999","48.6","34.9666666","143.0","1989-01-28","  32.3","101000","999.9","  34.5","  32.5","  7.8"," 0.00","1035.6","999.9","999.9","  33.7","  1.2","  5.8"
"34504099999","48.6","34.9666666","143.0","1989-01-29","  30.4","001000","999.9","  34.7","  31.6","  9.7"," 0.00","1035.4","999.9","999.9","  32.7","  1.6","  6.1"
"34504099999","48.6","34.9666666","143.0","1989-01-30","  29.7","010000","999.9","  32.4","  29.5"," 17.5"," 0.00","1030.3","999.9","999.9","  30.9","  0.9"," 12.6"
"34504099999","48.6","34.9666666","143.0","1989-01-31","  29.3","011000"," 35.0","  36.3","  31.6"," 21.4"," 0.00","1018.4","999.9","999.9","  33.6","  3.3"," 16.9"
"34504099999","48.6","34.9666666","143.0","1989-02-01","  23.5","001000","999.9","  34.5","  27.0"," 17.5"," 0.04","1028.5","999.9","999.9","  31.8","  6.2"," 14.6"
"34504099999","48.6","34.9666666","143.0","1989-02-02","  30.9","101000","999.9","  35.6","  25.0"," 11.7"," 0.00","1029.8","999.9","999.9","  31.9","  1.1","  8.3"
"34504099999","48.6","34.9666666","143.0","1989-02-03","  33.2","010000","999.9","  35.8","  33.8"," 11.7"," 0.00","1027.3","999.9","999.9","  34.7","  1.7","  8.0"
"34504099999","48.6","34.9666666","143.0","1989-02-04","  31.3","001000","999.9","  35.6","  33.1"," 15.5"," 0.00","1030.5","999.9","999.9","  34.5","  2.6","  9.5"
"34504099999","48.6","34.9666666","143.0","1989-02-05","  32.5","100000","999.9","  37.6","  32.0"," 15.5"," 0.00","1028.7","999.9","999.9","  33.8","  1.0","  9.2"
"34504099999","48.6","34.9666666","143.0","1989-02-06","  28.9","011000","999.9","  36.0","  28.8"," 15.5"," 0.00","1023.4","999.9","999.9","  31.9","  2.0"," 11.9"
"34504099999","48.6","34.9666666","143.0","1989-02-07","  31.1","010000","999.9","  36.1","  29.1"," 11.7"," 0.00","1028.7","999.9","999.9","  33.3","  1.2"," 10.0"
"34504099999","48.6","34.9666666","143.0","1989-02-08","  36.1","110000","999.9","  39.7","  34.9","  9.7"," 0.00","1027.0","999.9","999.9","  37.7","  1.6","  8.3"
"34504099999","48.6","34.9666666","143.0","1989-02-09","  33.1","000000","999.9","  45.5","  33.8"," 15.5"," 0.00","1026.6","999.9","999.9","  38.5","  3.2"," 14.2"
"34504099999","48.6","34.9666666","143.0","1989-02-10","  19.0","000000","999.9","  31.8","  24.8"," 19.4"," 0.00","1037.4","999.9","999.9","  28.6","  5.3"," 16.5"
"34504099999","48.6","34.9666666","143.0","1989-02-11","  17.3","000000","999.9","  33.8","  19.9"," 11.7"," 0.00","1041.8","999.9","999.9","  27.2","  4.8","  7.8"
"34504099999","48.6","34.9666666","143.0","1989-02-12","  20.2","001000","999.9","  32.7","  19.0"," 11.7"," 0.00","1028.9","999.9","999.9","  27.0","  3.5","  8.5"
"34504099999","48.6","34.9666666","143.0","1989-02-13","  31.8","101000","999.9","  34.2","  29.8","  5.8"," 0.16","1019.6","  1.6","999.9","  31.8","  0.2","  2.7"
"34504099999","48.6","34.9666666","143.0","1989-02-14","  30.1","101000","999.9","  35.1","  28.6","  3.9"," 0.02","1020.5","999.9","999.9","  30.9","  0.5","  0.7"
"34504099999","48.6","34.9666666","143.0","1989-02-15","  30.7","101000","999.9","  32.7","  30.2","  3.9"," 0.08","1022.5","  2.0","999.9","  31.3","  0.4","  1.0"
"34504099999","48.6","34.9666666","143.0","1989-02-16","  30.2","100000","999.9","  33.3","  29.1","  5.8"," 0.02","1020.7","  0.8","999.9","  30.9","  0.7","  2.9"
"34504099999","48.6","34.9666666","143.0","1989-02-17","  31.1","101000","999.9","  34.9","  28.8"," 11.7"," 0.00","1017.8","999.9","999.9","  32.2","  0.6","  6.6"
"34504099999","48.6","34.9666666","143.0","1989-02-18","  27.6","101000","999.9","  35.2","  25.9"," 11.7"," 0.02","1021.6","  0.4","999.9","  30.6","  1.2","  6.1"
"34504099999","48.6","34.9666666","143.0","1989-02-19","  24.4","001000","999.9","  34.2","  27.3","  9.7"," 0.00","1027.8","999.9","999.9","  29.9","  3.9","  7.0"
"34504099999","48.6","34.9666666","143.0","1989-02-20","  30.0","111000","999.9","  35.2","  26.8"," 23.3"," 0.17","1018.9","999.9","999.9","  31.6","  1.9"," 12.1"
"34504099999","48.6","34.9666666","143.0","1989-02-21","  32.6","111000"," 35.0","  41.0","  34.5"," 23.3"," 0.03","1010.3","999.9","999.9","  37.4","  3.4"," 17.5"
"34504099999","48.6","34.9666666","143.0","1989-02-22","  28.1","001000","999.9","  39.2","  31.3"," 15.5"," 0.00","1016.3","999.9","999.9","  34.7","  4.8"," 11.9"
"34504099999","48.6","34.9666666","143.0","1989-02-23","  27.7","010000","999.9","  38.1","  30.7"," 13.6"," 0.00","1022.4","999.9","999.9","  33.5","  3.7","  9.0"
"34504099999","48.6","34.9666666","143.0","1989-02-24","  29.3","000000","999.9","  43.3","  28.0"," 13.6"," 0.00","1021.0","999.9","999.9","  35.3","  4.0"," 10.9"
"34504099999","48.6","34.9666666","143.0","1989-02-25","  38.7","000000","999.9","  51.1","  33.8"," 13.6"," 0.00","1011.8","999.9","999.9","  42.2","  1.4"," 11.7"
"34504099999","48.6","34.9666666","143.0","1989-02-26","  38.0","000000","999.9","  59.7","  42.6"," 17.5"," 0.00","1003.6","999.9","999.9","  48.4","  3.9"," 16.0"
"34504099999","48.6","34.9666666","143.0","1989-02-27","  37.8","010000","999.9","  53.6","  40.3"," 23.3"," 0.04"," 995.4","999.9","999.9","  44.8","  2.8"," 15.8"
"34504099999","48.6","34.9666666","143.0","1989-02-28","  42.1","010000","999.9","  49.1","  38.5"," 15.5"," 0.04"," 998.1","999.9","999.9","  43.6","  3.2"," 12.1"
"34504099999","48.6","34.9666666","143.0","1989-03-01","  39.4","110000","999.9","  49.1","  34.9"," 13.6"," 0.00","1011.3","999.9","999.9","  41.0","  3.2","  7.5"
"34504099999","48.6","34.9666666","143.0","1989-03-02","  40.2","110000","999.9","  47.5","  39.9"," 15.5"," 0.08","1014.2","999.9","999.9","  43.1","  5.0"," 10.4"
"34504099999","48.6","34.9666666","143.0","1989-03-03","  38.5","110000","999.9","  50.9","  37.0"," 19.4"," 0.04","1012.7","999.9","999.9","  43.5","  4.6"," 14.4"
"34504099999","48.6","34.9666666","143.0","1989-03-04","  40.3","110000","999.9","  45.7","  39.2"," 15.5"," 0.00","1015.0","999.9","999.9","  41.1","  1.3","  7.0"
"34504099999","48.6","34.9666666","143.0","1989-03-05","  39.6","110000","999.9","  45.5","  36.7"," 11.7"," 0.02","1021.7","999.9","999.9","  41.2","  1.6","  6.8"
"34504099999","48.6","34.9666666","143.0","1989-03-06","  36.9","000000","999.9","  42.8","  35.8"," 15.5"," 0.02","1023.2","999.9","999.9","  39.5","  3.0"," 12.5"
"34504099999","48.6","34.9666666","143.0","1989-03-07","  33.9","010000","999.9","  37.4","  33.8"," 15.5"," 0.00","1018.4","999.9","999.9","  35.6","  1.7"," 10.7"
"34504099999","48.6","34.9666666","143.0","1989-03-08","  38.3","110000","999.9","  41.7","  35.6","  9.7"," 0.15","1014.8","999.9","999.9","  38.7","  1.0","  6.1"
"34504099999","48.6","34.9666666","143.0","1989-03-09","  37.0","110000","999.9","  42.1","  35.8","  3.9"," 0.03","1020.5","999.9","999.9","  38.4","  1.2","  1.0"
"34504099999","48.6","34.9666666","143.0","1989-03-10","  36.3","100000","999.9","  42.8","  33.3","  9.7"," 0.00","1027.6","999.9","999.9","  37.4","  1.4","  3.9"
"34504099999","48.6","34.9666666","143.0","1989-03-11","  32.3","000000","999.9","  48.4","  36.9"," 15.5"," 0.01","1029.2","999.9","999.9","  41.0","  3.9"," 12.6"
"34504099999","48.6","34.9666666","143.0","1989-03-12","  28.3","000000","999.9","  52.5","  31.8"," 17.5"," 0.01","1025.2","999.9","999.9","  39.8","  5.3"," 12.9"
"34504099999","48.6","34.9666666","143.0","1989-03-13","  30.6","000000","999.9","  53.4","  30.2"," 13.6"," 0.00","1019.2","999.9","999.9","  41.2","  3.7","  6.8"
"34504099999","48.6","34.9666666","143.0","1989-03-14","  31.8","000000","999.9","  55.4","  34.7"," 11.7"," 0.00","1014.8","999.9","999.9","  44.2","  3.9","  7.5"
"34504099999","48.6","34.9666666","143.0","1989-03-15","  32.0","000000","999.9","  55.4","  33.4","  3.9"," 0.00","1013.2","999.9","999.9","  43.9","  3.3","  2.4"
"34504099999","48.6","34.9666666","143.0","1989-03-16","  33.3","000000","999.9","  52.3","  36.7","  7.8"," 0.00","1013.7","999.9","999.9","  43.3","  2.5","  6.1"
"34504099999","48.6","34.9666666","143.0","1989-03-17","  37.5","100000","999.9","  55.4","  34.5"," 13.6"," 0.00","1015.9","999.9","999.9","  44.1","  1.5","  9.7"
"34504099999","48.6","34.9666666","143.0","1989-03-18","  36.6","000000","999.9","  62.1","  39.9"," 17.5"," 0.00","1015.0","999.9","999.9","  50.9","  3.4"," 13.3"
"34504099999","48.6","34.9666666","143.0","1989-03-19","  32.3","010000","999.9","  50.0","  41.4"," 17.5"," 0.00","1018.7","999.9","999.9","  45.1","  4.5"," 12.1"
"34504099999","48.6","34.9666666","143.0","1989-03-20","  26.0","000000","999.9","  51.8","  34.3","  9.7"," 0.00","1020.8","999.9","999.9","  43.0","  5.3","  5.3"
"34504099999","48.6","34.9666666","143.0","1989-03-21","  26.9","000000","999.9","  57.9","  32.7","  7.8"," 0.00","1020.6","999.9","999.9","  46.2","  5.1","  3.6"
"34504099999","48.6","34.9666666","143.0","1989-03-22","  39.2","010000","999.9","  59.9","  41.0"," 13.6"," 0.31","1017.9","999.9","999.9","  48.4","  5.6"," 10.7"
"34504099999","48.6","34.9666666","143.0","1989-03-23","  38.7","000000","999.9","  58.1","  37.0","  5.8"," 0.00","1014.2","999.9","999.9","  47.3","  4.5","  1.7"
"34504099999","48.6","34.9666666","143.0","1989-03-24","  36.4","000000","999.9","  55.6","  40.5"," 17.5"," 0.00","1011.9","999.9","999.9","  47.9","  4.0","  9.2"
"34504099999","48.6","34.9666666","143.0","1989-03-25","  29.3","000000","999.9","  52.2","  34.9"," 13.6"," 0.00","1011.4","999.9","999.9","  43.9","  5.7","  7.2"
"34504099999","48.6","34.9666666","143.0","1989-03-26","  33.5","010000","999.9","  48.2","  38.1"," 23.3"," 0.02","1005.8","999.9","999.9","  42.0","  5.3"," 12.5"
"34504099999","48.6","34.9666666","143.0","1989-03-27","  34.4","010000","999.9","  43.7","  34.2"," 17.5"," 0.28","1007.9","999.9","999.9","  37.9","  5.6"," 14.6"
"34504099999","48.6","34.9666666","143.0","1989-03-28","  31.3","000000","999.9","  43.7","  31.6"," 17.5"," 0.02","1015.6","999.9","999.9","  37.6","  5.3"," 14.6"
"34504099999","48.6","34.9666666","143.0","1989-03-29","  27.3","010000","999.9","  45.0","  31.5"," 15.5"," 0.00","1014.6","999.9","999.9","  38.6","  5.7","  8.3"
"34504099999","48.6","34.9666666","143.0","1989-03-30","  26.2","010000","999.9","  52.7","  35.1"," 23.3"," 0.01","1012.6","999.9","999.9","  44.4","  5.3"," 15.3"
"34504099999","48.6","34.9666666","143.0","1989-03-31","  34.3","010000","999.9","  47.5","  39.2"," 15.5"," 0.00","1013.5","999.9","999.9","  43.1","  4.8"," 11.7"
"34504099999","48.6","34.9666666","143.0","1989-04-01","  40.7","010010","999.9","  56.3","  39.7"," 19.4"," 0.04","1008.6","999.9","999.9","  47.2","  2.3","  7.8"
"34504099999","48.6","34.9666666","143.0","1989-04-02","  40.0","010000","999.9","  50.0","  38.5"," 13.6"," 0.04","1002.9","999.9","999.9","  45.1","  3.0","  9.7"
"34504099999","48.6","34.9666666","143.0","1989-04-03","  21.5","000000","999.9","  47.5","  32.5"," 23.3"," 0.02","1014.4","999.9","999.9","  39.6","  4.8"," 13.8"
"34504099999","48.6","34.9666666","143.0","1989-04-04","  29.3","011000","999.9","  42.6","  34.3"," 13.6"," 0.00","1021.9","999.9","999.9","  36.9","  3.1","  8.7"
"34504099999","48.6","34.9666666","143.0","1989-04-05","  34.1","010000","999.9","  42.1","  35.2"," 15.5"," 0.08","1022.4","999.9","999.9","  37.2","  1.9"," 14.2"
"34504099999","48.6","34.9666666","143.0","1989-04-06","  30.2","000000","999.9","  59.4","  35.2"," 15.5"," 0.00","1019.2","999.9","999.9","  47.1","  5.3"," 14.3"
"34504099999","48.6","34.9666666","143.0","1989-04-07","  30.3","010000"," 35.0","  59.9","  42.6"," 33.0"," 0.00","1014.9","999.9","999.9","  48.2","  6.2"," 20.4"
"34504099999","48.6","34.9666666","143.0","1989-04-08","  33.6","000000","999.9","  47.3","  36.7"," 13.6"," 0.00","1015.2","999.9","999.9","  41.7","  5.3"," 10.9"
"34504099999","48.6","34.9666666","143.0","1989-04-09","  33.7","000000","999.9","  50.9","  33.3"," 15.5"," 0.00","1022.3","999.9","999.9","  40.3","  2.9","  9.5"
"34504099999","48.6","34.9666666","143.0","1989-04-10","  36.8","100000","999.9","  57.0","  32.0"," 11.7"," 0.00","1023.5","999.9","999.9","  45.2","  3.9","  5.6"
"34504099999","48.6","34.9666666","143.0","1989-04-11","  39.0","000000","999.9","  59.5","  37.8"," 11.7"," 0.00","1025.1","999.9","999.9","  47.8","  3.1","  9.7"
"34504099999","48.6","34.9666666","143.0","1989-04-12","  38.9","000000","999.9","  67.5","  42.1"," 15.5"," 0.00","1023.8","999.9","999.9","  54.6","  5.3"," 11.4"
"34504099999","48.6","34.9666666","143.0","1989-04-13","  34.8","000000","999.9","  69.8","  46.8"," 19.4"," 0.00","1019.4","999.9","999.9","  57.2","  6.2"," 13.8"
"34504099999","48.6","34.9666666","143.0","1989-04-14","  27.1","000000","999.9","  70.0","  47.1"," 17.5"," 0.00","1013.5","999.9","999.9","  58.9","  4.3"," 13.8"
"34504099999","48.6","34.9666666","143.0","1989-04-15","  40.1","110000","999.9","  68.0","  50.2"," 15.5"," 0.20","1006.5","999.9","999.9","  54.9","  3.4"," 11.9"
"34504099999","48.6","34.9666666","143.0","1989-04-16","  48.4","010010","999.9","  59.9","  48.6"," 13.6"," 0.47","1005.2","999.9","999.9","  51.1","  3.6","  9.7"
"34504099999","48.6","34.9666666","143.0","1989-04-17","  45.6","010000","999.9","  59.0","  48.2"," 13.6"," 0.39","1010.9","999.9","999.9","  52.5","  3.0","  6.8"
"34504099999","48.6","34.9666666","143.0","1989-04-18","  46.9","100000","999.9","  65.5","  42.1","  5.8"," 0.00","1019.0","999.9","999.9","  53.4","  1.0","  1.2"
"34504099999","48.6","34.9666666","143.0","1989-04-19","  48.1","100000","999.9","  65.3","  45.0"," 15.5"," 0.00","1019.1","999.9","999.9","  54.6","  2.6","  8.0"
"34504099999","48.6","34.9666666","143.0","1989-04-20","  50.6","110000","999.9","  55.0","  50.2"," 13.6"," 0.21","1018.4","999.9","999.9","  53.0","  6.1","  6.7"
"34504099999","48.6","34.9666666","143.0","1989-04-21","  45.6","000000","999.9","  61.9","  48.6"," 15.5"," 0.00","1022.2","999.9","999.9","  53.8","  3.3"," 10.0"
"34504099999","48.6","34.9666666","143.0","1989-04-22","  43.2","000000","999.9","  67.8","  45.0","  7.8"," 0.00","1021.7","999.9","999.9","  56.6","  4.8","  3.4"
"34504099999","48.6","34.9666666","143.0","1989-04-23","  43.3","000000","999.9","  74.1","  42.8","  9.7"," 0.00","1014.6","999.9","999.9","  59.0","  5.3","  5.6"
"34504099999","48.6","34.9666666","143.0","1989-04-24","  47.5","000000","999.9","  72.7","  47.1","  3.9"," 0.00","1011.2","999.9","999.9","  61.5","  6.2","  2.4"
"34504099999","48.6","34.9666666","143.0","1989-04-25","  51.4","000000","999.9","  66.4","  52.5"," 11.7"," 0.00","1013.5","999.9","999.9","  57.6","  2.1","  7.5"
"34504099999","48.6","34.9666666","143.0","1989-04-26","  46.2","110000","999.9","  64.9","  48.6","  9.7"," 0.00","1016.0","999.9","999.9","  55.9","  2.5","  5.8"
"34504099999","48.6","34.9666666","143.0","1989-04-27","  48.0","000000","999.9","  69.4","  45.3"," 13.6"," 0.00","1016.6","999.9","999.9","  60.1","  4.6","  7.5"
"34504099999","48.6","34.9666666","143.0","1989-04-28","  46.9","000000","999.9","  74.5","  49.1"," 13.6"," 0.00","1019.5","999.9","999.9","  61.5","  5.3"," 10.4"
"34504099999","48.6","34.9666666","143.0","1989-04-29","  45.2","000000","999.9","  78.1","  50.4"," 23.3"," 0.00","1019.2","999.9","999.9","  63.3","  6.2"," 16.5"
"34504099999","48.6","34.9666666","143.0","1989-04-30","  35.8","000000"," 35.0","  82.0","  51.1"," 25.3"," 0.00","1014.9","999.9","999.9","  64.8","  5.7"," 17.7"
"34504099999","48.6","34.9666666","143.0","1989-05-01","  45.2","000000","999.9","  74.8","  51.8"," 15.5"," 0.00","1012.1","999.9","999.9","  63.6","  5.0","  9.7"
"34504099999","48.6","34.9666666","143.0","1989-05-02","  43.8","010000","999.9","  73.0","  52.2"," 13.6"," 0.00","1013.9","999.9","999.9","  62.4","  6.2","  8.0"
"34504099999","48.6","34.9666666","143.0","1989-05-03","  45.7","010000","999.9","  72.0","  48.9","  9.7"," 0.12","1013.3","999.9","999.9","  58.6","  5.1","  6.9"
"34504099999","48.6","34.9666666","143.0","1989-05-04","  48.5","000000","999.9","  67.5","  50.4"," 15.5"," 0.00","1011.3","999.9","999.9","  59.0","  3.9","  5.8"
"34504099999","48.6","34.9666666","143.0","1989-05-05","  46.0","000000","999.9","  63.3","  50.2","  9.7"," 0.00","1009.7","999.9","999.9","  57.1","  4.2","  7.8"
"34504099999","48.6","34.9666666","143.0","1989-05-06","  43.1","000000","999.9","  66.6","  48.2","  7.8"," 0.00","1004.2","999.9","999.9","  58.1","  4.8","  6.6"
"34504099999","48.6","34.9666666","143.0","1989-05-07","  46.5","000010","999.9","  68.5","  49.6","  7.8"," 0.03","1004.8","999.9","999.9","  58.8","  5.7","  1.7"
"34504099999","48.6","34.9666666","143.0","1989-05-08","  48.0","010000","999.9","  58.3","  49.3"," 15.5"," 0.31","1009.0","999.9","999.9","  52.4","  3.4","  5.3"
"34504099999","48.6","34.9666666","143.0","1989-05-09","  39.8","000000","999.9","  63.5","  41.7","  7.8"," 0.00","1010.1","999.9","999.9","  53.5","  5.3","  5.3"
"34504099999","48.6","34.9666666","143.0","1989-05-10","  47.0","010000","999.9","  56.3","  44.2"," 13.6"," 0.12","1011.5","999.9","999.9","  50.7","  3.9","  6.8"
"34504099999","48.6","34.9666666","143.0","1989-05-11","  47.1","000000","999.9","  68.4","  46.0","  5.8"," 0.00","1013.1","999.9","999.9","  57.5","  3.9","  1.9"
"34504099999","48.6","34.9666666","143.0","1989-05-12","  52.0","010010","999.9","  71.8","  50.7"," 13.6"," 0.43","1013.0","999.9","999.9","  59.5","  2.5","  9.7"
"34504099999","48.6","34.9666666","143.0","1989-05-13","  52.9","000000","999.9","  75.4","  51.6"," 13.6"," 0.00","1015.0","999.9","999.9","  64.6","  3.7"," 10.0"
"34504099999","48.6","34.9666666","143.0","1989-05-14","  55.2","010000","999.9","  76.6","  54.0","  9.7"," 0.00","1015.9","999.9","999.9","  64.3","  4.3","  6.8"
"34504099999","48.6","34.9666666","143.0","1989-05-15","  54.6","000000","999.9","  80.6","  54.9"," 17.5"," 0.00","1015.0","999.9","999.9","  67.4","  6.2","  8.3"
"34504099999","48.6","34.9666666","143.0","1989-05-16","  46.2","010000","999.9","  69.3","  55.8"," 19.4"," 0.00","1019.0","999.9","999.9","  62.6","  6.2"," 16.2"
"34504099999","48.6","34.9666666","143.0","1989-05-17","  44.8","000000","999.9","  71.4","  46.4"," 19.4"," 0.00","1019.9","999.9","999.9","  62.3","  5.7"," 13.4"
"34504099999","48.6","34.9666666","143.0","1989-05-18","  46.7","000000","999.9","  73.8","  59.0"," 17.5"," 0.00","1017.4","999.9","999.9","  65.9","  6.2"," 15.5"
"34504099999","48.6","34.9666666","143.0","1989-05-19","  44.2","000000","999.9","  73.2","  55.8"," 13.6"," 0.00","1023.9","999.9","999.9","  64.3","  6.2","  8.5"
"34504099999","48.6","34.9666666","143.0","1989-05-20","  43.9","000000","999.9","  75.9","  52.5","  3.9"," 0.00","1023.6","999.9","999.9","  64.7","  5.3","  1.0"
"34504099999","48.6","34.9666666","143.0","1989-05-21","  47.6","000000","999.9","  77.4","  56.1"," 13.6"," 0.00","1015.3","999.9","999.9","  66.8","  5.3","  8.3"
"34504099999","48.6","34.9666666","143.0","1989-05-22","  46.2","010000","999.9","  61.2","  50.9"," 15.5"," 0.12","1015.1","999.9","999.9","  55.8","  3.9"," 11.3"
"34504099999","48.6","34.9666666","143.0","1989-05-23","  36.3","000000","999.9","  56.7","  45.1"," 17.5"," 0.08","1023.5","999.9","999.9","  50.4","  6.2"," 13.4"
"34504099999","48.6","34.9666666","143.0","1989-05-24","  33.9","000000","999.9","  61.9","  42.1"," 13.6"," 0.00","1026.0","999.9","999.9","  53.6","  6.2","  8.3"
"34504099999","48.6","34.9666666","143.0","1989-05-25","  40.4","000000","999.9","  70.0","  47.8"," 15.5"," 0.00","1026.2","999.9","999.9","  57.6","  6.2","  7.4"
"34504099999","48.6","34.9666666","143.0","1989-05-26","  39.7","000000","999.9","  68.0","  51.6"," 17.5"," 0.00","1025.1","999.9","999.9","  59.8","  6.2"," 13.8"
"34504099999","48.6","34.9666666","143.0","1989-05-27","  32.9","000000","999.9","  69.3","  46.2"," 19.4"," 0.00","1025.0","999.9","999.9","  57.3","  6.2"," 10.7"
"34504099999","48.6","34.9666666","143.0","1989-05-28","  36.6","000000","999.9","  73.2","  48.2","  7.8"," 0.00","1023.6","999.9","999.9","  60.2","  6.2","  5.3"
"34504099999","48.6","34.9666666","143.0","1989-05-29","  39.2","000000","999.9","  75.4","  50.2","  9.7"," 0.00","1019.7","999.9","999.9","  64.3","  6.2","  5.8"
"34504099999","48.6","34.9666666","143.0","1989-05-30","  47.0","010000","999.9","  66.6","  55.9","  9.7"," 0.01","1015.8","999.9","999.9","  60.8","  6.2","  5.3"
"34504099999","48.6","34.9666666","143.0","1989-05-31","  53.8","010000","999.9","  60.3","  53.4"," 11.7"," 0.03","1014.4","999.9","999.9","  56.4","  4.2","  6.6"
"34504099999","48.6","34.9666666","143.0","1989-06-01","  52.4","000000","999.9","  71.1","  52.5"," 11.7"," 0.24","1016.2","999.9","999.9","  60.8","  4.0","  7.3"
"34504099999","48.6","34.9666666","143.0","1989-06-02","  50.6","000000","999.9","  75.6","  54.0"," 11.7"," 0.00","1016.5","999.9","999.9","  65.1","  5.1","  7.0"
"34504099999","48.6","34.9666666","143.0","1989-06-03","  52.6","000010","999.9","  79.2","  56.8","  9.7"," 0.00","1014.5","999.9","999.9","  66.0","  6.2","  5.8"
"34504099999","48.6","34.9666666","143.0","1989-06-04","  52.6","000000","999.9","  77.4","  54.7","  3.9"," 0.00","1014.5","999.9","999.9","  66.6","  5.7","  2.4"
"34504099999","48.6","34.9666666","143.0","1989-06-05","  54.6","000000","999.9","  84.9","  59.0"," 13.6"," 0.00","1015.7","999.9","999.9","  72.4","  5.3","  6.3"
"34504099999","48.6","34.9666666","143.0","1989-06-06","  56.3","000000","999.9","  85.8","  58.6","  9.7"," 0.00","1016.6","999.9","999.9","  73.4","  6.2","  5.6"
"34504099999","48.6","34.9666666","143.0","1989-06-07","  56.3","000000","999.9","  94.1","  63.7"," 23.3"," 0.00","1009.5","999.9","999.9","  79.3","  6.2"," 15.1"
"34504099999","48.6","34.9666666","143.0","1989-06-08","  56.0","000000","999.9","  93.2","  69.1"," 23.3"," 0.00","1005.9","999.9","999.9","  79.0","  5.7"," 15.1"
"34504099999","48.6","34.9666666","143.0","1989-06-09","  60.9","010010","999.9","  84.6","  64.6"," 11.7"," 0.02","1007.2","999.9","999.9","  73.5","  4.8","  8.3"
"34504099999","48.6","34.9666666","143.0","1989-06-10","  59.4","000010","999.9","  81.1","  62.8"," 13.6"," 0.02","1006.5","999.9","999.9","  74.6","  5.6","  7.4"
"34504099999","48.6","34.9666666","143.0","1989-06-11","  57.8","000010","999.9","  77.7","  60.3"," 11.7"," 0.00","1010.5","999.9","999.9","  67.8","  6.2","  5.1"
"34504099999","48.6","34.9666666","143.0","1989-06-12","  55.1","000000","999.9","  80.8","  54.3","  3.9"," 0.00","1014.0","999.9","999.9","  70.2","  4.7","  1.7"
"34504099999","48.6","34.9666666","143.0","1989-06-13","  61.9","010010","999.9","  71.6","  61.2","  7.8"," 0.87","1012.3","999.9","999.9","  66.9","  3.1","  2.9"
"34504099999","48.6","34.9666666","143.0","1989-06-14","  58.6","010010","999.9","  79.0","  59.0"," 15.5"," 0.20","1011.2","999.9","999.9","  68.0","  3.2","  5.0"
"34504099999","48.6","34.9666666","143.0","1989-06-15","  58.0","010010","999.9","  75.2","  56.5"," 15.5"," 0.51","1012.3","999.9","999.9","  63.8","  3.3","  5.1"
"34504099999","48.6","34.9666666","143.0","1989-06-16","  57.7","010010","999.9","  72.5","  57.4","  7.8"," 0.01","1012.3","999.9","999.9","  63.9","  2.5","  2.5"
"34504099999","48.6","34.9666666","143.0","1989-06-17","  57.7","100000","999.9","  73.9","  56.7","  3.9"," 0.04","1013.5","999.9","999.9","  60.9","  1.6","  1.0"
"34504099999","48.6","34.9666666","143.0","1989-06-18","  58.3","000010","999.9","  76.3","  59.5","  9.7"," 0.00","1013.2","999.9","999.9","  68.6","  4.2","  5.1"
"34504099999","48.6","34.9666666","143.0","1989-06-19","  59.5","010010","999.9","  76.1","  59.4"," 15.5"," 0.67","1011.9","999.9","999.9","  65.6","  3.0","  6.3"
"34504099999","48.6","34.9666666","143.0","1989-06-20","  54.8","010000","999.9","  71.1","  57.6"," 15.5"," 1.42","1012.5","999.9","999.9","  62.8","  3.6"," 10.5"
"34504099999","48.6","34.9666666","143.0","1989-06-21","  54.5","010010","999.9","  78.3","  53.1"," 11.7"," 0.00","1012.9","999.9","999.9","  65.8","  4.5","  4.1"
"34504099999","48.6","34.9666666","143.0","1989-06-22","  58.4","000010","999.9","  75.2","  59.0","  9.7"," 0.12","1010.2","999.9","999.9","  66.5","  4.1","  5.5"
"34504099999","48.6","34.9666666","143.0","1989-06-23","  59.4","000000","999.9","  76.1","  56.7","  5.8"," 0.00","1008.7","999.9","999.9","  67.3","  4.3","  2.2"
"34504099999","48.6","34.9666666","143.0","1989-06-24","  59.5","010010","999.9","  79.2","  59.4","  7.8"," 0.20","1008.6","999.9","999.9","  67.4","  3.3","  3.2"
"34504099999","48.6","34.9666666","143.0","1989-06-25","  60.9","010010","999.9","  79.3","  60.4","  5.8"," 0.00","1011.2","999.9","999.9","  68.4","  3.0","  2.7"
"34504099999","48.6","34.9666666","143.0","1989-06-26","  61.1","000010","999.9","  75.4","  60.3","  9.7"," 0.00","1013.8","999.9","999.9","  67.2","  3.7","  3.9"
"34504099999","48.6","34.9666666","143.0","1989-06-27","  63.0","000010","999.9","  79.7","  60.6","  5.8"," 0.00","1013.5","999.9","999.9","  71.2","  4.3","  1.9"
"34504099999","48.6","34.9666666","143.0","1989-06-28","  64.5","010010","999.9","  81.1","  66.2","  7.8"," 0.02","1011.4","999.9","999.9","  70.3","  3.0","  2.4"
"34504099999","48.6","34.9666666","143.0","1989-06-29","  61.6","000000","999.9","  86.5","  63.3","  7.8"," 0.00","1009.4","999.9","999.9","  75.0","  2.7","  3.9"
"34504099999","48.6","34.9666666","143.0","1989-06-30","  62.9","010010","999.9","  85.5","  64.8","  9.7"," 0.00","1008.6","999.9","999.9","  73.4","  5.1","  2.7"
"34504099999","48.6","34.9666666","143.0","1989-07-01","  62.6","000010","999.9","  79.7","  63.3"," 13.6"," 0.00","1008.9","999.9","999.9","  71.4","  5.1","  8.0"
"34504099999","48.6","34.9666666","143.0","1989-07-02","  60.5","000000","999.9","  77.0","  60.8"," 11.7"," 0.00","1010.9","999.9","999.9","  68.7","  4.0","  5.8"
"34504099999","48.6","34.9666666","143.0","1989-07-03","  57.4","100000","999.9","  79.2","  59.7"," 11.7"," 0.00","1014.4","999.9","999.9","  69.7","  4.1","  5.1"
"34504099999","48.6","34.9666666","143.0","1989-07-04","  55.0","010000","999.9","  74.5","  58.8"," 15.5"," 0.00","1014.1","999.9","999.9","  67.4","  5.1","  9.1"
"34504099999","48.6","34.9666666","143.0","1989-07-05","  59.2","010000","999.9","  65.1","  57.2"," 13.6"," 0.33","1010.1","999.9","999.9","  62.2","  3.6"," 13.4"
"34504099999","48.6","34.9666666","143.0","1989-07-06","  61.8","010000","999.9","  72.9","  61.7"," 13.6"," 0.04","1009.0","999.9","999.9","  66.6","  3.6"," 11.7"
"34504099999","48.6","34.9666666","143.0","1989-07-07","  53.4","000000","999.9","  76.6","  62.8"," 17.5"," 0.00","1010.5","999.9","999.9","  69.1","  6.2"," 13.6"
"34504099999","48.6","34.9666666","143.0","1989-07-08","  46.8","000000","999.9","  70.7","  55.9"," 17.5"," 0.00","1017.1","999.9","999.9","  62.1","  6.2"," 11.7"
"34504099999","48.6","34.9666666","143.0","1989-07-09","  54.1","000000","999.9","  80.2","  54.5","  9.7"," 0.00","1022.8","999.9","999.9","  69.3","  6.2","  5.3"
"34504099999","48.6","34.9666666","143.0","1989-07-10","  58.6","000000","999.9","  86.7","  65.8"," 11.7"," 0.00","1022.2","999.9","999.9","  77.5","  6.2","  9.7"
"34504099999","48.6","34.9666666","143.0","1989-07-11","  57.0","000000","999.9","  88.7","  67.3","  9.7"," 0.00","1019.5","999.9","999.9","  78.9","  5.3","  5.3"
"34504099999","48.6","34.9666666","143.0","1989-07-12","  58.1","000000","999.9","  88.3","  67.1","  9.7"," 0.01","1016.3","999.9","999.9","  77.9","  4.3","  4.9"
"34504099999","48.6","34.9666666","143.0","1989-07-13","  60.7","000000","999.9","  86.7","  66.9","  7.8"," 0.00","1014.0","999.9","999.9","  74.4","  5.7","  1.9"
"34504099999","48.6","34.9666666","143.0","1989-07-14","  61.6","000000","999.9","  92.3","  63.0","  9.7"," 0.00","1012.0","999.9","999.9","  78.3","  4.8","  4.6"
"34504099999","48.6","34.9666666","143.0","1989-07-15","  62.5","000010","999.9","  87.1","  67.6"," 15.5"," 0.00","1011.3","999.9","999.9","  73.5","  3.3"," 10.4"
"34504099999","48.6","34.9666666","143.0","1989-07-16","  60.7","100000","999.9","  76.5","  62.6"," 13.6"," 0.04","1009.4","999.9","999.9","  69.8","  2.0","  4.9"
"34504099999","48.6","34.9666666","143.0","1989-07-17","  51.1","000000","999.9","  77.0","  61.9"," 13.6"," 0.00","1010.0","999.9","999.9","  68.6","  4.8"," 10.4"
"34504099999","48.6","34.9666666","143.0","1989-07-18","  44.3","000000","999.9","  73.4","  57.2"," 15.5"," 0.00","1015.5","999.9","999.9","  64.7","  6.2"," 10.9"
"34504099999","48.6","34.9666666","143.0","1989-07-19","  46.9","000000","999.9","  82.8","  54.0","  9.7"," 0.00","1015.7","999.9","999.9","  67.4","  6.2","  7.5"
"34504099999","48.6","34.9666666","143.0","1989-07-20","  51.9","010010","999.9","  77.0","  60.3","  9.7"," 0.08","1012.5","999.9","999.9","  68.6","  5.7","  5.8"
"34504099999","48.6","34.9666666","143.0","1989-07-21","  44.6","000000","999.9","  74.7","  51.4"," 17.5"," 0.00","1015.6","999.9","999.9","  63.7","  6.2"," 10.2"
"34504099999","48.6","34.9666666","143.0","1989-07-22","  50.4","000000","999.9","  73.0","  54.5"," 11.7"," 0.00","1016.0","999.9","999.9","  65.0","  6.2","  9.0"
"34504099999","48.6","34.9666666","143.0","1989-07-23","  52.1","000000","999.9","  73.2","  55.8"," 13.6"," 0.00","1019.5","999.9","999.9","  64.6","  5.3","  8.5"
"34504099999","48.6","34.9666666","143.0","1989-07-24","  48.1","000000","999.9","  77.0","  57.6"," 13.6"," 0.00","1020.0","999.9","999.9","  68.4","  4.8","  7.0"
"34504099999","48.6","34.9666666","143.0","1989-07-25","  50.4","000000","999.9","  76.5","  55.8"," 11.7"," 0.00","1019.6","999.9","999.9","  67.8","  5.7","  5.6"
"34504099999","48.6","34.9666666","143.0","1989-07-26","  52.3","000000","999.9","  74.7","  59.9"," 13.6"," 0.00","1017.4","999.9","999.9","  65.6","  5.7","  9.5"
"34504099999","48.6","34.9666666","143.0","1989-07-27","  54.8","000000","999.9","  70.5","  56.3"," 15.5"," 0.00","1016.2","999.9","999.9","  64.4","  5.7"," 11.7"
"34504099999","48.6","34.9666666","143.0","1989-07-28","  57.1","010000","999.9","  77.0","  59.0","  9.7"," 0.02","1016.1","999.9","999.9","  67.3","  4.3","  8.3"
"34504099999","48.6","34.9666666","143.0","1989-07-29","  57.6","000000","999.9","  77.5","  58.6"," 13.6"," 0.00","1016.7","999.9","999.9","  69.5","  5.3","  8.0"
"34504099999","48.6","34.9666666","143.0","1989-07-30","  56.8","000000","999.9","  82.9","  62.8"," 11.7"," 0.00","1012.3","999.9","999.9","  71.6","  4.8","  8.5"
"34504099999","48.6","34.9666666","143.0","1989-07-31","  54.2","000000","999.9","  84.2","  59.5"," 13.6"," 0.00","1006.1","999.9","999.9","  74.0","  4.6","  9.2"
"34504099999","48.6","34.9666666","143.0","1989-08-01","  55.1","000000","999.9","  86.7","  62.2","  7.8"," 0.00","1003.9","999.9","999.9","  75.4","  4.8","  2.7"
"34504099999","48.6","34.9666666","143.0","1989-08-02","  58.6","000000","999.9","  90.3","  63.9"," 17.5"," 0.00","1002.0","999.9","999.9","  76.2","  4.7","  9.2"
"34504099999","48.6","34.9666666","143.0","1989-08-03","  57.5","010000","999.9","  70.7","  62.2"," 11.7"," 0.04","1007.0","999.9","999.9","  66.2","  5.7","  6.1"
"34504099999","48.6","34.9666666","143.0","1989-08-04","  55.0","010000","999.9","  68.2","  59.0"," 15.5"," 0.04","1008.7","999.9","999.9","  62.2","  4.8","  7.5"
"34504099999","48.6","34.9666666","143.0","1989-08-05","  50.7","000000","999.9","  74.5","  55.9"," 13.6"," 0.00","1011.5","999.9","999.9","  64.9","  3.7","  7.8"
"34504099999","48.6","34.9666666","143.0","1989-08-06","  53.2","010000","999.9","  81.5","  55.8"," 13.6"," 0.00","1012.6","999.9","999.9","  67.9","  3.0","  7.8"
"34504099999","48.6","34.9666666","143.0","1989-08-07","  56.9","000000","999.9","  84.7","  58.5"," 11.7"," 0.00","1012.5","999.9","999.9","  71.9","  5.6","  7.3"
"34504099999","48.6","34.9666666","143.0","1989-08-08","  53.2","000000","999.9","  81.0","  63.3"," 13.6"," 0.00","1013.5","999.9","999.9","  72.8","  5.3","  8.0"
"34504099999","48.6","34.9666666","143.0","1989-08-09","  52.9","000000","999.9","  82.9","  61.2","  7.8"," 0.00","1012.6","999.9","999.9","  72.2","  5.3","  5.3"
"34504099999","48.6","34.9666666","143.0","1989-08-10","  53.9","000000","999.9","  90.9","  61.3"," 13.6"," 0.00","1009.7","999.9","999.9","  75.1","  6.2","  6.0"
"34504099999","48.6","34.9666666","143.0","1989-08-11","  56.0","000000","999.9","  79.7","  63.0","  9.7"," 0.00","1011.6","999.9","999.9","  70.3","  6.2","  8.3"
"34504099999","48.6","34.9666666","143.0","1989-08-12","  53.8","000000","999.9","  79.9","  58.3","  5.8"," 0.00","1013.1","999.9","999.9","  70.7","  5.7","  2.4"
"34504099999","48.6","34.9666666","143.0","1989-08-13","  54.2","000000","999.9","  84.2","  61.3","  5.8"," 0.00","1012.5","999.9","999.9","  73.3","  5.3","  5.3"
"34504099999","48.6","34.9666666","143.0","1989-08-14","  55.2","000000","999.9","  85.5","  62.6","  7.8"," 0.00","1013.8","999.9","999.9","  75.7","  6.2","  3.9"
"34504099999","48.6","34.9666666","143.0","1989-08-15","  59.6","000000","999.9","  85.1","  66.0","  7.8"," 0.00","1016.5","999.9","999.9","  74.6","  5.1","  5.3"
"34504099999","48.6","34.9666666","143.0","1989-08-16","  58.7","000000","999.9","  86.0","  67.8"," 11.7"," 0.00","1020.7","999.9","999.9","  76.7","  2.3","  9.0"
"34504099999","48.6","34.9666666","143.0","1989-08-17","  58.7","000000","999.9","  86.7","  67.6","  7.8"," 0.00","1022.5","999.9","999.9","  76.5","  4.3","  6.8"
"34504099999","48.6","34.9666666","143.0","1989-08-18","  58.3","000000","999.9","  88.7","  66.4"," 11.7"," 0.00","1021.4","999.9","999.9","  77.3","  4.3","  3.4"
"34504099999","48.6","34.9666666","143.0","1989-08-19","  56.9","000000","999.9","  91.4","  66.9","  9.7"," 0.00","1018.0","999.9","999.9","  80.3","  3.0","  3.9"
"34504099999","48.6","34.9666666","143.0","1989-08-20","  59.4","000000","999.9","  83.3","  68.5"," 15.5"," 0.00","1018.2","999.9","999.9","  75.9","  5.1"," 13.1"
"34504099999","48.6","34.9666666","143.0","1989-08-21","  48.5","000000","999.9","  81.9","  61.5"," 13.6"," 0.00","1020.0","999.9","999.9","  72.5","  5.5"," 10.8"
"34504099999","48.6","34.9666666","143.0","1989-08-22","  48.4","000000","999.9","  86.5","  60.3","  5.8"," 0.00","1016.3","999.9","999.9","  76.0","  4.6","  3.1"
"34504099999","48.6","34.9666666","143.0","1989-08-23","  55.4","000000","999.9","  88.3","  63.7"," 13.6"," 0.00","1011.3","999.9","999.9","  76.4","  4.1","  7.5"
"34504099999","48.6","34.9666666","143.0","1989-08-24","  54.8","000010","999.9","  82.4","  66.2"," 11.7"," 0.00","1010.8","999.9","999.9","  74.3","  4.8","  6.8"
"34504099999","48.6","34.9666666","143.0","1989-08-25","  47.1","000000","999.9","  82.0","  62.8"," 13.6"," 0.00","1010.4","999.9","999.9","  71.0","  5.3","  6.8"
"34504099999","48.6","34.9666666","143.0","1989-08-26","  48.3","000000","999.9","  87.6","  59.4"," 19.4"," 0.02","1008.7","999.9","999.9","  70.0","  4.6"," 10.0"
"34504099999","48.6","34.9666666","143.0","1989-08-27","  50.2","010000","999.9","  69.4","  56.8","  7.8"," 0.08","1014.0","999.9","999.9","  60.8","  6.2","  3.9"
"34504099999","48.6","34.9666666","143.0","1989-08-28","  50.5","000000","999.9","  81.3","  52.9"," 13.6"," 0.00","1012.6","999.9","999.9","  68.0","  5.0","  6.1"
"34504099999","48.6","34.9666666","143.0","1989-08-29","  53.7","000000","999.9","  91.9","  65.5"," 13.6"," 0.00","1008.7","999.9","999.9","  77.0","  4.3"," 12.9"
"34504099999","48.6","34.9666666","143.0","1989-08-30","  53.5","000000","999.9","  92.5","  68.0"," 19.4"," 0.00","1006.8","999.9","999.9","  78.1","  4.3"," 15.3"
"34504099999","48.6","34.9666666","143.0","1989-08-31","  55.6","010010"," 38.9","  86.2","  61.9"," 15.5"," 0.31","1007.0","999.9","999.9","  72.4","  3.9"," 10.2"
"34504099999","48.6","34.9666666","143.0","1989-09-01","  59.4","010010","999.9","  63.1","  58.3","  9.7"," 1.34","1006.1","999.9","999.9","  60.7","  2.4","  4.4"
"34504099999","48.6","34.9666666","143.0","1989-09-02","  59.1","010000","999.9","  70.3","  57.2","  9.7"," 0.00","1009.8","999.9","999.9","  63.9","  3.8","  5.8"
"34504099999","48.6","34.9666666","143.0","1989-09-03","  58.7","010000","999.9","  66.7","  57.2"," 11.7"," 0.28","1010.5","999.9","999.9","  62.5","  4.1","  5.3"
"34504099999","48.6","34.9666666","143.0","1989-09-04","  56.1","000000","999.9","  70.9","  53.8","  7.8"," 0.00","1013.1","999.9","999.9","  62.8","  3.6","  4.2"
"34504099999","48.6","34.9666666","143.0","1989-09-05","  58.8","000000","999.9","  80.1","  57.9","  5.8"," 0.00","1013.3","999.9","999.9","  67.4","  3.0","  3.2"
"34504099999","48.6","34.9666666","143.0","1989-09-06","  59.6","010010","999.9","  73.8","  62.1"," 15.5"," 0.35","1010.5","999.9","999.9","  66.7","  3.7"," 10.7"
"34504099999","48.6","34.9666666","143.0","1989-09-07","  59.2","010010","999.9","  69.1","  59.2"," 15.5"," 1.42","1011.0","999.9","999.9","  61.5","  4.6"," 13.8"
"34504099999","48.6","34.9666666","143.0","1989-09-08","  56.8","000000","999.9","  75.2","  55.4"," 13.6"," 0.00","1011.4","999.9","999.9","  65.8","  4.2","  9.5"
"34504099999","48.6","34.9666666","143.0","1989-09-09","  60.9","110000","999.9","  65.1","  60.6","  7.8"," 0.03","1009.0","999.9","999.9","  62.8","  1.8","  5.3"
"34504099999","48.6","34.9666666","143.0","1989-09-10","  60.8","110010","999.9","  75.0","  58.6","  3.9"," 0.20","1008.2","999.9","999.9","  63.6","  0.8","  1.5"
"34504099999","48.6","34.9666666","143.0","1989-09-11","  56.5","100000","999.9","  67.8","  55.0","  9.7"," 0.00","1008.0","999.9","999.9","  61.3","  1.8","  6.1"
"34504099999","48.6","34.9666666","143.0","1989-09-12","  50.9","010000","999.9","  59.7","  49.3"," 13.6"," 0.01","1010.4","999.9","999.9","  54.5","  2.6"," 11.9"
"34504099999","48.6","34.9666666","143.0","1989-09-13","  36.5","000000","999.9","  52.9","  41.7"," 13.6"," 0.00","1016.6","999.9","999.9","  47.9","  4.3"," 11.2"
"34504099999","48.6","34.9666666","143.0","1989-09-14","  42.0","000000","999.9","  58.3","  40.1"," 11.7"," 0.00","1019.3","999.9","999.9","  49.6","  4.8","  7.0"
"34504099999","48.6","34.9666666","143.0","1989-09-15","  48.1","000000","999.9","  64.8","  50.0","  5.8"," 0.00","1018.6","999.9","999.9","  56.8","  4.1","  1.4"
"34504099999","48.6","34.9666666","143.0","1989-09-16","  47.5","000000","999.9","  66.9","  50.4"," 11.7"," 0.00","1014.1","999.9","999.9","  58.2","  5.7","  7.5"
"34504099999","48.6","34.9666666","143.0","1989-09-17","  46.5","000000","999.9","  67.5","  51.3","  7.8"," 0.00","1014.5","999.9","999.9","  59.5","  5.7","  4.7"
"34504099999","48.6","34.9666666","143.0","1989-09-18","  50.2","000000","999.9","  70.0","  51.4"," 11.7"," 0.00","1022.9","999.9","999.9","  60.7","  4.8","  7.8"
"34504099999","48.6","34.9666666","143.0","1989-09-19","  52.9","000000","999.9","  70.3","  50.9","  9.7"," 0.00","1023.1","999.9","999.9","  61.2","  2.5","  3.6"
"34504099999","48.6","34.9666666","143.0","1989-09-20","  48.2","100000","999.9","  69.8","  52.3"," 13.6"," 0.03","1025.9","999.9","999.9","  61.2","  4.1","  8.5"
"34504099999","48.6","34.9666666","143.0","1989-09-21","  44.5","000000","999.9","  70.7","  50.2","  9.7"," 0.00","1030.2","999.9","999.9","  58.5","  6.2","  7.1"
"34504099999","48.6","34.9666666","143.0","1989-09-22","  48.3","000000","999.9","  72.0","  50.0"," 13.6"," 0.00","1027.1","999.9","999.9","  61.1","  6.2","  9.7"
"34504099999","48.6","34.9666666","143.0","1989-09-23","  50.1","000000","999.9","  77.9","  52.2","  9.7"," 0.00","1022.0","999.9","999.9","  64.7","  4.8","  8.3"
"34504099999","48.6","34.9666666","143.0","1989-09-24","  50.7","000000","999.9","  78.8","  53.6","  7.8"," 0.00","1018.6","999.9","999.9","  65.0","  3.9","  5.6"
"34504099999","48.6","34.9666666","143.0","1989-09-25","  57.0","010000","999.9","  76.8","  55.4"," 11.7"," 0.00","1015.0","999.9","999.9","  66.8","  4.6","  5.0"
"34504099999","48.6","34.9666666","143.0","1989-09-26","  54.7","010000","999.9","  71.8","  59.7"," 13.6"," 0.01","1013.7","999.9","999.9","  64.0","  6.2","  9.2"
"34504099999","48.6","34.9666666","143.0","1989-09-27","  50.3","010000","999.9","  62.6","  54.7"," 15.5"," 0.12","1016.8","999.9","999.9","  56.9","  5.3"," 12.9"
"34504099999","48.6","34.9666666","143.0","1989-09-28","  48.0","010000","999.9","  61.5","  48.6"," 13.6"," 0.20","1017.6","999.9","999.9","  53.7","  5.1"," 11.9"
"34504099999","48.6","34.9666666","143.0","1989-09-29","  52.7","000000","999.9","  65.3","  51.3","  9.7"," 0.12","1015.6","999.9","999.9","  55.9","  5.3","  6.3"
"34504099999","48.6","34.9666666","143.0","1989-09-30","  53.4","110000","999.9","  63.0","  50.7","  9.7"," 0.00","1007.5","999.9","999.9","  55.2","  0.9","  4.1"
"34504099999","48.6","34.9666666","143.0","1989-10-01","  44.3","010000","999.9","  52.3","  43.2"," 15.5"," 0.16","1000.7","999.9","999.9","  47.8","  4.3"," 11.4"
"34504099999","48.6","34.9666666","143.0","1989-10-02","  36.4","010000","999.9","  50.5","  39.2"," 23.3"," 0.08","1007.7","999.9","999.9","  44.7","  6.2"," 17.2"
"34504099999","48.6","34.9666666","143.0","1989-10-03","  43.7","010000","999.9","  56.1","  43.2"," 15.5"," 0.01","1005.5","999.9","999.9","  50.2","  5.3"," 12.4"
"34504099999","48.6","34.9666666","143.0","1989-10-04","  40.1","010000","999.9","  53.6","  40.3"," 19.4"," 0.12","1012.0","999.9","999.9","  46.0","  4.5"," 10.7"
"34504099999","48.6","34.9666666","143.0","1989-10-05","  39.0","010000","999.9","  47.1","  37.8"," 15.5"," 0.00","1018.2","999.9","999.9","  43.0","  5.7"," 13.6"
"34504099999","48.6","34.9666666","143.0","1989-10-06","  37.1","010000","999.9","  48.7","  37.9"," 15.5"," 0.02","1014.9","999.9","999.9","  44.5","  5.1"," 13.0"
"34504099999","48.6","34.9666666","143.0","1989-10-07","  34.6","000000","999.9","  52.5","  30.6"," 13.6"," 0.00","1016.1","999.9","999.9","  42.6","  3.9","  9.5"
"34504099999","48.6","34.9666666","143.0","1989-10-08","  45.6","010000","999.9","  63.9","  42.1"," 13.6"," 0.00","1015.4","999.9","999.9","  53.0","  3.9","  7.5"
"34504099999","48.6","34.9666666","143.0","1989-10-09","  51.5","010000","999.9","  57.6","  48.2"," 13.6"," 0.02","1015.2","999.9","999.9","  54.3","  2.8","  7.3"
"34504099999","48.6","34.9666666","143.0","1989-10-10","  56.7","010000","999.9","  71.8","  55.6"," 13.6"," 0.04","1012.6","999.9","999.9","  60.8","  2.5","  9.4"
"34504099999","48.6","34.9666666","143.0","1989-10-11","  56.5","010000","999.9","  66.7","  55.8"," 15.5"," 0.04","1007.2","999.9","999.9","  60.4","  3.7"," 11.2"
"34504099999","48.6","34.9666666","143.0","1989-10-12","  43.1","000000","999.9","  55.2","  46.8"," 17.5"," 0.16","1010.7","999.9","999.9","  50.2","  4.8"," 15.3"
"34504099999","48.6","34.9666666","143.0","1989-10-13","  40.4","000000","999.9","  53.1","  42.8"," 15.5"," 0.12","1018.7","999.9","999.9","  46.8","  4.6"," 10.5"
"34504099999","48.6","34.9666666","143.0","1989-10-14","  44.9","000000","999.9","  63.3","  41.9"," 15.5"," 0.00","1022.1","999.9","999.9","  53.4","  4.3"," 12.9"
"34504099999","48.6","34.9666666","143.0","1989-10-15","  45.1","000000","999.9","  61.9","  41.9"," 13.6"," 0.00","1020.9","999.9","999.9","  49.8","  2.3","  6.8"
"34504099999","48.6","34.9666666","143.0","1989-10-16","  45.6","000000","999.9","  58.5","  41.7"," 11.7"," 0.00","1016.8","999.9","999.9","  52.6","  2.0","  7.2"
"34504099999","48.6","34.9666666","143.0","1989-10-17","  45.4","010000","999.9","  56.5","  47.3"," 15.5"," 0.00","1017.7","999.9","999.9","  51.2","  1.6"," 11.7"
"34504099999","48.6","34.9666666","143.0","1989-10-18","  41.8","010000","999.9","  54.5","  40.3"," 15.5"," 0.00","1013.9","999.9","999.9","  45.9","  2.1"," 10.0"
"34504099999","48.6","34.9666666","143.0","1989-10-19","  34.3","000000","999.9","  42.4","  37.4"," 17.5"," 0.00","1020.4","999.9","999.9","  40.7","  3.3"," 13.8"
"34504099999","48.6","34.9666666","143.0","1989-10-20","  31.4","000000","999.9","  45.5","  32.5","  7.8"," 0.00","1029.3","999.9","999.9","  38.5","  4.8","  5.8"
"34504099999","48.6","34.9666666","143.0","1989-10-21","  36.4","000000","999.9","  52.7","  31.6","  9.7"," 0.00","1029.2","999.9","999.9","  43.8","  4.1","  7.1"
"34504099999","48.6","34.9666666","143.0","1989-10-22","  45.6","000000","999.9","  56.3","  45.1"," 13.6"," 0.00","1028.2","999.9","999.9","  51.3","  2.9"," 11.0"
"34504099999","48.6","34.9666666","143.0","1989-10-23","  51.0","100000","999.9","  62.8","  47.5"," 13.6"," 0.00","1027.6","999.9","999.9","  53.3","  0.7","  8.7"
"34504099999","48.6","34.9666666","143.0","1989-10-24","  48.0","100000","999.9","  63.7","  46.0"," 15.5"," 0.00","1022.4","999.9","999.9","  51.8","  1.1"," 11.7"
"34504099999","48.6","34.9666666","143.0","1989-10-25","  44.3","000000","999.9","  61.3","  43.7"," 17.5"," 0.00","1017.8","999.9","999.9","  51.2","  4.1"," 12.6"
"34504099999","48.6","34.9666666","143.0","1989-10-26","  43.5","000000","999.9","  63.0","  40.1"," 13.6"," 0.00","1020.7","999.9","999.9","  50.2","  3.1","  9.2"
"34504099999","48.6","34.9666666","143.0","1989-10-27","  48.2","100000","999.9","  62.6","  44.2"," 13.6"," 0.00","1018.3","999.9","999.9","  52.3","  0.9","  8.7"
"34504099999","48.6","34.9666666","143.0","1989-10-28","  38.2","000000","999.9","  54.5","  40.6"," 15.5"," 0.00","1025.6","999.9","999.9","  46.3","  3.3","  7.3"
"34504099999","48.6","34.9666666","143.0","1989-10-29","  34.8","000000","999.9","  55.8","  33.8","  9.7"," 0.00","1025.5","999.9","999.9","  43.2","  3.2","  4.7"
"34504099999","48.6","34.9666666","143.0","1989-10-30","  39.0","100000","999.9","  52.0","  35.6","  7.8"," 0.00","1019.5","999.9","999.9","  41.4","  1.1","  5.1"
"34504099999","48.6","34.9666666","143.0","1989-10-31","  42.3","010000","999.9","  49.6","  38.5"," 13.6"," 0.01","1018.4","999.9","999.9","  44.6","  2.4","  9.2"
"34504099999","48.6","34.9666666","143.0","1989-11-01","  46.9","110000","999.9","  50.4","  43.5"," 11.7"," 0.20","1016.8","999.9","999.3","  47.8","  1.2","  8.3"
"34504099999","48.6","34.9666666","143.0","1989-11-02","  44.4","010000","999.9","  52.0","  42.1"," 13.6"," 0.00","1019.6","999.9","002.0","  46.7","  1.9","  8.2"
"34504099999","48.6","34.9666666","143.0","1989-11-03","  44.5","010000","999.9","  52.3","  42.8"," 17.5"," 0.35","1016.1","999.9","998.6","  47.5","  2.5"," 14.6"
"34504099999","48.6","34.9666666","143.0","1989-11-04","  34.8","000000","999.9","  47.1","  34.5"," 13.6"," 0.00","1024.4","999.9","006.5","  40.1","  3.7","  6.8"
"34504099999","48.6","34.9666666","143.0","1989-11-05","  34.0","000000","999.9","  48.2","  30.6"," 13.6"," 0.00","1023.7","999.9","005.7","  38.1","  3.7","  7.8"
"34504099999","48.6","34.9666666","143.0","1989-11-06","  33.4","000000","999.9","  41.0","  32.7"," 15.5"," 0.00","1025.6","999.9","006.9","  36.7","  3.9"," 12.9"
"34504099999","48.6","34.9666666","143.0","1989-11-07","  33.3","000000","999.9","  39.2","  35.6"," 15.5"," 0.00","1024.4","999.9","006.4","  37.4","  5.3"," 11.9"
"34504099999","48.6","34.9666666","143.0","1989-11-08","  35.8","000000","999.9","  43.5","  32.2"," 15.5"," 0.00","1024.0","999.9","006.1","  37.6","  3.4"," 13.8"
"34504099999","48.6","34.9666666","143.0","1989-11-09","  37.3","000000","999.9","  44.2","  36.5"," 15.5"," 0.00","1024.3","999.9","006.4","  40.5","  5.7"," 12.9"
"34504099999","48.6","34.9666666","143.0","1989-11-10","  32.2","000000","999.9","  44.6","  33.8"," 15.5"," 0.00","1025.1","999.9","007.1","  38.8","  5.7"," 11.7"
"34504099999","48.6","34.9666666","143.0","1989-11-11","  24.8","000000","999.9","  45.9","  31.5"," 17.5"," 0.00","1025.9","999.9","007.9","  37.2","  6.2"," 16.0"
"34504099999","48.6","34.9666666","143.0","1989-11-12","  24.3","000000","999.9","  40.1","  30.6"," 15.5"," 0.00","1027.7","999.9","009.6","  34.9","  6.2"," 15.5"
"34504099999","48.6","34.9666666","143.0","1989-11-13","  34.0","010000","999.9","  45.5","  35.2"," 15.5"," 0.00","1025.4","999.9","007.5","  38.8","  4.8"," 12.6"
"34504099999","48.6","34.9666666","143.0","1989-11-14","  36.2","000000","999.9","  42.8","  36.9","  7.8"," 0.00","1019.6","999.9","001.8","  39.9","  2.1","  5.6"
"34504099999","48.6","34.9666666","143.0","1989-11-15","  29.1","110000","999.9","  35.2","  27.0","  7.8"," 0.00","1012.2","999.9","994.2","  30.0","  0.6","  4.2"
"34504099999","48.6","34.9666666","143.0","1989-11-16","  33.7","100000","999.9","  37.0","  28.8"," 11.7"," 0.00","1005.1","999.9","987.3","  34.4","  0.6","  5.6"
"34504099999","48.6","34.9666666","143.0","1989-11-17","  31.5","011000","999.9","  36.7","  26.2"," 15.5"," 0.04","1010.9","999.9","993.0","  32.2","  1.0","  9.7"
"34504099999","48.6","34.9666666","143.0","1989-11-18","  22.1","001000"," 35.0","  26.6","  21.9"," 23.3"," 0.39","1016.6","  2.4","998.2","  24.1","  0.9"," 17.2"
"34504099999","48.6","34.9666666","143.0","1989-11-19","  23.7","001000","999.9","  28.0","  24.8"," 23.3"," 0.12","1018.9","999.9","000.6","  26.8","  1.8"," 19.7"
"34504099999","48.6","34.9666666","143.0","1989-11-20","  21.4","001000","999.9","  28.0","  22.1"," 17.5"," 0.00","1023.4","  3.9","005.0","  24.5","  2.8"," 12.5"
"34504099999","48.6","34.9666666","143.0","1989-11-21","  21.5","000000","999.9","  30.6","  20.1"," 15.5"," 0.01","1021.9","  4.3","003.4","  24.1","  1.8"," 12.6"
"34504099999","48.6","34.9666666","143.0","1989-11-22","  35.6","000000","999.9","  42.8","  25.0"," 15.5"," 0.00","1009.4","999.9","991.7","  37.7","  3.2"," 14.4"
"34504099999","48.6","34.9666666","143.0","1989-11-23","  42.7","010000","999.9","  52.5","  33.3"," 19.4"," 0.00"," 997.0","999.9","979.7","  44.9","  1.6"," 17.7"
"34504099999","48.6","34.9666666","143.0","1989-11-24","  23.1","001000","999.9","  31.1","  23.0"," 13.6"," 0.04","1009.2","999.9","991.2","  27.9","  3.6","  9.7"
"34504099999","48.6","34.9666666","143.0","1989-11-25","  25.4","011000","999.9","  34.7","  22.5"," 13.6"," 0.00","1011.1","999.9","993.1","  30.1","  3.9","  9.2"
"34504099999","48.6","34.9666666","143.0","1989-11-26","  21.9","000000","999.9","  30.6","  20.5"," 15.5"," 0.00","1010.8","999.9","992.7","  26.4","  2.3"," 10.3"
"34504099999","48.6","34.9666666","143.0","1989-11-27","  15.9","000000","999.9","  24.8","  14.5","  9.7"," 0.00","1012.6","999.9","994.2","  20.7","  2.1","  2.9"
"34504099999","48.6","34.9666666","143.0","1989-11-28","  25.3","011000","999.9","  32.7","  21.7"," 15.5"," 0.04","1009.7","999.9","991.6","  28.3","  1.2"," 11.9"
"34504099999","48.6","34.9666666","143.0","1989-11-29","  19.1","001000","999.9","  32.4","  12.2"," 17.5"," 0.08","1013.7","999.9","995.3","  22.1","  1.3"," 13.1"
"34504099999","48.6","34.9666666","143.0","1989-11-30","  10.8","001000","999.9","  17.1","  10.4"," 15.5"," 0.02","1028.0","  1.6","009.1","  14.5","  1.3"," 10.2"
"34504099999","48.6","34.9666666","143.0","1989-12-01","  19.6","001000","999.9","  25.9","  14.7","  7.8"," 0.01","1034.6","  1.6","999.9","  22.4","  0.9","  2.4"
"34504099999","48.6","34.9666666","143.0","1989-12-02","  28.6","011000","999.9","  34.5","  25.3"," 17.5"," 0.00","1026.7","  1.6","999.9","  31.1","  1.4"," 13.4"
"34504099999","48.6","34.9666666","143.0","1989-12-03","  26.1","010000","999.9","  31.6","  26.6"," 13.6"," 0.04","1026.6","  1.2","999.9","  29.6","  1.9"," 12.1"
"34504099999","48.6","34.9666666","143.0","1989-12-04","  28.0","001000","999.9","  33.8","  26.6"," 23.3"," 0.00","1011.9","  1.2","999.9","  31.0","  1.5"," 16.2"
"34504099999","48.6","34.9666666","143.0","1989-12-05","  20.5","001000"," 29.1","  34.5","  19.9"," 25.3"," 0.01","1008.8","  1.2","999.9","  28.0","  5.3"," 20.9"
"34504099999","48.6","34.9666666","143.0","1989-12-06","  11.5","001000","999.9","  24.3","  15.1"," 15.5"," 0.02","1018.8","999.9","999.9","  18.6","  5.1"," 12.2"
"34504099999","48.6","34.9666666","143.0","1989-12-07","  24.6","001000","999.9","  33.3","  14.7"," 23.3"," 0.00","1001.1","  0.8","999.9","  28.3","  3.1"," 18.2"
"34504099999","48.6","34.9666666","143.0","1989-12-08","  14.9","001000"," 44.7","  33.8","  17.2"," 31.1"," 0.08","1005.0","  3.1","999.9","  22.4","  3.1"," 22.6"
"34504099999","48.6","34.9666666","143.0","1989-12-09","  17.9","001000","999.9","  23.2","  18.3"," 15.5"," 0.12","1010.8","  3.5","999.9","  21.2","  1.9","  5.3"
"34504099999","48.6","34.9666666","143.0","1989-12-10","  12.0","001000","999.9","  20.5","   5.7"," 15.5"," 0.16","1010.7","  5.5","999.9","  15.0","  1.8"," 12.2"
"34504099999","48.6","34.9666666","143.0","1989-12-11","   1.2","000000","999.9","   8.6","  -3.3"," 15.5"," 0.04","1022.0","  5.5","999.9","   3.9","  1.8","  9.7"
"34504099999","48.6","34.9666666","143.0","1989-12-12","  17.7","001000","999.9","  30.6","   4.8"," 19.4"," 0.00","1015.8","  5.5","999.9","  21.3","  1.4"," 13.6"
"34504099999","48.6","34.9666666","143.0","1989-12-13","  19.3","101000","999.9","  25.9","  16.7"," 11.7"," 0.00","1018.7","  5.5","999.9","  22.2","  0.9","  9.0"
"34504099999","48.6","34.9666666","143.0","1989-12-14","  31.3","001000","999.9","  36.0","  19.6"," 15.5"," 0.00","1009.4","  4.3","999.9","  33.4","  1.8"," 13.8"
"34504099999","48.6","34.9666666","143.0","1989-12-15","  35.5","000000","999.9","  41.0","  31.6"," 15.5"," 0.08","1008.8","  2.8","999.9","  37.6","  2.2"," 13.9"
"34504099999","48.6","34.9666666","143.0","1989-12-16","  40.4","110000","999.9","  42.4","  39.6"," 17.5"," 0.00","1003.0","999.9","999.9","  40.8","  0.6"," 13.6"
"34504099999","48.6","34.9666666","143.0","1989-12-17","  39.8","100000","999.9","  41.7","  36.9"," 17.5"," 0.20","1010.9","999.9","999.9","  39.8","  0.2","  9.5"
"34504099999","48.6","34.9666666","143.0","1989-12-18","  42.9","110000","999.9","  44.8","  40.6"," 15.5"," 0.00","1008.1","999.9","999.9","  43.3","  0.8"," 11.9"
"34504099999","48.6","34.9666666","143.0","1989-12-19","  40.6","100000","999.9","  46.4","  34.9","  9.7"," 0.08","1018.2","999.9","999.9","  41.3","  0.7","  7.5"
"34504099999","48.6","34.9666666","143.0","1989-12-20","  40.6","010000","999.9","  45.7","  37.4"," 19.4"," 0.00","1013.2","999.9","999.9","  42.7","  2.5"," 14.9"
"34504099999","48.6","34.9666666","143.0","1989-12-21","  32.4","010000","999.9","  37.9","  29.1"," 13.6"," 0.04","1023.1","999.9","999.9","  34.4","  2.0","  9.5"
"34504099999","48.6","34.9666666","143.0","1989-12-22","  40.7","110000","999.9","  44.1","  37.2"," 33.0"," 0.00","1015.7","999.9","999.9","  40.9","  0.4"," 13.6"
"34504099999","48.6","34.9666666","143.0","1989-12-23","  40.2","100000","999.9","  41.9","  38.5"," 15.5"," 0.08","1008.9","999.9","999.9","  40.2","  0.3"," 11.7"
"34504099999","48.6","34.9666666","143.0","1989-12-24","  37.0","100000","999.9","  42.3","  37.4"," 15.5"," 0.00","1012.7","999.9","999.9","  39.6","  1.5"," 11.2"
"34504099999","48.6","34.9666666","143.0","1989-12-25","  32.6","000000","999.9","  37.8","  35.1"," 15.5"," 0.00","1021.3","999.9","999.9","  36.6","  3.8"," 10.4"
"34504099999","48.6","34.9666666","143.0","1989-12-26","  33.6","000000","999.9","  36.1","  34.5","  7.8"," 0.00","1026.3","999.9","999.9","  35.4","  1.6","  3.2"
"34504099999","48.6","34.9666666","143.0","1989-12-27","  31.4","001000","999.9","  35.4","  32.2"," 13.6"," 0.01","1027.9","999.9","999.9","  33.4","  2.1"," 11.4"
"34504099999","48.6","34.9666666","143.0","1989-12-28","  30.0","010000","999.9","  31.8","  30.9"," 13.6"," 0.00","1024.5","999.9","999.9","  31.4","  1.7"," 12.1"
"34504099999","48.6","34.9666666","143.0","1989-12-29","  32.0","110000","999.9","  32.5","  31.6"," 13.6"," 0.00","1025.9","999.9","999.9","  32.1","  0.4"," 12.1"
"34504099999","48.6","34.9666666","143.0","1989-12-30","  28.3","010000","999.9","  32.7","  27.3"," 11.7"," 0.00","1027.8","999.9","999.9","  30.5","  1.0"," 10.0"
"34504099999","48.6","34.9666666","143.0","1989-12-31","  21.1","010000","999.9","  30.6","  26.2"," 13.6"," 0.00","1027.5","999.9","999.9","  27.7","  3.7"," 12.6"
"34504099999","48.6","34.9666666","143.0","1990-01-01","  23.1","001000","999.9","  26.6","  25.2"," 13.6"," 0.01","1028.0","999.9","009.4","  25.8","  6.1","  4.6"
"34504099999","48.6","34.9666666","143.0","1990-01-02","  20.3","011000","999.9","  24.1","  22.5","  7.8"," 0.02","1022.1","999.9","003.7","  23.4","  1.2","  4.6"
"34504099999","48.6","34.9666666","143.0","1990-01-03","  16.9","001000","999.9","  22.3","  20.5","  9.7"," 0.09","1018.8","999.9","000.3","  21.2","  2.6","  8.5"
"34504099999","48.6","34.9666666","143.0","1990-01-04","   2.2","000000","999.9","  18.3","   9.5"," 19.4"," 0.01","1032.5","  2.0","013.4","  12.3","  6.2"," 16.0"
"34504099999","48.6","34.9666666","143.0","1990-01-05","   3.7","000000","999.9","  21.2","   4.3"," 13.6"," 0.00","1039.9","  1.2","020.6","  12.5","  5.3","  3.2"
"34504099999","48.6","34.9666666","143.0","1990-01-06","  10.5","001000","999.9","  24.6","   9.7"," 17.5"," 0.00","1032.3","  1.2","013.5","  18.2","  4.8"," 12.6"
"34504099999","48.6","34.9666666","143.0","1990-01-07","  19.1","001000","999.9","  26.2","  19.6"," 11.7"," 0.01","1030.6","  2.0","012.0","  23.1","  1.9","  9.2"
"34504099999","48.6","34.9666666","143.0","1990-01-08","  22.2","011000","999.9","  29.3","  25.2","  9.7"," 0.02","1035.5","  1.6","016.9","  26.8","  2.5","  7.5"
"34504099999","48.6","34.9666666","143.0","1990-01-09","  23.2","001000","999.9","  30.9","  25.3"," 17.5"," 0.00","1024.3","  0.8","006.0","  27.4","  2.4"," 12.4"
"34504099999","48.6","34.9666666","143.0","1990-01-10","  27.1","011000","999.9","  32.9","  26.6"," 15.5"," 0.02","1022.2","  0.8","004.0","  31.0","  2.6"," 12.4"
"34504099999","48.6","34.9666666","143.0","1990-01-11","  27.1","000000","999.9","  34.9","  24.1"," 15.5"," 0.00","1022.6","  0.8","004.3","  30.3","  2.5"," 13.8"
"34504099999","48.6","34.9666666","143.0","1990-01-12","  32.4","010000","999.9","  39.2","  34.9"," 19.4"," 0.00","1016.7","999.9","998.9","  36.5","  2.5"," 17.0"
"34504099999","48.6","34.9666666","143.0","1990-01-13","  32.8","011000","999.9","  35.6","  32.9"," 13.6"," 0.02","1023.5","999.9","005.4","  34.6","  1.3"," 11.2"
"34504099999","48.6","34.9666666","143.0","1990-01-14","  34.5","111000","999.9","  36.0","  33.3"," 15.5"," 0.03","1018.2","999.9","000.2","  34.7","  0.4","  8.7"
"34504099999","48.6","34.9666666","143.0","1990-01-15","  18.2","001000","999.9","  28.8","  17.1"," 17.5"," 0.16","1024.1","999.9","005.5","  22.4","  2.4"," 10.9"
"34504099999","48.6","34.9666666","143.0","1990-01-16","  28.6","101000","999.9","  33.1","  23.4"," 19.4","99.99","1014.9","999.9","996.8","  30.3","  0.9"," 14.8"
"34504099999","48.6","34.9666666","143.0","1990-01-17","  32.8","010000"," 44.7","  40.1","  31.5"," 29.1"," 0.20","1006.6","  0.8","989.0","  37.6","  5.1"," 21.6"
"34504099999","48.6","34.9666666","143.0","1990-01-18","  33.7","010000","999.9","  43.2","  30.7"," 15.5"," 0.01","1014.7","999.9","996.9","  36.2","  2.5"," 11.9"
"34504099999","48.6","34.9666666","143.0","1990-01-19","  30.7","011000","999.9","  36.0","  28.9","  9.7"," 0.08","1018.5","999.9","000.5","  32.1","  1.1","  5.0"
"34504099999","48.6","34.9666666","143.0","1990-01-20","  28.9","001000","999.9","  36.9","  28.9"," 11.7"," 0.08","1022.2","999.9","004.1","  32.0","  1.6","  8.0"
"34504099999","48.6","34.9666666","143.0","1990-01-21","  29.1","101000","999.9","  33.8","  27.0"," 11.7"," 0.08","1021.9","  0.8","003.7","  31.1","  1.3","  8.0"
"34504099999","48.6","34.9666666","143.0","1990-01-22","  32.5","111000","999.9","  33.4","  31.1","  9.7"," 0.02","1015.1","  1.2","997.1","  32.6","  0.2","  7.0"
"34504099999","48.6","34.9666666","143.0","1990-01-23","  28.3","001000","999.9","  32.9","  28.0","  9.7"," 0.12","1027.6","  1.6","009.4","  30.8","  1.9","  7.6"
"34504099999","48.6","34.9666666","143.0","1990-01-24","  25.3","000000","999.9","  32.7","  27.5"," 15.5"," 0.00","1026.0","  0.8","007.7","  29.8","  4.6"," 13.0"
"34504099999","48.6","34.9666666","143.0","1990-01-25","  30.8","000000","999.9","  35.8","  27.5"," 15.5"," 0.00","1020.2","999.9","002.2","  34.1","  3.9"," 14.8"
"34504099999","48.6","34.9666666","143.0","1990-01-26","  34.6","100000","999.9","  39.6","  33.8"," 15.5"," 0.00","1019.0","  0.4","001.1","  36.2","  1.2"," 13.6"
"34504099999","48.6","34.9666666","143.0","1990-01-27","  36.1","110000","999.9","  43.5","  36.0"," 15.5"," 0.00","1014.1","999.9","996.3","  38.9","  2.7"," 11.7"
"34504099999","48.6","34.9666666","143.0","1990-01-28","  33.3","100000","999.9","  42.1","  30.7","  9.7"," 0.00","1023.8","999.9","005.8","  35.4","  1.2","  5.1"
"34504099999","48.6","34.9666666","143.0","1990-01-29","  31.8","100000","999.9","  40.1","  30.6"," 15.5"," 0.00","1023.6","999.9","005.5","  34.5","  1.7"," 10.0"
"34504099999","48.6","34.9666666","143.0","1990-01-30","  36.1","010000","999.9","  38.7","  35.2"," 13.6"," 0.04","1017.0","999.9","999.1","  37.1","  0.9","  9.2"
"34504099999","48.6","34.9666666","143.0","1990-01-31","  29.3","000000","999.9","  35.6","  33.4"," 13.6"," 0.00","1025.1","999.9","007.0","  34.5","  4.8"," 10.4"
"34504099999","48.6","34.9666666","143.0","1990-02-01","  30.5","100000","999.9","  34.7","  28.8"," 11.7"," 0.00","1029.6","999.9","011.4","  32.0","  0.9","  7.0"
"34504099999","48.6","34.9666666","143.0","1990-02-02","  24.4","000000","999.9","  33.8","  27.0","  9.7"," 0.00","1030.7","999.9","012.2","  28.0","  2.0","  8.7"
"34504099999","48.6","34.9666666","143.0","1990-02-03","  22.4","001000","999.9","  28.0","  25.2","  7.8"," 0.00","1030.7","999.9","012.2","  27.0","  1.4","  6.1"
"34504099999","48.6","34.9666666","143.0","1990-02-04","  25.3","000000","999.9","  30.9","  27.9"," 11.7"," 0.00","1028.2","999.9","009.9","  29.3","  1.6","  7.0"
"34504099999","48.6","34.9666666","143.0","1990-02-05","  28.1","001000","999.9","  34.3","  27.7","  9.7"," 0.20","1023.3","  1.2","005.0","  30.1","  1.2","  6.8"
"34504099999","48.6","34.9666666","143.0","1990-02-06","  26.1","000000","999.9","  32.0","  26.1","  9.7"," 0.01","1031.7","  1.6","013.3","  28.6","  1.2","  6.3"
"34504099999","48.6","34.9666666","143.0","1990-02-07","  27.2","000000","999.9","  31.8","  27.1","  7.8"," 0.00","1034.1","  0.8","015.7","  29.7","  1.2","  3.2"
"34504099999","48.6","34.9666666","143.0","1990-02-08","  25.7","110000","999.9","  28.0","  25.2"," 15.5"," 0.00","1028.7","999.9","010.2","  25.9","  0.3","  9.2"
"34504099999","48.6","34.9666666","143.0","1990-02-09","  29.7","100000","999.9","  33.1","  25.2"," 15.5"," 0.00","1018.4","999.9","000.3","  30.3","  0.6"," 11.9"
"34504099999","48.6","34.9666666","143.0","1990-02-10","  30.9","100000","999.9","  41.7","  30.4","  9.7"," 0.00","1017.4","999.9","999.5","  34.3","  2.2","  6.3"
"34504099999","48.6","34.9666666","143.0","1990-02-11","  28.5","100000","999.9","  41.4","  31.8","  5.8"," 0.00","1019.1","999.9","001.1","  35.4","  1.9","  1.9"
"34504099999","48.6","34.9666666","143.0","1990-02-12","  27.3","000000","999.9","  39.7","  28.0"," 11.7"," 0.00","1014.9","999.9","996.9","  33.4","  2.3","  6.8"
"34504099999","48.6","34.9666666","143.0","1990-02-13","  32.7","101000","999.9","  35.8","  30.7"," 13.6"," 0.12","1006.6","999.9","988.8","  33.6","  0.4","  6.9"
"34504099999","48.6","34.9666666","143.0","1990-02-14","  36.2","010000","999.9","  40.8","  34.2"," 17.5"," 0.12"," 995.3","999.9","977.8","  37.8","  1.3"," 15.8"
"34504099999","48.6","34.9666666","143.0","1990-02-15","  34.4","110000","999.9","  41.5","  33.1"," 19.4"," 0.20"," 992.7","999.9","975.5","  36.7","  1.1"," 12.8"
"34504099999","48.6","34.9666666","143.0","1990-02-16","  32.9","111000"," 42.7","  39.4","  31.3"," 31.1"," 0.00"," 984.9","  0.4","967.5","  33.9","  0.8"," 21.4"
"34504099999","48.6","34.9666666","143.0","1990-02-17","  26.9","001000"," 42.7","  34.3","  30.2"," 27.2"," 0.08","1005.8","999.9","987.9","  31.8","  4.2"," 20.0"
"34504099999","48.6","34.9666666","143.0","1990-02-18","  26.3","001000","999.9","  37.0","  27.3"," 11.7"," 0.02","1018.5","999.9","000.4","  31.8","  4.0","  9.5"
"34504099999","48.6","34.9666666","143.0","1990-02-19","  30.0","011000","999.9","  37.9","  29.1"," 13.6"," 0.00","1021.5","  0.8","003.5","  33.7","  4.2"," 10.4"
"34504099999","48.6","34.9666666","143.0","1990-02-20","  33.4","011000","999.9","  36.5","  32.4"," 11.7"," 0.03","1031.4","999.9","013.2","  34.5","  1.2","  6.1"
"34504099999","48.6","34.9666666","143.0","1990-02-21","  32.8","000000","999.9","  40.8","  31.6","  5.8"," 0.00","1036.8","999.9","018.5","  35.3","  1.4","  4.9"
"34504099999","48.6","34.9666666","143.0","1990-02-22","  35.1","000000","999.9","  48.0","  34.2"," 19.4"," 0.00","1029.2","999.9","011.2","  40.0","  1.9"," 11.9"
"34504099999","48.6","34.9666666","143.0","1990-02-23","  32.3","000000","999.9","  46.9","  37.0"," 25.3"," 0.00","1022.1","999.9","004.3","  41.2","  6.2"," 19.7"
"34504099999","48.6","34.9666666","143.0","1990-02-24","  37.6","000000","999.9","  53.6","  37.8"," 19.4"," 0.00","1018.4","999.9","000.8","  45.3","  4.2"," 14.6"
"34504099999","48.6","34.9666666","143.0","1990-02-25","  36.1","000000","999.9","  59.9","  36.3"," 15.5"," 0.00","1015.8","999.9","998.3","  47.3","  2.7","  9.7"
"34504099999","48.6","34.9666666","143.0","1990-02-26","  36.3","000000","999.9","  63.5","  38.8"," 15.5"," 0.00","1008.7","999.9","991.4","  47.7","  2.2"," 11.2"
"34504099999","48.6","34.9666666","143.0","1990-02-27","  36.5","000000","999.9","  59.7","  36.3"," 23.3"," 0.00"," 994.9","999.9","977.6","  44.9","  3.4"," 15.5"
"34504099999","48.6","34.9666666","143.0","1990-02-28","  37.7","010000","999.9","  51.4","  35.2"," 19.4"," 0.08"," 992.5","999.9","975.1","  41.0","  2.2"," 13.8"
"34504099999","48.6","34.9666666","143.0","1990-03-01","  33.7","110000"," 35.0","  48.0","  34.2"," 23.3"," 0.12"," 999.1","999.9","981.7","  39.7","  2.8"," 12.1"
"34504099999","48.6","34.9666666","143.0","1990-03-02","  31.7","011000"," 38.9","  43.0","  34.2"," 19.4"," 0.12","1006.5","999.9","988.9","  38.7","  5.3"," 16.8"
"34504099999","48.6","34.9666666","143.0","1990-03-03","  25.3","010000"," 35.0","  42.1","  29.1"," 23.3"," 0.00","1018.3","999.9","000.3","  34.8","  5.3"," 16.8"
"34504099999","48.6","34.9666666","143.0","1990-03-04","  21.9","001000","999.9","  33.4","  24.8"," 17.5"," 0.00","1023.1","999.9","004.8","  30.2","  4.8"," 14.6"
"34504099999","48.6","34.9666666","143.0","1990-03-05","  28.4","111000"," 35.0","  38.7","  29.5"," 25.3"," 0.02","1016.6","  0.4","998.6","  33.5","  5.0"," 19.7"
"34504099999","48.6","34.9666666","143.0","1990-03-06","  27.0","000000","999.9","  48.0","  28.8"," 23.3"," 0.00","1013.0","999.9","995.3","  37.4","  3.3"," 16.6"
"34504099999","48.6","34.9666666","143.0","1990-03-07","  33.7","011000","999.9","  42.1","  32.7"," 19.4"," 0.14","1006.5","999.9","988.8","  36.7","  2.5"," 16.9"
"34504099999","48.6","34.9666666","143.0","1990-03-08","  33.2","010000","999.9","  44.6","  28.9"," 19.4"," 0.00","1019.4","999.9","001.5","  37.7","  3.7"," 15.8"
"34504099999","48.6","34.9666666","143.0","1990-03-09","  39.2","000000","999.9","  59.5","  36.5"," 13.6"," 0.03","1018.1","999.9","000.6","  46.4","  2.2","  9.7"
"34504099999","48.6","34.9666666","143.0","1990-03-10","  34.5","010000","999.9","  45.0","  33.4"," 19.4"," 0.00","1008.8","999.9","991.2","  39.8","  1.6"," 14.1"
"34504099999","48.6","34.9666666","143.0","1990-03-11","  25.2","000000","999.9","  46.8","  27.9"," 19.4"," 0.08","1019.0","999.9","001.1","  37.0","  4.8"," 11.9"
"34504099999","48.6","34.9666666","143.0","1990-03-12","  36.6","010000"," 38.9","  57.2","  34.3"," 27.2"," 0.00","1011.3","999.9","993.8","  45.9","  3.4"," 18.0"
"34504099999","48.6","34.9666666","143.0","1990-03-13","  34.6","000000"," 38.9","  50.9","  37.8"," 27.2"," 0.01","1012.4","999.9","994.9","  43.5","  3.9"," 18.2"
"34504099999","48.6","34.9666666","143.0","1990-03-14","  23.6","011000"," 35.0","  38.8","  26.2"," 23.3"," 0.00","1025.9","999.9","007.7","  32.6","  5.1"," 18.6"
"34504099999","48.6","34.9666666","143.0","1990-03-15","  13.8","000000","999.9","  33.4","  23.4"," 19.4"," 0.01","1042.8","999.9","024.1","  28.2","  6.2"," 14.8"
"34504099999","48.6","34.9666666","143.0","1990-03-16","  14.8","000000","999.9","  41.0","  19.4"," 11.7"," 0.00","1047.7","999.9","029.1","  30.3","  6.2","  5.8"
"34504099999","48.6","34.9666666","143.0","1990-03-17","  24.9","000000","999.9","  61.7","  26.1"," 23.3"," 0.00","1034.2","999.9","016.3","  44.2","  4.5"," 17.5"
"34504099999","48.6","34.9666666","143.0","1990-03-18","  38.6","000000","999.9","  60.4","  46.0"," 17.5"," 0.00","1029.9","999.9","012.4","  52.7","  2.0"," 15.1"
"34504099999","48.6","34.9666666","143.0","1990-03-19","  40.6","000000","999.9","  59.4","  41.0"," 13.6"," 0.00","1034.1","999.9","016.4","  50.3","  1.9","  4.7"
"34504099999","48.6","34.9666666","143.0","1990-03-20","  32.4","000000","999.9","  69.6","  38.1","  9.7"," 0.00","1027.4","999.9","009.9","  53.2","  1.4","  6.3"
"34504099999","48.6","34.9666666","143.0","1990-03-21","  36.0","000000","999.9","  68.7","  39.6"," 23.3"," 0.00","1019.6","999.9","002.2","  52.5","  1.6"," 14.6"
"34504099999","48.6","34.9666666","143.0","1990-03-22","  32.6","000000","999.9","  63.9","  34.9"," 13.6"," 0.00","1019.6","999.9","002.2","  50.7","  3.0","  8.5"
"34504099999","48.6","34.9666666","143.0","1990-03-23","  40.3","000000","999.9","  67.1","  40.1"," 15.5"," 0.00","1013.4","999.9","996.2","  54.4","  1.6"," 11.4"
"34504099999","48.6","34.9666666","143.0","1990-03-24","  34.7","000000","999.9","  58.3","  41.7"," 13.6"," 0.00","1016.6","999.9","999.2","  48.4","  1.7","  8.5"
"34504099999","48.6","34.9666666","143.0","1990-03-25","  34.3","000000","999.9","  66.2","  37.2"," 15.5"," 0.00","1014.9","999.9","997.6","  51.4","  1.9"," 11.2"
"34504099999","48.6","34.9666666","143.0","1990-03-26","  44.5","100000","999.9","  58.1","  40.3"," 15.5"," 0.00","1015.5","999.9","998.0","  47.0","  0.8"," 10.6"
"34504099999","48.6","34.9666666","143.0","1990-03-27","  40.8","100000","999.9","  59.9","  44.6"," 11.7"," 0.00","1022.6","999.9","005.1","  50.8","  1.1"," 10.0"
"34504099999","48.6","34.9666666","143.0","1990-03-28","  33.6","010000","999.9","  54.9","  41.5"," 17.5"," 0.00","1026.1","999.9","008.4","  47.5","  2.0"," 12.4"
"34504099999","48.6","34.9666666","143.0","1990-03-29","  25.0","000000","999.9","  49.8","  32.0"," 17.5"," 0.00","1029.3","999.9","011.4","  40.0","  4.2"," 14.3"
"34504099999","48.6","34.9666666","143.0","1990-03-30","  23.1","000000","999.9","  49.6","  29.7"," 11.7"," 0.00","1028.0","999.9","010.0","  39.9","  4.0","  5.6"
"34504099999","48.6","34.9666666","143.0","1990-03-31","  30.1","010000"," 38.9","  50.9","  33.3"," 29.1"," 0.00","1016.0","999.9","998.3","  42.9","  2.6"," 15.3"
"34504099999","48.6","34.9666666","143.0","1990-04-01","  23.3","000000","999.9","  52.0","  36.5"," 21.4"," 0.08","1016.7","999.9","999.1","  45.5","  5.3"," 15.5"
"34504099999","48.6","34.9666666","143.0","1990-04-02","  36.4","000000","999.9","  67.6","  41.0"," 13.6"," 0.00","1015.7","999.9","998.5","  55.0","  3.7"," 10.9"
"34504099999","48.6","34.9666666","143.0","1990-04-03","  37.4","000000","999.9","  72.1","  43.5"," 17.5"," 0.00","1016.3","999.9","999.1","  56.9","  1.7"," 12.1"
"34504099999","48.6","34.9666666","143.0","1990-04-04","  35.1","000000","999.9","  70.0","  42.1"," 13.6"," 0.00","1018.1","999.9","000.9","  56.3","  3.4","  9.2"
"34504099999","48.6","34.9666666","143.0","1990-04-05","  32.0","000000","999.9","  69.8","  40.5","  7.8"," 0.00","1016.1","999.9","998.9","  54.9","  3.7","  4.1"
"34504099999","48.6","34.9666666","143.0","1990-04-06","  38.2","000000","999.9","  63.3","  40.3"," 17.5"," 0.00","1016.7","999.9","999.3","  52.7","  4.4","  9.7"
"34504099999","48.6","34.9666666","143.0","1990-04-07","  35.9","000000","999.9","  69.8","  38.7"," 17.5"," 0.00","1014.6","999.9","997.4","  54.8","  5.1","  9.2"
"34504099999","48.6","34.9666666","143.0","1990-04-08","  38.3","100000","999.9","  61.9","  41.4"," 17.5"," 0.00","1009.5","999.9","992.2","  51.2","  4.7"," 12.4"
"34504099999","48.6","34.9666666","143.0","1990-04-09","  43.8","010000","999.9","  57.4","  39.4"," 13.6"," 0.04","1003.7","999.9","986.5","  50.2","  3.5"," 10.8"
"34504099999","48.6","34.9666666","143.0","1990-04-10","  34.4","110000","999.9","  39.2","  34.2"," 13.6"," 0.00","1006.0","999.9","988.4","  37.7","  3.1"," 10.7"
"34504099999","48.6","34.9666666","143.0","1990-04-11","  42.6","110000","999.9","  50.4","  33.4"," 15.5"," 0.01"," 998.6","999.9","981.3","  44.7","  1.3","  7.3"
"34504099999","48.6","34.9666666","143.0","1990-04-12","  45.9","010000","999.9","  49.1","  42.8","  9.7"," 0.00"," 999.9","999.9","982.7","  46.3","  0.6","  6.1"
"34504099999","48.6","34.9666666","143.0","1990-04-13","  40.8","000000","999.9","  47.1","  40.6"," 11.7"," 0.00","1009.7","999.9","992.2","  43.8","  1.7","  8.3"
"34504099999","48.6","34.9666666","143.0","1990-04-14","  42.0","100000","999.9","  59.0","  38.3","  7.8"," 0.00","1014.6","999.9","997.2","  48.2","  1.5","  4.7"
"34504099999","48.6","34.9666666","143.0","1990-04-15","  42.0","000000","999.9","  59.9","  43.0","  3.9"," 0.00","1016.1","999.9","998.7","  50.3","  2.1","  0.4"
"34504099999","48.6","34.9666666","143.0","1990-04-16","  39.5","000000","999.9","  64.4","  41.2","  5.8"," 0.00","1017.3","999.9","000.0","  53.1","  2.5","  1.4"
"34504099999","48.6","34.9666666","143.0","1990-04-17","  45.1","010010","999.9","  66.9","  45.3","  7.8"," 0.00","1017.7","999.9","000.3","  54.4","  2.5","  4.9"
"34504099999","48.6","34.9666666","143.0","1990-04-18","  42.6","010000","999.9","  66.9","  47.7","  7.8"," 0.16","1019.1","999.9","001.9","  55.4","  5.3","  4.9"
"34504099999","48.6","34.9666666","143.0","1990-04-19","  43.1","000010","999.9","  67.6","  47.1"," 11.7"," 0.00","1019.8","999.9","002.5","  54.9","  2.3","  5.3"
"34504099999","48.6","34.9666666","143.0","1990-04-20","  40.6","000000","999.9","  66.2","  45.9"," 13.6"," 0.02","1018.6","999.9","001.3","  55.0","  3.4","  7.3"
"34504099999","48.6","34.9666666","143.0","1990-04-21","  38.3","010000","999.9","  64.2","  47.7"," 13.6"," 0.00","1018.7","999.9","001.4","  54.5","  4.8","  8.0"
"34504099999","48.6","34.9666666","143.0","1990-04-22","  36.8","000000","999.9","  66.2","  43.7"," 13.6"," 0.00","1019.5","999.9","002.2","  54.7","  5.7","  9.0"
"34504099999","48.6","34.9666666","143.0","1990-04-23","  43.6","010000","999.9","  52.2","  46.8"," 15.5"," 0.08","1017.8","999.9","000.4","  49.4","  4.0"," 11.9"
"34504099999","48.6","34.9666666","143.0","1990-04-24","  47.1","000000","999.9","  60.3","  46.0"," 11.7"," 0.04","1019.0","999.9","001.7","  52.7","  3.5","  9.2"
"34504099999","48.6","34.9666666","143.0","1990-04-25","  51.7","010010","999.9","  66.7","  47.1"," 11.7"," 0.00","1011.3","999.9","994.2","  57.2","  1.9","  8.3"
"34504099999","48.6","34.9666666","143.0","1990-04-26","  45.0","000000","999.9","  64.0","  48.6"," 17.5"," 0.08","1006.8","999.9","989.7","  54.8","  3.3"," 13.4"
"34504099999","48.6","34.9666666","143.0","1990-04-27","  40.6","010000","999.9","  59.9","  42.1"," 15.5"," 0.08","1005.8","999.9","988.6","  50.8","  3.7","  8.7"
"34504099999","48.6","34.9666666","143.0","1990-04-28","  44.1","010000","999.9","  59.0","  45.9"," 11.7"," 0.00","1007.6","999.9","990.4","  50.3","  3.9","  8.0"
"34504099999","48.6","34.9666666","143.0","1990-04-29","  46.1","010000","999.9","  62.6","  45.0","  9.7"," 0.55","1012.3","999.9","995.0","  52.0","  3.0","  4.1"
"34504099999","48.6","34.9666666","143.0","1990-04-30","  41.6","000000","999.9","  59.9","  39.4","  5.8"," 0.08","1016.9","999.9","999.4","  48.6","  3.9","  3.2"
"34504099999","48.6","34.9666666","143.0","1990-05-01","  41.9","000000","999.9","  68.0","  48.0"," 13.6"," 0.00","1015.4","  2.4","998.3","  58.1","  5.1","  9.7"
"34504099999","48.6","34.9666666","143.0","1990-05-02","  40.1","010000"," 38.9","  52.0","  39.4"," 29.1"," 0.00","1013.1","999.9","995.6","  44.2","  3.9"," 20.6"
"34504099999","48.6","34.9666666","143.0","1990-05-03","  35.6","000000"," 36.9","  53.8","  39.2"," 25.3"," 0.59","1017.3","999.9","999.8","  46.4","  5.7"," 18.2"
"34504099999","48.6","34.9666666","143.0","1990-05-04","  38.7","000000","999.9","  67.6","  42.4"," 11.7"," 0.00","1013.8","999.9","996.6","  55.7","  5.3","  9.0"
"34504099999","48.6","34.9666666","143.0","1990-05-05","  48.2","000000","999.9","  70.3","  46.8"," 15.5"," 0.00","1012.4","999.9","995.3","  59.0","  5.3"," 10.0"
"34504099999","48.6","34.9666666","143.0","1990-05-06","  42.0","000000","999.9","  68.5","  52.2","  9.7"," 0.00","1015.5","999.9","998.4","  59.5","  4.8","  5.6"
"34504099999","48.6","34.9666666","143.0","1990-05-07","  43.5","000000","999.9","  75.6","  48.2","  5.8"," 0.00","1015.3","999.9","998.3","  61.9","  5.3","  3.4"
"34504099999","48.6","34.9666666","143.0","1990-05-08","  45.9","010010","999.9","  75.6","  49.5"," 13.6"," 0.00","1012.5","999.9","995.5","  60.3","  4.6"," 10.3"
"34504099999","48.6","34.9666666","143.0","1990-05-09","  36.2","000000","999.9","  62.1","  45.3"," 13.6"," 0.35","1017.7","999.9","000.4","  53.6","  6.2","  7.0"
"34504099999","48.6","34.9666666","143.0","1990-05-10","  39.1","000000","999.9","  71.1","  42.3","  7.8"," 0.00","1016.2","999.9","999.0","  58.2","  5.7","  1.0"
"34504099999","48.6","34.9666666","143.0","1990-05-11","  43.8","000000","999.9","  74.7","  49.3","  5.8"," 0.00","1014.0","999.9","997.1","  63.4","  3.9","  0.8"
"34504099999","48.6","34.9666666","143.0","1990-05-12","  44.7","000000","999.9","  79.7","  52.5","  5.8"," 0.00","1013.1","999.9","996.4","  67.8","  4.3","  1.9"
"34504099999","48.6","34.9666666","143.0","1990-05-13","  47.3","000000","999.9","  72.7","  55.6"," 15.5"," 0.00","1016.9","999.9","000.0","  63.8","  5.1"," 11.4"
"34504099999","48.6","34.9666666","143.0","1990-05-14","  38.7","000000","999.9","  72.7","  47.3"," 13.6"," 0.00","1021.6","999.9","004.4","  60.2","  5.3"," 11.4"
"34504099999","48.6","34.9666666","143.0","1990-05-15","  40.5","000000","999.9","  74.3","  45.0"," 13.6"," 0.00","1022.0","999.9","004.9","  61.2","  5.1","  8.3"
"34504099999","48.6","34.9666666","143.0","1990-05-16","  45.3","000000","999.9","  73.6","  47.7","  5.8"," 0.00","1018.9","999.9","001.9","  63.4","  3.9","  3.2"
"34504099999","48.6","34.9666666","143.0","1990-05-17","  48.8","000000","999.9","  79.0","  55.8","  5.8"," 0.00","1015.2","999.9","998.4","  68.0","  3.2","  2.2"
"34504099999","48.6","34.9666666","143.0","1990-05-18","  53.5","010010","999.9","  81.5","  55.9"," 15.5"," 0.00","1010.5","999.9","993.7","  65.6","  3.3"," 10.2"
"34504099999","48.6","34.9666666","143.0","1990-05-19","  44.6","010000","999.9","  63.3","  46.6"," 13.6"," 0.31","1013.9","999.9","996.7","  56.5","  5.0","  6.6"
"34504099999","48.6","34.9666666","143.0","1990-05-20","  34.2","000000","999.9","  53.6","  43.9"," 19.4"," 0.00","1020.3","999.9","002.8","  49.3","  6.2"," 15.1"
"34504099999","48.6","34.9666666","143.0","1990-05-21","  32.2","000000","999.9","  55.9","  43.2","  7.8"," 0.00","1026.0","999.9","008.4","  48.4","  6.2","  3.9"
"34504099999","48.6","34.9666666","143.0","1990-05-22","  36.1","000000","999.9","  64.8","  39.4","  5.8"," 0.00","1025.5","999.9","008.1","  53.4","  5.3","  2.2"
"34504099999","48.6","34.9666666","143.0","1990-05-23","  40.6","000000","999.9","  70.7","  42.8"," 11.7"," 0.00","1023.2","999.9","005.9","  58.1","  5.7","  2.7"
"34504099999","48.6","34.9666666","143.0","1990-05-24","  44.3","000000","999.9","  74.1","  48.4","  3.9"," 0.00","1021.8","999.9","004.7","  63.5","  5.7","  1.0"
"34504099999","48.6","34.9666666","143.0","1990-05-25","  46.0","000000","999.9","  79.9","  51.1"," 15.5"," 0.00","1017.3","999.9","000.4","  66.5","  5.7","  8.3"
"34504099999","48.6","34.9666666","143.0","1990-05-26","  54.7","000000","999.9","  78.1","  57.6"," 17.5"," 0.00","1013.2","999.9","996.4","  66.1","  5.0"," 15.1"
"34504099999","48.6","34.9666666","143.0","1990-05-27","  44.2","010000","999.9","  69.4","  52.5"," 11.7"," 0.00","1017.7","999.9","000.9","  61.8","  5.0","  9.1"
"34504099999","48.6","34.9666666","143.0","1990-05-28","  53.0","010010","999.9","  63.7","  50.9"," 17.5"," 0.12","1008.1","999.9","991.0","  55.6","  2.6"," 14.1"
"34504099999","48.6","34.9666666","143.0","1990-05-29","  44.5","010000","999.9","  60.8","  47.5"," 19.4"," 0.47","1017.4","999.9","000.1","  53.1","  5.7"," 10.9"
"34504099999","48.6","34.9666666","143.0","1990-05-30","  48.6","000000","999.9","  62.6","  48.2"," 11.7"," 0.00","1017.2","999.9","000.0","  56.3","  4.8","  5.6"
"34504099999","48.6","34.9666666","143.0","1990-05-31","  46.3","110000","999.9","  62.4","  53.1","  9.7"," 0.00","1015.0","999.9","997.8","  57.5","  4.1","  5.5"
"34504099999","48.6","34.9666666","143.0","1990-06-01","  43.3","010000","999.9","  61.9","  49.3"," 15.5"," 0.00","1015.4","999.9","998.3","  56.8","  4.8"," 11.4"
"34504099999","48.6","34.9666666","143.0","1990-06-02","  48.8","010010","999.9","  52.0","  48.6"," 19.4"," 0.43","1008.8","999.9","991.7","  50.4","  3.3"," 15.8"
"34504099999","48.6","34.9666666","143.0","1990-06-03","  51.6","100000","999.9","  63.3","  51.6"," 15.5"," 0.00","1005.8","999.9","988.8","  55.0","  4.8"," 10.9"
"34504099999","48.6","34.9666666","143.0","1990-06-04","  52.1","010000","999.9","  70.3","  50.7"," 23.3"," 0.02","1009.3","999.9","992.5","  59.9","  4.3"," 15.8"
"34504099999","48.6","34.9666666","143.0","1990-06-05","  54.2","000000","999.9","  72.7","  54.1"," 15.5"," 0.00","1011.7","999.9","994.9","  61.6","  3.4"," 12.1"
"34504099999","48.6","34.9666666","143.0","1990-06-06","  53.1","010000","999.9","  72.5","  56.3"," 17.5"," 0.02","1010.1","999.9","993.2","  61.6","  4.8"," 10.0"
"34504099999","48.6","34.9666666","143.0","1990-06-07","  52.9","000000","999.9","  72.1","  53.2"," 17.5"," 0.04","1010.4","999.9","993.7","  63.4","  5.3"," 10.7"
"34504099999","48.6","34.9666666","143.0","1990-06-08","  55.9","010000","999.9","  75.0","  59.0","999.9"," 0.00","1009.8","999.9","993.1","  65.8","  4.3","  0.0"
"34504099999","48.6","34.9666666","143.0","1990-06-09","  60.8","110000","999.9","  75.2","  61.5"," 13.6"," 0.16","1006.5","999.9","989.8","  66.6","  2.9","  9.2"
"34504099999","48.6","34.9666666","143.0","1990-06-10","  61.7","010000","999.9","  74.7","  61.2"," 13.6"," 0.20","1005.5","999.9","988.9","  65.8","  1.5","  5.6"
"34504099999","48.6","34.9666666","143.0","1990-06-11","  56.4","100000","999.9","  78.3","  54.0"," 13.6"," 0.08","1008.5","999.9","991.7","  66.3","  4.1","  4.9"
"34504099999","48.6","34.9666666","143.0","1990-06-12","  55.9","010000","999.9","  65.3","  57.0"," 23.3"," 0.00"," 999.3","999.9","982.6","  60.1","  4.8"," 15.5"
"34504099999","48.6","34.9666666","143.0","1990-06-13","  56.6","010000","999.9","  66.9","  56.1"," 15.5"," 0.39","1000.8","999.9","984.2","  60.6","  3.9"," 14.1"
"34504099999","48.6","34.9666666","143.0","1990-06-14","  51.1","000000","999.9","  69.8","  57.2"," 15.5"," 0.00","1007.3","999.9","990.5","  62.6","  5.3"," 11.9"
"34504099999","48.6","34.9666666","143.0","1990-06-15","  49.5","000000","999.9","  73.4","  51.6","  3.9"," 0.00","1010.8","999.9","994.0","  65.0","  6.2","  0.6"
"34504099999","48.6","34.9666666","143.0","1990-06-16","  52.0","010010","999.9","  75.6","  53.6"," 13.6"," 0.00","1012.1","999.9","995.3","  64.6","  4.8","  2.7"
"34504099999","48.6","34.9666666","143.0","1990-06-17","  55.4","010010","999.9","  73.4","  55.8","  9.7"," 0.63","1011.7","999.9","995.0","  65.4","  4.7","  5.3"
"34504099999","48.6","34.9666666","143.0","1990-06-18","  57.5","010000","999.9","  71.1","  59.7","  9.7"," 0.00","1012.9","999.9","996.1","  64.0","  4.2","  3.4"
"34504099999","48.6","34.9666666","143.0","1990-06-19","  53.9","000000","999.9","  75.7","  58.6"," 13.6"," 0.28","1015.8","999.9","999.0","  66.3","  4.5","  5.8"
"34504099999","48.6","34.9666666","143.0","1990-06-20","  53.2","010000","999.9","  78.1","  53.6"," 11.7"," 0.00","1015.7","999.9","998.9","  66.0","  4.5","  7.3"
"34504099999","48.6","34.9666666","143.0","1990-06-21","  51.4","000000","999.9","  77.4","  51.6"," 13.6"," 0.00","1012.4","999.9","995.7","  66.2","  6.2","  6.8"
"34504099999","48.6","34.9666666","143.0","1990-06-22","  53.6","000000","999.9","  84.9","  58.3"," 11.7"," 0.00","1010.8","999.9","994.2","  66.6","  5.7","  6.1"
"34504099999","48.6","34.9666666","143.0","1990-06-23","  53.3","000000","999.9","  77.0","  56.7","  7.8"," 0.00","1014.3","999.9","997.5","  65.4","  6.2","  5.6"
"34504099999","48.6","34.9666666","143.0","1990-06-24","  57.8","010010","999.9","  81.0","  57.9"," 11.7"," 0.00","1012.4","999.9","995.7","  66.9","  5.3","  4.9"
"34504099999","48.6","34.9666666","143.0","1990-06-25","  53.3","000000","999.9","  70.3","  57.4"," 15.5"," 0.31","1008.6","999.9","991.9","  63.0","  5.6"," 13.8"
"34504099999","48.6","34.9666666","143.0","1990-06-26","  54.8","010010","999.9","  68.4","  56.3"," 13.6"," 0.02","1006.5","999.9","989.7","  60.2","  4.4"," 10.4"
"34504099999","48.6","34.9666666","143.0","1990-06-27","  55.8","010000","999.9","  70.7","  56.8"," 13.6"," 0.00","1008.9","999.9","992.1","  63.5","  5.3"," 12.4"
"34504099999","48.6","34.9666666","143.0","1990-06-28","  55.9","000000","999.9","  78.3","  58.3"," 17.5"," 0.02","1013.4","999.9","996.8","  69.6","  5.7"," 11.4"
"34504099999","48.6","34.9666666","143.0","1990-06-29","  58.0","000000","999.9","  81.9","  63.0","  9.7"," 0.00","1017.8","999.9","001.2","  73.6","  6.2","  4.4"
"34504099999","48.6","34.9666666","143.0","1990-06-30","  60.2","000000","999.9","  86.5","  61.2"," 11.7"," 0.00","1016.4","999.9","999.9","  74.6","  5.7","  4.6"
"34504099999","48.6","34.9666666","143.0","1990-07-01","  56.8","000000","999.9","  84.2","  64.2","  7.8"," 0.04","1014.8","999.9","998.3","  75.5","  6.2","  3.6"
"34504099999","48.6","34.9666666","143.0","1990-07-02","  60.1","000000","999.9","  89.4","  63.7","  9.7"," 0.00","1011.3","999.9","994.9","  76.4","  6.2","  6.6"
"34504099999","48.6","34.9666666","143.0","1990-07-03","  62.9","000000","999.9","  85.5","  65.7","  7.8"," 0.00","1012.0","999.9","995.6","  76.4","  6.2","  3.9"
"34504099999","48.6","34.9666666","143.0","1990-07-04","  62.7","000000","999.9","  90.9","  66.7","  7.8"," 0.00","1011.3","999.9","995.1","  79.4","  6.2","  4.1"
"34504099999","48.6","34.9666666","143.0","1990-07-05","  65.0","000000","999.9","  91.2","  67.1"," 11.7"," 0.00","1008.6","999.9","992.3","  75.3","  6.2","  4.2"
"34504099999","48.6","34.9666666","143.0","1990-07-06","  65.3","000010","999.9","  92.5","  69.1"," 11.7"," 0.51","1006.8","999.9","990.6","  78.7","  5.3","  6.6"
"34504099999","48.6","34.9666666","143.0","1990-07-07","  63.3","000000","999.9","  86.9","  67.1","  9.7"," 0.00","1007.3","999.9","991.0","  75.5","  6.2","  4.2"
"34504099999","48.6","34.9666666","143.0","1990-07-08","  57.0","000000","999.9","  73.8","  60.8"," 11.7"," 0.03","1012.0","999.9","995.3","  67.3","  5.3","  5.3"
"34504099999","48.6","34.9666666","143.0","1990-07-09","  51.6","000000","999.9","  73.8","  56.7"," 11.7"," 0.00","1016.5","999.9","999.7","  65.7","  4.8","  7.5"
"34504099999","48.6","34.9666666","143.0","1990-07-10","  52.0","000000","999.9","  78.4","  54.0","999.9"," 0.00","1016.4","999.9","999.7","  68.9","  5.0","  0.0"
"34504099999","48.6","34.9666666","143.0","1990-07-11","  59.4","000000","999.9","  86.5","  61.5","  7.8"," 0.00","1017.1","999.9","000.9","  75.7","  6.2","  2.4"
"34504099999","48.6","34.9666666","143.0","1990-07-12","  52.2","000000","999.9","  76.1","  64.6"," 15.5"," 0.00","1017.2","999.9","000.5","  70.0","  6.2"," 12.1"
"34504099999","48.6","34.9666666","143.0","1990-07-13","  50.2","000000","999.9","  73.4","  58.1"," 15.5"," 0.00","1013.8","999.9","997.1","  66.4","  6.2"," 10.2"
"34504099999","48.6","34.9666666","143.0","1990-07-14","  52.7","000000","999.9","  79.9","  53.6","  5.8"," 0.00","1011.5","999.9","994.9","  68.3","  5.7","  2.2"
"34504099999","48.6","34.9666666","143.0","1990-07-15","  51.7","000000","999.9","  72.7","  59.0"," 13.6"," 0.00","1012.5","999.9","995.8","  65.2","  5.7","  7.0"
"34504099999","48.6","34.9666666","143.0","1990-07-16","  46.9","000000","999.9","  76.6","  51.8"," 13.6"," 0.00","1018.7","999.9","001.8","  64.9","  6.2","  6.1"
"34504099999","48.6","34.9666666","143.0","1990-07-17","  49.4","000000","999.9","  82.8","  56.8","  9.7"," 0.00","1016.1","999.9","999.4","  69.9","  6.2","  3.4"
"34504099999","48.6","34.9666666","143.0","1990-07-18","  51.9","000000","999.9","  87.8","  57.9"," 13.6"," 0.00","1013.2","999.9","996.7","  75.1","  5.3","  8.6"
"34504099999","48.6","34.9666666","143.0","1990-07-19","  56.5","000000","999.9","  84.2","  64.9"," 13.6"," 0.00","1013.3","999.9","996.9","  73.6","  5.1","  8.7"
"34504099999","48.6","34.9666666","143.0","1990-07-20","  55.5","000000","999.9","  82.8","  64.9"," 13.6"," 0.00","1013.8","999.9","997.0","  73.1","  6.2"," 10.9"
"34504099999","48.6","34.9666666","143.0","1990-07-21","  52.7","000000","999.9","  80.6","  63.9"," 13.6"," 0.00","1011.9","999.9","995.4","  72.3","  5.3","  9.7"
"34504099999","48.6","34.9666666","143.0","1990-07-22","  53.3","000000","999.9","  76.8","  57.2"," 13.6"," 0.00","1009.2","999.9","992.7","  70.1","  5.6","  9.7"
"34504099999","48.6","34.9666666","143.0","1990-07-23","  52.9","000000","999.9","  79.5","  55.4"," 15.5"," 0.00","1010.9","999.9","994.3","  69.0","  6.2"," 11.7"
"34504099999","48.6","34.9666666","143.0","1990-07-24","  48.6","000000","999.9","  80.6","  56.1"," 15.5"," 0.00","1014.5","999.9","997.9","  70.4","  5.3","  6.6"
"34504099999","48.6","34.9666666","143.0","1990-07-25","  53.3","010000","999.9","  79.2","  57.7"," 13.6"," 0.08","1013.5","999.9","996.9","  70.1","  4.2","  9.0"
"34504099999","48.6","34.9666666","143.0","1990-07-26","  57.0","010000","999.9","  64.6","  57.9"," 11.7"," 0.03","1011.7","999.9","994.9","  61.8","  2.7","  6.3"
"34504099999","48.6","34.9666666","143.0","1990-07-27","  52.7","100000","999.9","  73.4","  54.1"," 15.5"," 0.24","1009.4","999.9","992.6","  63.3","  4.0"," 11.2"
"34504099999","48.6","34.9666666","143.0","1990-07-28","  49.0","000000","999.9","  73.4","  54.9"," 11.7"," 0.00","1013.2","999.9","996.4","  64.0","  5.7","  9.0"
"34504099999","48.6","34.9666666","143.0","1990-07-29","  47.0","000000","999.9","  74.8","  53.8"," 21.4"," 0.00","1012.5","999.9","995.7","  64.5","  6.2"," 15.3"
"34504099999","48.6","34.9666666","143.0","1990-07-30","  47.3","000000","999.9","  71.4","  51.4"," 13.6"," 0.00","1018.2","999.9","001.2","  62.7","  5.3","  9.5"
"34504099999","48.6","34.9666666","143.0","1990-07-31","  55.9","010000","999.9","  74.3","  55.6"," 13.6"," 0.08","1016.8","999.9","000.0","  65.0","  5.2","  7.8"
"34504099999","48.6","34.9666666","143.0","1990-08-01","  55.2","000000","999.9","  78.3","  55.9"," 13.6"," 0.00","1017.7","999.9","001.0","  66.6","  5.5","  7.2"
"34504099999","48.6","34.9666666","143.0","1990-08-02","  57.6","010000","999.9","  74.8","  59.0","  9.7"," 0.00","1014.6","999.9","997.8","  64.8","  4.3","  6.8"
"34504099999","48.6","34.9666666","143.0","1990-08-03","  56.5","000000","999.9","  73.8","  55.8"," 11.7"," 0.12","1012.3","999.9","995.5","  63.7","  3.4","  6.3"
"34504099999","48.6","34.9666666","143.0","1990-08-04","  56.2","000000","999.9","  71.6","  57.0"," 13.6"," 0.03","1014.1","999.9","997.3","  63.3","  4.5"," 10.2"
"34504099999","48.6","34.9666666","143.0","1990-08-05","  56.7","000000","999.9","  73.8","  57.4"," 13.6"," 0.04","1017.0","999.9","000.2","  65.3","  5.6","  9.0"
"34504099999","48.6","34.9666666","143.0","1990-08-06","  56.2","000000","999.9","  78.8","  59.4"," 15.5"," 0.00","1015.2","999.9","998.5","  68.9","  5.3"," 10.2"
"34504099999","48.6","34.9666666","143.0","1990-08-07","  54.7","000000","999.9","  80.2","  57.9"," 11.7"," 0.00","1016.8","999.9","000.1","  72.0","  4.3","  9.2"
"34504099999","48.6","34.9666666","143.0","1990-08-08","  51.5","000000","999.9","  85.8","  61.7","  9.7"," 0.00","1019.5","999.9","002.9","  74.2","  5.1","  8.3"
"34504099999","48.6","34.9666666","143.0","1990-08-09","  51.8","000000","999.9","  87.3","  62.8"," 15.5"," 0.00","1018.6","999.9","002.1","  75.5","  4.8","  9.0"
"34504099999","48.6","34.9666666","143.0","1990-08-10","  53.0","000000","999.9","  84.9","  63.7"," 11.7"," 0.00","1016.1","999.9","999.6","  75.0","  3.9","  6.3"
"34504099999","48.6","34.9666666","143.0","1990-08-11","  55.5","010000","999.9","  87.1","  62.1"," 13.6"," 0.00","1014.0","999.9","997.5","  72.2","  3.2","  5.8"
"34504099999","48.6","34.9666666","143.0","1990-08-12","  58.8","010010","999.9","  78.8","  61.5"," 13.6"," 0.16","1015.2","999.9","998.5","  70.7","  4.7","  6.6"
"34504099999","48.6","34.9666666","143.0","1990-08-13","  52.3","000000","999.9","  76.5","  60.1"," 11.7"," 0.20","1016.6","999.9","999.9","  67.4","  6.2","  9.0"
"34504099999","48.6","34.9666666","143.0","1990-08-14","  52.1","000000","999.9","  78.8","  54.1"," 19.4"," 0.00","1014.5","999.9","997.8","  66.2","  4.2","  7.8"
"34504099999","48.6","34.9666666","143.0","1990-08-15","  54.1","000000","999.9","  81.5","  56.1","  9.7"," 0.00","1013.1","999.9","996.5","  69.7","  4.3","  6.3"
"34504099999","48.6","34.9666666","143.0","1990-08-16","  54.8","000000","999.9","  83.8","  57.4"," 11.7"," 0.00","1015.1","999.9","998.4","  72.6","  5.3","  6.8"
"34504099999","48.6","34.9666666","143.0","1990-08-17","  59.2","000000","999.9","  83.7","  60.8","  9.7"," 0.00","1015.4","999.9","998.9","  73.4","  3.9","  5.1"
"34504099999","48.6","34.9666666","143.0","1990-08-18","  58.7","000000","999.9","  82.6","  65.7","  5.8"," 0.01","1014.4","999.9","997.9","  74.8","  3.1","  3.9"
"34504099999","48.6","34.9666666","143.0","1990-08-19","  60.2","010010","999.9","  83.7","  63.3"," 11.7"," 0.01","1013.5","999.9","996.9","  71.6","  3.1","  6.3"
"34504099999","48.6","34.9666666","143.0","1990-08-20","  57.3","010000","999.9","  70.0","  58.5"," 15.5"," 0.02","1013.1","999.9","996.3","  63.6","  4.8","  8.5"
"34504099999","48.6","34.9666666","143.0","1990-08-21","  54.4","000000","999.9","  78.8","  52.2"," 11.7"," 0.00","1011.9","999.9","995.2","  65.8","  3.7","  5.8"
"34504099999","48.6","34.9666666","143.0","1990-08-22","  57.5","010000","999.9","  83.1","  55.9"," 19.4"," 0.00","1009.8","999.9","993.1","  64.9","  3.6","  9.5"
"34504099999","48.6","34.9666666","143.0","1990-08-23","  51.4","100000","999.9","  72.0","  50.7","  7.8"," 0.00","1012.4","999.9","995.5","  60.4","  3.2","  4.9"
"34504099999","48.6","34.9666666","143.0","1990-08-24","  51.8","010000","999.9","  68.7","  51.6"," 13.6"," 0.00","1013.0","999.9","996.1","  59.5","  5.3"," 10.4"
"34504099999","48.6","34.9666666","143.0","1990-08-25","  49.4","000000","999.9","  71.2","  54.0"," 17.5"," 0.24","1016.9","999.9","000.0","  61.5","  6.2"," 11.9"
"34504099999","48.6","34.9666666","143.0","1990-08-26","  48.1","000000","999.9","  80.8","  50.5"," 13.6"," 0.00","1015.1","999.9","998.3","  65.4","  6.2","  8.5"
"34504099999","48.6","34.9666666","143.0","1990-08-27","  44.3","000000","999.9","  71.2","  56.8"," 17.5"," 0.00","1014.6","999.9","997.7","  63.8","  5.7"," 14.8"
"34504099999","48.6","34.9666666","143.0","1990-08-28","  43.2","000000","999.9","  71.1","  47.7"," 13.6"," 0.00","1024.2","999.9","007.1","  59.5","  6.2"," 10.6"
"34504099999","48.6","34.9666666","143.0","1990-08-29","  45.3","000000","999.9","  70.3","  51.4","  7.8"," 0.00","1025.1","999.9","008.0","  61.2","  6.2","  2.7"
"34504099999","48.6","34.9666666","143.0","1990-08-30","  46.6","000000","999.9","  75.9","  49.1","  7.8"," 0.00","1019.0","999.9","002.2","  65.7","  4.6","  3.1"
"34504099999","48.6","34.9666666","143.0","1990-08-31","  48.4","000000","999.9","  79.2","  53.6","  9.7"," 0.00","1013.2","999.9","996.5","  66.5","  3.7","  5.1"
"34504099999","48.6","34.9666666","143.0","1990-09-01","  46.9","000000","999.9","  72.5","  55.8","  9.7"," 0.00","1015.5","999.9","998.6","  62.5","  4.4","  5.8"
"34504099999","48.6","34.9666666","143.0","1990-09-02","  56.3","010000","999.9","  77.0","  55.6","  9.7"," 0.12","1013.3","999.9","996.5","  64.8","  2.6","  4.6"
"34504099999","48.6","34.9666666","143.0","1990-09-03","  59.8","010000","999.9","  71.6","  59.4"," 11.7"," 0.03","1004.9","999.9","988.2","  64.6","  1.7","  8.5"
"34504099999","48.6","34.9666666","143.0","1990-09-04","  49.4","000000","999.9","  71.6","  49.1"," 15.5"," 0.01","1002.8","999.9","986.0","  60.8","  4.6","  9.7"
"34504099999","48.6","34.9666666","143.0","1990-09-05","  39.5","000000","999.9","  67.5","  42.3"," 17.5"," 0.00","1009.4","999.9","992.3","  54.7","  6.2"," 10.2"
"34504099999","48.6","34.9666666","143.0","1990-09-06","  53.1","010000","999.9","  68.9","  53.8"," 15.5"," 0.16","1011.6","999.9","994.7","  60.2","  4.8","  8.5"
"34504099999","48.6","34.9666666","143.0","1990-09-07","  52.0","110000","999.9","  65.5","  54.1","  9.7"," 0.35","1015.1","999.9","998.1","  58.8","  1.9","  5.4"
"34504099999","48.6","34.9666666","143.0","1990-09-08","  48.9","000000","999.9","  70.7","  50.0","  7.8"," 0.03","1018.8","999.9","001.8","  60.0","  3.7","  4.6"
"34504099999","48.6","34.9666666","143.0","1990-09-09","  52.9","000000","999.9","  68.4","  52.0"," 15.5"," 0.00","1015.3","999.9","998.3","  58.3","  2.6","  9.2"
"34504099999","48.6","34.9666666","143.0","1990-09-10","  46.9","010000","999.9","  62.8","  46.2"," 13.6"," 0.03","1013.3","999.9","996.2","  54.7","  3.9","  9.5"
"34504099999","48.6","34.9666666","143.0","1990-09-11","  50.8","010000","999.9","  55.9","  47.1","  7.8"," 0.00","1009.8","999.9","992.7","  51.9","  1.7","  4.6"
"34504099999","48.6","34.9666666","143.0","1990-09-12","  49.0","100000","999.9","  63.1","  43.7","  5.8"," 0.59","1008.0","999.9","991.0","  54.5","  2.4","  2.9"
"34504099999","48.6","34.9666666","143.0","1990-09-13","  47.4","000000","999.9","  65.3","  51.6"," 15.5"," 0.00","1008.7","999.9","991.7","  56.3","  4.5"," 11.7"
"34504099999","48.6","34.9666666","143.0","1990-09-14","  48.0","010000","999.9","  57.2","  49.3"," 15.5"," 0.02","1016.2","999.9","999.0","  52.0","  3.3"," 11.4"
"34504099999","48.6","34.9666666","143.0","1990-09-15","  44.5","010000","999.9","  63.0","  43.0"," 13.6"," 0.79","1020.4","999.9","003.0","  51.7","  3.0","  6.3"
"34504099999","48.6","34.9666666","143.0","1990-09-16","  48.4","000000","999.9","  70.7","  48.2"," 15.5"," 0.00","1020.4","999.9","003.2","  57.4","  5.3"," 10.2"
"34504099999","48.6","34.9666666","143.0","1990-09-17","  52.2","010000","999.9","  61.7","  49.6","  7.8"," 0.00","1016.4","999.9","999.2","  54.9","  1.9","  5.0"
"34504099999","48.6","34.9666666","143.0","1990-09-18","  45.4","100000","999.9","  59.0","  46.4"," 15.5"," 0.02","1015.0","999.9","997.8","  52.7","  3.9","  8.3"
"34504099999","48.6","34.9666666","143.0","1990-09-19","  44.1","000000","999.9","  68.0","  42.3"," 11.7"," 0.02","1013.5","999.9","996.4","  54.3","  4.2","  4.9"
"34504099999","48.6","34.9666666","143.0","1990-09-20","  48.6","010000","999.9","  55.2","  49.6"," 13.6"," 0.04","1010.3","999.9","993.2","  52.4","  2.7","  9.7"
"34504099999","48.6","34.9666666","143.0","1990-09-21","  48.5","100000","999.9","  66.7","  41.0"," 23.3"," 0.03","1013.3","999.9","996.1","  53.1","  1.6","  5.6"
"34504099999","48.6","34.9666666","143.0","1990-09-22","  53.3","010000","999.9","  69.8","  50.0"," 15.5"," 0.00","1007.8","999.9","990.9","  59.3","  3.4","  9.0"
"34504099999","48.6","34.9666666","143.0","1990-09-23","  50.1","100000","999.9","  77.0","  46.8"," 19.4"," 0.00","1012.2","999.9","995.3","  62.3","  2.2","  8.5"
"34504099999","48.6","34.9666666","143.0","1990-09-24","  57.4","000000","999.9","  82.2","  54.0","  5.8"," 0.00","1013.4","999.9","996.7","  66.5","  1.3","  3.4"
"34504099999","48.6","34.9666666","143.0","1990-09-25","  55.9","000010","999.9","  82.9","  54.3"," 15.5"," 0.00","1009.2","999.9","992.5","  67.1","  2.8","  8.7"
"34504099999","48.6","34.9666666","143.0","1990-09-26","  46.8","000000","999.9","  67.5","  50.5"," 15.5"," 0.16","1015.6","999.9","998.6","  57.2","  3.1"," 12.4"
"34504099999","48.6","34.9666666","143.0","1990-09-27","  49.8","010000","999.9","  57.2","  49.3","  9.7"," 0.00","1017.7","999.9","000.5","  53.0","  1.6","  4.9"
"34504099999","48.6","34.9666666","143.0","1990-09-28","  36.9","000000","999.9","  54.9","  43.9"," 15.5"," 0.20","1021.7","999.9","004.2","  48.6","  4.3"," 10.0"
"34504099999","48.6","34.9666666","143.0","1990-09-29","  34.5","000000","999.9","  58.6","  36.3","  9.7"," 0.00","1023.7","999.9","006.2","  47.8","  4.8","  5.3"
"34504099999","48.6","34.9666666","143.0","1990-09-30","  41.3","000000","999.9","  67.1","  48.6"," 17.5"," 0.00","1018.7","999.9","001.3","  56.3","  4.8"," 12.1"
"34504099999","48.6","34.9666666","143.0","1990-10-01","  53.4","010000","999.9","  68.2","  53.1"," 15.5"," 0.00","1013.7","999.9","996.6","  59.1","  3.3"," 11.7"
"34504099999","48.6","34.9666666","143.0","1990-10-02","  49.8","010000","999.9","  64.4","  47.3"," 19.4"," 0.08","1011.3","999.9","994.4","  57.2","  3.7"," 14.6"
"34504099999","48.6","34.9666666","143.0","1990-10-03","  29.8","000000","999.9","  51.1","  39.6"," 17.5"," 0.00","1023.1","999.9","005.4","  44.9","  6.2"," 13.8"
"34504099999","48.6","34.9666666","143.0","1990-10-04","  31.8","000000","999.9","  58.1","  32.7","  3.9"," 0.00","1026.5","999.9","008.6","  42.5","  5.7","  0.8"
"34504099999","48.6","34.9666666","143.0","1990-10-05","  41.1","000000","999.9","  61.5","  36.0"," 13.6"," 0.00","1023.1","999.9","005.6","  51.7","  5.4","  6.0"
"34504099999","48.6","34.9666666","143.0","1990-10-06","  50.3","010000","999.9","  58.1","  52.0"," 13.6"," 0.00","1015.5"," 24.0","998.3","  55.5","  3.7","  9.5"
"34504099999","48.6","34.9666666","143.0","1990-10-07","  52.4","000000","999.9","  71.1","  54.1"," 13.6"," 0.00","1012.8","999.9","995.8","  60.3","  3.6","  9.7"
"34504099999","48.6","34.9666666","143.0","1990-10-08","  54.1","100000","999.9","  77.5","  51.8"," 13.6"," 0.00","1012.3","999.9","995.4","  63.5","  1.8"," 10.2"
"34504099999","48.6","34.9666666","143.0","1990-10-09","  53.7","010000","999.9","  61.0","  51.1"," 15.5"," 0.00","1013.5","999.9","996.5","  55.5","  1.7","  9.7"
"34504099999","48.6","34.9666666","143.0","1990-10-10","  40.1","000000","999.9","  55.6","  41.5"," 15.5"," 0.55","1021.4","999.9","003.8","  48.5","  5.0"," 10.5"
"34504099999","48.6","34.9666666","143.0","1990-10-11","  42.0","000000","999.9","  62.6","  37.9"," 13.6"," 0.00","1023.6","999.9","006.0","  50.0","  4.0","  8.3"
"34504099999","48.6","34.9666666","143.0","1990-10-12","  43.9","000000","999.9","  65.8","  42.4"," 15.5"," 0.00","1022.5","999.9","005.1","  54.0","  3.9"," 11.2"
"34504099999","48.6","34.9666666","143.0","1990-10-13","  35.4","000000","999.9","  54.7","  40.5"," 17.5"," 0.00","1028.8","999.9","011.0","  46.2","  5.7"," 14.4"
"34504099999","48.6","34.9666666","143.0","1990-10-14","  29.3","000000","999.9","  50.0","  34.9","  9.7"," 0.00","1035.7","999.9","017.7","  41.0","  5.3","  3.4"
"34504099999","48.6","34.9666666","143.0","1990-10-15","  29.9","000000","999.9","  59.0","  32.7"," 11.7"," 0.00","1032.4","999.9","014.5","  43.8","  5.3","  7.0"
"34504099999","48.6","34.9666666","143.0","1990-10-16","  37.4","010000","999.9","  62.6","  41.9","  9.7"," 0.00","1029.8","999.9","012.2","  50.3","  4.0","  3.2"
"34504099999","48.6","34.9666666","143.0","1990-10-17","  44.7","000000","999.9","  66.9","  43.9","  7.8"," 0.00","1028.8","999.9","011.3","  54.4","  1.2","  3.4"
"34504099999","48.6","34.9666666","143.0","1990-10-18","  42.8","000000","999.9","  69.3","  43.9","  9.7"," 0.00","1026.0","999.9","008.5","  54.0","  3.3","  7.3"
"34504099999","48.6","34.9666666","143.0","1990-10-19","  39.6","000000","999.9","  64.4","  41.7","  7.8"," 0.00","1019.0","999.9","001.6","  49.9","  3.6","  5.8"
"34504099999","48.6","34.9666666","143.0","1990-10-20","  44.0","100000","999.9","  59.9","  37.8","  9.7"," 0.00","1013.3","999.9","995.8","  46.1","  1.0","  3.6"
"34504099999","48.6","34.9666666","143.0","1990-10-21","  45.6","110000","999.9","  53.4","  38.3"," 15.5"," 0.00","1009.9","999.9","992.5","  46.1","  0.8"," 10.9"
"34504099999","48.6","34.9666666","143.0","1990-10-22","  31.5","010000","999.9","  41.0","  33.1"," 15.5"," 0.98","1015.7","999.9","997.8","  36.0","  3.5"," 15.1"
"34504099999","48.6","34.9666666","143.0","1990-10-23","  25.9","000000","999.9","  41.5","  29.7"," 15.5"," 0.00","1024.0","999.9","005.9","  34.5","  5.3"," 11.4"
"34504099999","48.6","34.9666666","143.0","1990-10-24","  32.2","000000","999.9","  37.2","  32.5","  5.8"," 0.00","1023.9","999.9","005.9","  35.1","  2.0","  4.1"
"34504099999","48.6","34.9666666","143.0","1990-10-25","  34.3","000000","999.9","  57.6","  33.8","  3.9"," 0.00","1022.9","999.9","004.7","  36.9","  1.6","  0.5"
"34504099999","48.6","34.9666666","143.0","1990-10-26","  37.4","010000","999.9","  42.1","  36.5","999.9"," 0.00","1023.3","999.9","005.4","  38.8","  0.9","  0.0"
"34504099999","48.6","34.9666666","143.0","1990-10-27","  37.0","000000","999.9","  44.8","  36.9","  9.7"," 0.00","1025.0","999.9","007.1","  40.1","  1.4","  5.6"
"34504099999","48.6","34.9666666","143.0","1990-10-28","  35.9","100000","999.9","  42.8","  36.0"," 13.6"," 0.00","1023.5","999.9","005.6","  39.2","  1.7"," 10.0"
"34504099999","48.6","34.9666666","143.0","1990-10-29","  40.7","110000","999.9","  44.8","  37.9"," 11.7"," 0.00","1018.5","999.9","000.7","  41.4","  0.8"," 10.7"
"34504099999","48.6","34.9666666","143.0","1990-10-30","  42.6","100000","999.9","  46.2","  40.1"," 13.6"," 0.00","1012.1","999.9","994.6","  44.1","  1.0"," 11.9"
"34504099999","48.6","34.9666666","143.0","1990-10-31","  44.2","010000","999.9","  55.0","  37.6"," 21.4"," 0.20","1002.3","999.9","985.0","  47.1","  1.6"," 16.5"
"34504099999","48.6","34.9666666","143.0","1990-11-01","  44.7","110000","999.9","  51.8","  37.6"," 13.6"," 0.43","1008.8","999.9","991.4","  46.2","  1.3","  8.7"
"34504099999","48.6","34.9666666","143.0","1990-11-02","  49.1","110000","999.9","  54.9","  41.0"," 46.6"," 0.00","1003.1","999.9","985.9","  50.0","  0.8"," 16.8"
"34504099999","48.6","34.9666666","143.0","1990-11-03","  40.5","000000","999.9","  54.3","  36.3","  9.7"," 0.08","1013.8","999.9","996.4","  43.6","  1.3","  5.3"
"34504099999","48.6","34.9666666","143.0","1990-11-04","  47.6","100000","999.9","  54.0","  39.4"," 11.7"," 0.00","1012.9","999.9","995.5","  48.3","  0.6","  7.1"
"34504099999","48.6","34.9666666","143.0","1990-11-05","  51.1","010000","999.9","  57.0","  48.2"," 15.5"," 0.52","1006.5","999.9","989.3","  52.7","  1.3"," 10.3"
"34504099999","48.6","34.9666666","143.0","1990-11-06","  35.8","010000","999.9","  45.0","  36.5"," 15.5"," 0.00","1015.2","999.9","997.5","  40.7","  2.7"," 12.9"
"34504099999","48.6","34.9666666","143.0","1990-11-07","  34.2","010000","999.9","  39.9","  32.5"," 17.5"," 0.00","1016.4","999.9","998.5","  36.7","  1.0"," 14.3"
"34504099999","48.6","34.9666666","143.0","1990-11-08","  31.5","000000","999.9","  40.5","  32.0","  7.8"," 0.01","1016.3","999.9","998.4","  36.2","  2.5","  2.4"
"34504099999","48.6","34.9666666","143.0","1990-11-09","  25.8","000000","999.9","  38.1","  30.9","  9.7"," 0.00","1022.4","999.9","004.4","  34.3","  3.4","  6.1"
"34504099999","48.6","34.9666666","143.0","1990-11-10","  30.2","010000","999.9","  37.0","  32.0","  5.8"," 0.00","1024.4","999.9","006.4","  34.5","  1.8","  3.4"
"34504099999","48.6","34.9666666","143.0","1990-11-11","  36.8","110000","999.9","  42.4","  33.8","  7.8"," 0.00","1024.2","999.9","006.3","  38.7","  0.9","  6.1"
"34504099999","48.6","34.9666666","143.0","1990-11-12","  34.9","000000","999.9","  41.7","  36.3"," 11.7"," 0.00","1023.0","999.9","005.1","  38.7","  1.0","  7.5"
"34504099999","48.6","34.9666666","143.0","1990-11-13","  35.6","000000","999.9","  43.7","  35.2","  9.7"," 0.00","1024.9","999.9","007.0","  38.1","  0.7","  2.7"
"34504099999","48.6","34.9666666","143.0","1990-11-14","  33.8","000000","999.9","  39.2","  33.3","  5.8"," 0.00","1027.1","999.9","009.0","  36.4","  0.8","  3.9"
"34504099999","48.6","34.9666666","143.0","1990-11-15","  34.9","100000","999.9","  46.8","  33.4","  3.9"," 0.00","1025.8","999.9","007.9","  39.0","  0.8","  1.5"
"34504099999","48.6","34.9666666","143.0","1990-11-16","  41.3","100000","999.9","  44.6","  36.9","  9.7"," 0.00","1026.7","999.9","008.8","  42.1","  0.7","  6.1"
"34504099999","48.6","34.9666666","143.0","1990-11-17","  44.4","100000","999.9","  53.2","  43.5"," 23.3"," 0.00","1015.1","999.9","997.7","  48.3","  1.3"," 16.2"
"34504099999","48.6","34.9666666","143.0","1990-11-18","  42.9","110000","999.9","  48.6","  35.2"," 23.3"," 0.00","1002.6","999.9","985.3","  44.8","  1.4"," 16.5"
"34504099999","48.6","34.9666666","143.0","1990-11-19","  38.8","010000","999.9","  46.4","  35.2"," 11.7"," 0.12","1002.4","999.9","985.0","  40.8","  1.3","  9.5"
"34504099999","48.6","34.9666666","143.0","1990-11-20","  34.0","000000","999.9","  45.3","  31.8","  9.7"," 0.00","1009.5","999.9","991.7","  36.1","  1.1","  6.8"
"34504099999","48.6","34.9666666","143.0","1990-11-21","  38.5","110000","999.9","  52.3","  29.3"," 15.5"," 0.00","1014.8","999.9","997.1","  41.7","  1.2"," 11.2"
"34504099999","48.6","34.9666666","143.0","1990-11-22","  45.4","000000","999.9","  51.6","  44.1"," 15.5"," 0.00","1018.7","999.9","001.3","  49.1","  0.9","  9.2"
"34504099999","48.6","34.9666666","143.0","1990-11-23","  44.5","100000","999.9","  50.9","  38.8","  9.7"," 0.00","1022.3","999.9","004.6","  44.9","  0.4","  6.0"
"34504099999","48.6","34.9666666","143.0","1990-11-24","  49.4","110000","999.9","  54.7","  47.7"," 11.7"," 0.01","1016.8","999.9","999.5","  50.7","  0.7","  7.8"
"34504099999","48.6","34.9666666","143.0","1990-11-25","  45.6","110000","999.9","  48.2","  44.1"," 13.6"," 0.01","1016.6","999.9","999.1","  46.0","  0.5"," 10.4"
"34504099999","48.6","34.9666666","143.0","1990-11-26","  45.0","110000","999.9","  46.4","  43.7","  9.7"," 0.00","1020.3","999.9","002.7","  45.2","  0.4","  3.9"
"34504099999","48.6","34.9666666","143.0","1990-11-27","  41.9","000000","999.9","  46.8","  41.0"," 13.6"," 0.02","1021.5","999.9","003.8","  42.9","  0.8"," 10.2"
"34504099999","48.6","34.9666666","143.0","1990-11-28","  46.6","110000","999.9","  50.7","  41.7"," 31.1"," 0.00","1011.3","999.9","993.9","  46.8","  0.4"," 11.9"
"34504099999","48.6","34.9666666","143.0","1990-11-29","  46.0","110000","999.9","  48.4","  44.8","  9.7"," 0.00","1007.3","999.9","989.9","  46.5","  0.5","  8.0"
"34504099999","48.6","34.9666666","143.0","1990-11-30","  42.5","010000","999.9","  44.6","  42.1","  9.7"," 0.16","1008.7","999.9","991.2","  43.3","  0.7","  7.3"
"34504099999","48.6","34.9666666","143.0","1990-12-01","  41.1","010000"," 35.0","  45.3","  37.4"," 21.4"," 0.51","1005.4","999.9","987.8","  42.0","  0.8"," 14.1"
"34504099999","48.6","34.9666666","143.0","1990-12-02","  27.0","000000","999.9","  35.2","  28.4"," 19.4"," 0.87","1022.3","999.9","004.1","  31.4","  1.9"," 16.3"
"34504099999","48.6","34.9666666","143.0","1990-12-03","  24.2","000000","999.9","  35.6","  23.5"," 17.5"," 0.00","1026.1","999.9","007.7","  28.5","  1.6","  8.5"
"34504099999","48.6","34.9666666","143.0","1990-12-04","  23.9","000000","999.9","  35.8","  22.5","  7.8"," 0.00","1015.7","999.9","997.5","  29.3","  1.1","  2.4"
"34504099999","48.6","34.9666666","143.0","1990-12-05","  30.8","100000","999.9","  36.3","  29.5","  5.8"," 0.00","1014.1","999.9","996.1","  33.4","  0.6","  0.7"
"34504099999","48.6","34.9666666","143.0","1990-12-06","  30.8","000000","999.9","  35.6","  32.4"," 11.7"," 0.00","1023.3","999.9","005.3","  34.2","  1.6","  6.1"
"34504099999","48.6","34.9666666","143.0","1990-12-07","  22.6","000000","999.9","  35.2","  26.2","  5.8"," 0.00","1029.0","999.9","010.7","  30.7","  1.9","  1.0"
"34504099999","48.6","34.9666666","143.0","1990-12-08","  22.2","000000","999.9","  33.1","  21.2"," 15.5"," 0.00","1025.9","999.9","007.5","  28.5","  3.9"," 13.6"
"34504099999","48.6","34.9666666","143.0","1990-12-09","  24.0","010000","999.9","  32.4","  25.9"," 17.5"," 0.00","1022.9","999.9","004.6","  28.9","  4.4"," 13.8"
"34504099999","48.6","34.9666666","143.0","1990-12-10","  26.1","001000","999.9","  30.9","  27.1"," 11.7"," 0.08","1025.7","999.9","007.4","  29.0","  1.7","  8.0"
"34504099999","48.6","34.9666666","143.0","1990-12-11","  30.2","100000","999.9","  34.5","  27.7"," 15.5"," 0.00","1025.7","  0.4","007.5","  31.7","  1.2"," 10.9"
"34504099999","48.6","34.9666666","143.0","1990-12-12","  31.3","000000","999.9","  34.9","  33.3"," 17.5"," 0.00","1020.3","999.9","002.3","  34.3","  1.4"," 16.5"
"34504099999","48.6","34.9666666","143.0","1990-12-13","  32.2","000000","999.9","  38.3","  33.6"," 19.4"," 0.00","1014.0","999.9","996.2","  35.6","  1.9"," 18.5"
"34504099999","48.6","34.9666666","143.0","1990-12-14","  34.9","110000","999.9","  37.2","  34.5"," 17.5"," 0.02","1012.7","999.9","994.9","  35.9","  1.1","  7.2"
"34504099999","48.6","34.9666666","143.0","1990-12-15","  36.5","110000","999.9","  39.2","  34.9"," 15.5"," 0.12","1016.5","999.9","998.6","  36.7","  0.4"," 10.0"
"34504099999","48.6","34.9666666","143.0","1990-12-16","  39.5","110000","999.9","  41.9","  37.0"," 11.7"," 0.31","1015.0","999.9","997.2","  39.7","  0.4","  6.1"
"34504099999","48.6","34.9666666","143.0","1990-12-17","  33.2","000000","999.9","  37.8","  26.6"," 17.5"," 0.20","1023.7","999.9","005.6","  34.5","  1.4"," 11.7"
"34504099999","48.6","34.9666666","143.0","1990-12-18","  12.9","000000","999.9","  27.1","  18.3"," 17.5"," 0.00","1038.9","999.9","020.1","  22.8","  6.2"," 16.0"
"34504099999","48.6","34.9666666","143.0","1990-12-19","  11.2","000000","999.9","  28.4","  16.9"," 13.6"," 0.00","1036.9","999.9","018.1","  22.2","  6.2","  9.4"
"34504099999","48.6","34.9666666","143.0","1990-12-20","  11.8","000000","999.9","  30.4","  18.1","  9.7"," 0.00","1028.6","999.9","010.1","  23.4","  4.6","  6.1"
"34504099999","48.6","34.9666666","143.0","1990-12-21","  10.9","001000","999.9","  20.1","  13.6","  9.7"," 0.00","1022.1","999.9","003.4","  16.6","  4.2","  5.6"
"34504099999","48.6","34.9666666","143.0","1990-12-22","  18.6","001000","999.9","  27.7","  11.5","  7.8"," 0.02","1019.2","999.9","000.7","  21.4","  0.9","  3.4"
"34504099999","48.6","34.9666666","143.0","1990-12-23","  22.7","001000","999.9","  37.8","  24.8"," 15.5"," 0.01","1024.0","  0.4","005.7","  27.8","  1.5","  9.7"
"34504099999","48.6","34.9666666","143.0","1990-12-24","  21.1","001000","999.9","  25.7","  22.3"," 13.6"," 0.03","1037.8","  0.4","019.1","  24.4","  2.0"," 11.7"
"34504099999","48.6","34.9666666","143.0","1990-12-25","  17.0","001000","999.9","  23.0","  16.2","  9.7"," 0.00","1038.0","  0.4","019.1","  20.1","  1.4","  8.0"
"34504099999","48.6","34.9666666","143.0","1990-12-26","  14.7","000000","999.9","  24.3","  13.5","  7.8"," 0.00","1033.9","  0.4","015.0","  17.1","  0.9","  3.3"
"34504099999","48.6","34.9666666","143.0","1990-12-27","  19.9","100000","999.9","  27.3","  13.6","  7.8"," 0.00","1030.3","  0.4","011.7","  21.6","  1.3","  5.5"
"34504099999","48.6","34.9666666","143.0","1990-12-28","  30.6","010000","999.9","  38.3","  26.4"," 11.7"," 0.00","1024.3","  0.4","006.1","  32.5","  1.1","  8.5"
"34504099999","48.6","34.9666666","143.0","1990-12-29","  34.9","110000","999.9","  36.3","  33.1"," 11.7"," 0.00","1023.8","999.9","005.7","  35.1","  0.3","  6.3"
"34504099999","48.6","34.9666666","143.0","1990-12-30","  31.8","100000","999.9","  35.6","  31.6"," 15.5"," 0.20","1023.0","999.9","004.9","  32.7","  0.7"," 11.4"
"34504099999","48.6","34.9666666","143.0","1990-12-31","  30.5","010000","999.9","  37.0","  30.2"," 13.6"," 0.00","1021.8","999.9","003.7","  32.9","  1.3"," 10.4"
"34504099999","48.6","34.9666666","143.0","1991-01-01","  31.4","100000","999.9","  33.4","  28.9","  9.7"," 0.00","1020.8","999.9","002.7","  31.9","  0.4","  5.5"
"34504099999","48.6","34.9666666","143.0","1991-01-02","  32.2","111000","999.9","  33.1","  30.6","  9.7"," 0.39","1011.5","  1.2","993.5","  32.4","  0.4","  8.0"
"34504099999","48.6","34.9666666","143.0","1991-01-03","  29.9","001000","999.9","  32.2","  28.8"," 19.4"," 0.20","1010.4","  2.4","992.4","  31.4","  1.3"," 15.8"
"34504099999","48.6","34.9666666","143.0","1991-01-04","  29.0","000000","999.9","  37.4","  26.8"," 15.5"," 0.04","1012.8","  2.8","994.8","  31.8","  2.2"," 10.8"
"34504099999","48.6","34.9666666","143.0","1991-01-05","  33.0","100000","999.9","  37.6","  26.6","  9.7"," 0.00","1013.6","  2.4","995.7","  34.3","  0.6","  4.9"
"34504099999","48.6","34.9666666","143.0","1991-01-06","  32.5","101000","999.9","  35.2","  32.4","  9.7"," 0.08","1017.0","  1.2","999.0","  33.1","  0.8","  4.1"
"34504099999","48.6","34.9666666","143.0","1991-01-07","  32.3","101000","999.9","  33.6","  31.8","  9.7"," 0.00","1016.8","  0.4","998.8","  32.8","  0.6","  6.8"
"34504099999","48.6","34.9666666","143.0","1991-01-08","  32.9","100000","999.9","  36.1","  30.0"," 11.7"," 0.08","1020.3","  0.4","002.3","  32.9","  0.1"," 10.0"
"34504099999","48.6","34.9666666","143.0","1991-01-09","  35.6","100000","999.9","  37.4","  34.7","  7.8"," 0.00","1023.7","999.9","005.7","  35.8","  0.5","  5.1"
"34504099999","48.6","34.9666666","143.0","1991-01-10","  37.3","100000","999.9","  41.0","  33.4"," 13.6"," 0.00","1023.6","999.9","005.6","  37.8","  0.7"," 11.7"
"34504099999","48.6","34.9666666","143.0","1991-01-11","  38.8","100000","999.9","  43.7","  36.9"," 17.5"," 0.00","1019.0","999.9","001.2","  40.0","  1.0"," 15.1"
"34504099999","48.6","34.9666666","143.0","1991-01-12","  40.5","110000","999.9","  42.3","  37.8"," 15.5"," 0.02","1017.6","999.9","999.8","  40.7","  0.4"," 12.1"
"34504099999","48.6","34.9666666","143.0","1991-01-13","  34.4","100000","999.9","  40.5","  31.6","  9.7"," 0.04","1022.2","999.9","004.2","  37.1","  1.4","  6.3"
"34504099999","48.6","34.9666666","143.0","1991-01-14","  21.2","000000","999.9","  33.6","  24.4"," 23.3"," 0.00","1029.0","999.9","010.6","  28.4","  4.8"," 15.8"
"34504099999","48.6","34.9666666","143.0","1991-01-15","  17.0","001000","999.9","  27.3","  18.0"," 17.5"," 0.00","1031.1","999.9","012.5","  23.1","  6.1"," 12.8"
"34504099999","48.6","34.9666666","143.0","1991-01-16","  13.3","001000","999.9","  21.6","  17.2"," 15.5"," 0.01","1034.6","999.9","015.7","  19.1","  4.8"," 10.7"
"34504099999","48.6","34.9666666","143.0","1991-01-17","  17.5","001000","999.9","  26.6","  12.7","  7.8"," 0.01","1029.7","999.9","011.0","  20.2","  1.2","  4.4"
"34504099999","48.6","34.9666666","143.0","1991-01-18","  25.0","011000","999.9","  30.2","  24.8","  9.7"," 0.00","1030.2","999.9","011.7","  27.9","  1.9","  4.3"
"34504099999","48.6","34.9666666","143.0","1991-01-19","  25.4","010000","999.9","  30.6","  27.0","  7.8"," 0.04","1035.3","  0.4","016.8","  28.7","  2.7","  4.2"
"34504099999","48.6","34.9666666","143.0","1991-01-20","  22.6","001000","999.9","  29.8","  21.7"," 11.7"," 0.00","1035.8","999.9","017.3","  26.1","  4.8","  8.0"
"34504099999","48.6","34.9666666","143.0","1991-01-21","  20.9","001000","999.9","  27.0","  21.7","  7.8"," 0.01","1033.2","999.9","014.6","  25.3","  5.1","  4.9"
"34504099999","48.6","34.9666666","143.0","1991-01-22","  20.0","011000","999.9","  27.0","  23.4","  7.8"," 0.00","1031.6","999.9","013.0","  25.9","  4.6","  2.9"
"34504099999","48.6","34.9666666","143.0","1991-01-23","  24.2","011000","999.9","  30.6","  22.3","  9.7"," 0.02","1026.2","999.9","007.8","  26.9","  1.5","  4.1"
"34504099999","48.6","34.9666666","143.0","1991-01-24","  28.2","011000","999.9","  32.2","  27.3"," 15.5"," 0.00","1012.8","999.9","994.7","  30.0","  2.3"," 11.2"
"34504099999","48.6","34.9666666","143.0","1991-01-25","  18.0","000000","999.9","  28.8","  21.2"," 17.5"," 0.08","1018.9","999.9","000.6","  25.5","  5.7"," 13.4"
"34504099999","48.6","34.9666666","143.0","1991-01-26","  27.3","000000"," 40.8","  36.7","  20.3"," 27.2"," 0.00","1006.3","  0.8","988.4","  31.1","  6.2"," 19.2"
"34504099999","48.6","34.9666666","143.0","1991-01-27","  12.4","001000","999.9","  29.8","  15.8"," 19.4"," 0.03","1023.4","  0.8","004.8","  22.0","  6.2"," 14.8"
"34504099999","48.6","34.9666666","143.0","1991-01-28","   0.3","000000","999.9","  18.0","   5.0"," 11.7"," 0.00","1032.4","  0.8","013.2","  10.5","  6.2","  6.1"
"34504099999","48.6","34.9666666","143.0","1991-01-29","  11.9","001000","999.9","  19.6","   8.6"," 11.7"," 0.00","1018.2","  0.8","999.5","  15.3","  3.4","  9.2"
"34504099999","48.6","34.9666666","143.0","1991-01-30","  17.3","001000","999.9","  24.4","  16.3"," 11.7"," 0.08","1013.2","  2.0","994.8","  20.8","  1.7","  8.0"
"34504099999","48.6","34.9666666","143.0","1991-01-31","   0.5","001000","999.9","  14.4","  -3.1"," 17.5"," 0.08","1023.2","  2.8","004.0","   5.7","  4.7"," 13.8"
"34504099999","48.6","34.9666666","143.0","1991-02-01","  -0.8","001000","999.9","   5.0","  -3.5"," 17.5"," 0.01","1027.8","999.9","008.4","   1.9","  2.8"," 12.4"
"34504099999","48.6","34.9666666","143.0","1991-02-02","   0.4","001000","999.9","   7.2","  -1.7","  7.8"," 0.00","1024.4","  3.5","005.1","   3.8","  3.4","  5.0"
"34504099999","48.6","34.9666666","143.0","1991-02-03","  -0.4","001000","999.9","   9.3","  -5.8","  5.8"," 0.04","1023.0","  3.5","003.7","   2.5","  2.8","  3.4"
"34504099999","48.6","34.9666666","143.0","1991-02-04","  -0.2","100000","999.9","  12.7","  -4.9","  5.8"," 0.02","1029.1","  3.9","009.7","   2.1","  1.7","  1.2"
"34504099999","48.6","34.9666666","143.0","1991-02-05","   1.7","000000","999.9","  13.8","  -3.5"," 13.6"," 0.00","1039.8","  3.9","020.2","   4.2","  1.2","  7.8"
"34504099999","48.6","34.9666666","143.0","1991-02-06","   7.3","000000","999.9","  19.0","   1.9"," 15.5"," 0.00","1039.2","  3.1","020.0","  11.1","  2.0"," 11.9"
"34504099999","48.6","34.9666666","143.0","1991-02-07","  15.0","010000","999.9","  21.6","  10.0"," 17.5"," 0.00","1037.1","  3.1","018.2","  17.4","  2.2"," 12.4"
"34504099999","48.6","34.9666666","143.0","1991-02-08","  14.0","011000","999.9","  24.1","  12.0"," 11.7"," 0.01","1035.8","  3.1","017.0","  19.6","  3.9"," 10.2"
"34504099999","48.6","34.9666666","143.0","1991-02-09","   6.4","001000","999.9","  20.3","   5.0"," 11.7"," 0.01","1034.9","  3.1","015.7","  10.6","  2.4","  7.8"
"34504099999","48.6","34.9666666","143.0","1991-02-10","   5.3","000000","999.9","  19.6","   2.7","  9.7"," 0.00","1034.9","  3.1","015.6","   9.7","  4.3","  7.8"
"34504099999","48.6","34.9666666","143.0","1991-02-11","   6.1","000000","999.9","  21.0","   3.2"," 11.7"," 0.00","1031.2","  3.1","012.2","  12.0","  3.4","  8.0"
"34504099999","48.6","34.9666666","143.0","1991-02-12","  13.0","000000","999.9","  27.0","   6.1"," 11.7"," 0.00","1026.3","  2.8","007.5","  18.2","  3.1","  6.8"
"34504099999","48.6","34.9666666","143.0","1991-02-13","  20.6","000000","999.9","  34.3","  20.7"," 15.5"," 0.00","1020.2","  2.8","001.9","  27.2","  3.4"," 13.1"
"34504099999","48.6","34.9666666","143.0","1991-02-14","  27.9","111000","999.9","  32.5","  23.4"," 11.7"," 0.08","1015.3","  2.4","997.2","  29.4","  1.0","  8.0"
"34504099999","48.6","34.9666666","143.0","1991-02-15","  28.4","111000","999.9","  32.2","  26.2"," 11.7"," 0.12","1014.1","  3.5","996.0","  29.4","  1.0","  6.8"
"34504099999","48.6","34.9666666","143.0","1991-02-16","  32.1","011000"," 35.0","  37.8","  28.9"," 19.4"," 0.55"," 993.5","  2.4","976.0","  34.7","  3.9"," 11.9"
"34504099999","48.6","34.9666666","143.0","1991-02-17","  20.2","001000"," 38.9","  27.3","  24.8"," 29.1"," 0.00"," 997.3","  2.4","979.4","  26.3","  5.0"," 21.8"
"34504099999","48.6","34.9666666","143.0","1991-02-18","  23.4","001000","999.9","  33.3","  22.1"," 19.4"," 0.08","1008.1","  3.1","990.1","  28.8","  5.8"," 16.8"
"34504099999","48.6","34.9666666","143.0","1991-02-19","  17.4","000000","999.9","  27.7","  18.5"," 25.3"," 0.00","1017.3","  3.1","998.9","  23.9","  6.2"," 12.6"
"34504099999","48.6","34.9666666","143.0","1991-02-20","  17.6","000000","999.9","  32.5","  14.4"," 11.7"," 0.00","1022.3","  2.8","003.9","  23.8","  6.2","  7.5"
"34504099999","48.6","34.9666666","143.0","1991-02-21","  25.9","000000","999.9","  34.7","  24.8"," 13.6"," 0.00","1026.5","  2.0","008.1","  29.7","  6.2","  7.1"
"34504099999","48.6","34.9666666","143.0","1991-02-22","  21.3","000000","999.9","  38.8","  20.8"," 11.7"," 0.00","1026.7","  2.0","008.4","  29.9","  5.7","  7.5"
"34504099999","48.6","34.9666666","143.0","1991-02-23","  25.6","011000","999.9","  32.2","  24.8"," 15.5"," 0.00","1025.3","  2.0","007.0","  29.1","  4.3"," 11.9"
"34504099999","48.6","34.9666666","143.0","1991-02-24","  30.0","000000","999.9","  35.2","  30.9","  9.7"," 0.00","1027.5","  1.6","009.3","  32.9","  2.1","  5.3"
"34504099999","48.6","34.9666666","143.0","1991-02-25","  28.9","000000","999.9","  34.7","  32.7","  7.8"," 0.00","1026.4","  1.6","008.2","  33.4","  3.0","  5.5"
"34504099999","48.6","34.9666666","143.0","1991-02-26","  29.1","001000","999.9","  32.5","  31.1","  7.8"," 0.00","1016.0","  0.8","997.9","  31.6","  1.7","  2.7"
"34504099999","48.6","34.9666666","143.0","1991-02-27","  31.3","101000","999.9","  34.5","  30.6","  7.8"," 0.03","1009.8","  1.2","991.8","  32.1","  0.9","  5.8"
"34504099999","48.6","34.9666666","143.0","1991-02-28","  28.4","101000","999.9","  32.4","  25.2","  7.8"," 0.04","1011.3","  0.8","993.3","  29.6","  1.4","  3.9"
"34504099999","48.6","34.9666666","143.0","1991-03-01","  29.4","001000","999.9","  32.9","  27.0"," 11.7"," 0.12","1016.0","  1.6","997.9","  30.1","  1.2","  7.5"
"34504099999","48.6","34.9666666","143.0","1991-03-02","  27.3","001000","999.9","  30.4","  28.2"," 19.4"," 0.28","1024.4","999.9","006.1","  29.1","  1.4"," 15.5"
"34504099999","48.6","34.9666666","143.0","1991-03-03","  21.2","001000","999.9","  29.1","  19.2"," 15.5"," 0.12","1034.0","  5.5","015.4","  25.5","  5.1"," 11.9"
"34504099999","48.6","34.9666666","143.0","1991-03-04","  13.0","000000","999.9","  28.4","  14.7"," 11.7"," 0.00","1034.7","  4.7","016.0","  20.9","  5.3","  8.7"
"34504099999","48.6","34.9666666","143.0","1991-03-05","  17.8","100000","999.9","  33.8","  12.2","  5.8"," 0.00","1026.7","999.9","008.1","  22.8","  3.6","  3.9"
"34504099999","48.6","34.9666666","143.0","1991-03-06","  21.5","001000","999.9","  29.1","  21.4"," 11.7"," 0.01","1020.4","  5.5","002.0","  25.4","  1.8"," 10.9"
"34504099999","48.6","34.9666666","143.0","1991-03-07","  20.2","001000","999.9","  27.0","  19.6"," 13.6"," 0.16","1021.2","  4.3","002.8","  23.1","  1.5"," 11.1"
"34504099999","48.6","34.9666666","143.0","1991-03-08","  18.0","001000","999.9","  31.8","  17.8"," 11.7"," 0.16","1029.2","  5.5","010.6","  23.2","  3.9","  9.5"
"34504099999","48.6","34.9666666","143.0","1991-03-09","  18.4","000000","999.9","  32.4","  16.5"," 11.7"," 0.00","1033.3","  5.5","014.7","  24.3","  3.4","  8.7"
"34504099999","48.6","34.9666666","143.0","1991-03-10","  16.1","000000","999.9","  35.8","  13.1"," 11.7"," 0.00","1029.7","  4.7","011.2","  23.8","  4.8","  8.7"
"34504099999","48.6","34.9666666","143.0","1991-03-11","  20.3","100000","999.9","  42.8","  19.6"," 11.7"," 0.00","1027.2","  4.7","008.8","  29.9","  3.7","  8.5"
"34504099999","48.6","34.9666666","143.0","1991-03-12","  19.7","000000","999.9","  36.1","  23.5","  9.7"," 0.00","1021.1","  2.4","002.9","  30.5","  2.6","  8.3"
"34504099999","48.6","34.9666666","143.0","1991-03-13","  26.4","000000","999.9","  33.3","  27.0","  7.8"," 0.00","1015.6","  2.4","997.5","  30.9","  1.9","  5.0"
"34504099999","48.6","34.9666666","143.0","1991-03-14","  31.5","100000","999.9","  41.2","  26.6","  7.8"," 0.00","1017.5","  2.4","999.5","  34.1","  0.5","  6.1"
"34504099999","48.6","34.9666666","143.0","1991-03-15","  32.2","100000","999.9","  36.9","  25.7","  5.8"," 0.00","1021.2","  2.4","003.2","  33.0","  0.6","  3.9"
"34504099999","48.6","34.9666666","143.0","1991-03-16","  33.8","100000","999.9","  39.6","  30.7","  9.7"," 0.00","1017.8","  1.6","999.9","  34.3","  0.3","  5.3"
"34504099999","48.6","34.9666666","143.0","1991-03-17","  33.5","100000","999.9","  38.8","  31.5"," 15.5"," 0.00","1017.2","  0.8","999.2","  35.0","  0.5","  7.3"
"34504099999","48.6","34.9666666","143.0","1991-03-18","  30.9","000000","999.9","  37.8","  31.8"," 13.6"," 0.00","1021.1","999.9","003.0","  33.8","  1.5"," 11.4"
"34504099999","48.6","34.9666666","143.0","1991-03-19","  31.3","110000","999.9","  33.1","  29.1"," 11.7"," 0.00","1028.4","999.9","010.1","  31.5","  0.2","  7.0"
"34504099999","48.6","34.9666666","143.0","1991-03-20","  33.7","110000","999.9","  38.8","  32.7","  7.8"," 0.00","1024.5","999.9","006.0","  35.7","  1.5","  3.5"
"34504099999","48.6","34.9666666","143.0","1991-03-21","  37.3","110000","999.9","  41.0","  35.2","  3.9"," 0.08","1016.5","999.9","998.7","  37.7","  0.4","  3.2"
"34504099999","48.6","34.9666666","143.0","1991-03-22","  36.8","100000","999.9","  47.1","  36.3","  3.9"," 0.02","1016.8","999.9","999.1","  40.5","  1.5","  3.4"
"34504099999","48.6","34.9666666","143.0","1991-03-23","  37.2","000000","999.9","  52.3","  33.1"," 13.6"," 0.00","1018.9","999.9","001.2","  42.6","  3.0","  8.0"
"34504099999","48.6","34.9666666","143.0","1991-03-24","  39.1","100000","999.9","  50.9","  34.0","  7.8"," 0.00","1023.3","999.9","005.5","  41.9","  0.9","  4.1"
"34504099999","48.6","34.9666666","143.0","1991-03-25","  44.0","100000","999.9","  62.8","  40.6","  9.7"," 0.00","1021.9","101.6","004.3","  48.1","  1.0","  6.6"
"34504099999","48.6","34.9666666","143.0","1991-03-26","  35.4","100000","999.9","  42.8","  35.6"," 13.6"," 0.00","1016.3","999.9","998.5","  40.1","  3.2"," 11.4"
"34504099999","48.6","34.9666666","143.0","1991-03-27","  28.6","000000","999.9","  41.4","  33.3"," 11.7"," 0.00","1017.7","999.9","999.8","  36.5","  4.3","  9.7"
"34504099999","48.6","34.9666666","143.0","1991-03-28","  28.2","000000","999.9","  43.5","  32.4","  9.7"," 0.00","1024.7","999.9","006.8","  38.7","  4.8","  6.7"
"34504099999","48.6","34.9666666","143.0","1991-03-29","  27.8","000000","999.9","  46.4","  30.7"," 13.6"," 0.00","1028.6","999.9","010.5","  38.4","  3.6"," 10.3"
"34504099999","48.6","34.9666666","143.0","1991-03-30","  27.0","000000","999.9","  44.6","  33.3"," 17.5"," 0.00","1026.3","999.9","008.2","  37.0","  6.2"," 13.6"
"34504099999","48.6","34.9666666","143.0","1991-03-31","  25.2","000000","999.9","  37.8","  29.7","  9.7"," 0.00","1019.9","999.9","001.9","  33.6","  5.7","  8.3"
"34504099999","48.6","34.9666666","143.0","1991-04-01","  30.9","000000","999.9","  50.9","  28.2","  9.7"," 0.00","1017.3","999.9","999.6","  40.4","  3.6","  5.8"
"34504099999","48.6","34.9666666","143.0","1991-04-02","  34.5","010000","999.9","  51.6","  35.2","  3.9"," 0.00","1016.8","999.9","999.0","  40.7","  2.7","  1.7"
"34504099999","48.6","34.9666666","143.0","1991-04-03","  34.5","000000","999.9","  56.1","  35.1"," 15.5"," 0.01","1015.7","999.9","998.2","  46.9","  4.2"," 10.2"
"34504099999","48.6","34.9666666","143.0","1991-04-04","  37.6","010000","999.9","  50.2","  37.2"," 21.4"," 0.00","1014.3","999.9","996.7","  43.7","  4.7"," 16.8"
"34504099999","48.6","34.9666666","143.0","1991-04-05","  40.6","010000","999.9","  47.3","  39.2"," 13.6"," 0.16","1013.1","999.9","995.5","  43.0","  2.2"," 11.9"
"34504099999","48.6","34.9666666","143.0","1991-04-06","  40.9","100000","999.9","  47.5","  38.8","  9.7"," 0.00","1016.5","999.9","998.8","  42.1","  1.2","  6.7"
"34504099999","48.6","34.9666666","143.0","1991-04-07","  42.0","100000","999.9","  53.8","  40.5","  5.8"," 0.02","1019.9","999.9","002.3","  45.8","  2.4","  5.1"
"34504099999","48.6","34.9666666","143.0","1991-04-08","  39.2","000000","999.9","  53.2","  39.2"," 15.5"," 0.00","1018.8","999.9","001.3","  46.7","  4.1"," 11.4"
"34504099999","48.6","34.9666666","143.0","1991-04-09","  42.7","000000","999.9","  58.1","  42.8"," 17.5"," 0.00","1014.8","999.9","997.4","  50.6","  6.6"," 14.2"
"34504099999","48.6","34.9666666","143.0","1991-04-10","  39.7","000000","999.9","  62.6","  48.2"," 21.4"," 0.00","1016.5","999.9","999.3","  55.9","  5.7"," 15.0"
"34504099999","48.6","34.9666666","143.0","1991-04-11","  35.0","000000","999.9","  59.5","  41.4"," 19.4"," 0.00","1021.5","999.9","004.0","  51.5","  5.3"," 15.5"
"34504099999","48.6","34.9666666","143.0","1991-04-12","  34.8","000000","999.9","  61.5","  43.7"," 13.6"," 0.00","1022.8","999.9","005.4","  52.0","  6.2","  9.0"
"34504099999","48.6","34.9666666","143.0","1991-04-13","  34.9","000000","999.9","  65.5","  43.9","  9.7"," 0.00","1024.6","999.9","007.2","  54.9","  4.0","  6.1"
"34504099999","48.6","34.9666666","143.0","1991-04-14","  32.7","000000","999.9","  67.3","  42.8","  7.8"," 0.00","1024.1","999.9","006.7","  54.9","  3.5","  3.5"
"34504099999","48.6","34.9666666","143.0","1991-04-15","  29.6","000000","999.9","  67.8","  44.1","  9.7"," 0.00","1018.8","999.9","001.6","  57.2","  4.8","  6.1"
"34504099999","48.6","34.9666666","143.0","1991-04-16","  35.2","000000","999.9","  69.8","  45.5","  7.8"," 0.00","1009.2","999.9","992.2","  57.1","  4.3","  3.4"
"34504099999","48.6","34.9666666","143.0","1991-04-17","  41.2","000000","999.9","  68.0","  51.6"," 11.7"," 0.00","1004.1","999.9","987.1","  56.7","  3.5","  3.9"
"34504099999","48.6","34.9666666","143.0","1991-04-18","  41.9","000000","999.9","  70.2","  45.9"," 19.4"," 0.00","1010.1","999.9","993.0","  57.4","  5.3"," 12.9"
"34504099999","48.6","34.9666666","143.0","1991-04-19","  43.1","010000","999.9","  71.1","  45.3"," 19.4"," 0.00","1009.3","999.9","992.3","  56.8","  5.7"," 15.5"
"34504099999","48.6","34.9666666","143.0","1991-04-20","  46.9","000000","999.9","  65.8","  51.8"," 15.5"," 0.03","1007.0","999.9","990.0","  56.8","  6.2"," 10.0"
"34504099999","48.6","34.9666666","143.0","1991-04-21","  41.5","000000","999.9","  67.1","  43.2"," 11.7"," 0.00","1012.1","999.9","994.9","  55.3","  6.2","  7.8"
"34504099999","48.6","34.9666666","143.0","1991-04-22","  42.3","010000","999.9","  62.6","  41.4"," 17.5"," 0.00","1011.5","999.9","994.1","  48.7","  4.8"," 12.4"
"34504099999","48.6","34.9666666","143.0","1991-04-23","  31.4","000000","999.9","  50.2","  33.3"," 15.5"," 0.08","1020.4","999.9","002.6","  42.3","  3.7"," 10.0"
"34504099999","48.6","34.9666666","143.0","1991-04-24","  34.5","000000","999.9","  54.7","  36.0"," 19.4"," 0.00","1017.3","999.9","999.7","  45.2","  5.3"," 16.0"
"34504099999","48.6","34.9666666","143.0","1991-04-25","  38.3","010000","999.9","  43.7","  40.6"," 19.4"," 0.00","1014.9","999.9","997.2","  41.9","  4.3"," 13.9"
"34504099999","48.6","34.9666666","143.0","1991-04-26","  42.3","010000","999.9","  49.6","  41.7","  5.8"," 0.08","1018.7","999.9","001.1","  45.5","  2.8","  3.1"
"34504099999","48.6","34.9666666","143.0","1991-04-27","  36.0","100000","999.9","  57.4","  35.2","  7.8"," 0.02","1025.8","999.9","008.1","  46.9","  2.5","  3.9"
"34504099999","48.6","34.9666666","143.0","1991-04-28","  39.4","000000","999.9","  68.0","  37.8"," 13.6"," 0.00","1024.9","999.9","007.5","  54.0","  5.0"," 10.4"
"34504099999","48.6","34.9666666","143.0","1991-04-29","  46.0","000000","999.9","  73.6","  53.8"," 17.5"," 0.00","1014.8","999.9","997.9","  61.8","  6.2"," 13.6"
"34504099999","48.6","34.9666666","143.0","1991-04-30","  49.1","010000","999.9","  73.8","  51.8"," 17.5"," 0.00","1006.2","999.9","989.4","  61.9","  5.7","  9.7"
"34504099999","48.6","34.9666666","143.0","1991-05-01","  52.5","000000","999.9","  61.9","  53.1","  9.7"," 0.08","1005.5","999.9","988.6","  55.3","  2.8","  7.0"
"34504099999","48.6","34.9666666","143.0","1991-05-02","  49.3","010000","999.9","  59.4","  50.9"," 17.5"," 0.00","1010.3","999.9","993.2","  54.5","  3.2"," 12.9"
"34504099999","48.6","34.9666666","143.0","1991-05-03","  47.3","000000","999.9","  66.0","  50.7","  7.8"," 0.02","1014.2","999.9","997.2","  56.8","  3.4","  5.3"
"34504099999","48.6","34.9666666","143.0","1991-05-04","  46.7","000000","999.9","  71.8","  49.8"," 15.5"," 0.00","1015.6","999.9","998.6","  59.4","  4.4"," 11.7"
"34504099999","48.6","34.9666666","143.0","1991-05-05","  45.5","010000","999.9","  73.4","  53.2"," 19.4"," 0.01","1009.5","999.9","992.7","  62.4","  5.3"," 15.1"
"34504099999","48.6","34.9666666","143.0","1991-05-06","  51.0","010000","999.9","  55.2","  34.0"," 13.6"," 0.00","1006.4","999.9","989.3","  53.1","  1.5","  6.7"
"34504099999","48.6","34.9666666","143.0","1991-05-07","  44.3","000000","999.9","  64.6","  48.0"," 15.5"," 0.63","1011.5","999.9","994.4","  55.1","  4.8","  8.4"
"34504099999","48.6","34.9666666","143.0","1991-05-08","  49.8","010000","999.9","  66.2","  44.4"," 17.5"," 0.00","1007.5","999.9","990.5","  55.2","  5.3"," 12.6"
"34504099999","48.6","34.9666666","143.0","1991-05-09","  51.1","010000","999.9","  67.3","  49.6"," 15.5"," 0.00","1004.2","999.9","987.3","  55.9","  3.9","  7.8"
"34504099999","48.6","34.9666666","143.0","1991-05-10","  45.6","010000","999.9","  61.7","  47.8"," 17.5"," 0.02","1014.5","999.9","997.4","  55.3","  5.3"," 13.4"
"34504099999","48.6","34.9666666","143.0","1991-05-11","  34.8","000000","999.9","  59.0","  38.7"," 11.7"," 0.00","1023.2","999.9","005.8","  50.9","  6.2","  8.7"
"34504099999","48.6","34.9666666","143.0","1991-05-12","  34.0","000000","999.9","  64.6","  38.5","  5.8"," 0.00","1019.2","999.9","001.9","  53.3","  5.7","  3.2"
"34504099999","48.6","34.9666666","143.0","1991-05-13","  38.0","000000","999.9","  70.3","  43.2","  5.8"," 0.00","1016.2","999.9","999.1","  58.3","  5.3","  1.7"
"34504099999","48.6","34.9666666","143.0","1991-05-14","  40.3","000000","999.9","  72.3","  47.8","999.9"," 0.00","1014.4","999.9","997.5","  61.5","  5.0","  0.0"
"34504099999","48.6","34.9666666","143.0","1991-05-15","  44.3","010000","999.9","  73.4","  49.5","  7.8"," 0.00","1010.8","999.9","993.9","  61.3","  5.0","  3.1"
"34504099999","48.6","34.9666666","143.0","1991-05-16","  41.8","000000","999.9","  75.6","  55.2"," 19.4"," 0.02","1006.6","999.9","989.9","  64.8","  6.2"," 13.4"
"34504099999","48.6","34.9666666","143.0","1991-05-17","  50.6","010000","999.9","  61.3","  53.8"," 15.5"," 0.00","1010.6","999.9","993.6","  56.7","  3.4"," 11.4"
"34504099999","48.6","34.9666666","143.0","1991-05-18","  53.7","010010","999.9","  68.7","  53.6","  7.8"," 0.31","1010.5","999.9","993.6","  59.8","  2.1","  5.6"
"34504099999","48.6","34.9666666","143.0","1991-05-19","  53.0","010010","999.9","  65.3","  52.0"," 15.5"," 0.02","1010.2","999.9","993.2","  56.5","  3.9"," 10.4"
"34504099999","48.6","34.9666666","143.0","1991-05-20","  49.1","000000","999.9","  61.9","  46.0","  7.8"," 0.28","1013.6","999.9","996.5","  54.4","  4.2","  5.3"
"34504099999","48.6","34.9666666","143.0","1991-05-21","  46.9","100000","999.9","  71.6","  47.1"," 15.5"," 0.00","1010.0","999.9","993.1","  58.9","  5.0","  8.2"
"34504099999","48.6","34.9666666","143.0","1991-05-22","  43.2","010000","999.9","  59.7","  46.8"," 19.4"," 0.24","1010.0","999.9","993.7","  51.8","  5.3"," 13.1"
"34504099999","48.6","34.9666666","143.0","1991-05-23","  48.1","010010","999.9","  70.3","  45.9"," 13.6"," 0.00","1011.2","999.9","994.2","  55.6","  4.4","  8.0"
"34504099999","48.6","34.9666666","143.0","1991-05-24","  52.3","110000","999.9","  64.4","  48.6","  7.8"," 0.51","1015.7","999.9","998.6","  56.3","  1.7","  3.2"
"34504099999","48.6","34.9666666","143.0","1991-05-25","  51.0","010000","999.9","  71.6","  50.0","  9.7"," 0.08","1013.9","999.9","997.0","  58.6","  2.9","  5.8"
"34504099999","48.6","34.9666666","143.0","1991-05-26","  55.7","010000","999.9","  67.8","  55.0"," 11.7"," 0.00","1009.3","999.9","992.4","  58.7","  2.7","  6.9"
"34504099999","48.6","34.9666666","143.0","1991-05-27","  54.7","010000","999.9","  61.3","  52.0","  9.7"," 0.24","1006.7","999.9","989.8","  57.9","  4.2","  6.6"
"34504099999","48.6","34.9666666","143.0","1991-05-28","  49.5","000000","999.9","  64.8","  49.3","  7.8"," 0.28","1009.9","999.9","992.9","  56.2","  4.3","  4.6"
"34504099999","48.6","34.9666666","143.0","1991-05-29","  48.5","000000","999.9","  66.0","  48.6","  5.8"," 0.00","1008.3","999.9","991.3","  56.7","  4.7","  2.9"
"34504099999","48.6","34.9666666","143.0","1991-05-30","  46.3","000000","999.9","  69.8","  47.7","  7.8"," 0.00","1007.3","999.9","990.5","  59.7","  5.7","  3.4"
"34504099999","48.6","34.9666666","143.0","1991-05-31","  50.2","010000","999.9","  66.6","  52.2","  7.8"," 0.00","1006.8","999.9","990.0","  58.0","  5.3","  6.3"
"34504099999","48.6","34.9666666","143.0","1991-06-01","  49.5","010000","999.9","  66.2","  50.9"," 15.5"," 0.02","1007.0","999.9","999.9","  57.7","  5.7","  7.3"
"34504099999","48.6","34.9666666","143.0","1991-06-02","  51.3","000000","999.9","  66.9","  48.9","  7.8"," 0.02","1010.2","999.9","999.9","  58.4","  4.8","  2.4"
"34504099999","48.6","34.9666666","143.0","1991-06-03","  45.0","000000","999.9","  68.4","  53.6","  7.8"," 0.00","1016.7","999.9","999.9","  61.1","  6.2","  5.8"
"34504099999","48.6","34.9666666","143.0","1991-06-04","  49.0","000000","999.9","  75.6","  51.8","  5.8"," 0.00","1015.8","999.9","999.9","  63.9","  6.2","  1.9"
"34504099999","48.6","34.9666666","143.0","1991-06-05","  49.8","000000","999.9","  77.9","  54.0","  5.8"," 0.00","1013.7","999.9","999.9","  66.8","  5.3","  2.2"
"34504099999","48.6","34.9666666","143.0","1991-06-06","  48.2","000000","999.9","  79.0","  56.5"," 15.5"," 0.00","1012.1","999.9","999.9","  68.7","  6.2","  8.5"
"34504099999","48.6","34.9666666","143.0","1991-06-07","  51.9","000000","999.9","  74.8","  55.4"," 15.5"," 0.00","1012.8","999.9","999.9","  65.3","  6.2","  8.3"
"34504099999","48.6","34.9666666","143.0","1991-06-08","  54.9","000000","999.9","  79.9","  59.2"," 11.7"," 0.00","1009.4","999.9","999.9","  68.7","  6.2","  6.3"
"34504099999","48.6","34.9666666","143.0","1991-06-09","  56.9","000000","999.9","  78.8","  53.1","  9.7"," 0.00","1008.4","999.9","999.9","  66.1","  5.7","  7.8"
"34504099999","48.6","34.9666666","143.0","1991-06-10","  56.8","000000","999.9","  86.2","  63.5"," 13.6"," 0.00","1007.1","999.9","999.9","  73.2","  6.2"," 10.0"
"34504099999","48.6","34.9666666","143.0","1991-06-11","  59.2","010010","999.9","  85.3","  62.8"," 15.5"," 0.00","1010.8","999.9","999.9","  71.4","  4.1","  7.8"
"34504099999","48.6","34.9666666","143.0","1991-06-12","  61.8","010010","999.9","  80.2","  63.1"," 13.6"," 0.03","1011.3","999.9","999.9","  68.4","  4.8","  5.1"
"34504099999","48.6","34.9666666","143.0","1991-06-13","  55.9","000000","999.9","  73.0","  59.5"," 15.5"," 0.20","1013.3","999.9","999.9","  66.6","  5.7"," 11.7"
"34504099999","48.6","34.9666666","143.0","1991-06-14","  56.0","000000","999.9","  79.9","  59.4","  9.7"," 0.00","1014.4","999.9","999.9","  69.9","  6.2","  4.9"
"34504099999","48.6","34.9666666","143.0","1991-06-15","  54.4","000000","999.9","  79.7","  59.0"," 11.7"," 0.00","1015.7","999.9","999.9","  69.6","  6.2","  8.5"
"34504099999","48.6","34.9666666","143.0","1991-06-16","  51.5","000000","999.9","  81.1","  57.9"," 11.7"," 0.00","1020.2","999.9","999.9","  70.0","  6.2","  2.7"
"34504099999","48.6","34.9666666","143.0","1991-06-17","  58.6","000000","999.9","  88.7","  60.8","  3.9"," 0.00","1020.2","999.9","999.9","  76.4","  6.2","  1.9"
"34504099999","48.6","34.9666666","143.0","1991-06-18","  61.4","000010","999.9","  91.9","  66.6","  5.8"," 0.08","1016.9","999.9","999.9","  79.1","  6.2","  3.5"
"34504099999","48.6","34.9666666","143.0","1991-06-19","  61.2","000010","999.9","  93.2","  68.7"," 11.7"," 0.08","1013.2","999.9","999.9","  78.4","  6.2","  8.3"
"34504099999","48.6","34.9666666","143.0","1991-06-20","  63.6","010010","999.9","  88.5","  67.8"," 15.5"," 0.00","1007.5","999.9","999.9","  74.5","  6.2","  8.3"
"34504099999","48.6","34.9666666","143.0","1991-06-21","  62.5","000000","999.9","  80.8","  64.9"," 15.5"," 0.08","1010.5","999.9","999.9","  73.5","  6.5"," 10.7"
"34504099999","48.6","34.9666666","143.0","1991-06-22","  63.7","010010","999.9","  86.0","  64.9"," 11.7"," 0.00","1014.4","999.9","999.9","  71.0","  5.3","  8.5"
"34504099999","48.6","34.9666666","143.0","1991-06-23","  64.8","010010","999.9","  81.5","  63.7"," 13.6"," 0.16","1014.0","999.9","999.9","  70.2","  5.6","  9.7"
"34504099999","48.6","34.9666666","143.0","1991-06-24","  65.4","110010","999.9","  78.1","  63.3","  9.7"," 0.59","1012.0","999.9","999.9","  69.0","  4.0","  6.8"
"34504099999","48.6","34.9666666","143.0","1991-06-25","  63.4","000010","999.9","  77.9","  64.8"," 13.6"," 0.24","1008.5","999.9","999.9","  70.1","  5.0","  3.5"
"34504099999","48.6","34.9666666","143.0","1991-06-26","  63.7","000000","999.9","  78.1","  63.5"," 11.7"," 0.08","1008.0","999.9","999.9","  71.3","  5.3","  7.3"
"34504099999","48.6","34.9666666","143.0","1991-06-27","  64.2","010010","999.9","  83.5","  66.0"," 13.6"," 0.00","1006.7","999.9","999.9","  72.1","  5.3","  8.0"
"34504099999","48.6","34.9666666","143.0","1991-06-28","  66.2","110010","999.9","  84.4","  64.6","  7.8"," 0.35","1005.7","999.9","999.9","  71.8","  3.9","  1.9"
"34504099999","48.6","34.9666666","143.0","1991-06-29","  66.2","000000","999.9","  84.2","  64.6","  9.7"," 0.01","1011.0","999.9","999.9","  74.9","  5.7","  3.2"
"34504099999","48.6","34.9666666","143.0","1991-06-30","  66.8","000000","999.9","  85.6","  68.0"," 15.5"," 0.00","1014.1","999.9","999.9","  77.1","  5.0","  4.7"
"34504099999","48.6","34.9666666","143.0","1991-07-01","  69.3","000000","999.9","  94.1","  72.5"," 15.5"," 0.00","1011.1","999.9","994.9","  82.7","  6.2"," 10.2"
"34504099999","48.6","34.9666666","143.0","1991-07-02","  64.2","010000","999.9","  92.1","  71.6"," 15.5"," 0.00","1011.0","999.9","994.8","  82.6","  6.2"," 11.4"
"34504099999","48.6","34.9666666","143.0","1991-07-03","  64.9","000000","999.9","  91.6","  76.1"," 13.6"," 0.00","1011.4","999.9","995.2","  83.0","  6.2"," 10.9"
"34504099999","48.6","34.9666666","143.0","1991-07-04","  66.7","010010","999.9","  92.3","  71.1"," 13.6"," 0.00","1011.4","999.9","995.2","  79.4","  6.2","  9.7"
"34504099999","48.6","34.9666666","143.0","1991-07-05","  57.7","000000","999.9","  86.9","  65.3"," 17.5"," 0.02","1011.1","999.9","994.7","  76.1","  6.2"," 12.1"
"34504099999","48.6","34.9666666","143.0","1991-07-06","  55.2","000000","999.9","  83.7","  66.4"," 15.5"," 0.00","1007.7","999.9","991.3","  74.4","  6.2"," 13.6"
"34504099999","48.6","34.9666666","143.0","1991-07-07","  52.9","000000","999.9","  79.5","  62.4"," 13.6"," 0.00","1010.8","999.9","994.3","  71.4","  6.2"," 11.4"
"34504099999","48.6","34.9666666","143.0","1991-07-08","  55.1","000000","999.9","  79.9","  61.5","  9.7"," 0.00","1013.3","999.9","996.8","  72.7","  6.2","  3.6"
"34504099999","48.6","34.9666666","143.0","1991-07-09","  54.9","000000","999.9","  85.5","  61.9","  9.7"," 0.00","1012.5","999.9","996.0","  75.3","  6.2","  3.9"
"34504099999","48.6","34.9666666","143.0","1991-07-10","  58.4","000000","999.9","  85.1","  67.3"," 11.7"," 0.00","1016.1","999.9","999.6","  76.2","  6.2","  7.0"
"34504099999","48.6","34.9666666","143.0","1991-07-11","  61.0","000000","999.9","  86.0","  64.8"," 13.6"," 0.00","1016.2","999.9","999.8","  75.8","  6.2","  6.9"
"34504099999","48.6","34.9666666","143.0","1991-07-12","  53.0","000000","999.9","  84.2","  64.4"," 23.3"," 0.00","1011.9","999.9","995.4","  72.4","  6.2"," 11.7"
"34504099999","48.6","34.9666666","143.0","1991-07-13","  54.7","000000","999.9","  80.4","  60.6"," 15.5"," 0.00","1011.8","999.9","995.2","  70.7","  6.2"," 12.9"
"34504099999","48.6","34.9666666","143.0","1991-07-14","  49.4","000000","999.9","  80.1","  61.2"," 15.5"," 0.00","1011.3","999.9","994.7","  70.1","  6.2"," 10.0"
"34504099999","48.6","34.9666666","143.0","1991-07-15","  56.3","000000","999.9","  86.0","  60.8","  7.8"," 0.00","1009.0","999.9","992.3","  74.2","  6.2","  2.9"
"34504099999","48.6","34.9666666","143.0","1991-07-16","  58.6","000000","999.9","  87.3","  65.7"," 17.5"," 0.00","1007.4","999.9","991.1","  76.8","  6.2"," 11.4"
"34504099999","48.6","34.9666666","143.0","1991-07-17","  53.8","000000","999.9","  82.9","  65.7","  9.7"," 0.00","1012.2","999.9","995.7","  73.5","  6.2","  7.3"
"34504099999","48.6","34.9666666","143.0","1991-07-18","  55.7","000000","999.9","  85.6","  61.2","  5.8"," 0.00","1011.0","999.9","994.6","  73.2","  6.2","  0.8"
"34504099999","48.6","34.9666666","143.0","1991-07-19","  56.8","000000","999.9","  91.4","  65.7"," 15.5"," 0.00","1009.1","999.9","992.8","  77.9","  6.2","  3.6"
"34504099999","48.6","34.9666666","143.0","1991-07-20","  55.4","000000","999.9","  81.7","  64.9"," 13.6"," 0.00","1012.8","999.9","996.4","  73.3","  6.2"," 10.9"
"34504099999","48.6","34.9666666","143.0","1991-07-21","  55.0","000000","999.9","  86.0","  62.8","  5.8"," 0.00","1014.1","999.9","997.7","  76.7","  6.2","  4.1"
"34504099999","48.6","34.9666666","143.0","1991-07-22","  53.0","000000","999.9","  90.1","  69.3","  9.7"," 0.00","1010.5","999.9","994.3","  80.3","  6.2","  6.9"
"34504099999","48.6","34.9666666","143.0","1991-07-23","  59.1","010000","999.9","  79.7","  63.1"," 17.5"," 0.00","1007.3","999.9","990.9","  70.8","  6.2"," 14.3"
"34504099999","48.6","34.9666666","143.0","1991-07-24","  53.4","000000","999.9","  77.0","  54.7"," 15.5"," 0.00","1010.5","999.9","993.8","  66.4","  6.2"," 10.2"
"34504099999","48.6","34.9666666","143.0","1991-07-25","  48.2","000000","999.9","  83.1","  54.9","  7.8"," 0.00","1013.2","999.9","996.7","  72.2","  6.2","  3.6"
"34504099999","48.6","34.9666666","143.0","1991-07-26","  53.4","000000","999.9","  88.3","  60.6"," 13.6"," 0.00","1010.3","999.9","993.7","  74.1","  6.2","  5.0"
"34504099999","48.6","34.9666666","143.0","1991-07-27","  51.8","000000","999.9","  92.3","  63.7","  9.7"," 0.00","1006.0","999.9","989.8","  80.0","  6.2","  3.2"
"34504099999","48.6","34.9666666","143.0","1991-07-28","  60.6","010010","999.9","  92.3","  70.7"," 13.6"," 0.00","1004.9","999.9","988.6","  77.4","  6.2","  9.7"
"34504099999","48.6","34.9666666","143.0","1991-07-29","  63.2","000010","999.9","  92.7","  66.7"," 15.5"," 0.16","1007.2","999.9","991.0","  79.4","  6.2"," 14.5"
"34504099999","48.6","34.9666666","143.0","1991-07-30","  60.6","010010","999.9","  84.7","  68.5"," 19.4"," 0.00","1009.8","999.9","993.5","  75.7","  6.2"," 14.9"
"34504099999","48.6","34.9666666","143.0","1991-07-31","  62.7","010010","999.9","  89.6","  67.8"," 17.5"," 0.16","1008.3","999.9","992.0","  77.4","  5.4"," 12.7"
"34504099999","48.6","34.9666666","143.0","1991-08-01","  65.6","010010","999.9","  83.7","  67.8"," 13.6"," 0.35","1003.8","999.9","987.4","  71.3","  5.6"," 11.7"
"34504099999","48.6","34.9666666","143.0","1991-08-02","  65.4","100010","999.9","  83.1","  64.4"," 13.6"," 0.12","1008.0","999.9","991.5","  73.1","  4.8","  5.6"
"34504099999","48.6","34.9666666","143.0","1991-08-03","  62.3","000000","999.9","  88.3","  66.0"," 11.7"," 0.00","1007.9","999.9","991.7","  77.4","  6.2","  8.7"
"34504099999","48.6","34.9666666","143.0","1991-08-04","  60.1","010010","999.9","  88.3","  65.1"," 15.5"," 0.35","1009.9","999.9","993.4","  73.3","  5.4"," 11.4"
"34504099999","48.6","34.9666666","143.0","1991-08-05","  54.8","000000","999.9","  85.3","  67.6"," 11.7"," 0.00","1010.3","999.9","993.9","  74.4","  6.2","  8.7"
"34504099999","48.6","34.9666666","143.0","1991-08-06","  53.4","000000","999.9","  84.7","  66.7"," 17.5"," 0.00","1012.8","999.9","996.3","  75.3","  6.0"," 13.4"
"34504099999","48.6","34.9666666","143.0","1991-08-07","  55.3","000000","999.9","  84.9","  64.4"," 11.7"," 0.00","1015.6","999.9","999.1","  73.6","  6.2","  7.5"
"34504099999","48.6","34.9666666","143.0","1991-08-08","  56.1","000000","999.9","  87.8","  64.4","  9.7"," 0.00","1015.8","999.9","999.4","  77.6","  6.2","  6.3"
"34504099999","48.6","34.9666666","143.0","1991-08-09","  62.8","000000","999.9","  89.2","  70.7"," 11.7"," 0.00","1013.6","999.9","997.3","  80.9","  6.2","  7.3"
"34504099999","48.6","34.9666666","143.0","1991-08-10","  62.4","000010","999.9","  91.4","  70.2"," 15.5"," 0.00","1010.1","999.9","993.9","  79.0","  6.2"," 10.2"
"34504099999","48.6","34.9666666","143.0","1991-08-11","  54.2","000000","999.9","  80.6","  62.1"," 13.6"," 0.00","1011.0","999.9","994.5","  71.9","  6.2","  9.7"
"34504099999","48.6","34.9666666","143.0","1991-08-12","  58.9","000000","999.9","  81.5","  58.5"," 17.5"," 0.00","1009.6","999.9","993.1","  71.6","  6.2"," 10.2"
"34504099999","48.6","34.9666666","143.0","1991-08-13","  57.5","010000","999.9","  76.8","  63.7"," 13.6"," 0.00","1010.2","999.9","993.6","  68.2","  5.7","  8.7"
"34504099999","48.6","34.9666666","143.0","1991-08-14","  48.3","000000","999.9","  74.8","  53.1","  9.7"," 0.24","1014.1","999.9","997.3","  65.2","  6.2","  4.6"
"34504099999","48.6","34.9666666","143.0","1991-08-15","  47.9","000000","999.9","  74.8","  53.8","  9.7"," 0.00","1016.7","999.9","999.9","  65.2","  6.2","  5.6"
"34504099999","48.6","34.9666666","143.0","1991-08-16","  47.3","000000","999.9","  74.3","  59.5"," 11.7"," 0.00","1017.1","999.9","000.3","  66.9","  6.2","  6.6"
"34504099999","48.6","34.9666666","143.0","1991-08-17","  45.9","000000","999.9","  77.0","  57.9","  9.7"," 0.00","1018.0","999.9","001.2","  67.7","  6.2","  7.8"
"34504099999","48.6","34.9666666","143.0","1991-08-18","  49.7","000000","999.9","  82.8","  57.9","  5.8"," 0.00","1016.7","999.9","000.0","  72.0","  6.2","  3.3"
"34504099999","48.6","34.9666666","143.0","1991-08-19","  52.7","000000","999.9","  86.9","  59.7","  7.8"," 0.00","1013.5","999.9","997.0","  73.2","  6.2","  4.4"
"34504099999","48.6","34.9666666","143.0","1991-08-20","  56.1","000000","999.9","  76.1","  55.2"," 13.6"," 0.00","1010.9","999.9","994.2","  64.5","  6.2","  7.8"
"34504099999","48.6","34.9666666","143.0","1991-08-21","  52.2","000000","999.9","  74.3","  51.1","  7.8"," 0.00","1015.0","999.9","998.2","  63.0","  6.2","  4.9"
"34504099999","48.6","34.9666666","143.0","1991-08-22","  53.1","000000","999.9","  73.4","  56.3","  5.8"," 0.00","1016.5","999.9","999.7","  63.9","  6.2","  2.8"
"34504099999","48.6","34.9666666","143.0","1991-08-23","  54.0","010010","999.9","  72.3","  52.7","  9.7"," 0.00","1017.7","999.9","000.7","  61.7","  5.7","  5.1"
"34504099999","48.6","34.9666666","143.0","1991-08-24","  55.3","010010","999.9","  74.3","  57.9"," 13.6"," 0.98","1016.4","999.9","999.5","  63.3","  6.2"," 11.7"
"34504099999","48.6","34.9666666","143.0","1991-08-25","  50.4","000000","999.9","  71.1","  53.6","  9.7"," 0.00","1015.1","999.9","998.2","  61.5","  6.2","  7.8"
"34504099999","48.6","34.9666666","143.0","1991-08-26","  51.2","000000","999.9","  72.9","  50.7","  3.9"," 0.00","1015.3","999.9","998.5","  63.4","  5.7","  2.2"
"34504099999","48.6","34.9666666","143.0","1991-08-27","  55.9","010010","999.9","  72.7","  57.6"," 13.6"," 0.00","1014.3","999.9","997.6","  64.6","  5.6","  4.6"
"34504099999","48.6","34.9666666","143.0","1991-08-28","  58.1","010000","999.9","  64.9","  58.1","  7.8"," 0.63","1010.3","999.9","993.5","  60.9","  4.8","  4.4"
"34504099999","48.6","34.9666666","143.0","1991-08-29","  56.4","010010","999.9","  66.2","  55.2"," 13.6"," 0.12","1005.0","999.9","988.2","  59.8","  2.3","  5.3"
"34504099999","48.6","34.9666666","143.0","1991-08-30","  55.8","010000","999.9","  66.2","  56.1"," 19.4"," 0.39","1007.4","999.9","990.5","  59.8","  3.6"," 13.6"
"34504099999","48.6","34.9666666","143.0","1991-08-31","  55.5","100000","999.9","  66.2","  52.7"," 11.7"," 0.31","1014.8","999.9","997.8","  59.5","  4.6","  7.8"
"34504099999","48.6","34.9666666","143.0","1991-09-01","  55.6","000000","999.9","  71.2","  55.2"," 11.7"," 0.00","1018.3","999.9","001.4","  62.8","  6.2","  9.7"
"34504099999","48.6","34.9666666","143.0","1991-09-02","  52.6","000000","999.9","  72.5","  57.4"," 15.5"," 0.00","1019.4","999.9","002.5","  63.4","  6.2"," 12.6"
"34504099999","48.6","34.9666666","143.0","1991-09-03","  44.4","000000","999.9","  67.6","  53.1"," 13.6"," 0.00","1024.0","999.9","006.9","  59.7","  6.2"," 11.2"
"34504099999","48.6","34.9666666","143.0","1991-09-04","  50.9","000000","999.9","  74.7","  48.6","  9.7"," 0.00","1021.8","999.9","004.8","  62.1","  6.2","  4.9"
"34504099999","48.6","34.9666666","143.0","1991-09-05","  52.2","000000","999.9","  78.3","  53.4"," 15.5"," 0.00","1015.4","999.9","998.6","  65.7","  6.2","  7.8"
"34504099999","48.6","34.9666666","143.0","1991-09-06","  52.0","010000","999.9","  74.5","  52.3"," 23.3"," 0.00","1006.3","999.9","989.5","  62.2","  5.7"," 13.4"
"34504099999","48.6","34.9666666","143.0","1991-09-07","  38.8","000000","999.9","  58.1","  45.7"," 19.4"," 0.04","1007.3","999.9","990.1","  51.4","  5.3"," 12.1"
"34504099999","48.6","34.9666666","143.0","1991-09-08","  38.4","010000","999.9","  55.4","  41.7"," 15.5"," 0.00","1012.5","999.9","995.2","  48.0","  6.2"," 10.0"
"34504099999","48.6","34.9666666","143.0","1991-09-09","  35.4","000000","999.9","  62.6","  36.3"," 17.5"," 0.02","1021.0","999.9","003.5","  49.1","  6.2"," 10.4"
"34504099999","48.6","34.9666666","143.0","1991-09-10","  42.7","000000","999.9","  69.3","  41.9","  7.8"," 0.00","1023.6","999.9","006.3","  54.9","  6.2","  4.6"
"34504099999","48.6","34.9666666","143.0","1991-09-11","  46.9","000000","999.9","  72.5","  47.8","  7.8"," 0.00","1022.3","999.9","005.2","  60.1","  6.2","  2.2"
"34504099999","48.6","34.9666666","143.0","1991-09-12","  47.4","000000","999.9","  74.7","  46.6"," 13.6"," 0.00","1017.5","999.9","000.6","  61.6","  6.2","  7.3"
"34504099999","48.6","34.9666666","143.0","1991-09-13","  44.0","000000","999.9","  68.7","  52.5","  7.8"," 0.00","1022.4","999.9","005.3","  59.6","  6.2","  6.8"
"34504099999","48.6","34.9666666","143.0","1991-09-14","  41.8","000000","999.9","  67.1","  43.9"," 13.6"," 0.00","1027.1","999.9","009.8","  56.9","  6.2","  5.1"
"34504099999","48.6","34.9666666","143.0","1991-09-15","  44.0","000000","999.9","  70.7","  47.1","  3.9"," 0.00","1028.6","999.9","011.4","  58.5","  6.2","  1.5"
"34504099999","48.6","34.9666666","143.0","1991-09-16","  44.0","000000","999.9","  71.6","  46.6","  7.8"," 0.00","1025.0","999.9","007.8","  57.7","  6.2","  4.9"
"34504099999","48.6","34.9666666","143.0","1991-09-17","  42.6","000000","999.9","  76.1","  48.6","  5.8"," 0.00","1017.2","999.9","000.2","  61.4","  6.2","  2.2"
"34504099999","48.6","34.9666666","143.0","1991-09-18","  47.3","000000","999.9","  75.6","  51.6","  5.8"," 0.00","1009.7","999.9","993.0","  63.5","  6.2","  1.9"
"34504099999","48.6","34.9666666","143.0","1991-09-19","  52.1","000000","999.9","  75.2","  56.5","  7.8"," 0.00","1008.0","999.9","991.4","  65.6","  5.7","  5.3"
"34504099999","48.6","34.9666666","143.0","1991-09-20","  53.5","000000","999.9","  73.4","  57.2"," 11.7"," 0.00","1009.8","999.9","993.1","  64.6","  6.2","  8.7"
"34504099999","48.6","34.9666666","143.0","1991-09-21","  53.0","010010","999.9","  72.7","  56.1"," 11.7"," 0.00","1010.6","999.9","993.8","  62.7","  5.7","  2.2"
"34504099999","48.6","34.9666666","143.0","1991-09-22","  49.6","010000","999.9","  64.4","  49.6"," 15.5"," 0.91","1012.2","999.9","995.5","  57.1","  5.3"," 11.4"
"34504099999","48.6","34.9666666","143.0","1991-09-23","  43.3","000000","999.9","  62.6","  40.6","  5.8"," 0.02","1017.9","999.9","000.6","  51.1","  6.2","  2.2"
"34504099999","48.6","34.9666666","143.0","1991-09-24","  51.4","000000","999.9","  70.2","  48.9"," 13.6"," 0.00","1016.5","999.9","998.5","  60.5","  6.2","  7.0"
"34504099999","48.6","34.9666666","143.0","1991-09-25","  51.1","010000","999.9","  67.6","  53.1","  7.8"," 0.02","1021.5","999.9","004.5","  59.4","  5.1","  3.6"
"34504099999","48.6","34.9666666","143.0","1991-09-26","  52.2","000000","999.9","  73.2","  48.9","  7.8"," 0.00","1022.0","999.9","005.0","  60.3","  5.6","  3.4"
"34504099999","48.6","34.9666666","143.0","1991-09-27","  53.9","100000","999.9","  76.5","  50.4","  3.9"," 0.00","1015.8","999.9","998.9","  62.8","  4.3","  0.5"
"34504099999","48.6","34.9666666","143.0","1991-09-28","  56.8","100000","999.9","  75.9","  53.1","  7.8"," 0.00","1013.2","999.9","996.4","  63.0","  4.6","  3.5"
"34504099999","48.6","34.9666666","143.0","1991-09-29","  60.4","110000","999.9","  66.4","  58.5","  7.8"," 0.00","1017.1","999.9","000.3","  61.8","  2.2","  2.9"
"34504099999","48.6","34.9666666","143.0","1991-09-30","  61.5","100000","999.9","  74.5","  57.4","  3.9"," 0.12","1021.1","999.9","004.2","  64.4","  2.6","  1.7"
"34504099999","48.6","34.9666666","143.0","1991-10-01","  56.0","000000","999.9","  82.8","  55.8"," 11.7"," 0.00","1019.0","999.9","002.2","  67.2","  5.0","  6.1"
"34504099999","48.6","34.9666666","143.0","1991-10-02","  55.5","000000","999.9","  81.0","  56.5"," 13.6"," 0.00","1014.3","999.9","997.5","  67.8","  6.2","  8.9"
"34504099999","48.6","34.9666666","143.0","1991-10-03","  58.7","000000","999.9","  73.8","  59.7"," 13.6"," 0.00","1010.1","999.9","993.3","  65.8","  4.7","  7.0"
"34504099999","48.6","34.9666666","143.0","1991-10-04","  50.9","000000","999.9","  75.9","  57.2"," 13.6"," 0.00","1016.4","999.9","999.5","  65.2","  6.2"," 11.7"
"34504099999","48.6","34.9666666","143.0","1991-10-05","  50.2","000000","999.9","  72.5","  54.9"," 15.5"," 0.00","1021.9","999.9","004.8","  62.5","  5.3"," 12.1"
"34504099999","48.6","34.9666666","143.0","1991-10-06","  44.9","000000","999.9","  74.5","  51.4"," 13.6"," 0.00","1024.1","999.9","007.0","  61.9","  6.2"," 12.9"
"34504099999","48.6","34.9666666","143.0","1991-10-07","  42.9","000000","999.9","  77.0","  52.0"," 17.5"," 0.00","1025.2","999.9","008.0","  62.6","  5.4"," 13.3"
"34504099999","48.6","34.9666666","143.0","1991-10-08","  38.5","000000","999.9","  70.2","  51.1"," 17.5"," 0.00","1024.3","999.9","007.1","  60.1","  6.2"," 12.9"
"34504099999","48.6","34.9666666","143.0","1991-10-09","  40.3","000000","999.9","  68.2","  52.0"," 11.7"," 0.00","1025.7","999.9","008.3","  57.5","  6.2"," 10.2"
"34504099999","48.6","34.9666666","143.0","1991-10-10","  38.8","000000","999.9","  61.3","  43.5"," 13.6"," 0.00","1027.3","999.9","009.8","  51.3","  6.2"," 10.7"
"34504099999","48.6","34.9666666","143.0","1991-10-11","  37.2","000000","999.9","  62.6","  39.9"," 13.6"," 0.00","1027.6","999.9","010.0","  50.3","  6.2","  9.7"
"34504099999","48.6","34.9666666","143.0","1991-10-12","  37.8","000000","999.9","  64.4","  43.2"," 11.7"," 0.00","1026.7","999.9","009.2","  53.0","  5.3","  9.7"
"34504099999","48.6","34.9666666","143.0","1991-10-13","  45.0","000000","999.9","  68.2","  47.7"," 11.7"," 0.00","1021.7","999.9","004.4","  56.8","  5.7","  6.3"
"34504099999","48.6","34.9666666","143.0","1991-10-14","  50.3","000000","999.9","  62.8","  50.5","  3.9"," 0.00","1019.0","999.9","001.8","  55.2","  5.4","  0.9"
"34504099999","48.6","34.9666666","143.0","1991-10-15","  52.0","100000","999.9","  69.1","  47.8","  7.8"," 0.00","1019.4","999.9","002.2","  57.1","  3.1","  1.0"
"34504099999","48.6","34.9666666","143.0","1991-10-16","  49.6","100000","999.9","  72.3","  47.7","  5.8"," 0.00","1019.8","999.9","002.7","  58.7","  2.5","  1.5"
"34504099999","48.6","34.9666666","143.0","1991-10-17","  54.2","010000","999.9","  63.7","  50.9","  9.7"," 0.31","1012.9","999.9","995.8","  57.3","  2.2","  6.4"
"34504099999","48.6","34.9666666","143.0","1991-10-18","  56.1","010000","999.9","  64.4","  55.6","  3.9"," 0.24","1008.4","999.9","991.4","  57.9","  2.9","  1.9"
"34504099999","48.6","34.9666666","143.0","1991-10-19","  52.3","100000","999.9","  64.6","  48.4"," 17.5"," 0.16","1012.5","999.9","995.4","  56.5","  4.1","  8.3"
"34504099999","48.6","34.9666666","143.0","1991-10-20","  54.4","100000","999.9","  68.4","  47.1"," 17.5"," 0.00","1014.0","999.9","997.0","  59.3","  4.4"," 11.4"
"34504099999","48.6","34.9666666","143.0","1991-10-21","  58.1","000000","999.9","  67.1","  58.3"," 11.7"," 0.00","1013.7","999.9","996.8","  61.5","  5.3","  5.6"
"34504099999","48.6","34.9666666","143.0","1991-10-22","  57.9","110010","999.9","  62.4","  56.3","  5.8"," 0.00","1011.6","999.9","994.6","  58.8","  1.4","  2.8"
"34504099999","48.6","34.9666666","143.0","1991-10-23","  41.9","010000","999.9","  58.1","  40.6"," 15.5"," 0.91","1010.7","999.9","993.2","  43.8","  5.3"," 10.2"
"34504099999","48.6","34.9666666","143.0","1991-10-24","  34.8","010000","999.9","  41.5","  36.9"," 15.5"," 0.08","1009.7","999.9","992.0","  37.9","  6.2"," 10.0"
"34504099999","48.6","34.9666666","143.0","1991-10-25","  31.0","000000","999.9","  40.3","  33.8"," 11.7"," 0.00","1017.1","999.9","999.2","  37.2","  5.5","  6.4"
"34504099999","48.6","34.9666666","143.0","1991-10-26","  32.3","010000","999.9","  37.9","  32.2"," 17.5"," 0.00","1018.0","999.9","000.1","  35.0","  4.1"," 12.8"
"34504099999","48.6","34.9666666","143.0","1991-10-27","  31.2","001000","999.9","  33.1","  31.6"," 13.6"," 0.47","1018.9","999.9","000.8","  32.4","  0.8"," 12.3"
"34504099999","48.6","34.9666666","143.0","1991-10-28","  27.8","001000","999.9","  33.4","  30.2","  9.7"," 0.20","1026.1","  2.8","007.9","  31.5","  2.0","  7.0"
"34504099999","48.6","34.9666666","143.0","1991-10-29","  24.5","001000","999.9","  32.4","  25.3","  5.8"," 0.00","1025.5","  0.8","007.2","  28.6","  4.4","  1.9"
"34504099999","48.6","34.9666666","143.0","1991-10-30","  25.6","011000","999.9","  33.3","  22.8"," 11.7"," 0.02","1022.8","999.9","004.5","  29.4","  3.7","  6.1"
"34504099999","48.6","34.9666666","143.0","1991-10-31","  24.2","011000","999.9","  31.3","  26.2"," 13.6"," 0.04","1026.9","  1.2","008.5","  29.6","  7.5"," 12.1"
"34504099999","48.6","34.9666666","143.0","1991-11-01","  19.2","001000","999.9","  27.9","  22.6"," 13.6"," 0.00","1032.5","  0.8","014.0","  26.0","  5.4"," 10.0"
"34504099999","48.6","34.9666666","143.0","1991-11-02","  15.4","000000","999.9","  27.0","  16.0","  7.8"," 0.04","1036.1","999.9","017.2","  21.0","  6.2","  4.9"
"34504099999","48.6","34.9666666","143.0","1991-11-03","  15.1","000000","999.9","  28.0","  15.1","  9.7"," 0.00","1030.3","  0.8","011.6","  20.6","  5.0","  4.4"
"34504099999","48.6","34.9666666","143.0","1991-11-04","  27.2","000000","999.9","  32.4","  18.7","  9.7"," 0.00","1023.9","  0.4","005.6","  29.5","  3.9","  6.2"
"34504099999","48.6","34.9666666","143.0","1991-11-05","  32.8","100000","999.9","  35.4","  32.2"," 11.7"," 0.00","1021.0","999.9","002.9","  33.9","  1.2","  8.6"
"34504099999","48.6","34.9666666","143.0","1991-11-06","  37.4","100000","999.9","  44.6","  33.8","  7.8"," 0.00","1019.8","999.9","001.9","  38.6","  1.3","  5.3"
"34504099999","48.6","34.9666666","143.0","1991-11-07","  42.6","110000","999.9","  45.3","  38.5","  7.8"," 0.03","1021.2","999.9","003.4","  43.1","  0.7","  4.6"
"34504099999","48.6","34.9666666","143.0","1991-11-08","  40.8","100000","999.9","  44.1","  36.0","  5.8"," 0.08","1019.3","999.9","001.5","  40.9","  0.2","  2.4"
"34504099999","48.6","34.9666666","143.0","1991-11-09","  35.2","100000","999.9","  40.6","  33.3","  3.9"," 0.00","1017.4","999.9","999.4","  35.5","  0.4","  1.2"
"34504099999","48.6","34.9666666","143.0","1991-11-10","  36.3","100000","999.9","  39.9","  31.1","999.9"," 0.00","1018.3","999.9","000.3","  36.3","  0.3","  0.0"
"34504099999","48.6","34.9666666","143.0","1991-11-11","  41.4","110000","999.9","  46.8","  38.8"," 13.6"," 0.03","1019.7","999.9","002.0","  42.5","  1.2","  8.0"
"34504099999","48.6","34.9666666","143.0","1991-11-12","  29.8","000000","999.9","  39.7","  27.9"," 11.7"," 0.04","1026.6","999.9","008.5","  33.7","  3.7","  6.3"
"34504099999","48.6","34.9666666","143.0","1991-11-13","  36.6","010000","999.9","  41.5","  34.2","  9.7"," 0.00","1025.3","999.9","007.3","  38.3","  2.2","  6.6"
"34504099999","48.6","34.9666666","143.0","1991-11-14","  33.1","000000","999.9","  42.1","  34.3","  9.7"," 0.00","1028.9","999.9","010.9","  37.5","  4.5","  8.7"
"34504099999","48.6","34.9666666","143.0","1991-11-15","  36.6","100000","999.9","  40.5","  33.4"," 11.7"," 0.00","1024.7","999.9","006.7","  38.0","  1.4","  8.3"
"34504099999","48.6","34.9666666","143.0","1991-11-16","  39.8","100000","999.9","  45.5","  37.0"," 11.7"," 0.00","1021.5","999.9","003.6","  40.5","  0.8","  9.0"
"34504099999","48.6","34.9666666","143.0","1991-11-17","  33.9","000000","999.9","  47.5","  29.5"," 15.5"," 0.00","1021.8","999.9","003.8","  37.6","  3.1"," 12.4"
"34504099999","48.6","34.9666666","143.0","1991-11-18","  28.0","000000","999.9","  39.0","  23.4"," 19.4"," 0.00","1019.6","999.9","001.4","  31.1","  3.4"," 15.3"
"34504099999","48.6","34.9666666","143.0","1991-11-19","  32.8","010000","999.9","  39.9","  31.6"," 17.5"," 0.00","1014.6","999.9","996.5","  35.7","  3.0"," 15.3"
"34504099999","48.6","34.9666666","143.0","1991-11-20","  39.6","110000","999.9","  41.4","  38.5"," 11.7"," 0.16","1017.6","999.9","999.9","  39.8","  0.4","  8.0"
"34504099999","48.6","34.9666666","143.0","1991-11-21","  38.3","100000","999.9","  39.4","  36.9","  7.8"," 0.28","1023.9","999.9","006.0","  38.4","  0.3","  2.9"
"34504099999","48.6","34.9666666","143.0","1991-11-22","  41.8","100000","999.9","  46.9","  36.9","  7.8"," 0.00","1021.6","999.9","003.8","  42.7","  0.3","  6.4"
"34504099999","48.6","34.9666666","143.0","1991-11-23","  42.6","110000","999.9","  45.3","  40.6","  7.8"," 0.00","1020.0","999.9","002.3","  43.1","  0.4","  2.2"
"34504099999","48.6","34.9666666","143.0","1991-11-24","  36.8","000000","999.9","  42.8","  35.6"," 13.6"," 0.01","1025.7","999.9","007.7","  39.1","  1.9"," 10.4"
"34504099999","48.6","34.9666666","143.0","1991-11-25","  38.1","010000","999.9","  59.2","  32.5","  9.7"," 0.00","1030.5","999.9","012.4","  40.4","  1.3","  3.4"
"34504099999","48.6","34.9666666","143.0","1991-11-26","  32.5","110000","999.9","  36.5","  32.0"," 11.7"," 0.00","1031.5","999.9","013.3","  34.1","  1.2"," 10.3"
"34504099999","48.6","34.9666666","143.0","1991-11-27","  30.8","000000","999.9","  34.7","  31.8"," 11.7"," 0.00","1029.9","999.9","011.7","  32.9","  3.4","  9.7"
"34504099999","48.6","34.9666666","143.0","1991-11-28","  31.4","110000","999.9","  33.1","  30.6"," 13.6"," 0.00","1026.4","999.9","008.2","  31.9","  0.4","  9.2"
"34504099999","48.6","34.9666666","143.0","1991-11-29","  29.1","100000","999.9","  31.5","  27.7"," 11.7"," 0.00","1026.2","999.9","007.9","  29.1","  0.2","  9.7"
"34504099999","48.6","34.9666666","143.0","1991-11-30","  29.5","100000","999.9","  30.9","  28.8"," 15.5"," 0.00","1024.3","999.9","006.1","  29.7","  0.6"," 13.6"
"34504099999","48.6","34.9666666","143.0","1991-12-01","  30.2","000000","999.9","  36.7","  30.9"," 15.5"," 0.00","1024.7","999.9","006.6","  34.4","  4.5"," 13.6"
"34504099999","48.6","34.9666666","143.0","1991-12-02","  26.5","010000","999.9","  33.4","  30.6"," 15.5"," 0.00","1024.0","999.9","005.8","  32.2","  3.7"," 12.4"
"34504099999","48.6","34.9666666","143.0","1991-12-03","  29.5","001000","999.9","  34.5","  30.6"," 15.5"," 0.00","1017.3","999.9","999.2","  33.5","  3.0"," 14.7"
"34504099999","48.6","34.9666666","143.0","1991-12-04","  25.0","001000","999.9","  31.6","  27.9"," 17.5"," 0.00","1015.3","999.9","997.2","  30.0","  6.2"," 15.3"
"34504099999","48.6","34.9666666","143.0","1991-12-05","  28.1","001000","999.9","  31.6","  27.3"," 13.6"," 0.00","1007.0","999.9","989.0","  29.7","  2.1"," 10.9"
"34504099999","48.6","34.9666666","143.0","1991-12-06","  23.8","001000","999.9","  31.6","  23.5"," 11.7"," 0.12","1014.5","  1.6","996.3","  26.5","  4.0","  7.1"
"34504099999","48.6","34.9666666","143.0","1991-12-07","   8.6","000000","999.9","  30.4","  11.1"," 15.5"," 0.00","1023.9","  1.6","005.1","  16.7","  6.2","  8.6"
"34504099999","48.6","34.9666666","143.0","1991-12-08","   6.1","001000","999.9","  16.2","   7.0"," 23.3"," 0.01","1022.8","  1.6","004.0","  12.6","  4.3"," 21.1"
"34504099999","48.6","34.9666666","143.0","1991-12-09","   9.9","001000"," 35.0","  18.0","  13.3"," 25.3"," 0.31","1023.0","  2.8","004.2","  14.8","  1.4"," 23.1"
"34504099999","48.6","34.9666666","143.0","1991-12-10","   4.0","000000","999.9","  13.1","   8.6"," 23.3"," 0.31","1031.1","  3.1","012.0","  11.6","  3.7"," 17.5"
"34504099999","48.6","34.9666666","143.0","1991-12-11","  19.5","001000","999.9","  27.0","   9.5"," 13.6"," 0.00","1030.4","999.9","011.8","  23.1","  1.6","  8.0"
"34504099999","48.6","34.9666666","143.0","1991-12-12","  18.0","101000","999.9","  28.8","  12.2"," 17.5"," 0.00","1029.9","  3.1","011.2","  20.7","  1.1","  7.8"
"34504099999","48.6","34.9666666","143.0","1991-12-13","  27.1","000000","999.9","  31.3","  20.7","  9.7"," 0.00","1025.2","  2.8","006.8","  28.3","  1.3","  7.5"
"34504099999","48.6","34.9666666","143.0","1991-12-14","  26.9","000000","999.9","  33.3","  20.7"," 15.5"," 0.00","1014.5","999.9","996.5","  29.4","  5.6"," 13.3"
"34504099999","48.6","34.9666666","143.0","1991-12-15","  27.8","001000"," 35.0","  36.3","  30.4"," 25.3"," 0.08","1014.9","  2.4","996.4","  32.9","  5.2"," 18.8"
"34504099999","48.6","34.9666666","143.0","1991-12-16","  25.9","001000","999.9","  34.0","  19.4"," 15.5"," 0.00","1024.0","  1.2","005.7","  28.0","  3.7"," 11.7"
"34504099999","48.6","34.9666666","143.0","1991-12-17","  28.9","010000","999.9","  32.4","  28.2"," 11.7"," 0.00","1026.5","  1.2","008.3","  31.3","  2.8","  9.4"
"34504099999","48.6","34.9666666","143.0","1991-12-18","  23.7","000000","999.9","  29.3","  25.3"," 11.7"," 0.00","1025.8","999.9","007.4","  27.0","  4.6","  6.9"
"34504099999","48.6","34.9666666","143.0","1991-12-19","  24.1","101000","999.9","  27.0","  24.1"," 13.6"," 0.00","1016.4","  1.2","998.1","  25.3","  1.3","  9.2"
"34504099999","48.6","34.9666666","143.0","1991-12-20","  29.8","110000","999.9","  32.4","  26.1"," 11.7"," 0.08","1012.1","  2.8","994.9","  30.2","  0.9","  7.8"
"34504099999","48.6","34.9666666","143.0","1991-12-21","  30.5","010000","999.9","  32.7","  29.8"," 11.7"," 0.02","1010.1","  1.6","992.1","  31.5","  1.6","  9.4"
"34504099999","48.6","34.9666666","143.0","1991-12-22","  29.7","010000","999.9","  38.5","  32.9"," 17.5"," 0.01","1010.6","  1.2","992.8","  34.1","  4.8"," 12.4"
"34504099999","48.6","34.9666666","143.0","1991-12-23","  30.2","100000","999.9","  35.1","  30.6"," 15.5"," 0.00","1018.6","  0.8","000.6","  33.0","  2.4","  6.8"
"34504099999","48.6","34.9666666","143.0","1991-12-24","  30.7","100000","999.9","  31.8","  29.3","  7.8"," 0.00","1017.6","999.9","999.5","  30.7","  0.1","  4.2"
"34504099999","48.6","34.9666666","143.0","1991-12-25","  30.7","101000","999.9","  32.0","  29.5","999.9"," 0.00","1012.1","  0.4","994.1","  31.0","  0.8","  0.0"
"34504099999","48.6","34.9666666","143.0","1991-12-26","  25.9","001000","999.9","  31.3","  23.9"," 13.6"," 0.08","1014.6","  0.8","996.5","  28.4","  4.3"," 12.1"
"34504099999","48.6","34.9666666","143.0","1991-12-27","  12.6","001000","999.9","  22.6","  10.4","  9.7"," 0.04","1014.9","  0.8","996.3","  16.5","  3.4","  5.8"
"34504099999","48.6","34.9666666","143.0","1991-12-28","   5.9","101000","999.9","  11.7","   3.9","  9.7"," 0.00","1023.7","  0.8","004.6","   8.5","  4.1","  3.6"
"34504099999","48.6","34.9666666","143.0","1991-12-29","   2.4","000000","999.9","  12.9","  -1.7","999.9"," 0.01","1030.4","  1.2","011.1","   5.7","  2.8","  0.0"
"34504099999","48.6","34.9666666","143.0","1991-12-30","  17.0","101000","999.9","  26.4","   4.5"," 11.7"," 0.00","1018.2","  1.2","999.6","  18.2","  1.8","  8.6"
"34504099999","48.6","34.9666666","143.0","1991-12-31","  25.6","001000","999.9","  30.2","  24.6","  7.8"," 0.12","1011.0","  2.0","992.9","  27.6","  2.2","  5.3"
"34504099999","48.6","34.9666666","143.0","1992-01-01","  22.4","001000","999.9","  31.5","  21.0"," 11.7"," 0.08","1021.8","  3.1","001.9","  25.3","  3.6","  9.5"
"34504099999","48.6","34.9666666","143.0","1992-01-02","  19.1","001000","999.9","  25.0","  18.5"," 11.7"," 0.03","1021.3","  3.1","002.8","  21.3","  3.1","  6.1"
"34504099999","48.6","34.9666666","143.0","1992-01-03","  31.3","111000","999.9","  34.7","  23.2","  9.7"," 0.02","1017.6","  3.5","999.6","  31.9","  0.5","  9.0"
"34504099999","48.6","34.9666666","143.0","1992-01-04","  29.4","010000","999.9","  37.8","  33.3"," 13.6"," 0.01","1019.2","  2.0","001.2","  34.5","  1.7"," 10.2"
"34504099999","48.6","34.9666666","143.0","1992-01-05","  29.4","111000","999.9","  45.0","  26.6"," 11.7"," 0.00","1017.3","  1.2","999.2","  32.7","  1.5","  7.8"
"34504099999","48.6","34.9666666","143.0","1992-01-06","  22.8","000000","999.9","  34.3","  23.4"," 21.4"," 0.00","1018.2","  1.2","000.1","  29.7","  5.3"," 13.8"
"34504099999","48.6","34.9666666","143.0","1992-01-07","  22.1","000000","999.9","  32.4","  20.8"," 11.7"," 0.00","1022.9","  0.8","004.5","  26.5","  4.3","  9.5"
"34504099999","48.6","34.9666666","143.0","1992-01-08","  29.3","100000","999.9","  36.5","  27.9"," 15.5"," 0.00","1020.2","  0.8","002.1","  31.6","  2.0"," 10.7"
"34504099999","48.6","34.9666666","143.0","1992-01-09","  32.3","100000","999.9","  35.4","  29.1"," 11.7"," 0.00","1018.3","  0.4","000.3","  32.3","  0.1"," 10.0"
"34504099999","48.6","34.9666666","143.0","1992-01-10","  32.7","101000","999.9","  36.0","  32.5"," 13.6"," 0.00","1014.7","  0.4","996.7","  33.7","  1.0"," 11.9"
"34504099999","48.6","34.9666666","143.0","1992-01-11","  21.9","000000","999.9","  34.0","  25.7"," 15.5"," 0.12","1025.7","  0.4","007.3","  28.3","  4.6"," 12.8"
"34504099999","48.6","34.9666666","143.0","1992-01-12","  27.9","011000","999.9","  37.9","  26.6"," 23.3"," 0.00","1011.8","  0.4","993.8","  31.8","  2.9"," 16.3"
"34504099999","48.6","34.9666666","143.0","1992-01-13","  24.0","000000","999.9","  33.1","  21.4"," 19.4"," 0.16","1009.4","  1.6","991.4","  28.5","  4.7"," 13.9"
"34504099999","48.6","34.9666666","143.0","1992-01-14","  15.5","001000","999.9","  27.5","  11.1"," 17.5"," 0.00","1019.0","999.9","000.5","  20.5","  4.4"," 12.5"
"34504099999","48.6","34.9666666","143.0","1992-01-15","  22.6","011000","999.9","  29.1","   9.7"," 11.7"," 0.02","1012.2","  2.0","993.9","  23.9","  1.6","  8.7"
"34504099999","48.6","34.9666666","143.0","1992-01-16","  32.0","111000","999.9","  35.6","  28.2"," 13.6"," 0.16","1006.1","  4.3","988.3","  32.9","  1.0","  9.2"
"34504099999","48.6","34.9666666","143.0","1992-01-17","  31.9","001000","999.9","  33.1","  32.4"," 13.6"," 0.04"," 999.8","  2.0","982.1","  32.8","  1.1"," 10.0"
"34504099999","48.6","34.9666666","143.0","1992-01-18","  21.9","001000","999.9","  30.0","  20.5"," 58.3"," 0.08"," 996.5","  2.0","978.6","  25.1","  2.2"," 21.4"
"34504099999","48.6","34.9666666","143.0","1992-01-19","  13.8","001000","999.9","  21.2","  15.4"," 19.4"," 0.12","1010.0","  3.1","991.5","  18.1","  4.3"," 15.1"
"34504099999","48.6","34.9666666","143.0","1992-01-20","   9.6","001000","999.9","  17.1","   9.9"," 11.7"," 0.02","1019.5","  3.1","000.7","  13.3","  6.2","  6.8"
"34504099999","48.6","34.9666666","143.0","1992-01-21","   7.4","001000","999.9","  19.2","   7.7"," 13.6"," 0.00","1035.1","  2.8","016.0","  12.1","  5.0"," 10.2"
"34504099999","48.6","34.9666666","143.0","1992-01-22","  15.9","001000","999.9","  27.5","   8.8"," 21.4"," 0.00","1030.0","  2.8","011.3","  20.3","  4.2"," 15.8"
"34504099999","48.6","34.9666666","143.0","1992-01-23","  28.0","001000","999.9","  34.5","  25.7"," 17.5"," 0.03","1031.9","  2.4","013.5","  31.7","  5.3"," 12.4"
"34504099999","48.6","34.9666666","143.0","1992-01-24","  26.4","000000","999.9","  32.7","  26.2","  9.7"," 0.03","1037.3","999.9","019.0","  29.7","  4.2","  5.8"
"34504099999","48.6","34.9666666","143.0","1992-01-25","  26.0","011000","999.9","  29.8","  25.5"," 11.7"," 0.01","1035.2","  2.4","016.6","  28.1","  3.1","  9.2"
"34504099999","48.6","34.9666666","143.0","1992-01-26","  22.0","001000","999.9","  24.8","  21.9","  7.8"," 0.00","1033.3","  2.8","014.6","  23.4","  1.2","  5.8"
"34504099999","48.6","34.9666666","143.0","1992-01-27","  20.2","001000","999.9","  25.7","  20.3","  9.7"," 0.00","1031.2","  2.8","012.5","  22.2","  0.9","  7.5"
"34504099999","48.6","34.9666666","143.0","1992-01-28","  23.4","000000","999.9","  27.9","  21.4"," 11.7"," 0.01","1027.6","  2.8","009.1","  26.1","  2.3","  7.8"
"34504099999","48.6","34.9666666","143.0","1992-01-29","  30.0","111000"," 35.0","  34.5","  27.5"," 21.4"," 0.00","1010.3","  2.0","992.4","  31.0","  2.5"," 14.3"
"34504099999","48.6","34.9666666","143.0","1992-01-30","  24.5","001000","999.9","  30.2","  26.4"," 21.4"," 0.08","1005.3","  3.9","987.4","  28.0","  4.0"," 16.6"
"34504099999","48.6","34.9666666","143.0","1992-01-31","  23.1","001000","999.9","  31.5","  22.5"," 13.6"," 0.04","1014.9","  3.9","996.7","  26.2","  3.3","  7.8"
"34504099999","48.6","34.9666666","143.0","1992-02-01","  24.9","001000","999.9","  28.9","  23.0"," 17.5"," 0.08","1022.4","  3.9","004.1","  27.1","  1.8"," 16.0"
"34504099999","48.6","34.9666666","143.0","1992-02-02","  20.2","011000","999.9","  25.9","  18.5"," 13.6"," 0.08","1020.6","999.9","002.1","  22.9","  2.8"," 10.9"
"34504099999","48.6","34.9666666","143.0","1992-02-03","  17.7","001000","999.9","  23.4","  15.6"," 15.5"," 0.04","1014.2","  4.7","995.8","  19.4","  1.2","  8.5"
"34504099999","48.6","34.9666666","143.0","1992-02-04","  28.0","101000","999.9","  32.0","  19.6"," 11.7"," 0.02","1006.2","  5.1","988.3","  28.6","  0.6","  8.9"
"34504099999","48.6","34.9666666","143.0","1992-02-05","  25.9","101000","999.9","  28.8","  23.5"," 27.2"," 0.00","1005.2","  7.1","987.0","  26.0","  0.2","  9.0"
"34504099999","48.6","34.9666666","143.0","1992-02-06","  26.5","101000","999.9","  31.8","  23.2","  9.7"," 0.02","1005.8","999.9","987.8","  27.3","  0.7","  7.5"
"34504099999","48.6","34.9666666","143.0","1992-02-07","  25.8","001000","999.9","  29.3","  27.1"," 21.4"," 0.08","1015.9","  7.9","997.7","  28.3","  1.3"," 13.8"
"34504099999","48.6","34.9666666","143.0","1992-02-08","  21.3","001000","999.9","  28.4","  23.5"," 13.6"," 0.08","1027.0","  8.3","008.5","  25.9","  2.5"," 10.7"
"34504099999","48.6","34.9666666","143.0","1992-02-09","  17.3","001000","999.9","  22.5","  19.0","  9.7"," 0.00","1028.2","  8.7","009.6","  20.5","  1.6","  8.0"
"34504099999","48.6","34.9666666","143.0","1992-02-10","  23.1","101000","999.9","  28.9","  18.5","  7.8"," 0.01","1023.8","  7.9","005.4","  25.0","  1.1","  4.7"
"34504099999","48.6","34.9666666","143.0","1992-02-11","  30.4","101000","999.9","  33.3","  27.9"," 11.7"," 0.00","1019.1","999.9","001.0","  31.2","  0.6","  8.0"
"34504099999","48.6","34.9666666","143.0","1992-02-12","  31.0","101000","999.9","  32.7","  27.9"," 11.7"," 0.08","1012.9","  5.9","994.9","  31.4","  0.5","  9.3"
"34504099999","48.6","34.9666666","143.0","1992-02-13","  26.9","000000","999.9","  31.6","  20.8"," 11.7"," 0.08","1014.6","  5.9","996.5","  27.7","  0.6","  8.0"
"34504099999","48.6","34.9666666","143.0","1992-02-14","  28.8","100000","999.9","  34.5","  27.1","  7.8"," 0.00","1020.0","  5.9","001.9","  30.1","  0.6","  6.1"
"34504099999","48.6","34.9666666","143.0","1992-02-15","  31.6","110000","999.9","  34.7","  26.8"," 13.6"," 0.04","1018.5","  5.5","000.5","  32.1","  0.5","  9.4"
"34504099999","48.6","34.9666666","143.0","1992-02-16","  31.0","110000","999.9","  33.8","  29.5"," 15.5"," 0.02","1013.2","  3.9","995.2","  31.8","  0.5"," 11.2"
"34504099999","48.6","34.9666666","143.0","1992-02-17","  31.9","101000","999.9","  35.8","  28.8"," 13.6"," 0.16","1006.3","999.9","988.4","  31.9","  0.2","  6.6"
"34504099999","48.6","34.9666666","143.0","1992-02-18","  29.2","101000"," 35.0","  33.1","  21.7"," 27.2"," 0.00","1002.0","999.9","984.1","  29.4","  0.2"," 12.6"
"34504099999","48.6","34.9666666","143.0","1992-02-19","  15.0","001000"," 35.0","  24.3","  15.4"," 23.3"," 0.63","1008.5"," 11.8","990.1","  18.0","  3.1"," 12.9"
"34504099999","48.6","34.9666666","143.0","1992-02-20","  11.8","101000","999.9","  21.9","   9.1","  3.9"," 0.00","1017.3"," 12.2","998.6","  15.9","  3.7","  0.8"
"34504099999","48.6","34.9666666","143.0","1992-02-21","   7.4","001000","999.9","  21.9","   2.5","  7.8"," 0.00","1020.5"," 12.2","001.5","   9.8","  4.7","  1.2"
"34504099999","48.6","34.9666666","143.0","1992-02-22","  12.8","001000","999.9","  21.4","   9.1","999.9"," 0.00","1023.9"," 11.8","005.1","  15.8","  1.4","  0.0"
"34504099999","48.6","34.9666666","143.0","1992-02-23","   4.9","000000","999.9","  18.9","   1.6","  5.8"," 0.00","1024.3"," 10.6","005.2","   8.9","  4.7","  1.9"
"34504099999","48.6","34.9666666","143.0","1992-02-24","  10.6","000000","999.9","  25.2","   4.3"," 13.6"," 0.00","1016.3"," 10.6","997.5","  13.1","  2.5","  8.0"
"34504099999","48.6","34.9666666","143.0","1992-02-25","  12.0","000000","999.9","  26.1","   8.6","  3.9"," 0.00","1025.0","999.9","006.2","  17.5","  3.9","  0.5"
"34504099999","48.6","34.9666666","143.0","1992-02-26","  23.7","001000","999.9","  33.6","  12.9"," 13.6"," 0.00","1024.9","  9.8","006.5","  26.6","  1.7","  7.8"
"34504099999","48.6","34.9666666","143.0","1992-02-27","  26.8","000000","999.9","  36.3","  26.6"," 15.5"," 0.00","1026.0","  8.3","007.7","  31.4","  3.7"," 10.9"
"34504099999","48.6","34.9666666","143.0","1992-02-28","  27.8","101000","999.9","  33.8","  23.2"," 17.5"," 0.00","1019.9","  7.1","001.8","  29.7","  1.3"," 11.9"
"34504099999","48.6","34.9666666","143.0","1992-02-29","  29.1","001000","999.9","  36.5","  31.3"," 13.6"," 0.08","1024.5","  7.9","006.4","  33.3","  3.0","  9.5"
"34504099999","48.6","34.9666666","143.0","1992-03-01","  30.4","100000","999.9","  34.5","  28.9","  9.7"," 0.00","1023.8","  6.3","005.6","  32.1","  1.4","  6.1"
"34504099999","48.6","34.9666666","143.0","1992-03-02","  33.5","100000","999.9","  39.7","  32.9","  7.8"," 0.00","1025.0","999.9","006.9","  35.2","  0.6","  5.0"
"34504099999","48.6","34.9666666","143.0","1992-03-03","  34.1","100000","999.9","  41.9","  32.9"," 13.6"," 0.00","1021.1","  3.9","003.2","  36.5","  1.1","  9.3"
"34504099999","48.6","34.9666666","143.0","1992-03-04","  33.5","110000","999.9","  39.9","  32.0"," 13.6"," 0.12","1011.7","999.9","993.9","  35.4","  3.2"," 10.9"
"34504099999","48.6","34.9666666","143.0","1992-03-05","  31.9","001000","999.9","  35.4","  32.2"," 13.6"," 0.12","1010.9","  2.0","993.0","  33.3","  1.4","  9.7"
"34504099999","48.6","34.9666666","143.0","1992-03-06","  31.3","101000","999.9","  36.9","  32.0"," 13.6"," 0.28","1023.8","999.9","005.7","  33.8","  3.0"," 12.1"
"34504099999","48.6","34.9666666","143.0","1992-03-07","  31.7","011000","999.9","  36.5","  32.7","  9.7"," 0.00","1035.5","  2.0","017.2","  33.4","  1.6","  7.0"
"34504099999","48.6","34.9666666","143.0","1992-03-08","  30.0","111000","999.9","  37.2","  30.2","  5.8"," 0.04","1038.8","  1.2","020.4","  32.9","  3.1","  2.2"
"34504099999","48.6","34.9666666","143.0","1992-03-09","  29.1","001000","999.9","  41.2","  31.3"," 13.6"," 0.01","1038.1","  0.8","019.8","  35.8","  3.7","  6.8"
"34504099999","48.6","34.9666666","143.0","1992-03-10","  28.6","000000","999.9","  43.0","  33.1","  9.7"," 0.00","1039.1","  0.4","020.9","  37.2","  4.1","  7.2"
"34504099999","48.6","34.9666666","143.0","1992-03-11","  30.2","000000","999.9","  48.0","  28.9"," 11.7"," 0.00","1032.7","  0.4","014.5","  36.5","  2.6","  4.9"
"34504099999","48.6","34.9666666","143.0","1992-03-12","  31.5","100000","999.9","  42.8","  27.3"," 13.6"," 0.00","1023.2","999.9","005.1","  34.9","  2.2","  6.3"
"34504099999","48.6","34.9666666","143.0","1992-03-13","  32.5","101000","999.9","  38.7","  32.4","  7.8"," 0.00","1015.1","999.9","997.2","  33.5","  1.6","  6.2"
"34504099999","48.6","34.9666666","143.0","1992-03-14","  33.4","100000","999.9","  47.7","  33.6"," 19.4"," 0.00","1007.6","999.9","989.9","  39.8","  2.2"," 16.8"
"34504099999","48.6","34.9666666","143.0","1992-03-15","  30.6","010000","999.9","  43.2","  32.2"," 13.6"," 0.04","1007.3","999.9","989.6","  38.3","  4.4","  6.7"
"34504099999","48.6","34.9666666","143.0","1992-03-16","  28.8","010000","999.9","  39.9","  31.5"," 11.7"," 0.00","1012.5","999.9","994.6","  34.3","  4.0","  7.5"
"34504099999","48.6","34.9666666","143.0","1992-03-17","  26.5","001000","999.9","  36.9","  28.6"," 17.5"," 0.08","1020.4","999.9","002.3","  31.7","  4.2"," 10.4"
"34504099999","48.6","34.9666666","143.0","1992-03-18","  30.6","100000","999.9","  35.1","  30.9"," 27.2"," 0.00","1019.8","  2.0","001.8","  33.0","  1.7"," 18.0"
"34504099999","48.6","34.9666666","143.0","1992-03-19","  35.0","110000","999.9","  46.0","  31.6"," 17.5"," 0.00","1020.4","  0.4","002.6","  39.7","  4.1"," 14.0"
"34504099999","48.6","34.9666666","143.0","1992-03-20","  35.8","010000","999.9","  43.0","  38.1","  9.7"," 0.00","1023.6","999.9","005.8","  39.6","  5.0","  6.5"
"34504099999","48.6","34.9666666","143.0","1992-03-21","  29.3","000000","999.9","  51.1","  36.7"," 15.5"," 0.00","1020.1","999.9","002.4","  41.9","  6.2"," 12.6"
"34504099999","48.6","34.9666666","143.0","1992-03-22","  25.1","000000","999.9","  51.8","  33.3"," 15.5"," 0.00","1016.2","999.9","998.6","  41.9","  6.2"," 13.0"
"34504099999","48.6","34.9666666","143.0","1992-03-23","  29.1","000000","999.9","  54.1","  30.9"," 17.5"," 0.00","1013.9","999.9","996.2","  41.3","  4.8"," 11.9"
"34504099999","48.6","34.9666666","143.0","1992-03-24","  35.0","110000","999.9","  51.4","  37.8"," 11.7"," 0.00","1017.7","999.9","000.0","  41.0","  2.0","  7.2"
"34504099999","48.6","34.9666666","143.0","1992-03-25","  35.3","100000","999.9","  56.8","  32.7"," 13.6"," 0.00","1017.5","999.9","999.9","  44.2","  4.1"," 10.2"
"34504099999","48.6","34.9666666","143.0","1992-03-26","  35.6","000000","999.9","  63.0","  37.6"," 13.6"," 0.00","1013.3","999.9","995.9","  48.9","  6.2"," 11.2"
"34504099999","48.6","34.9666666","143.0","1992-03-27","  30.5","000000","999.9","  66.9","  39.2"," 19.4"," 0.00","1008.6","999.9","991.4","  52.0","  6.2"," 13.4"
"34504099999","48.6","34.9666666","143.0","1992-03-28","  32.8","000000","999.9","  66.9","  43.5"," 23.3"," 0.00"," 999.6","999.9","982.5","  54.1","  6.2"," 15.1"
"34504099999","48.6","34.9666666","143.0","1992-03-29","  42.3","010000"," 35.0","  59.7","  40.6"," 21.4"," 0.02"," 994.7","999.9","977.6","  48.1","  6.4"," 18.6"
"34504099999","48.6","34.9666666","143.0","1992-03-30","  37.7","100000","999.9","  54.3","  34.5"," 17.5"," 0.02","1001.8","999.9","984.4","  43.8","  3.2","  8.0"
"34504099999","48.6","34.9666666","143.0","1992-03-31","  37.6","000000","999.9","  52.9","  40.3"," 11.7"," 0.00","1007.8","999.9","990.3","  44.4","  3.4","  7.0"
"34504099999","48.6","34.9666666","143.0","1992-04-01","  29.8","000000","999.9","  51.6","  36.5","  7.8"," 0.00","1013.4","999.9","995.8","  42.8","  4.8","  2.2"
"34504099999","48.6","34.9666666","143.0","1992-04-02","  33.4","000000","999.9","  57.2","  35.8"," 11.7"," 0.00","1015.5","999.9","997.9","  45.2","  4.8","  6.7"
"34504099999","48.6","34.9666666","143.0","1992-04-03","  36.3","010000","999.9","  61.5","  29.5"," 13.6"," 0.00","1013.4","999.9","995.9","  46.6","  5.7","  9.0"
"34504099999","48.6","34.9666666","143.0","1992-04-04","  40.5","000000","999.9","  61.9","  41.2"," 11.7"," 0.08","1014.7","999.9","997.3","  49.8","  5.3","  6.8"
"34504099999","48.6","34.9666666","143.0","1992-04-05","  40.5","010000","999.9","  55.4","  41.2"," 15.5"," 0.00","1017.1","999.9","999.6","  47.3","  5.4"," 11.7"
"34504099999","48.6","34.9666666","143.0","1992-04-06","  35.1","000000","999.9","  65.7","  44.8"," 17.5"," 0.02","1012.7","999.9","995.5","  52.6","  6.2"," 15.8"
"34504099999","48.6","34.9666666","143.0","1992-04-07","  37.5","000000","999.9","  67.3","  43.7"," 15.5"," 0.00","1005.6","999.9","988.6","  54.6","  6.2"," 12.9"
"34504099999","48.6","34.9666666","143.0","1992-04-08","  46.6","010000","999.9","  54.9","  47.8"," 13.6"," 0.00","1001.3","999.9","984.2","  50.9","  5.3","  9.5"
"34504099999","48.6","34.9666666","143.0","1992-04-09","  33.4","011000","999.9","  49.8","  36.5"," 15.5"," 0.12","1011.3","999.9","993.8","  43.3","  3.6"," 11.7"
"34504099999","48.6","34.9666666","143.0","1992-04-10","  27.3","000000","999.9","  47.7","  31.5"," 11.7"," 0.00","1015.4","999.9","997.6","  39.5","  5.3","  6.1"
"34504099999","48.6","34.9666666","143.0","1992-04-11","  26.3","010000","999.9","  45.0","  33.3"," 17.5"," 0.00","1014.2","999.9","996.3","  37.3","  5.7"," 13.1"
"34504099999","48.6","34.9666666","143.0","1992-04-12","  23.1","000000","999.9","  42.3","  32.5"," 11.7"," 0.00","1012.5","999.9","994.7","  37.2","  6.2","  9.5"
"34504099999","48.6","34.9666666","143.0","1992-04-13","  23.5","000000","999.9","  50.9","  34.7","  7.8"," 0.00","1016.4","999.9","998.7","  40.9","  5.0","  1.9"
"34504099999","48.6","34.9666666","143.0","1992-04-14","  26.8","000000","999.9","  56.1","  31.3"," 11.7"," 0.00","1017.3","999.9","999.7","  44.4","  6.1","  6.1"
"34504099999","48.6","34.9666666","143.0","1992-04-15","  37.4","010000","999.9","  51.1","  36.0"," 11.7"," 0.00","1016.4","999.9","998.8","  42.9","  4.2","  8.0"
"34504099999","48.6","34.9666666","143.0","1992-04-16","  38.4","000000","999.9","  63.1","  34.5","  7.8"," 0.00","1016.9","999.9","999.4","  49.6","  5.3","  5.8"
"34504099999","48.6","34.9666666","143.0","1992-04-17","  32.5","000000","999.9","  67.3","  38.1"," 13.6"," 0.00","1017.8","999.9","000.6","  53.6","  4.7","  7.8"
"34504099999","48.6","34.9666666","143.0","1992-04-18","  33.7","000000","999.9","  67.3","  41.0"," 11.7"," 0.00","1018.5","999.9","001.2","  54.7","  5.3","  9.5"
"34504099999","48.6","34.9666666","143.0","1992-04-19","  36.3","000000","999.9","  69.6","  40.5"," 13.6"," 0.00","1012.4","999.9","995.3","  55.9","  7.1","  8.3"
"34504099999","48.6","34.9666666","143.0","1992-04-20","  41.1","010000"," 38.9","  52.2","  42.1"," 29.1"," 0.00","1000.8","999.9","983.6","  48.1","  4.8","  9.0"
"34504099999","48.6","34.9666666","143.0","1992-04-21","  34.9","010000","999.9","  51.8","  36.7"," 11.7"," 0.06","1008.0","999.9","990.5","  42.1","  7.9","  8.0"
"34504099999","48.6","34.9666666","143.0","1992-04-22","  32.1","011000","999.9","  41.0","  30.4"," 15.5"," 0.08","1011.5","999.9","993.7","  35.6","  4.3","  8.5"
"34504099999","48.6","34.9666666","143.0","1992-04-23","  36.3","010010","999.9","  48.2","  30.0"," 13.6"," 0.31","1008.1","999.9","990.5","  39.7","  4.8","  7.5"
"34504099999","48.6","34.9666666","143.0","1992-04-24","  32.5","010000","999.9","  50.2","  34.7"," 13.6"," 0.00","1012.2","999.9","994.6","  42.6","  5.1","  9.0"
"34504099999","48.6","34.9666666","143.0","1992-04-25","  32.3","010000","999.9","  42.8","  32.7"," 13.6"," 0.00","1018.1","999.9","000.3","  37.9","  5.6","  6.3"
"34504099999","48.6","34.9666666","143.0","1992-04-26","  29.6","000000","999.9","  51.6","  32.5"," 13.6"," 0.24","1021.1","999.9","003.3","  42.3","  6.2","  6.4"
"34504099999","48.6","34.9666666","143.0","1992-04-27","  35.5","010000","999.9","  49.1","  37.9","  9.7"," 0.12","1016.9","999.9","999.3","  43.0","  5.3","  6.8"
"34504099999","48.6","34.9666666","143.0","1992-04-28","  32.7","000000","999.9","  52.3","  38.7"," 13.6"," 0.00","1018.3","999.9","000.7","  44.9","  6.2","  8.0"
"34504099999","48.6","34.9666666","143.0","1992-04-29","  34.1","000000","999.9","  60.4","  36.1"," 11.7"," 0.00","1023.4","999.9","005.9","  49.4","  6.2","  3.6"
"34504099999","48.6","34.9666666","143.0","1992-04-30","  34.0","000000","999.9","  60.8","  40.5"," 13.6"," 0.00","1028.9","999.9","011.4","  51.9","  5.8","  7.6"
"34504099999","48.6","34.9666666","143.0","1992-05-01","  33.2","000000","999.9","  66.2","  38.8","  7.8"," 0.00","1030.9","999.9","013.4","  54.2","  6.2","  5.6"
"34504099999","48.6","34.9666666","143.0","1992-05-02","  32.9","000000","999.9","  68.5","  40.5"," 15.5"," 0.00","1027.6","999.9","010.2","  55.8","  6.2","  5.1"
"34504099999","48.6","34.9666666","143.0","1992-05-03","  35.3","000000","999.9","  71.6","  44.6","  7.8"," 0.00","1024.4","999.9","007.1","  59.6","  6.2","  2.9"
"34504099999","48.6","34.9666666","143.0","1992-05-04","  37.5","000000","999.9","  74.7","  46.0","  7.8"," 0.00","1020.5","999.9","003.5","  63.7","  6.2","  1.7"
"34504099999","48.6","34.9666666","143.0","1992-05-05","  40.6","000000","999.9","  70.5","  53.1"," 15.5"," 0.00","1019.4","999.9","002.4","  62.6","  6.2"," 11.2"
"34504099999","48.6","34.9666666","143.0","1992-05-06","  35.1","000000","999.9","  69.1","  48.4"," 13.6"," 0.00","1020.3","999.9","003.2","  59.3","  6.2"," 11.1"
"34504099999","48.6","34.9666666","143.0","1992-05-07","  42.5","000000","999.9","  72.7","  46.0","  7.8"," 0.00","1012.7","999.9","995.7","  61.1","  5.3","  5.6"
"34504099999","48.6","34.9666666","143.0","1992-05-08","  42.2","000000","999.9","  74.5","  50.0","  9.7"," 0.00","1006.4","999.9","989.6","  63.0","  2.5","  3.4"
"34504099999","48.6","34.9666666","143.0","1992-05-09","  43.7","010000","999.9","  70.9","  53.6"," 15.5"," 0.00","1004.7","999.9","987.9","  61.1","  6.2","  8.6"
"34504099999","48.6","34.9666666","143.0","1992-05-10","  43.6","000000","999.9","  72.5","  47.5"," 11.7"," 0.00","1010.3","999.9","993.4","  60.7","  6.2","  4.9"
"34504099999","48.6","34.9666666","143.0","1992-05-11","  37.4","000000","999.9","  73.4","  48.6"," 15.5"," 0.00","1016.3","999.9","999.4","  62.7","  5.3","  9.2"
"34504099999","48.6","34.9666666","143.0","1992-05-12","  44.8","000000","999.9","  79.2","  48.0"," 15.5"," 0.00","1018.0","999.9","001.0","  64.9","  5.3"," 10.0"
"34504099999","48.6","34.9666666","143.0","1992-05-13","  37.8","000000","999.9","  66.0","  48.2"," 17.5"," 0.00","1024.0","999.9","006.7","  56.8","  6.2"," 14.6"
"34504099999","48.6","34.9666666","143.0","1992-05-14","  37.3","000000","999.9","  68.5","  45.0"," 17.5"," 0.00","1022.7","999.9","005.3","  55.2","  6.2"," 11.9"
"34504099999","48.6","34.9666666","143.0","1992-05-15","  32.9","000000","999.9","  61.7","  45.3"," 19.4"," 0.00","1024.9","999.9","007.5","  53.1","  6.2"," 16.0"
"34504099999","48.6","34.9666666","143.0","1992-05-16","  32.2","010000","999.9","  58.8","  42.4"," 15.5"," 0.00","1021.9","999.9","004.4","  50.0","  6.2"," 10.2"
"34504099999","48.6","34.9666666","143.0","1992-05-17","  31.8","000000","999.9","  64.6","  39.2","  7.8"," 0.00","1017.4","999.9","000.0","  52.9","  6.2","  4.6"
"34504099999","48.6","34.9666666","143.0","1992-05-18","  35.2","010000","999.9","  66.2","  44.1"," 11.7"," 0.00","1015.4","999.9","998.3","  57.3","  6.2","  6.9"
"34504099999","48.6","34.9666666","143.0","1992-05-19","  39.9","000000","999.9","  74.3","  52.2"," 15.5"," 0.00","1017.3","999.9","000.3","  61.8","  4.8"," 12.1"
"34504099999","48.6","34.9666666","143.0","1992-05-20","  35.4","000000","999.9","  65.1","  47.8"," 17.5"," 0.04","1022.6","999.9","005.4","  56.8","  6.2","  9.7"
"34504099999","48.6","34.9666666","143.0","1992-05-21","  47.8","000000","999.9","  77.7","  48.6"," 15.5"," 0.00","1017.2","999.9","000.1","  61.0","  5.7","  8.9"
"34504099999","48.6","34.9666666","143.0","1992-05-22","  45.5","000000","999.9","  69.4","  53.2"," 15.5"," 0.16","1015.7","999.9","998.7","  60.6","  5.1"," 10.0"
"34504099999","48.6","34.9666666","143.0","1992-05-23","  34.8","010000","999.9","  56.3","  41.4"," 21.4"," 0.00","1016.4","999.9","998.9","  49.6","  5.7"," 17.2"
"34504099999","48.6","34.9666666","143.0","1992-05-24","  40.5","010100"," 54.4","  51.8","  34.9"," 38.9"," 0.39","1011.8","999.9","994.3","  42.7","  2.8"," 24.7"
"34504099999","48.6","34.9666666","143.0","1992-05-25","  46.6","010000","999.9","  60.6","  41.4","  9.7"," 0.00","1019.9","999.9","002.4","  51.4","  4.0","  7.3"
"34504099999","48.6","34.9666666","143.0","1992-05-26","  45.8","100000","999.9","  62.6","  46.6","999.9"," 0.20","1021.6","999.9","004.2","  54.3","  4.2","  0.0"
"34504099999","48.6","34.9666666","143.0","1992-05-27","  53.0","010000","999.9","  59.9","  50.4"," 11.7"," 0.00","1018.3","999.9","001.1","  56.4","  2.0","  8.7"
"34504099999","48.6","34.9666666","143.0","1992-05-28","  60.0","110000","999.9","  69.6","  57.9","  7.8"," 0.39","1011.0","999.9","994.1","  61.9","  1.1","  5.8"
"34504099999","48.6","34.9666666","143.0","1992-05-29","  57.1","100000","999.9","  64.8","  56.3"," 13.6"," 0.20","1016.7","999.9","999.6","  59.1","  1.0","  6.8"
"34504099999","48.6","34.9666666","143.0","1992-05-30","  57.4","000010","999.9","  67.8","  55.0","  9.7"," 0.00","1015.7","999.9","998.7","  60.9","  3.5","  6.9"
"34504099999","48.6","34.9666666","143.0","1992-05-31","  57.4","110010","999.9","  68.4","  55.2"," 11.7"," 0.03","1011.8","999.9","994.8","  59.5","  1.1","  7.0"
"34504099999","48.6","34.9666666","143.0","1992-06-01","  55.7","010000","999.9","  63.5","  55.4","  7.8"," 0.35","1010.3","999.9","993.3","  57.0","  1.3","  5.2"
"34504099999","48.6","34.9666666","143.0","1992-06-02","  53.9","010010","999.9","  73.6","  55.8","  9.7"," 0.31","1011.4","999.9","994.6","  63.6","  5.1","  4.9"
"34504099999","48.6","34.9666666","143.0","1992-06-03","  53.2","010010","999.9","  75.2","  55.2"," 13.6"," 0.00","1013.0","999.9","996.2","  64.9","  5.7","  9.0"
"34504099999","48.6","34.9666666","143.0","1992-06-04","  53.4","000000","999.9","  63.5","  57.4"," 15.5"," 0.47","1016.6","999.9","999.6","  59.0","  4.8"," 11.9"
"34504099999","48.6","34.9666666","143.0","1992-06-05","  42.2","010000","999.9","  59.7","  52.2"," 15.5"," 0.00","1021.0","999.9","003.8","  56.3","  6.2"," 11.2"
"34504099999","48.6","34.9666666","143.0","1992-06-06","  43.8","000000","999.9","  71.6","  51.6"," 15.5"," 0.00","1020.8","999.9","003.8","  60.5","  6.2","  9.5"
"34504099999","48.6","34.9666666","143.0","1992-06-07","  49.3","000000","999.9","  76.6","  50.7"," 13.6"," 0.00","1018.4","999.9","001.5","  65.3","  6.2"," 10.0"
"34504099999","48.6","34.9666666","143.0","1992-06-08","  53.8","000010","999.9","  76.8","  56.3","  9.7"," 0.00","1011.2","999.9","994.4","  64.4","  6.2","  5.8"
"34504099999","48.6","34.9666666","143.0","1992-06-09","  56.0","010010","999.9","  71.1","  52.2","  7.8"," 0.00","1007.4","999.9","990.7","  62.1","  5.3","  2.9"
"34504099999","48.6","34.9666666","143.0","1992-06-10","  59.3","000000","999.9","  79.7","  59.4","  9.7"," 0.00","1009.3","999.9","993.5","  68.5","  5.7","  4.9"
"34504099999","48.6","34.9666666","143.0","1992-06-11","  60.6","000010","999.9","  78.3","  61.7"," 11.7"," 0.01","1012.2","999.9","995.5","  67.1","  6.2","  5.8"
"34504099999","48.6","34.9666666","143.0","1992-06-12","  61.1","000010","999.9","  78.8","  57.9","  9.7"," 0.03","1015.6","999.9","998.9","  68.9","  3.5","  4.9"
"34504099999","48.6","34.9666666","143.0","1992-06-13","  61.3","000010","999.9","  81.9","  61.2","  9.7"," 0.00","1014.2","999.9","997.5","  70.2","  5.3","  5.3"
"34504099999","48.6","34.9666666","143.0","1992-06-14","  60.9","010010","999.9","  78.8","  62.2"," 13.6"," 0.00","1011.2","999.9","994.7","  70.5","  6.2"," 10.4"
"34504099999","48.6","34.9666666","143.0","1992-06-15","  52.7","000000","999.9","  81.0","  58.6"," 17.5"," 0.02","1011.0","999.9","994.5","  71.0","  6.2"," 14.6"
"34504099999","48.6","34.9666666","143.0","1992-06-16","  50.4","010000","999.9","  78.3","  65.7"," 19.4"," 0.00","1011.1","999.9","994.5","  71.8","  6.2"," 15.3"
"34504099999","48.6","34.9666666","143.0","1992-06-17","  50.0","000000","999.9","  80.8","  64.4"," 19.4"," 0.00","1007.4","999.9","991.0","  73.5","  6.2"," 13.1"
"34504099999","48.6","34.9666666","143.0","1992-06-18","  54.6","010000","999.9","  79.0","  63.3"," 21.4"," 0.00","1003.9","999.9","987.5","  69.7","  6.2"," 14.3"
"34504099999","48.6","34.9666666","143.0","1992-06-19","  64.5","010010","999.9","  77.9","  63.7"," 11.7"," 0.02","1007.7","999.9","991.2","  69.3","  6.2","  8.0"
"34504099999","48.6","34.9666666","143.0","1992-06-20","  63.3","000010","999.9","  84.4","  63.0","  3.9"," 0.31","1009.7","999.9","993.3","  74.1","  4.8","  0.5"
"34504099999","48.6","34.9666666","143.0","1992-06-21","  63.2","010110","999.9","  86.5","  64.9"," 13.6"," 0.00","1006.3","999.9","990.0","  73.9","  5.7"," 10.7"
"34504099999","48.6","34.9666666","143.0","1992-06-22","  62.5","000010","999.9","  81.3","  63.0","  9.7"," 0.67","1007.2","999.9","990.7","  70.2","  5.7","  5.3"
"34504099999","48.6","34.9666666","143.0","1992-06-23","  59.7","000000","999.9","  82.2","  64.8"," 13.6"," 0.00","1009.6","999.9","993.2","  74.4","  6.2","  7.8"
"34504099999","48.6","34.9666666","143.0","1992-06-24","  63.3","000010","999.9","  85.3","  63.9","  9.7"," 0.00","1009.4","999.9","993.0","  72.7","  5.7","  3.6"
"34504099999","48.6","34.9666666","143.0","1992-06-25","  65.5","010010","999.9","  81.9","  62.8"," 13.6"," 1.06","1004.9","999.9","988.4","  69.2","  5.3","  8.0"
"34504099999","48.6","34.9666666","143.0","1992-06-26","  57.6","010010","999.9","  64.6","  57.7"," 15.5"," 0.35","1006.4","999.9","989.7","  61.0","  3.4"," 11.9"
"34504099999","48.6","34.9666666","143.0","1992-06-27","  48.2","000000","999.9","  70.7","  56.5"," 19.4"," 0.00","1010.3","999.9","993.5","  63.2","  6.2"," 16.5"
"34504099999","48.6","34.9666666","143.0","1992-06-28","  45.3","000000","999.9","  66.2","  54.1"," 17.5"," 0.00","1015.0","999.9","998.0","  60.7","  6.2"," 14.6"
"34504099999","48.6","34.9666666","143.0","1992-06-29","  47.7","000000","999.9","  70.3","  38.7"," 15.5"," 0.00","1016.9","999.9","000.0","  60.4","  6.2"," 12.4"
"34504099999","48.6","34.9666666","143.0","1992-06-30","  50.9","000000","999.9","  71.6","  57.6"," 13.6"," 0.00","1016.7","999.9","999.8","  64.2","  6.2","  6.8"
"34504099999","48.6","34.9666666","143.0","1992-07-01","  51.0","000000","999.9","  74.8","  55.0","  7.8"," 0.00","1016.7","999.9","999.9","  65.7","  6.2","  2.2"
"34504099999","48.6","34.9666666","143.0","1992-07-02","  56.8","010000","999.9","  76.3","  59.7"," 11.7"," 0.00","1010.7","999.9","994.1","  68.0","  6.2","  6.1"
"34504099999","48.6","34.9666666","143.0","1992-07-03","  57.6","000000","999.9","  80.2","  62.4"," 17.5"," 0.00","1008.1","999.9","991.0","  70.3","  6.2","  7.3"
"34504099999","48.6","34.9666666","143.0","1992-07-04","  55.5","010000","999.9","  71.8","  59.7"," 13.6"," 0.00","1009.4","999.9","992.7","  63.9","  6.2","  8.0"
"34504099999","48.6","34.9666666","143.0","1992-07-05","  49.2","000000","999.9","  77.9","  54.0","  5.8"," 0.00","1013.6","999.9","996.9","  66.8","  6.2","  1.9"
"34504099999","48.6","34.9666666","143.0","1992-07-06","  55.8","000000","999.9","  77.0","  60.3"," 11.7"," 0.00","1016.2","999.9","999.6","  69.1","  6.2","  5.3"
"34504099999","48.6","34.9666666","143.0","1992-07-07","  60.4","010000","999.9","  77.4","  63.7"," 13.6"," 0.00","1011.9","999.9","995.3","  71.0","  6.2","  6.1"
"34504099999","48.6","34.9666666","143.0","1992-07-08","  54.8","010010","999.9","  73.0","  56.5"," 19.4"," 0.02","1005.5","999.9","988.8","  63.5","  4.8"," 12.8"
"34504099999","48.6","34.9666666","143.0","1992-07-09","  45.6","000000","999.9","  65.8","  50.2"," 15.5"," 0.00","1013.8","999.9","996.8","  58.6","  6.2"," 12.4"
"34504099999","48.6","34.9666666","143.0","1992-07-10","  48.2","000000","999.9","  74.8","  50.5"," 11.7"," 0.00","1017.5","999.9","000.7","  64.1","  6.2","  5.6"
"34504099999","48.6","34.9666666","143.0","1992-07-11","  52.6","000000","999.9","  80.1","  55.9","  3.9"," 0.00","1018.2","999.9","001.5","  67.6","  6.2","  0.6"
"34504099999","48.6","34.9666666","143.0","1992-07-12","  54.3","000000","999.9","  81.1","  58.3","  7.8"," 0.00","1018.1","999.9","001.4","  70.2","  6.2","  3.9"
"34504099999","48.6","34.9666666","143.0","1992-07-13","  52.5","000000","999.9","  86.4","  64.8"," 13.6"," 0.00","1017.1","999.9","000.6","  75.4","  6.2"," 10.2"
"34504099999","48.6","34.9666666","143.0","1992-07-14","  52.0","000000","999.9","  87.8","  62.6"," 19.4"," 0.00","1014.7","999.9","998.3","  76.3","  6.2"," 11.9"
"34504099999","48.6","34.9666666","143.0","1992-07-15","  58.3","000000","999.9","  90.0","  67.8"," 13.6"," 0.00","1009.8","999.9","993.5","  78.3","  6.2","  8.7"
"34504099999","48.6","34.9666666","143.0","1992-07-16","  61.7","010010","999.9","  73.2","  62.6","  7.8"," 0.00","1006.6","999.9","990.0","  68.3","  5.7","  5.3"
"34504099999","48.6","34.9666666","143.0","1992-07-17","  63.1","010000","999.9","  70.7","  61.2"," 13.6"," 0.24","1008.4","999.9","991.8","  66.3","  4.6","  8.3"
"34504099999","48.6","34.9666666","143.0","1992-07-18","  58.2","000000","999.9","  77.9","  64.4"," 15.5"," 0.08","1009.9","999.9","993.4","  70.5","  6.2"," 13.8"
"34504099999","48.6","34.9666666","143.0","1992-07-19","  53.6","000000","999.9","  78.1","  54.9","  9.7"," 0.12","1009.0","999.9","992.4","  68.3","  6.2","  6.6"
"34504099999","48.6","34.9666666","143.0","1992-07-20","  58.0","010000","999.9","  75.6","  62.2"," 11.7"," 0.00","1008.8","999.9","992.2","  68.2","  6.2","  7.5"
"34504099999","48.6","34.9666666","143.0","1992-07-21","  59.2","000000","999.9","  76.6","  61.9"," 13.6"," 0.00","1010.3","999.9","993.7","  69.0","  6.2"," 10.7"
"34504099999","48.6","34.9666666","143.0","1992-07-22","  60.9","000010","999.9","  81.3","  62.6"," 11.7"," 0.00","1010.8","999.9","994.2","  69.1","  6.2","  9.7"
"34504099999","48.6","34.9666666","143.0","1992-07-23","  64.8","010010","999.9","  76.5","  62.8"," 11.7"," 0.94","1010.3","999.9","993.7","  69.1","  5.1","  8.6"
"34504099999","48.6","34.9666666","143.0","1992-07-24","  61.0","010010","999.9","  79.5","  65.1"," 21.4"," 0.00","1008.8","999.9","992.2","  69.3","  6.5"," 12.6"
"34504099999","48.6","34.9666666","143.0","1992-07-25","  61.9","010000","999.9","  77.9","  65.1"," 21.4"," 0.12","1010.0","999.9","993.4","  69.4","  6.2"," 13.4"
"34504099999","48.6","34.9666666","143.0","1992-07-26","  58.7","000000","999.9","  80.6","  64.0"," 15.5"," 0.08","1014.4","999.9","997.8","  71.8","  6.2"," 12.6"
"34504099999","48.6","34.9666666","143.0","1992-07-27","  52.3","000000","999.9","  78.8","  60.1"," 13.6"," 0.00","1018.6","999.9","001.9","  69.6","  6.2","  9.7"
"34504099999","48.6","34.9666666","143.0","1992-07-28","  53.3","000000","999.9","  82.0","  59.4"," 11.7"," 0.00","1017.2","999.9","000.5","  71.3","  6.2","  6.1"
"34504099999","48.6","34.9666666","143.0","1992-07-29","  54.2","000000","999.9","  80.6","  60.8"," 15.5"," 0.00","1016.5","999.9","999.8","  70.8","  6.2","  7.5"
"34504099999","48.6","34.9666666","143.0","1992-07-30","  47.4","000000","999.9","  77.5","  59.9"," 17.5"," 0.00","1019.6","999.9","002.9","  68.9","  6.2"," 14.1"
"34504099999","48.6","34.9666666","143.0","1992-07-31","  48.2","000000","999.9","  78.6","  59.7"," 11.7"," 0.00","1019.3","999.9","002.5","  68.4","  6.2","  7.5"
"34504099999","48.6","34.9666666","143.0","1992-08-01","  49.6","000000","999.9","  83.1","  56.8","  5.8"," 0.00","1015.8","999.9","999.2","  71.2","  6.2","  1.2"
"34504099999","48.6","34.9666666","143.0","1992-08-02","  55.2","000000","999.9","  85.8","  63.5","  7.8"," 0.00","1012.6","999.9","996.2","  74.2","  6.2","  4.1"
"34504099999","48.6","34.9666666","143.0","1992-08-03","  56.1","000000","999.9","  83.7","  61.3","  7.8"," 0.00","1015.8","999.9","999.3","  74.0","  6.2","  4.1"
"34504099999","48.6","34.9666666","143.0","1992-08-04","  57.6","000000","999.9","  84.9","  65.8","  5.8"," 0.00","1018.1","999.9","001.6","  76.9","  6.2","  3.9"
"34504099999","48.6","34.9666666","143.0","1992-08-05","  57.9","000000","999.9","  89.2","  65.1","  3.9"," 0.00","1018.3","999.9","001.9","  77.8","  6.2","  0.5"
"34504099999","48.6","34.9666666","143.0","1992-08-06","  57.7","000000","999.9","  89.6","  65.1","  7.8"," 0.00","1019.2","999.9","002.9","  77.2","  6.2","  1.0"
"34504099999","48.6","34.9666666","143.0","1992-08-07","  60.8","000000","999.9","  88.7","  68.4","  9.7"," 0.00","1019.2","999.9","002.7","  78.1","  6.2","  6.1"
"34504099999","48.6","34.9666666","143.0","1992-08-08","  59.6","000000","999.9","  87.3","  70.7","  5.8"," 0.00","1018.1","999.9","001.7","  79.2","  5.3","  4.4"
"34504099999","48.6","34.9666666","143.0","1992-08-09","  50.6","000000","999.9","  89.2","  70.0"," 15.5"," 0.00","1017.6","999.9","001.2","  79.0","  6.2"," 10.4"
"34504099999","48.6","34.9666666","143.0","1992-08-10","  51.7","000000","999.9","  84.7","  64.4","  7.8"," 0.00","1019.4","999.9","002.8","  73.3","  6.2","  3.9"
"34504099999","48.6","34.9666666","143.0","1992-08-11","  54.0","000000","999.9","  90.5","  61.0","  5.8"," 0.00","1019.3","999.9","002.8","  74.2","  6.2","  2.2"
"34504099999","48.6","34.9666666","143.0","1992-08-12","  55.0","000000","999.9","  92.1","  63.1","  5.8"," 0.00","1018.3","999.9","001.9","  78.1","  6.2","  1.2"
"34504099999","48.6","34.9666666","143.0","1992-08-13","  59.2","010010","999.9","  94.3","  67.6"," 13.6"," 0.00","1014.5","999.9","998.2","  78.8","  5.7","  1.9"
"34504099999","48.6","34.9666666","143.0","1992-08-14","  62.7","000000","999.9","  86.9","  67.3"," 13.6"," 0.01","1013.7","999.9","997.4","  77.8","  6.2","  8.6"
"34504099999","48.6","34.9666666","143.0","1992-08-15","  54.2","000000","999.9","  91.8","  67.5"," 13.6"," 0.00","1014.4","999.9","998.1","  78.9","  6.2","  8.7"
"34504099999","48.6","34.9666666","143.0","1992-08-16","  51.6","000000","999.9","  90.7","  67.3","  9.7"," 0.00","1012.6","999.9","996.4","  80.8","  6.2","  7.2"
"34504099999","48.6","34.9666666","143.0","1992-08-17","  57.4","000000","999.9","  94.5","  66.4","  5.8"," 0.00","1010.0","999.9","993.7","  79.9","  6.2","  3.2"
"34504099999","48.6","34.9666666","143.0","1992-08-18","  59.0","000000","999.9","  88.3","  66.2"," 15.5"," 0.00","1009.0","999.9","992.7","  75.1","  6.2","  6.8"
"34504099999","48.6","34.9666666","143.0","1992-08-19","  46.6","000000","999.9","  77.0","  60.8"," 19.4"," 0.00","1013.9","999.9","997.3","  68.8","  6.2"," 13.6"
"34504099999","48.6","34.9666666","143.0","1992-08-20","  48.3","000000","999.9","  80.2","  55.2"," 15.5"," 0.00","1012.2","999.9","995.7","  70.1","  6.2","  7.8"
"34504099999","48.6","34.9666666","143.0","1992-08-21","  45.4","000000","999.9","  78.4","  61.2"," 15.5"," 0.00","1012.2","999.9","995.6","  68.9","  6.2"," 10.4"
"34504099999","48.6","34.9666666","143.0","1992-08-22","  48.5","000000","999.9","  79.7","  56.5","  9.7"," 0.00","1012.1","999.9","995.5","  68.4","  6.2","  3.4"
"34504099999","48.6","34.9666666","143.0","1992-08-23","  56.6","010000","999.9","  77.9","  57.9"," 13.6"," 0.00","1010.9","999.9","994.2","  65.0","  4.0","  6.1"
"34504099999","48.6","34.9666666","143.0","1992-08-24","  59.3","000000","999.9","  73.6","  59.7","  9.7"," 0.43","1012.1","999.9","995.4","  66.5","  4.3","  6.1"
"34504099999","48.6","34.9666666","143.0","1992-08-25","  55.9","000000","999.9","  78.1","  60.8"," 13.6"," 0.00","1012.6","999.9","996.0","  68.4","  5.5","  9.7"
"34504099999","48.6","34.9666666","143.0","1992-08-26","  52.2","000000","999.9","  81.5","  52.5"," 17.5"," 0.00","1013.9","999.9","997.2","  66.4","  6.2","  9.7"
"34504099999","48.6","34.9666666","143.0","1992-08-27","  59.5","010010","999.9","  84.2","  57.6"," 11.7"," 0.00","1013.1","999.9","996.6","  71.7","  6.2","  6.3"
"34504099999","48.6","34.9666666","143.0","1992-08-28","  59.6","000000","999.9","  82.9","  65.5"," 11.7"," 0.04","1015.5","999.9","999.0","  73.6","  6.2","  7.3"
"34504099999","48.6","34.9666666","143.0","1992-08-29","  58.9","000000","999.9","  88.9","  60.8","  5.8"," 0.00","1019.3","999.9","002.7","  74.3","  6.2","  2.2"
"34504099999","48.6","34.9666666","143.0","1992-08-30","  57.5","000000","999.9","  89.6","  63.0"," 11.7"," 0.00","1018.8","999.9","002.2","  74.2","  6.2","  7.0"
"34504099999","48.6","34.9666666","143.0","1992-08-31","  45.3","000000","999.9","  86.7","  56.5"," 15.5"," 0.00","1014.7","999.9","998.1","  70.9","  6.2"," 11.9"
"34504099999","48.6","34.9666666","143.0","1992-09-01","  57.3","000000","999.9","  88.9","  59.7","  7.8"," 0.00","1011.1","999.9","994.6","  73.0","  6.2","  3.7"
"34504099999","48.6","34.9666666","143.0","1992-09-02","  59.8","000000","999.9","  84.6","  52.9"," 17.5"," 0.08","1013.4","999.9","996.7","  67.7","  4.1","  8.3"
"34504099999","48.6","34.9666666","143.0","1992-09-03","  45.9","000000","999.9","  74.3","  47.3"," 13.6"," 0.00","1022.9","999.9","005.8","  60.6","  5.7","  8.0"
"34504099999","48.6","34.9666666","143.0","1992-09-04","  47.6","000000","999.9","  80.1","  51.1","  3.9"," 0.00","1018.1","999.9","001.3","  66.7","  6.2","  0.5"
"34504099999","48.6","34.9666666","143.0","1992-09-05","  49.3","000000","999.9","  88.9","  54.7"," 19.4"," 0.00","1005.3","999.9","988.9","  71.8","  6.2"," 11.7"
"34504099999","48.6","34.9666666","143.0","1992-09-06","  51.6","010000"," 36.9","  73.6","  51.1"," 23.3"," 0.00","1003.0","999.9","986.5","  65.6","  6.2"," 15.8"
"34504099999","48.6","34.9666666","143.0","1992-09-07","  49.0","000000","999.9","  73.4","  51.4"," 15.5"," 0.00","1011.9","999.9","995.1","  61.7","  6.2"," 12.6"
"34504099999","48.6","34.9666666","143.0","1992-09-08","  48.7","010000","999.9","  70.7","  54.0","  7.8"," 0.00","1012.4","999.9","995.5","  59.9","  6.8","  5.1"
"34504099999","48.6","34.9666666","143.0","1992-09-09","  50.6","010000","999.9","  67.1","  52.2","  9.7"," 0.12","1018.7","999.9","001.6","  58.0","  5.3","  4.4"
"34504099999","48.6","34.9666666","143.0","1992-09-10","  48.9","000000","999.9","  66.2","  52.5"," 11.7"," 0.00","1023.4","999.9","006.3","  59.0","  6.2","  6.3"
"34504099999","48.6","34.9666666","143.0","1992-09-11","  46.5","000000","999.9","  67.5","  52.2"," 11.7"," 0.00","1022.8","999.9","005.7","  59.1","  6.2","  9.5"
"34504099999","48.6","34.9666666","143.0","1992-09-12","  47.7","000000","999.9","  67.1","  50.4"," 11.7"," 0.00","1018.7","999.9","001.6","  57.3","  6.2","  8.3"
"34504099999","48.6","34.9666666","143.0","1992-09-13","  47.3","000000","999.9","  65.1","  49.1","  3.9"," 0.00","1017.4","999.9","000.3","  56.6","  6.2","  1.7"
"34504099999","48.6","34.9666666","143.0","1992-09-14","  46.1","000000","999.9","  69.8","  46.6","  9.7"," 0.00","1019.9","999.9","002.8","  58.3","  6.2","  4.4"
"34504099999","48.6","34.9666666","143.0","1992-09-15","  47.8","000000","999.9","  77.2","  48.9","  7.8"," 0.00","1020.2","999.9","003.3","  62.5","  6.2","  2.2"
"34504099999","48.6","34.9666666","143.0","1992-09-16","  52.2","110000","999.9","  67.5","  49.8"," 11.7"," 0.00","1015.6","999.9","998.5","  56.8","  3.6","  3.6"
"34504099999","48.6","34.9666666","143.0","1992-09-17","  51.9","010000","999.9","  61.0","  47.8","  7.8"," 0.04","1012.0","999.9","994.9","  54.7","  2.8","  5.3"
"34504099999","48.6","34.9666666","143.0","1992-09-18","  48.6","000000","999.9","  60.4","  48.9"," 15.5"," 0.00","1011.5","999.9","994.4","  54.1","  6.2"," 10.0"
"34504099999","48.6","34.9666666","143.0","1992-09-19","  50.1","010010","999.9","  60.6","  49.5"," 11.7"," 0.00","1011.8","999.9","994.7","  52.2","  3.9","  5.8"
"34504099999","48.6","34.9666666","143.0","1992-09-20","  49.5","100000","999.9","  60.6","  50.4"," 11.7"," 0.04","1016.0","999.9","998.8","  53.6","  3.3","  7.3"
"34504099999","48.6","34.9666666","143.0","1992-09-21","  46.4","010000","999.9","  53.4","  47.8"," 11.7"," 0.00","1021.5","999.9","004.1","  51.1","  5.1","  9.2"
"34504099999","48.6","34.9666666","143.0","1992-09-22","  44.0","000000","999.9","  57.9","  45.0"," 13.6"," 0.00","1024.3","999.9","006.9","  51.4","  5.7"," 12.1"
"34504099999","48.6","34.9666666","143.0","1992-09-23","  43.3","010000","999.9","  62.1","  48.6"," 13.6"," 0.03","1025.4","999.9","008.1","  53.4","  5.1"," 10.2"
"34504099999","48.6","34.9666666","143.0","1992-09-24","  43.7","000000","999.9","  53.4","  45.9"," 13.6"," 0.00","1023.6","999.9","006.2","  49.0","  3.2"," 11.4"
"34504099999","48.6","34.9666666","143.0","1992-09-25","  40.2","000000","999.9","  54.5","  43.3"," 17.5"," 0.00","1026.7","999.9","009.1","  49.0","  5.3"," 13.4"
"34504099999","48.6","34.9666666","143.0","1992-09-26","  38.9","000000","999.9","  57.6","  41.0"," 13.6"," 0.00","1028.9","999.9","011.3","  49.1","  6.2","  9.2"
"34504099999","48.6","34.9666666","143.0","1992-09-27","  40.1","000000","999.9","  62.1","  45.5"," 11.7"," 0.00","1027.5","999.9","010.1","  51.9","  6.2","  7.1"
"34504099999","48.6","34.9666666","143.0","1992-09-28","  38.6","000000","999.9","  65.8","  39.6"," 11.7"," 0.00","1026.4","999.9","009.0","  52.8","  5.3","  7.3"
"34504099999","48.6","34.9666666","143.0","1992-09-29","  45.9","000000","999.9","  66.7","  44.2"," 17.5"," 0.00","1020.8","999.9","003.6","  56.1","  4.8"," 11.2"
"34504099999","48.6","34.9666666","143.0","1992-09-30","  51.1","100000","999.9","  70.0","  50.0"," 13.6"," 0.00","1014.6","999.9","997.6","  59.1","  4.3","  9.2"
"34504099999","48.6","34.9666666","143.0","1992-10-01","  50.8","010000","999.9","  58.3","  47.8"," 19.4"," 0.12","1006.2","999.9","989.2","  55.1","  5.3"," 12.4"
"34504099999","48.6","34.9666666","143.0","1992-10-02","  42.3","000000","999.9","  56.8","  39.0"," 15.5"," 0.08","1015.3","999.9","997.8","  48.2","  3.2","  9.2"
"34504099999","48.6","34.9666666","143.0","1992-10-03","  40.3","000000","999.9","  57.9","  40.5","  7.8"," 0.00","1017.8","999.9","001.0","  48.0","  4.5","  5.1"
"34504099999","48.6","34.9666666","143.0","1992-10-04","  39.9","000000","999.9","  49.6","  39.7","  9.7"," 0.00","1023.8","999.9","006.1","  45.2","  5.1","  3.4"
"34504099999","48.6","34.9666666","143.0","1992-10-05","  32.5","000000","999.9","  54.3","  37.4","  7.8"," 0.00","1027.7","999.9","009.9","  44.6","  6.2","  5.8"
"34504099999","48.6","34.9666666","143.0","1992-10-06","  31.9","000000","999.9","  59.0","  32.0","  7.8"," 0.00","1026.0","999.9","008.2","  44.3","  6.2","  3.9"
"34504099999","48.6","34.9666666","143.0","1992-10-07","  43.9","010000","999.9","  64.4","  40.3"," 21.4"," 0.00","1009.7","999.9","992.6","  54.6","  6.2"," 14.1"
"34504099999","48.6","34.9666666","143.0","1992-10-08","  42.0","010000","999.9","  58.3","  41.7"," 19.4"," 0.02","1008.4","999.9","991.5","  49.4","  6.2"," 17.1"
"34504099999","48.6","34.9666666","143.0","1992-10-09","  33.3","000000","999.9","  60.8","  31.5"," 15.5"," 0.00","1012.4","999.9","995.0","  48.2","  6.2"," 10.0"
"34504099999","48.6","34.9666666","143.0","1992-10-10","  39.1","000000","999.9","  65.8","  38.3"," 17.5"," 0.00","1009.9","999.9","992.6","  51.6","  4.0"," 10.2"
"34504099999","48.6","34.9666666","143.0","1992-10-11","  34.6","000000","999.9","  47.5","  35.2"," 11.7"," 0.00","1010.9","999.9","993.3","  40.8","  5.6","  5.8"
"34504099999","48.6","34.9666666","143.0","1992-10-12","  33.8","000000","999.9","  50.4","  33.1"," 15.5"," 0.00","1004.1","999.9","986.6","  43.1","  6.2"," 10.1"
"34504099999","48.6","34.9666666","143.0","1992-10-13","  23.6","001000","999.9","  35.1","  25.3"," 23.3"," 0.00","1018.0","999.9","999.9","  31.5","  4.8"," 19.7"
"34504099999","48.6","34.9666666","143.0","1992-10-14","  16.7","000000","999.9","  43.2","  18.5"," 15.5"," 0.00","1031.6","999.9","013.2","  28.2","  5.3","  7.0"
"34504099999","48.6","34.9666666","143.0","1992-10-15","  20.9","000000","999.9","  48.9","  21.6"," 15.5"," 0.00","1024.9","999.9","006.8","  33.3","  5.7","  7.8"
"34504099999","48.6","34.9666666","143.0","1992-10-16","  36.2","110000","999.9","  44.8","  31.8"," 11.7"," 0.08","1011.3","999.9","993.6","  39.0","  3.5"," 10.0"
"34504099999","48.6","34.9666666","143.0","1992-10-17","  49.7","100000","999.9","  61.2","  44.1"," 11.7"," 0.02","1010.5","999.9","993.2","  51.9","  0.8","  8.3"
"34504099999","48.6","34.9666666","143.0","1992-10-18","  54.7","100000","999.9","  66.2","  48.4"," 15.5"," 0.00","1011.7","999.9","994.6","  57.1","  0.8","  9.7"
"34504099999","48.6","34.9666666","143.0","1992-10-19","  47.3","010000","999.9","  65.1","  44.1"," 17.5"," 0.00","1009.1","999.9","991.9","  53.4","  4.0"," 12.4"
"34504099999","48.6","34.9666666","143.0","1992-10-20","  33.4","000000","999.9","  47.7","  35.4"," 17.5"," 0.02","1023.7","999.9","005.8","  39.2","  6.2"," 11.4"
"34504099999","48.6","34.9666666","143.0","1992-10-21","  34.0","100000","999.9","  52.2","  31.8","  9.7"," 0.00","1022.3","999.9","004.5","  41.9","  3.1","  5.0"
"34504099999","48.6","34.9666666","143.0","1992-10-22","  47.0","010000","999.9","  63.3","  43.2"," 25.3"," 0.00","1003.4","999.9","986.3","  52.6","  3.7"," 16.5"
"34504099999","48.6","34.9666666","143.0","1992-10-23","  36.7","000000","999.9","  50.2","  39.9"," 15.5"," 0.24","1003.5","999.9","985.9","  43.7","  5.3"," 12.9"
"34504099999","48.6","34.9666666","143.0","1992-10-24","  32.1","000000","999.9","  45.0","  32.0"," 19.4"," 0.00","1009.3","999.9","991.6","  38.6","  6.2","  7.5"
"34504099999","48.6","34.9666666","143.0","1992-10-25","  34.6","010000","999.9","  45.9","  31.3","  9.7"," 0.00","1010.9","999.9","993.2","  40.0","  5.7","  5.6"
"34504099999","48.6","34.9666666","143.0","1992-10-26","  36.1","010000","999.9","  39.0","  34.5"," 13.6"," 0.55","1007.0","999.9","989.3","  37.5","  1.2","  9.2"
"34504099999","48.6","34.9666666","143.0","1992-10-27","  40.9","010000","999.9","  49.6","  37.2"," 15.5"," 0.12","1000.8","999.9","983.4","  42.8","  3.2"," 11.4"
"34504099999","48.6","34.9666666","143.0","1992-10-28","  34.4","000000","999.9","  39.7","  34.3"," 13.6"," 0.00","1014.1","999.9","996.5","  37.0","  5.3","  7.5"
"34504099999","48.6","34.9666666","143.0","1992-10-29","  45.9","000000","999.9","  61.0","  33.3"," 13.6"," 0.00","1011.8","999.9","994.4","  49.8","  4.4"," 12.1"
"34504099999","48.6","34.9666666","143.0","1992-10-30","  48.4","000000","999.9","  57.2","  43.0"," 15.5"," 0.00","1011.7","999.9","994.4","  50.4","  2.0"," 10.9"
"34504099999","48.6","34.9666666","143.0","1992-10-31","  42.6","110000","999.9","  53.1","  35.1","  9.7"," 0.00","1017.5","999.9","999.9","  45.8","  2.6","  5.3"
"34504099999","48.6","34.9666666","143.0","1992-11-01","  37.5","110000","999.9","  50.4","  33.3"," 15.5"," 0.00","1022.6","999.9","005.4","  41.1","  3.2"," 13.0"
"34504099999","48.6","34.9666666","143.0","1992-11-02","  24.4","000000","999.9","  40.3","  23.4"," 15.5"," 0.00","1033.8","999.9","015.4","  31.1","  6.2","  8.0"
"34504099999","48.6","34.9666666","143.0","1992-11-03","  33.6","000000","999.9","  47.5","  28.2"," 11.7"," 0.00","1026.3","999.9","008.3","  37.7","  3.9","  8.0"
"34504099999","48.6","34.9666666","143.0","1992-11-04","  42.9","100000","999.9","  52.5","  39.0"," 13.6"," 0.00","1018.2","999.9","000.5","  45.2","  1.3"," 11.7"
"34504099999","48.6","34.9666666","143.0","1992-11-05","  39.6","010000","999.9","  48.4","  36.5"," 15.5"," 0.20","1011.1","999.9","993.6","  43.3","  3.1"," 11.1"
"34504099999","48.6","34.9666666","143.0","1992-11-06","  34.5","000000","999.9","  41.4","  36.1"," 13.6"," 0.00","1017.7","999.9","999.9","  38.1","  3.5"," 10.4"
"34504099999","48.6","34.9666666","143.0","1992-11-07","  33.8","110000","999.9","  39.2","  31.6"," 13.6"," 0.03","1018.5","999.9","000.5","  35.1","  1.1","  7.8"
"34504099999","48.6","34.9666666","143.0","1992-11-08","  40.5","010000","999.9","  50.2","  36.1"," 19.4"," 0.20","1005.5","999.9","988.1","  42.6","  3.8"," 15.5"
"34504099999","48.6","34.9666666","143.0","1992-11-09","  25.7","011100","999.9","  34.5","  29.5"," 17.5"," 0.20","1017.7","999.9","999.6","  31.1","  5.0"," 15.8"
"34504099999","48.6","34.9666666","143.0","1992-11-10","  25.0","011100","999.9","  32.0","  28.4"," 17.5"," 0.00","1026.7","999.9","008.4","  29.6","  5.0"," 10.0"
"34504099999","48.6","34.9666666","143.0","1992-11-11","  28.4","001000","999.9","  34.5","  28.4","  9.7"," 0.02","1027.4","  0.4","009.2","  31.1","  3.7","  6.7"
"34504099999","48.6","34.9666666","143.0","1992-11-12","  30.0","001000","999.9","  35.4","  31.1"," 15.5"," 0.02","1020.6","999.9","002.5","  32.8","  5.4"," 11.9"
"34504099999","48.6","34.9666666","143.0","1992-11-13","  37.7","010000","999.9","  47.3","  32.2"," 15.5"," 0.00","1007.5","999.9","989.9","  41.0","  3.9"," 14.0"
"34504099999","48.6","34.9666666","143.0","1992-11-14","  34.1","000000","999.9","  46.8","  35.4"," 23.3"," 0.24","1011.4","999.9","993.7","  39.0","  5.5"," 14.8"
"34504099999","48.6","34.9666666","143.0","1992-11-15","  31.6","001000"," 48.6","  37.6","  31.8"," 38.9"," 0.24"," 999.3","  2.4","981.6","  33.6","  2.6"," 25.3"
"34504099999","48.6","34.9666666","143.0","1992-11-16","  32.0","000000"," 42.7","  40.1","  30.2"," 17.5"," 1.02","1016.4","  3.1","998.5","  35.7","  5.3"," 10.9"
"34504099999","48.6","34.9666666","143.0","1992-11-17","  37.7","000000","999.9","  54.1","  36.9"," 15.5"," 0.00","1013.2","  1.2","995.7","  44.1","  6.2"," 13.2"
"34504099999","48.6","34.9666666","143.0","1992-11-18","  45.2","000000","999.9","  56.7","  43.3"," 15.5"," 0.00","1012.7","999.9","995.4","  50.8","  5.3"," 12.8"
"34504099999","48.6","34.9666666","143.0","1992-11-19","  44.5","000000","999.9","  59.5","  44.1"," 11.7"," 0.00","1011.8","999.9","994.4","  48.8","  2.9","  7.2"
"34504099999","48.6","34.9666666","143.0","1992-11-20","  42.8","010000","999.9","  46.4","  40.8"," 11.7"," 0.00","1006.5","999.9","989.0","  44.3","  1.2","  7.2"
"34504099999","48.6","34.9666666","143.0","1992-11-21","  34.0","010000","999.9","  39.7","  33.4"," 15.5"," 0.20","1006.5","999.9","988.8","  36.5","  2.5"," 11.9"
"34504099999","48.6","34.9666666","143.0","1992-11-22","  31.6","111000","999.9","  52.0","  32.4","  7.8"," 0.16","1007.4","999.9","989.7","  36.8","  2.2","  5.8"
"34504099999","48.6","34.9666666","143.0","1992-11-23","  30.9","111000","999.9","  33.8","  31.6"," 11.7"," 0.04","1010.2","999.9","992.3","  32.5","  1.9","  7.8"
"34504099999","48.6","34.9666666","143.0","1992-11-24","  25.1","001000","999.9","  31.8","  23.5"," 13.6"," 0.00","1023.6","  0.4","005.3","  28.7","  6.2"," 13.2"
"34504099999","48.6","34.9666666","143.0","1992-11-25","  23.5","000000","999.9","  29.7","  22.1"," 11.7"," 0.01","1030.9","  0.4","012.3","  25.9","  4.3","  3.9"
"34504099999","48.6","34.9666666","143.0","1992-11-26","  30.4","111000","999.9","  34.3","  25.0"," 13.6"," 0.00","1019.4","  0.4","001.3","  31.6","  1.4"," 10.5"
"34504099999","48.6","34.9666666","143.0","1992-11-27","  34.5","100000","999.9","  43.3","  33.8"," 17.5"," 0.01","1006.4","999.9","988.4","  39.0","  3.5"," 13.6"
"34504099999","48.6","34.9666666","143.0","1992-11-28","  29.3","011000","999.9","  36.1","  29.3"," 19.4"," 0.08","1008.5","999.9","990.5","  32.2","  5.3"," 17.5"
"34504099999","48.6","34.9666666","143.0","1992-11-29","  23.4","001000","999.9","  28.8","  25.7"," 11.7"," 0.03","1019.1","999.9","000.8","  26.9","  4.7","  4.4"
"34504099999","48.6","34.9666666","143.0","1992-11-30","  14.9","000000","999.9","  26.2","  15.3"," 15.5"," 0.02","1029.4","  1.6","010.7","  20.8","  6.2"," 11.4"
"34504099999","48.6","34.9666666","143.0","1992-12-01","   8.3","000000","999.9","  23.9","  11.1"," 13.6"," 0.00","1040.0","  0.8","020.9","  16.3","  6.2","  8.3"
"34504099999","48.6","34.9666666","143.0","1992-12-02","  13.0","000000","999.9","  28.8","  11.8","  7.8"," 0.00","1036.2","  0.4","017.3","  18.5","  6.2","  3.6"
"34504099999","48.6","34.9666666","143.0","1992-12-03","  21.9","000000","999.9","  29.1","  18.0","  9.7"," 0.00","1024.4","  0.4","005.9","  24.0","  3.7","  6.3"
"34504099999","48.6","34.9666666","143.0","1992-12-04","  28.7","000000","999.9","  32.9","  28.2"," 15.5"," 0.00","1020.3","999.9","002.1","  30.8","  2.3"," 10.0"
"34504099999","48.6","34.9666666","143.0","1992-12-05","  32.4","100000","999.9","  38.3","  32.2"," 11.7"," 0.00","1018.6","999.9","000.7","  33.5","  1.2"," 10.4"
"34504099999","48.6","34.9666666","143.0","1992-12-06","  31.7","100000","999.9","  34.7","  31.1"," 15.5"," 0.00","1018.8","999.9","000.8","  32.7","  1.5"," 12.4"
"34504099999","48.6","34.9666666","143.0","1992-12-07","  29.9","000000","999.9","  32.5","  30.4"," 19.4"," 0.00","1015.9","999.9","997.9","  31.2","  3.0"," 15.3"
"34504099999","48.6","34.9666666","143.0","1992-12-08","  28.5","000000","999.9","  34.2","  29.5"," 15.5"," 0.00","1018.1","999.9","000.0","  31.4","  3.6"," 14.4"
"34504099999","48.6","34.9666666","143.0","1992-12-09","  26.6","011000","999.9","  30.2","  26.6"," 13.6"," 0.00","1027.1","999.9","008.7","  28.8","  2.0","  8.5"
"34504099999","48.6","34.9666666","143.0","1992-12-10","  26.6","000000","999.9","  31.1","  26.8"," 15.5"," 0.00","1028.6","999.9","010.3","  29.0","  2.3"," 11.7"
"34504099999","48.6","34.9666666","143.0","1992-12-11","  24.3","100000","999.9","  26.4","  23.5"," 13.6"," 0.00","1025.7","999.9","007.3","  24.4","  0.3","  8.0"
"34504099999","48.6","34.9666666","143.0","1992-12-12","  25.1","101000","999.9","  30.0","  23.2","  7.8"," 0.00","1015.2","999.9","996.9","  25.5","  0.4","  2.2"
"34504099999","48.6","34.9666666","143.0","1992-12-13","  33.1","111000","999.9","  37.4","  28.2"," 13.6"," 0.00","1003.0","999.9","985.3","  33.5","  0.6"," 10.3"
"34504099999","48.6","34.9666666","143.0","1992-12-14","  28.7","100000","999.9","  32.0","  26.1"," 13.6"," 0.28","1010.7","  0.4","992.7","  29.3","  1.0","  5.6"
"34504099999","48.6","34.9666666","143.0","1992-12-15","  22.9","100000","999.9","  26.8","  22.1"," 15.5"," 0.00","1021.4","  4.3","003.0","  24.7","  1.9"," 13.9"
"34504099999","48.6","34.9666666","143.0","1992-12-16","  20.3","100000","999.9","  23.7","  19.9"," 15.5"," 0.00","1028.0","  0.4","009.3","  22.0","  3.2"," 13.8"
"34504099999","48.6","34.9666666","143.0","1992-12-17","  19.0","100000","999.9","  21.7","  18.7","  9.7"," 0.00","1031.0","  0.4","012.2","  20.1","  1.7","  7.5"
"34504099999","48.6","34.9666666","143.0","1992-12-18","9999.9","100000","999.9","  29.3","  18.3"," 11.7"," 0.00","1033.2","  0.4","014.6","  25.7","  0.7","  8.3"
"34504099999","48.6","34.9666666","143.0","1992-12-19","  24.2","010000","999.9","  28.6","  23.2"," 15.5"," 0.00","1033.6","999.9","015.1","  26.5","  3.2"," 12.4"
"34504099999","48.6","34.9666666","143.0","1992-12-20","  21.2","101000","999.9","  24.6","  19.6"," 11.7"," 0.00","1026.8","999.9","008.2","  22.0","  0.9","  7.0"
"34504099999","48.6","34.9666666","143.0","1992-12-21","  18.1","110000","999.9","  21.2","  18.7","  9.7"," 0.00","1022.1","999.9","003.5","  19.8","  2.5","  5.3"
"34504099999","48.6","34.9666666","143.0","1992-12-22","  18.2","001000","999.9","  25.5","  17.1"," 17.5"," 0.16","1019.0","  1.2","000.5","  21.1","  1.3"," 14.6"
"34504099999","48.6","34.9666666","143.0","1992-12-23","  14.5","001000","999.9","  20.3","  14.9"," 17.5"," 0.12","1028.3","  2.8","009.5","  17.6","  2.8"," 11.9"
"34504099999","48.6","34.9666666","143.0","1992-12-24","  17.5","000000","999.9","  22.6","  13.5","  9.7"," 0.00","1037.1","  3.1","018.2","  19.9","  1.3","  8.5"
"34504099999","48.6","34.9666666","143.0","1992-12-25","   6.1","000000","999.9","  11.5","   5.0"," 13.6"," 0.00","1039.0","  3.1","019.7","   8.2","  4.2"," 11.4"
"34504099999","48.6","34.9666666","143.0","1992-12-26","  16.1","011000","999.9","  21.4","  12.4"," 11.7"," 0.03","1034.4","999.9","015.5","  17.8","  5.4","  8.7"
"34504099999","48.6","34.9666666","143.0","1992-12-27","  17.9","001000","999.9","  20.5","  18.3","  9.7"," 0.00","1021.4","  3.5","002.7","  19.2","  1.3","  7.5"
"34504099999","48.6","34.9666666","143.0","1992-12-28","  17.0","001000","999.9","  23.2","  16.9"," 17.5"," 0.02","1026.7","  4.3","008.1","  20.9","  3.7"," 11.9"
"34504099999","48.6","34.9666666","143.0","1992-12-29","  15.1","001000","999.9","  26.1","   9.1"," 17.5"," 0.03","1018.8","  4.3","000.2","  17.7","  2.6"," 11.7"
"34504099999","48.6","34.9666666","143.0","1992-12-30","  24.4","001000","999.9","  29.7","  23.9"," 17.5"," 0.12","1011.8","  5.5","993.7","  27.2","  2.9"," 12.9"
"34504099999","48.6","34.9666666","143.0","1992-12-31","  18.2","001000","999.9","  23.9","  15.8","  9.7"," 0.08","1022.5","  5.9","003.9","  20.1","  2.5","  6.9"
"34504099999","48.6","34.9666666","143.0","1993-01-01","   8.1","001000","999.9","  16.0","   4.5"," 13.6"," 0.00","1034.2","  4.7","999.9","  10.9","  4.1","  6.1"
"34504099999","48.6","34.9666666","143.0","1993-01-02","  -1.5","000000","999.9","   6.4","  -0.9"," 56.3"," 0.00","1043.7","  5.1","999.9","   2.1","  5.3"," 19.7"
"34504099999","48.6","34.9666666","143.0","1993-01-03","  -3.0","000000","999.9","   5.0","  -3.8"," 15.5"," 0.00","1045.0","  5.1","999.9","   0.5","  4.8"," 11.2"
"34504099999","48.6","34.9666666","143.0","1993-01-04","   9.4","001000","999.9","  21.6","   0.0"," 13.6"," 0.00","1041.5","  5.1","999.9","  11.7","  1.7"," 10.2"
"34504099999","48.6","34.9666666","143.0","1993-01-05","  14.8","100000","999.9","  21.2","  11.1"," 11.7"," 0.01","1046.9","  5.1","999.9","  17.4","  2.9","  9.7"
"34504099999","48.6","34.9666666","143.0","1993-01-06","   5.4","100000","999.9","  11.3","   1.9","  7.8"," 0.00","1041.4","  4.3","999.9","   6.6","  1.4","  3.4"
"34504099999","48.6","34.9666666","143.0","1993-01-07","  10.5","100000","999.9","  16.2","   3.4","  7.8"," 0.00","1022.9","  4.3","999.9","  12.4","  1.1","  3.4"
"34504099999","48.6","34.9666666","143.0","1993-01-08","  16.3","001000","999.9","  22.5","  14.4"," 11.7"," 0.02","1014.0","  3.9","999.9","  19.4","  1.1","  7.5"
"34504099999","48.6","34.9666666","143.0","1993-01-09","  25.7","001000","999.9","  32.0","  20.7","  5.8"," 0.04","1018.2","  4.3","999.9","  28.0","  1.2","  3.6"
"34504099999","48.6","34.9666666","143.0","1993-01-10","  22.5","101000","999.9","  29.3","  16.3","  7.8"," 0.00","1023.5","  4.7","999.9","  23.8","  1.3","  4.5"
"34504099999","48.6","34.9666666","143.0","1993-01-11","  27.1","001000","999.9","  33.3","  16.3"," 17.5"," 0.04","1021.1","  5.1","999.9","  28.9","  3.2"," 12.6"
"34504099999","48.6","34.9666666","143.0","1993-01-12","  33.3","010000","999.9","  36.0","  31.1"," 17.5"," 0.00","1015.1","  4.3","999.9","  34.7","  1.6"," 16.0"
"34504099999","48.6","34.9666666","143.0","1993-01-13","  31.7","000000","999.9","  41.4","  32.9"," 17.5"," 0.00","1018.0","  2.4","999.9","  36.3","  3.9"," 14.8"
"34504099999","48.6","34.9666666","143.0","1993-01-14","  29.7","010000","999.9","  37.4","  28.2"," 19.4"," 0.00","1024.2","  0.8","999.9","  33.9","  5.7"," 12.4"
"34504099999","48.6","34.9666666","143.0","1993-01-15","  29.3","000000"," 35.0","  38.1","  32.5"," 25.3"," 0.12","1017.6","999.9","999.9","  36.0","  5.6"," 18.5"
"34504099999","48.6","34.9666666","143.0","1993-01-16","  29.3","001000"," 35.0","  35.6","  31.1"," 25.3"," 0.00","1021.9","999.9","999.9","  33.8","  4.7"," 16.0"
"34504099999","48.6","34.9666666","143.0","1993-01-17","  35.2","010000","999.9","  41.4","  33.3"," 15.5"," 0.04","1014.7","999.9","999.9","  37.4","  2.0"," 11.9"
"34504099999","48.6","34.9666666","143.0","1993-01-18","  36.6","100000","999.9","  44.8","  32.9","  9.7"," 0.08","1021.0","999.9","999.9","  36.6","  0.2","  4.9"
"34504099999","48.6","34.9666666","143.0","1993-01-19","  31.4","100000","999.9","  37.4","  29.8","  9.7"," 0.00","1021.5","999.9","999.9","  32.9","  0.5","  7.3"
"34504099999","48.6","34.9666666","143.0","1993-01-20","  29.0","000000","999.9","  35.1","  27.3"," 15.5"," 0.00","1020.4","999.9","999.9","  31.4","  1.4"," 10.4"
"34504099999","48.6","34.9666666","143.0","1993-01-21","  32.7","010000","999.9","  37.0","  31.8"," 17.5"," 0.00","1017.2","999.9","999.9","  34.2","  0.8"," 10.2"
"34504099999","48.6","34.9666666","143.0","1993-01-22","  32.8","010000","999.9","  40.8","  33.8"," 21.4"," 0.16","1011.7","999.9","999.9","  37.5","  4.3"," 16.0"
"34504099999","48.6","34.9666666","143.0","1993-01-23","  35.3","010000"," 42.7","  50.0","  36.9"," 29.1"," 0.01"," 999.2","999.9","999.9","  41.7","  5.7"," 20.2"
"34504099999","48.6","34.9666666","143.0","1993-01-24","  28.6","011000"," 38.9","  36.1","  32.2"," 29.1"," 0.08","1002.7","999.9","999.9","  33.6","  4.4"," 24.8"
"34504099999","48.6","34.9666666","143.0","1993-01-25","  31.9","010000","999.9","  44.2","  36.1"," 19.4"," 0.04"," 991.6","999.9","999.9","  38.7","  5.7"," 15.8"
"34504099999","48.6","34.9666666","143.0","1993-01-26","  27.7","001000","999.9","  36.0","  29.5"," 21.4"," 0.08","1000.3","999.9","999.9","  33.1","  5.3"," 16.3"
"34504099999","48.6","34.9666666","143.0","1993-01-27","  26.8","001000","999.9","  36.3","  28.0"," 15.5"," 0.00","1004.8","999.9","999.9","  31.6","  4.8"," 13.8"
"34504099999","48.6","34.9666666","143.0","1993-01-28","  20.3","001000","999.9","  29.8","  22.1"," 17.5"," 0.00","1008.8","999.9","999.9","  26.3","  5.7"," 12.1"
"34504099999","48.6","34.9666666","143.0","1993-01-29","  20.1","001000","999.9","  29.8","  19.6"," 19.4"," 0.00","1013.9","999.9","999.9","  24.9","  5.1"," 14.1"
"34504099999","48.6","34.9666666","143.0","1993-01-30","   5.6","001000","999.9","  17.1","   9.3"," 17.5"," 0.03","1021.5","  1.2","999.9","  12.1","  6.2"," 15.5"
"34504099999","48.6","34.9666666","143.0","1993-01-31","  12.4","001000","999.9","  24.1","  10.2"," 13.6"," 0.00","1028.8","  0.8","999.9","  19.9","  6.2"," 12.5"
"34504099999","48.6","34.9666666","143.0","1993-02-01","  22.2","001000","999.9","  28.2","  22.8"," 13.6"," 0.00","1025.2","  0.8","999.9","  25.9","  4.8"," 10.0"
"34504099999","48.6","34.9666666","143.0","1993-02-02","  26.5","000000","999.9","  32.0","  23.5"," 15.5"," 0.00","1025.3","  0.8","999.9","  28.7","  5.7"," 11.7"
"34504099999","48.6","34.9666666","143.0","1993-02-03","  27.9","100000","999.9","  39.7","  27.1"," 19.4"," 0.00","1025.4","  0.8","999.9","  31.5","  3.0"," 12.9"
"34504099999","48.6","34.9666666","143.0","1993-02-04","  29.4","000000","999.9","  33.4","  30.2"," 15.5"," 0.00","1024.8","999.9","999.9","  31.8","  2.6"," 14.8"
"34504099999","48.6","34.9666666","143.0","1993-02-05","  29.8","000000","999.9","  38.8","  27.1"," 17.5"," 0.00","1015.2","999.9","999.9","  32.8","  1.7"," 12.6"
"34504099999","48.6","34.9666666","143.0","1993-02-06","  24.6","011000"," 54.4","  39.7","  30.2"," 31.1"," 0.00","1010.5","999.9","999.9","  34.1","  6.2"," 22.8"
"34504099999","48.6","34.9666666","143.0","1993-02-07","  18.7","001000","999.9","  30.2","  23.5"," 19.4"," 0.00","1018.2","999.9","999.9","  26.3","  6.8"," 15.3"
"34504099999","48.6","34.9666666","143.0","1993-02-08","  17.1","000000","999.9","  30.0","  19.8"," 13.6"," 0.00","1035.1","999.9","999.9","  23.9","  6.2","  9.2"
"34504099999","48.6","34.9666666","143.0","1993-02-09","  20.9","000000","999.9","  40.3","  19.8"," 15.5"," 0.00","1033.2","999.9","999.9","  29.0","  4.3"," 11.4"
"34504099999","48.6","34.9666666","143.0","1993-02-10","  29.6","010000","999.9","  32.0","  29.7"," 15.5"," 0.00","1028.2","999.9","999.9","  31.1","  2.2"," 11.9"
"34504099999","48.6","34.9666666","143.0","1993-02-11","  15.2","000000","999.9","  30.0","  17.2"," 23.3"," 0.00","1034.0","999.9","999.9","  23.4","  5.3"," 18.0"
"34504099999","48.6","34.9666666","143.0","1993-02-12","   9.5","000000","999.9","  25.9","  11.5"," 13.6"," 0.00","1041.8","999.9","999.9","  19.1","  6.2","  8.7"
"34504099999","48.6","34.9666666","143.0","1993-02-13","  18.5","001000","999.9","  28.8","  20.5"," 13.6"," 0.04","1026.9","  0.4","999.9","  25.2","  3.3","  8.7"
"34504099999","48.6","34.9666666","143.0","1993-02-14","  18.2","001000","999.9","  30.0","  13.1"," 17.5"," 0.00","1030.4","  0.4","999.9","  24.9","  4.5"," 10.7"
"34504099999","48.6","34.9666666","143.0","1993-02-15","  -0.3","000000","999.9","  19.4","   3.7"," 17.5"," 0.00","1044.3","999.9","999.9","  11.3","  6.2"," 15.1"
"34504099999","48.6","34.9666666","143.0","1993-02-16","   0.0","000000","999.9","  21.9","   3.7"," 13.6"," 0.00","1040.0","999.9","999.9","  11.2","  6.2","  8.6"
"34504099999","48.6","34.9666666","143.0","1993-02-17","   7.1","001000","999.9","  21.6","   2.3","  9.7"," 0.00","1024.5","999.9","999.9","  14.3","  4.5","  6.3"
"34504099999","48.6","34.9666666","143.0","1993-02-18","  16.0","010000","999.9","  27.5","  17.1","  7.8"," 0.02","1016.6","999.9","999.9","  20.4","  1.5","  3.4"
"34504099999","48.6","34.9666666","143.0","1993-02-19","  17.5","000000","999.9","  34.3","  11.5","  9.7"," 0.00","1016.4","999.9","999.9","  21.7","  1.9","  4.7"
"34504099999","48.6","34.9666666","143.0","1993-02-20","  23.3","000000","999.9","  39.7","  19.9"," 13.6"," 0.00","1010.1","999.9","999.9","  30.4","  1.2","  8.7"
"34504099999","48.6","34.9666666","143.0","1993-02-21","  28.1","001000","999.9","  40.3","  28.8","  9.7"," 0.01","1007.6","  0.4","999.9","  32.3","  1.1","  7.3"
"34504099999","48.6","34.9666666","143.0","1993-02-22","  31.8","100000","999.9","  47.1","  27.9"," 17.5"," 0.00","1009.8","999.9","999.9","  37.0","  1.5"," 13.4"
"34504099999","48.6","34.9666666","143.0","1993-02-23","  28.5","000000"," 42.7","  37.8","  30.2"," 29.1"," 0.00","1012.9","999.9","999.9","  33.7","  4.6"," 23.0"
"34504099999","48.6","34.9666666","143.0","1993-02-24","  28.8","001000"," 38.9","  33.1","  28.2"," 19.4"," 0.04","1017.7","  3.9","999.9","  30.6","  2.3"," 14.6"
"34504099999","48.6","34.9666666","143.0","1993-02-25","  26.2","101000","999.9","  35.1","  19.6"," 11.7"," 0.43","1019.0","  6.3","999.9","  28.5","  1.4","  7.3"
"34504099999","48.6","34.9666666","143.0","1993-02-26","  31.8","101000","999.9","  35.4","  28.9"," 11.7"," 0.35","1006.9"," 11.4","999.9","  32.2","  0.4","  9.4"
"34504099999","48.6","34.9666666","143.0","1993-02-27","  22.9","001000","999.9","  31.1","  19.6"," 17.5"," 0.35","1013.7","  7.9","999.9","  26.1","  1.9"," 12.9"
"34504099999","48.6","34.9666666","143.0","1993-02-28","  24.0","101000","999.9","  31.5","  19.6","  9.7"," 0.02","1023.6","  8.7","999.9","  28.2","  2.4","  5.6"
"34504099999","48.6","34.9666666","143.0","1993-03-01","  24.3","101000","999.9","  27.5","  23.9","  7.8"," 0.00","1027.6","  7.5","999.9","  25.0","  0.5","  2.2"
"34504099999","48.6","34.9666666","143.0","1993-03-02","  21.0","101000","999.9","  26.6","  18.5"," 13.6"," 0.01","1022.9","  7.9","999.9","  23.1","  0.8","  6.8"
"34504099999","48.6","34.9666666","143.0","1993-03-03","  10.9","001000","999.9","  21.4","  13.1"," 15.5"," 0.00","1020.9","  8.3","999.9","  17.4","  5.1"," 12.2"
"34504099999","48.6","34.9666666","143.0","1993-03-04","  11.3","001000","999.9","  23.7","   6.8"," 13.6"," 0.02","1017.8","  8.7","999.9","  16.7","  3.0","  8.5"
"34504099999","48.6","34.9666666","143.0","1993-03-05","  22.3","011000","999.9","  29.3","  19.2"," 29.1"," 0.01","1010.6","  8.7","999.9","  25.1","  2.3"," 18.5"
"34504099999","48.6","34.9666666","143.0","1993-03-06","  25.8","111000","999.9","  28.2","  25.5"," 17.5"," 0.00","1007.4","  8.7","999.9","  27.2","  1.0","  9.2"
"34504099999","48.6","34.9666666","143.0","1993-03-07","  29.8","101000","999.9","  36.1","  27.5"," 19.4"," 0.00","1008.3","  9.1","999.9","  31.9","  2.5"," 11.7"
"34504099999","48.6","34.9666666","143.0","1993-03-08","  22.5","000000"," 35.0","  28.8","  22.8"," 23.3"," 0.12","1015.1","  6.3","999.9","  25.8","  5.7"," 20.9"
"34504099999","48.6","34.9666666","143.0","1993-03-09","  15.3","000000","999.9","  30.4","  17.8"," 17.5"," 0.00","1025.6","  5.5","999.9","  23.5","  6.2"," 16.3"
"34504099999","48.6","34.9666666","143.0","1993-03-10","  17.4","000000","999.9","  30.0","  11.7"," 11.7"," 0.00","1023.8","  5.5","999.9","  22.2","  2.8","  6.3"
"34504099999","48.6","34.9666666","143.0","1993-03-11","  19.7","000000","999.9","  33.4","  18.0"," 19.4"," 0.00","1014.8","  5.5","999.9","  25.0","  3.9"," 16.5"
"34504099999","48.6","34.9666666","143.0","1993-03-12","  12.5","000000","999.9","  29.8","  10.6"," 21.4"," 0.03","1024.1","  5.5","999.9","  21.9","  6.2"," 15.5"
"34504099999","48.6","34.9666666","143.0","1993-03-13","  20.3","000000","999.9","  38.1","  17.8","  7.8"," 0.00","1026.4","  3.9","999.9","  27.2","  6.2","  1.9"
"34504099999","48.6","34.9666666","143.0","1993-03-14","  23.9","000000","999.9","  35.8","  19.4"," 13.6"," 0.00","1028.0","  2.0","999.9","  29.4","  1.2","  8.4"
"34504099999","48.6","34.9666666","143.0","1993-03-15","  26.3","000000","999.9","  37.4","  23.2"," 11.7"," 0.00","1027.9","  1.2","999.9","  31.6","  1.8","  9.2"
"34504099999","48.6","34.9666666","143.0","1993-03-16","  30.8","100000","999.9","  44.2","  29.1"," 11.7"," 0.00","1027.4","  0.4","999.9","  33.5","  4.7","  7.5"
"34504099999","48.6","34.9666666","143.0","1993-03-17","  31.4","100000","999.9","  38.3","  28.8"," 11.7"," 0.00","1021.6","999.9","999.9","  31.7","  0.2","  9.2"
"34504099999","48.6","34.9666666","143.0","1993-03-18","  32.5","111000","999.9","  35.1","  29.8"," 17.5"," 0.00","1010.3","999.9","999.9","  32.9","  0.4"," 14.3"
"34504099999","48.6","34.9666666","143.0","1993-03-19","  33.1","110000","999.9","  37.9","  29.3"," 15.5"," 0.39","1006.3","  2.0","999.9","  34.9","  1.6"," 10.2"
"34504099999","48.6","34.9666666","143.0","1993-03-20","  29.3","011000","999.9","  39.7","  31.6"," 13.6"," 0.31","1010.1","999.9","999.9","  35.1","  4.6"," 11.4"
"34504099999","48.6","34.9666666","143.0","1993-03-21","  27.4","011000"," 36.9","  45.3","  32.2"," 25.3"," 0.16","1011.7","999.9","999.9","  37.2","  5.1"," 19.7"
"34504099999","48.6","34.9666666","143.0","1993-03-22","  38.0","000000","999.9","  55.4","  31.8"," 15.5"," 0.00","1017.9","999.9","999.9","  43.5","  3.6","  8.7"
"34504099999","48.6","34.9666666","143.0","1993-03-23","  42.3","000000","999.9","  59.4","  38.8","  9.7"," 0.00","1017.1","999.9","999.9","  48.0","  1.6","  5.3"
"34504099999","48.6","34.9666666","143.0","1993-03-24","  37.8","000000","999.9","  54.1","  39.6","999.9"," 0.00","1015.5","999.9","999.9","  45.3","  7.6"," 16.5"
"34504099999","48.6","34.9666666","143.0","1993-03-25","  28.5","010000","999.9","  49.1","  31.5","  5.8"," 0.00","1018.9","999.9","999.9","  39.4","  4.7","  2.4"
"34504099999","48.6","34.9666666","143.0","1993-03-26","  35.7","010000","999.9","  48.2","  35.1"," 13.6"," 0.08","1013.8","  0.8","999.9","  38.0","  1.3","  7.0"
"34504099999","48.6","34.9666666","143.0","1993-03-27","  34.4","010000","999.9","  37.9","  33.4"," 15.5"," 0.20","1016.5","999.9","999.9","  35.7","  3.0"," 11.1"
"34504099999","48.6","34.9666666","143.0","1993-03-28","  42.0","000000","999.9","  57.9","  36.0"," 23.3"," 0.02","1013.5","999.9","999.9","  45.9","  2.4"," 17.7"
"34504099999","48.6","34.9666666","143.0","1993-03-29","  40.7","110000","999.9","  51.1","  42.4"," 23.3"," 0.00","1012.5","999.9","999.9","  45.6","  2.1"," 11.1"
"34504099999","48.6","34.9666666","143.0","1993-03-30","  32.5","000000","999.9","  52.2","  37.6"," 17.5"," 0.00","1023.8","999.9","999.9","  43.2","  4.7"," 10.7"
"34504099999","48.6","34.9666666","143.0","1993-03-31","  35.9","000000","999.9","  54.3","  34.2"," 15.5"," 0.00","1026.8","999.9","999.9","  44.5","  4.7"," 11.9"
"34504099999","48.6","34.9666666","143.0","1993-04-01","  38.6","000000","999.9","  51.8","  40.3"," 19.4"," 0.00","1020.1","999.9","002.5","  45.5","  4.3"," 16.8"
"34504099999","48.6","34.9666666","143.0","1993-04-02","  38.4","000000","999.9","  57.6","  20.5"," 13.6"," 0.02","1012.2","999.9","994.9","  49.8","  4.8"," 13.1"
"34504099999","48.6","34.9666666","143.0","1993-04-03","  41.6","110000","999.9","  46.9","  42.3"," 11.7"," 0.03","1014.0","999.9","996.5","  43.5","  1.6","  9.5"
"34504099999","48.6","34.9666666","143.0","1993-04-04","  40.3","110000","999.9","  42.8","  39.2"," 15.5"," 0.63","1014.3","999.9","996.6","  40.9","  1.8","  9.2"
"34504099999","48.6","34.9666666","143.0","1993-04-05","  41.6","100000","999.9","  50.5","  40.8","  7.8"," 0.35","1015.0","999.9","997.4","  45.6","  3.0","  4.1"
"34504099999","48.6","34.9666666","143.0","1993-04-06","  41.9","000000","999.9","  53.8","  40.3","  9.7"," 0.00","1015.2","999.9","997.7","  47.4","  3.2","  7.8"
"34504099999","48.6","34.9666666","143.0","1993-04-07","  43.6","010000","999.9","  64.4","  43.9"," 11.7"," 0.00","1008.0","999.9","990.9","  53.1","  4.8","  8.3"
"34504099999","48.6","34.9666666","143.0","1993-04-08","  46.7","010000","999.9","  50.2","  45.0"," 13.6"," 0.53","1000.9","999.9","983.7","  48.2","  2.9","  8.0"
"34504099999","48.6","34.9666666","143.0","1993-04-09","  41.9","100000","999.9","  55.0","  41.7"," 11.7"," 0.02","1003.9","999.9","986.6","  47.1","  1.9","  7.8"
"34504099999","48.6","34.9666666","143.0","1993-04-10","  33.6","010000","999.9","  42.1","  36.7","999.9"," 0.02","1006.9","999.9","989.3","  38.5","  4.3"," 12.0"
"34504099999","48.6","34.9666666","143.0","1993-04-11","  31.1","000000","999.9","  42.3","  34.3"," 13.6"," 0.00","1012.9","999.9","995.2","  38.2","  6.2","  8.0"
"34504099999","48.6","34.9666666","143.0","1993-04-12","  32.4","000000","999.9","  48.4","  33.3"," 11.7"," 0.00","1010.8","999.9","993.2","  40.8","  5.0","  5.6"
"34504099999","48.6","34.9666666","143.0","1993-04-13","  35.1","010000","999.9","  46.9","  36.5","  9.7"," 0.01","1007.8","999.9","990.2","  41.0","  5.7","  8.3"
"34504099999","48.6","34.9666666","143.0","1993-04-14","  31.9","000000","999.9","  51.4","  39.2","  7.8"," 0.00","1013.5","999.9","995.9","  45.1","  6.2","  1.5"
"34504099999","48.6","34.9666666","143.0","1993-04-15","  30.0","000000","999.9","  53.6","  39.2"," 13.6"," 0.00","1016.4","999.9","998.8","  44.7","  5.1","  8.0"
"34504099999","48.6","34.9666666","143.0","1993-04-16","  29.4","010000","999.9","  43.7","  35.1"," 13.6"," 0.00","1015.7","999.9","997.9","  38.7","  5.1"," 10.0"
"34504099999","48.6","34.9666666","143.0","1993-04-17","  32.0","010000","999.9","  47.8","  35.1"," 13.6"," 0.12","1017.9","999.9","000.2","  41.7","  5.3","  9.0"
"34504099999","48.6","34.9666666","143.0","1993-04-18","  29.9","000000","999.9","  50.4","  36.1","999.9"," 0.00","1016.4","999.9","998.8","  43.3","  6.2","  0.0"
"34504099999","48.6","34.9666666","143.0","1993-04-19","  35.7","000000","999.9","  56.3","  37.4"," 19.4"," 0.00","1008.7","999.9","991.4","  46.6","  5.0"," 14.3"
"34504099999","48.6","34.9666666","143.0","1993-04-20","  34.7","010000","999.9","  49.8","  37.4"," 23.3"," 0.31","1002.6","999.9","985.1","  40.8","  4.5"," 16.9"
"34504099999","48.6","34.9666666","143.0","1993-04-21","  24.1","010000","999.9","  39.9","  31.8"," 19.4"," 0.02","1014.2","999.9","996.4","  35.8","  5.4"," 17.5"
"34504099999","48.6","34.9666666","143.0","1993-04-22","  22.7","000000","999.9","  52.0","  29.8"," 15.5"," 0.00","1021.1","999.9","003.3","  42.0","  5.3"," 11.9"
"34504099999","48.6","34.9666666","143.0","1993-04-23","  29.6","000000","999.9","  59.4","  32.5"," 13.6"," 0.00","1022.4","999.9","004.8","  46.8","  6.2","  7.3"
"34504099999","48.6","34.9666666","143.0","1993-04-24","  31.0","000000","999.9","  66.2","  38.8","  9.7"," 0.00","1021.1","999.9","003.7","  52.9","  5.3","  6.8"
"34504099999","48.6","34.9666666","143.0","1993-04-25","  37.3","000000","999.9","  69.1","  45.5","  3.9"," 0.00","1020.4","999.9","003.2","  58.5","  5.4","  0.9"
"34504099999","48.6","34.9666666","143.0","1993-04-26","  39.0","000000","999.9","  71.1","  46.6","  9.7"," 0.00","1021.5","999.9","004.3","  59.4","  6.2","  5.8"
"34504099999","48.6","34.9666666","143.0","1993-04-27","  38.7","000000","999.9","  69.8","  49.8","  7.8"," 0.00","1021.7","999.9","004.5","  58.8","  6.2","  1.9"
"34504099999","48.6","34.9666666","143.0","1993-04-28","  43.3","000000","999.9","  69.3","  43.2"," 13.6"," 0.00","1021.0","999.9","003.8","  58.6","  6.2","  6.6"
"34504099999","48.6","34.9666666","143.0","1993-04-29","  42.0","000000","999.9","  68.7","  50.9","  5.8"," 0.00","1018.6","999.9","001.5","  61.3","  6.2","  3.2"
"34504099999","48.6","34.9666666","143.0","1993-04-30","  42.4","000000","999.9","  68.9","  49.8"," 13.6"," 0.00","1014.8","999.9","997.7","  59.1","  6.2","  7.8"
"34504099999","48.6","34.9666666","143.0","1993-05-01","  35.4","000000","999.9","  54.5","  38.7"," 13.6"," 0.00","1013.6","999.9","996.3","  47.7","  6.2","  7.3"
"34504099999","48.6","34.9666666","143.0","1993-05-02","  45.5","010000","999.9","  73.8","  41.9"," 19.4"," 0.00","1012.5","999.9","995.5","  58.1","  6.2"," 11.2"
"34504099999","48.6","34.9666666","143.0","1993-05-03","  46.5","010000","999.9","  75.9","  55.4"," 17.5"," 0.02","1014.7","999.9","997.9","  63.9","  6.2"," 15.1"
"34504099999","48.6","34.9666666","143.0","1993-05-04","  42.7","000000","999.9","  77.9","  54.9"," 19.4"," 0.00","1019.1","999.9","002.2","  65.0","  6.2"," 15.0"
"34504099999","48.6","34.9666666","143.0","1993-05-05","  41.8","000000","999.9","  77.0","  55.9"," 19.4"," 0.00","1021.4","999.9","004.4","  66.7","  6.2"," 16.0"
"34504099999","48.6","34.9666666","143.0","1993-05-06","  38.4","000000","999.9","  76.5","  56.7"," 21.4"," 0.00","1021.1","999.9","004.2","  67.3","  6.2"," 15.8"
"34504099999","48.6","34.9666666","143.0","1993-05-07","  43.5","000000","999.9","  77.9","  55.4"," 21.4"," 0.00","1018.0","999.9","001.8","  67.2","  6.2"," 16.2"
"34504099999","48.6","34.9666666","143.0","1993-05-08","  34.5","000000","999.9","  72.7","  48.0"," 23.3"," 0.00","1026.8","999.9","009.6","  60.2","  6.2"," 18.8"
"34504099999","48.6","34.9666666","143.0","1993-05-09","  31.3","000000"," 35.0","  71.4","  45.3"," 25.3"," 0.00","1026.2","999.9","009.1","  59.4","  6.2"," 17.5"
"34504099999","48.6","34.9666666","143.0","1993-05-10","  28.0","000000","999.9","  69.4","  48.6"," 21.4"," 0.00","1023.3","999.9","006.2","  59.8","  6.2"," 16.8"
"34504099999","48.6","34.9666666","143.0","1993-05-11","  28.2","000000","999.9","  72.3","  49.5"," 21.4"," 0.00","1018.4","999.9","001.4","  61.2","  6.2"," 17.0"
"34504099999","48.6","34.9666666","143.0","1993-05-12","  34.2","000000","999.9","  74.7","  51.4"," 19.4"," 0.00","1012.2","999.9","995.4","  63.5","  6.2"," 17.0"
"34504099999","48.6","34.9666666","143.0","1993-05-13","  44.3","000000","999.9","  68.9","  52.5"," 13.6"," 0.00","1007.8","999.9","991.0","  61.6","  6.2","  7.5"
"34504099999","48.6","34.9666666","143.0","1993-05-14","  53.5","010010","999.9","  68.7","  53.8","  9.7"," 0.00","1006.2","999.9","989.5","  59.5","  5.7","  3.4"
"34504099999","48.6","34.9666666","143.0","1993-05-15","  56.2","010000","999.9","  68.9","  51.1","  9.7"," 0.00","1007.1","999.9","990.4","  60.8","  5.1","  3.9"
"34504099999","48.6","34.9666666","143.0","1993-05-16","  53.4","000000","999.9","  72.0","  52.5","  5.8"," 0.03","1008.7","999.9","991.9","  60.7","  4.6","  3.2"
"34504099999","48.6","34.9666666","143.0","1993-05-17","  53.8","000000","999.9","  74.5","  55.9","  7.8"," 0.00","1010.2","999.9","993.4","  63.8","  4.7","  1.5"
"34504099999","48.6","34.9666666","143.0","1993-05-18","  55.3","010010","999.9","  77.4","  53.4"," 11.7"," 0.00","1011.4","999.9","994.6","  63.3","  4.6","  5.3"
"34504099999","48.6","34.9666666","143.0","1993-05-19","  59.3","110010","999.9","  76.1","  56.7","  9.7"," 0.83","1012.5","999.9","995.8","  64.0","  3.0","  2.7"
"34504099999","48.6","34.9666666","143.0","1993-05-20","  59.5","000010","999.9","  71.6","  57.2","  5.8"," 0.83","1013.4","999.9","996.6","  63.6","  2.5","  2.8"
"34504099999","48.6","34.9666666","143.0","1993-05-21","  56.3","000010","999.9","  77.0","  56.3","  5.8"," 0.04","1013.3","999.9","996.6","  67.4","  5.1","  3.2"
"34504099999","48.6","34.9666666","143.0","1993-05-22","  57.0","010010","999.9","  73.2","  56.7","  9.7"," 0.00","1012.3","999.9","995.6","  66.3","  4.8","  3.9"
"34504099999","48.6","34.9666666","143.0","1993-05-23","  43.4","010000","999.9","  64.4","  48.0"," 21.4"," 0.39","1019.4","999.9","002.1","  53.2","  6.2"," 13.8"
"34504099999","48.6","34.9666666","143.0","1993-05-24","  42.0","000000","999.9","  67.5","  43.2","  5.8"," 0.00","1021.8","999.9","004.6","  55.6","  6.2","  1.9"
"34504099999","48.6","34.9666666","143.0","1993-05-25","  44.0","000000","999.9","  71.2","  48.6","999.9"," 0.00","1017.6","999.9","001.2","  60.4","  6.2","  0.0"
"34504099999","48.6","34.9666666","143.0","1993-05-26","  42.4","000000","999.9","  74.3","  49.8","  5.8"," 0.00","1011.2","999.9","994.4","  63.0","  6.2","  3.2"
"34504099999","48.6","34.9666666","143.0","1993-05-27","  47.0","000000","999.9","  68.0","  53.6"," 15.5"," 0.00","1010.2","999.9","993.4","  60.2","  6.2","  8.6"
"34504099999","48.6","34.9666666","143.0","1993-05-28","  55.9","010010","999.9","  75.2","  51.4"," 17.5"," 0.35","1006.1","999.9","989.4","  61.2","  4.3"," 12.4"
"34504099999","48.6","34.9666666","143.0","1993-05-29","  54.0","010000","999.9","  61.7","  51.3","  9.7"," 0.00","1012.2","999.9","995.2","  56.7","  2.5","  5.1"
"34504099999","48.6","34.9666666","143.0","1993-05-30","  52.9","010000","999.9","  71.1","  56.5"," 17.5"," 0.01","1011.1","999.9","994.3","  62.6","  4.5","  8.3"
"34504099999","48.6","34.9666666","143.0","1993-05-31","  48.1","000000","999.9","  71.1","  50.7"," 19.4"," 0.00","1012.9","999.9","996.0","  61.7","  6.2","  8.5"
"34504099999","48.6","34.9666666","143.0","1993-06-01","  51.5","010000","999.9","  75.2","  50.4"," 13.6"," 0.00","1013.1","999.9","996.3","  64.5","  5.7","  6.7"
"34504099999","48.6","34.9666666","143.0","1993-06-02","  57.3","010000","999.9","  65.3","  57.4","  3.9"," 0.08","1012.5","999.9","995.6","  60.5","  2.3","  0.5"
"34504099999","48.6","34.9666666","143.0","1993-06-03","  53.9","010010","999.9","  69.8","  53.2"," 15.5"," 0.00","1010.8","999.9","994.0","  61.1","  5.0","  7.8"
"34504099999","48.6","34.9666666","143.0","1993-06-04","  56.6","010010","999.9","  69.8","  56.3"," 11.7"," 0.20","1010.5","999.9","993.7","  62.2","  4.8","  6.8"
"34504099999","48.6","34.9666666","143.0","1993-06-05","  54.6","100010","999.9","  73.9","  56.1"," 13.6"," 0.16","1011.4","999.9","994.6","  64.0","  4.2","  9.2"
"34504099999","48.6","34.9666666","143.0","1993-06-06","  50.2","000000","999.9","  74.1","  57.9"," 15.5"," 0.12","1011.1","999.9","994.4","  65.5","  6.2"," 12.4"
"34504099999","48.6","34.9666666","143.0","1993-06-07","  50.3","000000","999.9","  74.5","  56.3"," 11.7"," 0.00","1009.7","999.9","993.0","  65.7","  6.2","  8.3"
"34504099999","48.6","34.9666666","143.0","1993-06-08","  54.7","010010","999.9","  71.4","  54.5"," 15.5"," 0.18","1008.1","999.9","991.4","  62.6","  5.7","  8.7"
"34504099999","48.6","34.9666666","143.0","1993-06-09","  48.4","000000","999.9","  67.1","  51.3"," 15.5"," 0.00","1013.0","999.9","996.1","  60.8","  6.2"," 12.1"
"34504099999","48.6","34.9666666","143.0","1993-06-10","  40.8","000000","999.9","  66.7","  53.2"," 15.5"," 0.00","1017.3","999.9","000.3","  58.7","  6.2"," 11.7"
"34504099999","48.6","34.9666666","143.0","1993-06-11","  47.9","000000","999.9","  75.7","  47.7"," 17.5"," 0.00","1015.0","999.9","998.2","  64.2","  6.2"," 10.7"
"34504099999","48.6","34.9666666","143.0","1993-06-12","  56.0","010010","999.9","  77.0","  55.4"," 15.5"," 0.00","1006.2","999.9","989.6","  67.0","  5.7"," 10.7"
"34504099999","48.6","34.9666666","143.0","1993-06-13","  63.7","010010","999.9","  81.3","  60.3"," 25.3"," 0.43","1006.8","999.9","990.3","  69.2","  2.8","  7.3"
"34504099999","48.6","34.9666666","143.0","1993-06-14","  59.2","000000","999.9","  74.1","  59.0"," 11.7"," 0.63","1005.9","999.9","989.3","  66.0","  3.7","  3.9"
"34504099999","48.6","34.9666666","143.0","1993-06-15","  52.9","000000","999.9","  72.9","  52.3"," 15.5"," 0.00","1008.3","999.9","991.6","  63.8","  5.0"," 10.3"
"34504099999","48.6","34.9666666","143.0","1993-06-16","  50.6","000000","999.9","  72.9","  56.8"," 13.6"," 0.00","1010.6","999.9","993.8","  64.4","  6.2"," 10.7"
"34504099999","48.6","34.9666666","143.0","1993-06-17","  50.4","000000","999.9","  68.4","  53.1"," 11.7"," 0.00","1013.3","999.9","996.3","  60.4","  6.2","  9.2"
"34504099999","48.6","34.9666666","143.0","1993-06-18","  48.9","000000","999.9","  73.4","  55.8"," 11.7"," 0.00","1012.7","999.9","996.0","  63.9","  6.2","  6.0"
"34504099999","48.6","34.9666666","143.0","1993-06-19","  53.3","010000","999.9","  64.4","  55.0"," 13.6"," 0.00","1013.6","999.9","996.6","  58.7","  5.3","  5.6"
"34504099999","48.6","34.9666666","143.0","1993-06-20","  52.5","000000","999.9","  74.8","  49.6"," 11.7"," 0.00","1014.8","999.9","998.0","  63.8","  5.7","  8.3"
"34504099999","48.6","34.9666666","143.0","1993-06-21","  58.4","000000","999.9","  77.9","  60.4"," 15.5"," 0.00","1013.9","999.9","997.2","  69.0","  5.3"," 11.7"
"34504099999","48.6","34.9666666","143.0","1993-06-22","  62.2","010000","999.9","  75.7","  58.8","  9.7"," 0.28","1016.5","999.9","999.8","  66.3","  4.8","  4.1"
"34504099999","48.6","34.9666666","143.0","1993-06-23","  63.2","000000","999.9","  82.0","  59.4","  7.8"," 0.00","1013.0","999.9","996.4","  71.5","  4.8","  2.4"
"34504099999","48.6","34.9666666","143.0","1993-06-24","  65.4","010010"," 42.7","  85.3","  62.4"," 15.5"," 0.00","1008.6","999.9","992.2","  72.3","  5.3","  9.0"
"34504099999","48.6","34.9666666","143.0","1993-06-25","  56.2","010010","999.9","  68.4","  54.0"," 19.4"," 0.63","1007.7","999.9","991.0","  63.4","  5.1"," 13.1"
"34504099999","48.6","34.9666666","143.0","1993-06-26","  46.9","000000","999.9","  64.4","  47.8"," 15.5"," 0.04","1010.0","999.9","992.9","  55.6","  5.3"," 10.2"
"34504099999","48.6","34.9666666","143.0","1993-06-27","  47.2","000000","999.9","  65.5","  45.5","  9.7"," 0.00","1008.0","999.9","991.1","  56.8","  4.8","  6.6"
"34504099999","48.6","34.9666666","143.0","1993-06-28","  50.6","000010","999.9","  69.3","  48.2"," 11.7"," 0.00","1010.3","999.9","993.4","  60.0","  6.2","  5.4"
"34504099999","48.6","34.9666666","143.0","1993-06-29","  55.0","000000","999.9","  74.7","  50.9","  7.8"," 0.00","1011.2","999.9","994.4","  62.6","  5.0","  3.2"
"34504099999","48.6","34.9666666","143.0","1993-06-30","  56.1","010000","999.9","  65.8","  54.3"," 11.7"," 0.31","1004.3","999.9","987.5","  59.4","  4.3","  9.0"
"34504099999","48.6","34.9666666","143.0","1993-07-01","  56.4","000000","999.9","  73.9","  54.5","  9.7"," 0.00","1007.7","999.9","991.0","  62.6","  2.6","  6.2"
"34504099999","48.6","34.9666666","143.0","1993-07-02","  55.2","010010","999.9","  69.8","  54.7"," 11.7"," 0.12","1009.3","999.9","992.4","  60.7","  2.8","  6.1"
"34504099999","48.6","34.9666666","143.0","1993-07-03","  51.6","010010","999.9","  67.3","  36.9"," 15.5"," 0.35","1011.8","999.9","994.9","  57.9","  3.7"," 11.0"
"34504099999","48.6","34.9666666","143.0","1993-07-04","  56.3","010010","999.9","  71.4","  51.8"," 15.5"," 0.28","1012.9","999.9","996.0","  60.4","  4.0"," 10.2"
"34504099999","48.6","34.9666666","143.0","1993-07-05","  56.7","000000","999.9","  74.8","  57.0"," 13.6"," 0.00","1013.0","999.9","996.3","  66.2","  5.1"," 10.5"
"34504099999","48.6","34.9666666","143.0","1993-07-06","  56.1","000000","999.9","  79.3","  55.4","  9.7"," 0.00","1013.4","999.9","996.7","  68.1","  6.5","  4.4"
"34504099999","48.6","34.9666666","143.0","1993-07-07","  57.5","000000","999.9","  73.0","  57.2"," 15.5"," 0.00","1009.3","999.9","992.5","  63.1","  6.2"," 11.2"
"34504099999","48.6","34.9666666","143.0","1993-07-08","  53.2","010000","999.9","  64.8","  54.7"," 15.5"," 0.00","1010.9","999.9","994.0","  59.4","  6.2","  5.1"
"34504099999","48.6","34.9666666","143.0","1993-07-09","  48.2","000000","999.9","  70.7","  49.5"," 19.4"," 0.00","1014.9","999.9","997.9","  60.1","  5.3"," 13.1"
"34504099999","48.6","34.9666666","143.0","1993-07-10","  49.8","000000","999.9","  72.5","  50.5"," 13.6"," 0.00","1016.8","999.9","000.0","  62.6","  5.7","  7.0"
"34504099999","48.6","34.9666666","143.0","1993-07-11","  54.7","000000","999.9","  77.9","  52.2"," 11.7"," 0.00","1013.3","999.9","996.6","  68.4","  6.2","  5.8"
"34504099999","48.6","34.9666666","143.0","1993-07-12","  52.8","000000","999.9","  80.8","  56.7"," 11.7"," 0.00","1009.1","999.9","992.5","  68.1","  6.2","  5.3"
"34504099999","48.6","34.9666666","143.0","1993-07-13","  55.4","010000","999.9","  76.6","  55.2"," 15.5"," 0.00","1004.2","999.9","987.6","  65.4","  6.2","  9.7"
"34504099999","48.6","34.9666666","143.0","1993-07-14","  45.6","000000","999.9","  70.7","  49.3"," 17.5"," 0.00","1006.3","999.9","989.5","  60.0","  5.7"," 10.9"
"34504099999","48.6","34.9666666","143.0","1993-07-15","  47.1","000000","999.9","  71.6","  48.2"," 19.4"," 0.00","1011.8","999.9","994.9","  59.7","  6.2"," 13.1"
"34504099999","48.6","34.9666666","143.0","1993-07-16","  50.4","000000","999.9","  74.3","  50.9","  9.7"," 0.00","1018.5","999.9","001.8","  63.7","  5.7","  4.4"
"34504099999","48.6","34.9666666","143.0","1993-07-17","  52.4","000000","999.9","  79.3","  56.1","  9.7"," 0.00","1017.9","999.9","001.2","  68.9","  6.2","  3.6"
"34504099999","48.6","34.9666666","143.0","1993-07-18","  55.4","000000","999.9","  80.6","  61.9","  5.8"," 0.00","1017.1","999.9","000.5","  71.0","  5.7","  0.7"
"34504099999","48.6","34.9666666","143.0","1993-07-19","  58.4","000000","999.9","  86.0","  59.4","  3.9"," 0.00","1016.0","999.9","999.4","  71.5","  6.2","  2.4"
"34504099999","48.6","34.9666666","143.0","1993-07-20","  62.1","000000","999.9","  91.4","  64.2","  3.9"," 0.00","1013.5","999.9","997.2","  79.2","  6.2","  0.5"
"34504099999","48.6","34.9666666","143.0","1993-07-21","  62.4","000000","999.9","  96.3","  69.3","  3.9"," 0.00","1013.9","999.9","997.7","  81.7","  6.2","  1.0"
"34504099999","48.6","34.9666666","143.0","1993-07-22","  61.8","000000","999.9","  98.4","  67.6"," 15.5"," 0.00","1010.4","999.9","994.2","  83.6","  6.2","  7.5"
"34504099999","48.6","34.9666666","143.0","1993-07-23","  61.6","000000","999.9","  90.9","  69.3"," 17.5"," 0.00","1001.5","999.9","985.4","  80.2","  6.2"," 12.6"
"34504099999","48.6","34.9666666","143.0","1993-07-24","  44.9","000000","999.9","  70.3","  53.1"," 21.4"," 0.00","1006.1","999.9","989.3","  61.3","  6.2"," 14.8"
"34504099999","48.6","34.9666666","143.0","1993-07-25","  53.1","010010","999.9","  73.8","  53.6"," 17.5"," 0.00","1010.5","999.9","993.8","  64.3","  6.2","  9.0"
"34504099999","48.6","34.9666666","143.0","1993-07-26","  54.5","000000","999.9","  86.0","  55.9","  7.8"," 0.02","1016.3","999.9","999.6","  71.6","  6.2","  3.9"
"34504099999","48.6","34.9666666","143.0","1993-07-27","  56.3","000000","999.9","  88.3","  61.9","  3.9"," 0.00","1016.6","999.9","000.0","  75.5","  6.2","  1.0"
"34504099999","48.6","34.9666666","143.0","1993-07-28","  55.6","000000","999.9","  90.7","  63.7","  7.8"," 0.00","1011.2","999.9","994.8","  76.1","  6.2","  4.4"
"34504099999","48.6","34.9666666","143.0","1993-07-29","  57.4","000000","999.9","  77.9","  60.3"," 13.6"," 0.00","1009.1","999.9","992.6","  68.3","  5.7","  8.7"
"34504099999","48.6","34.9666666","143.0","1993-07-30","  56.8","000010","999.9","  75.2","  56.7"," 17.5"," 0.04","1012.4","999.9","995.7","  65.1","  5.1"," 10.2"
"34504099999","48.6","34.9666666","143.0","1993-07-31","  56.6","010000","999.9","  74.5","  58.6"," 15.5"," 0.00","1012.4","999.9","995.7","  65.8","  6.2"," 12.9"
"34504099999","48.6","34.9666666","143.0","1993-08-01","  60.0","010000","999.9","  77.0","  62.1"," 13.6"," 0.00","1013.7","999.9","997.0","  68.0","  6.2","  8.3"
"34504099999","48.6","34.9666666","143.0","1993-08-02","  60.7","000000","999.9","  78.6","  59.4"," 15.5"," 0.12","1019.4","999.9","002.7","  71.1","  5.4","  6.8"
"34504099999","48.6","34.9666666","143.0","1993-08-03","  53.6","000000","999.9","  75.9","  56.7"," 17.5"," 0.00","1021.5","999.9","004.7","  66.9","  6.2"," 12.9"
"34504099999","48.6","34.9666666","143.0","1993-08-04","  52.8","000000","999.9","  78.6","  59.0"," 13.6"," 0.00","1021.4","999.9","004.6","  69.1","  6.2","  9.5"
"34504099999","48.6","34.9666666","143.0","1993-08-05","  53.8","000000","999.9","  81.1","  61.2","  9.7"," 0.00","1019.7","999.9","003.0","  71.6","  6.2","  8.7"
"34504099999","48.6","34.9666666","143.0","1993-08-06","  55.6","000000","999.9","  84.7","  63.3","  7.8"," 0.00","1017.9","999.9","001.3","  73.0","  6.2","  1.9"
"34504099999","48.6","34.9666666","143.0","1993-08-07","  55.9","000000","999.9","  86.4","  60.8","  3.9"," 0.00","1015.9","999.9","999.4","  75.2","  6.2","  0.5"
"34504099999","48.6","34.9666666","143.0","1993-08-08","  58.6","000000","999.9","  88.3","  68.0"," 19.4"," 0.00","1014.0","999.9","997.6","  77.3","  6.2","  5.3"
"34504099999","48.6","34.9666666","143.0","1993-08-09","  55.7","000000","999.9","  82.4","  64.8"," 15.5"," 0.00","1013.3","999.9","996.8","  73.4","  6.2"," 11.9"
"34504099999","48.6","34.9666666","143.0","1993-08-10","  58.1","000010","999.9","  88.5","  64.4"," 11.7"," 0.00","1009.4","999.9","993.1","  75.2","  6.2","  3.5"
"34504099999","48.6","34.9666666","143.0","1993-08-11","  62.0","000000"," 36.9","  89.8","  64.8","  7.8"," 0.08","1006.5","999.9","990.1","  73.2","  6.2","  3.9"
"34504099999","48.6","34.9666666","143.0","1993-08-12","  61.4","000000","999.9","  81.0","  65.3"," 15.5"," 0.00","1007.4","999.9","991.0","  71.9","  6.2"," 10.7"
"34504099999","48.6","34.9666666","143.0","1993-08-13","  64.9","010010","999.9","  80.6","  64.4"," 15.5"," 0.00","1012.9","999.9","996.3","  71.3","  6.2"," 11.4"
"34504099999","48.6","34.9666666","143.0","1993-08-14","  65.3","000000","999.9","  74.3","  66.4","  9.7"," 0.12","1018.3","999.9","001.6","  69.7","  4.7","  6.8"
"34504099999","48.6","34.9666666","143.0","1993-08-15","  59.8","000000","999.9","  79.0","  63.7"," 15.5"," 0.00","1022.2","999.9","005.5","  70.1","  5.3"," 10.4"
"34504099999","48.6","34.9666666","143.0","1993-08-16","  51.9","000000","999.9","  77.7","  60.4"," 11.7"," 0.00","1022.8","999.9","006.0","  68.1","  6.2","  8.3"
"34504099999","48.6","34.9666666","143.0","1993-08-17","  53.8","000000","999.9","  80.6","  59.7","  9.7"," 0.00","1020.5","999.9","003.7","  70.4","  5.7","  5.6"
"34504099999","48.6","34.9666666","143.0","1993-08-18","  52.2","000000","999.9","  82.4","  60.1","  9.7"," 0.00","1015.7","999.9","999.1","  72.1","  6.2","  1.7"
"34504099999","48.6","34.9666666","143.0","1993-08-19","  51.4","010000","999.9","  72.5","  60.3"," 13.6"," 0.00","1015.6","999.9","998.8","  65.7","  6.2"," 10.4"
"34504099999","48.6","34.9666666","143.0","1993-08-20","  48.4","000000","999.9","  73.6","  51.1","  9.7"," 0.00","1016.3","999.9","999.4","  63.2","  6.2","  3.6"
"34504099999","48.6","34.9666666","143.0","1993-08-21","  46.8","000000","999.9","  72.7","  48.9"," 11.7"," 0.00","1016.2","999.9","999.3","  60.3","  6.2","  4.7"
"34504099999","48.6","34.9666666","143.0","1993-08-22","  51.8","010000","999.9","  78.4","  54.7"," 15.5"," 0.00","1012.6","999.9","995.9","  66.6","  6.2","  9.4"
"34504099999","48.6","34.9666666","143.0","1993-08-23","  54.5","000000","999.9","  82.9","  54.7"," 11.7"," 0.00","1013.0","999.9","996.3","  70.0","  6.2","  4.4"
"34504099999","48.6","34.9666666","143.0","1993-08-24","  60.8","010010","999.9","  88.5","  64.4"," 19.4"," 0.00","1010.5","999.9","994.1","  74.8","  6.2"," 13.4"
"34504099999","48.6","34.9666666","143.0","1993-08-25","  58.3","010010","999.9","  73.4","  60.3"," 15.5"," 0.03","1010.2","999.9","993.5","  66.2","  5.3","  8.0"
"34504099999","48.6","34.9666666","143.0","1993-08-26","  54.4","010010","999.9","  67.5","  55.8"," 11.7"," 0.28","1010.9","999.9","994.0","  60.8","  5.3","  6.1"
"34504099999","48.6","34.9666666","143.0","1993-08-27","  50.3","000000","999.9","  68.5","  52.3"," 15.5"," 0.03","1012.2","999.9","995.3","  60.1","  5.0","  9.0"
"34504099999","48.6","34.9666666","143.0","1993-08-28","  48.9","010000","999.9","  70.3","  47.7","  7.8"," 0.08","1013.4","999.9","996.5","  59.6","  5.7","  6.1"
"34504099999","48.6","34.9666666","143.0","1993-08-29","  54.0","010010","999.9","  60.8","  49.8"," 38.9"," 0.12","1009.2","999.9","992.3","  57.5","  4.2"," 14.3"
"34504099999","48.6","34.9666666","143.0","1993-08-30","  46.6","000000","999.9","  68.2","  45.1","  7.8"," 0.00","1017.6","999.9","000.4","  55.3","  5.7","  5.0"
"34504099999","48.6","34.9666666","143.0","1993-08-31","  48.4","000000","999.9","  69.3","  51.4","  9.7"," 0.00","1019.1","999.9","002.1","  60.3","  5.7","  3.6"
"34504099999","48.6","34.9666666","143.0","1993-09-01","  50.6","000000","999.9","  74.5","  51.3"," 13.6"," 0.00","1015.6","999.9","998.8","  61.7","  5.6","  9.7"
"34504099999","48.6","34.9666666","143.0","1993-09-02","  52.1","010010","999.9","  70.7","  56.1"," 11.7"," 6.69","1008.8","999.9","991.9","  62.4","  3.9","  5.8"
"34504099999","48.6","34.9666666","143.0","1993-09-03","  47.6","000000","999.9","  63.9","  46.4"," 17.5"," 0.00","1008.1","999.9","991.0","  53.8","  4.8"," 10.2"
"34504099999","48.6","34.9666666","143.0","1993-09-04","  49.4","010000","999.9","  72.0","  45.7"," 15.5"," 0.00","1012.0","999.9","994.9","  56.9","  3.4","  4.4"
"34504099999","48.6","34.9666666","143.0","1993-09-05","  54.2","000000","999.9","  77.9","  52.2"," 15.5"," 0.16","1010.5","999.9","993.7","  64.8","  5.3"," 12.9"
"34504099999","48.6","34.9666666","143.0","1993-09-06","  54.0","010000","999.9","  70.2","  50.7"," 17.5"," 0.00","1004.8","999.9","987.9","  59.0","  5.3"," 14.6"
"34504099999","48.6","34.9666666","143.0","1993-09-07","  42.7","010000","999.9","  65.7","  47.8"," 19.4"," 0.00","1014.3","999.9","997.1","  54.5","  5.7"," 12.4"
"34504099999","48.6","34.9666666","143.0","1993-09-08","  44.2","000000","999.9","  66.7","  48.0"," 13.6"," 0.00","1017.7","999.9","000.5","  57.1","  6.2","  6.8"
"34504099999","48.6","34.9666666","143.0","1993-09-09","  46.4","000000","999.9","  75.0","  46.9"," 15.5"," 0.00","1017.8","999.9","000.8","  61.1","  5.7","  8.7"
"34504099999","48.6","34.9666666","143.0","1993-09-10","  52.5","000000","999.9","  76.5","  53.4"," 15.5"," 0.02","1014.5","999.9","997.5","  62.7","  6.2"," 14.1"
"34504099999","48.6","34.9666666","143.0","1993-09-11","  53.3","010000","999.9","  62.2","  49.6"," 15.5"," 0.00","1012.1","999.9","995.0","  56.1","  3.1"," 10.0"
"34504099999","48.6","34.9666666","143.0","1993-09-12","  55.8","110000","999.9","  64.2","  55.8"," 17.5"," 0.31","1007.7","999.9","990.8","  59.8","  3.4"," 10.2"
"34504099999","48.6","34.9666666","143.0","1993-09-13","  53.6","110010","999.9","  66.2","  48.0"," 21.4"," 0.39"," 999.6","999.9","982.7","  55.9","  1.8"," 12.9"
"34504099999","48.6","34.9666666","143.0","1993-09-14","  45.8","000000","999.9","  60.4","  45.0"," 15.5"," 1.06","1017.8","999.9","000.4","  51.7","  4.6","  8.9"
"34504099999","48.6","34.9666666","143.0","1993-09-15","  52.8","000000","999.9","  73.6","  44.4"," 15.5"," 0.00","1015.6","999.9","998.5","  58.3","  5.1"," 10.7"
"34504099999","48.6","34.9666666","143.0","1993-09-16","  53.2","000000","999.9","  72.3","  49.5","  9.7"," 0.00","1009.1","999.9","992.1","  59.5","  4.8","  7.3"
"34504099999","48.6","34.9666666","143.0","1993-09-17","  51.9","110000","999.9","  73.8","  53.1","  7.8"," 0.00","1014.3","999.9","997.3","  60.4","  2.8","  3.2"
"34504099999","48.6","34.9666666","143.0","1993-09-18","  51.8","010000","999.9","  70.3","  53.1"," 15.5"," 0.02","1015.8","999.9","998.8","  60.6","  2.5","  8.9"
"34504099999","48.6","34.9666666","143.0","1993-09-19","  47.3","010000","999.9","  60.4","  49.6"," 17.5"," 0.43","1019.4","999.9","002.1","  55.0","  4.4"," 11.9"
"34504099999","48.6","34.9666666","143.0","1993-09-20","  40.3","000000","999.9","  53.2","  44.1"," 15.5"," 0.08","1028.0","999.9","010.3","  49.2","  5.7"," 11.1"
"34504099999","48.6","34.9666666","143.0","1993-09-21","  33.0","000000","999.9","  54.3","  38.7"," 11.7"," 0.01","1035.1","999.9","017.2","  45.5","  6.2","  8.3"
"34504099999","48.6","34.9666666","143.0","1993-09-22","  33.3","000000","999.9","  61.7","  35.6","  7.8"," 0.00","1031.4","999.9","013.7","  47.5","  7.0","  2.2"
"34504099999","48.6","34.9666666","143.0","1993-09-23","  35.3","000000","999.9","  70.7","  37.6","  7.8"," 0.00","1024.6","999.9","006.9","  51.4","  6.2","  2.9"
"34504099999","48.6","34.9666666","143.0","1993-09-24","  44.1","000000","999.9","  72.1","  41.9"," 15.5"," 0.00","1016.3","999.9","999.2","  57.1","  6.2"," 10.0"
"34504099999","48.6","34.9666666","143.0","1993-09-25","  45.1","000000","999.9","  65.1","  48.7","  9.7"," 0.00","1018.2","999.9","001.0","  56.5","  5.3","  7.3"
"34504099999","48.6","34.9666666","143.0","1993-09-26","  41.6","000000","999.9","  66.6","  41.2"," 11.7"," 0.00","1020.4","999.9","002.9","  51.1","  6.2","  7.8"
"34504099999","48.6","34.9666666","143.0","1993-09-27","  36.6","000000","999.9","  63.5","  41.2"," 15.5"," 0.00","1016.8","999.9","999.4","  51.0","  6.2","  9.7"
"34504099999","48.6","34.9666666","143.0","1993-09-28","  46.4","010000","999.9","  59.7","  48.6"," 23.3"," 0.00","1007.5","999.9","990.4","  53.9","  6.2"," 12.6"
"34504099999","48.6","34.9666666","143.0","1993-09-29","  28.5","010000","999.9","  44.8","  39.4"," 23.3"," 0.08","1011.6","999.9","994.0","  41.0","  6.2"," 20.4"
"34504099999","48.6","34.9666666","143.0","1993-09-30","  29.3","000000","999.9","  40.3","  36.0"," 15.5"," 0.00","1016.5","999.9","998.7","  37.9","  6.2"," 12.9"
"34504099999","48.6","34.9666666","143.0","1993-10-01","  31.7","000000","999.9","  41.4","  36.3"," 15.5"," 0.00","1024.0","999.9","006.1","  38.8","  6.2"," 11.7"
"34504099999","48.6","34.9666666","143.0","1993-10-02","  31.1","000000","999.9","  42.8","  30.9","  7.8"," 0.00","1029.0","999.9","011.0","  38.4","  6.2","  5.6"
"34504099999","48.6","34.9666666","143.0","1993-10-03","  30.4","000000","999.9","  52.9","  27.9"," 11.7"," 0.00","1029.7","999.9","011.6","  39.3","  6.2","  6.8"
"34504099999","48.6","34.9666666","143.0","1993-10-04","  31.6","000000","999.9","  54.7","  32.0"," 15.5"," 0.00","1029.0","999.9","011.1","  44.6","  6.2"," 12.5"
"34504099999","48.6","34.9666666","143.0","1993-10-05","  32.8","000000","999.9","  64.4","  39.7"," 21.4"," 0.00","1023.8","999.9","006.3","  50.8","  6.2"," 18.0"
"34504099999","48.6","34.9666666","143.0","1993-10-06","  39.7","000000","999.9","  64.6","  39.2"," 15.5"," 0.00","1020.8","999.9","003.2","  48.0","  6.2"," 11.4"
"34504099999","48.6","34.9666666","143.0","1993-10-07","  42.1","000000","999.9","  63.9","  42.6"," 15.5"," 0.00","1022.8","999.9","005.3","  50.7","  5.7"," 10.3"
"34504099999","48.6","34.9666666","143.0","1993-10-08","  49.4","110000","999.9","  61.2","  42.3","  5.8"," 0.00","1021.3","999.9","003.9","  52.8","  1.2","  2.4"
"34504099999","48.6","34.9666666","143.0","1993-10-09","  51.5","110000","999.9","  58.1","  46.6","999.9"," 0.02","1021.4","999.9","004.0","  52.6","  0.3","  0.0"
"34504099999","48.6","34.9666666","143.0","1993-10-10","  49.6","100000","999.9","  66.2","  41.2","  9.7"," 0.01","1021.7","999.9","003.8","  53.1","  3.4","  5.0"
"34504099999","48.6","34.9666666","143.0","1993-10-11","  51.5","010000","999.9","  55.8","  51.8","  9.7"," 0.00","1019.2","999.9","001.9","  53.1","  1.1","  5.0"
"34504099999","48.6","34.9666666","143.0","1993-10-12","  54.4","100000","999.9","  66.9","  51.4"," 11.7"," 0.02","1016.2","999.9","999.1","  57.2","  2.2","  5.8"
"34504099999","48.6","34.9666666","143.0","1993-10-13","  53.4","100000","999.9","  72.0","  48.0"," 17.5"," 0.00","1017.9","999.9","000.8","  58.5","  3.7","  9.4"
"34504099999","48.6","34.9666666","143.0","1993-10-14","  52.3","000000","999.9","  78.3","  50.9"," 17.5"," 0.00","1018.2","999.9","001.2","  62.7","  4.6"," 11.7"
"34504099999","48.6","34.9666666","143.0","1993-10-15","  52.9","000000","999.9","  69.4","  50.2"," 15.5"," 0.00","1016.0","999.9","998.8","  57.0","  2.8","  9.2"
"34504099999","48.6","34.9666666","143.0","1993-10-16","  49.7","000000","999.9","  76.3","  51.8"," 19.4"," 0.94","1018.0","999.9","000.9","  60.3","  4.6"," 13.2"
"34504099999","48.6","34.9666666","143.0","1993-10-17","  42.8","000000","999.9","  69.4","  45.7"," 11.7"," 0.00","1027.2","999.9","009.8","  54.3","  4.8","  6.4"
"34504099999","48.6","34.9666666","143.0","1993-10-18","  38.8","000000","999.9","  62.2","  41.2"," 19.4"," 0.00","1026.0","999.9","008.4","  49.9","  5.3"," 13.6"
"34504099999","48.6","34.9666666","143.0","1993-10-19","  25.9","000000","999.9","  46.2","  35.1"," 17.5"," 0.00","1040.2","999.9","022.0","  39.0","  6.2"," 11.9"
"34504099999","48.6","34.9666666","143.0","1993-10-20","  25.6","000000","999.9","  49.8","  28.6","  5.8"," 0.00","1033.8","999.9","015.8","  40.2","  6.2","  1.5"
"34504099999","48.6","34.9666666","143.0","1993-10-21","  33.2","000000","999.9","  53.6","  38.1","  9.7"," 0.00","1023.0","999.9","005.4","  45.9","  4.8","  4.4"
"34504099999","48.6","34.9666666","143.0","1993-10-22","  41.6","000000","999.9","  66.2","  41.4"," 13.6"," 0.00","1021.4","999.9","003.8","  49.1","  4.4","  9.2"
"34504099999","48.6","34.9666666","143.0","1993-10-23","  42.4","000000","999.9","  58.3","  39.9"," 11.7"," 0.00","1020.8","999.9","003.3","  49.3","  3.8","  9.2"
"34504099999","48.6","34.9666666","143.0","1993-10-24","  39.8","000000","999.9","  56.7","  44.8"," 15.5"," 0.00","1023.2","999.9","005.6","  46.8","  6.2","  9.5"
"34504099999","48.6","34.9666666","143.0","1993-10-25","  46.4","000000","999.9","  57.2","  33.3"," 13.6"," 0.00","1016.3","999.9","998.9","  48.0","  3.5","  8.6"
"34504099999","48.6","34.9666666","143.0","1993-10-26","  30.8","010000","999.9","  46.8","  34.0"," 15.5"," 0.04","1018.8","999.9","001.0","  39.5","  6.2"," 13.0"
"34504099999","48.6","34.9666666","143.0","1993-10-27","  30.8","010000","999.9","  38.8","  31.3"," 21.4"," 0.12","1019.0","999.9","001.0","  33.6","  5.1"," 11.7"
"34504099999","48.6","34.9666666","143.0","1993-10-28","  23.1","001000","999.9","  38.1","  24.8"," 13.6"," 0.00","1024.9","999.9","006.7","  31.4","  6.2"," 11.4"
"34504099999","48.6","34.9666666","143.0","1993-10-29","  31.7","010000","999.9","  43.0","  29.3"," 19.4"," 0.01","1019.7","999.9","001.8","  38.1","  5.9"," 14.7"
"34504099999","48.6","34.9666666","143.0","1993-10-30","  19.4","000000","999.9","  33.4","  27.0"," 19.4"," 0.00","1026.3","999.9","008.0","  30.6","  6.2"," 17.7"
"34504099999","48.6","34.9666666","143.0","1993-10-31","  17.5","000000","999.9","  41.0","  23.4"," 15.5"," 0.00","1029.5","999.9","011.2","  32.0","  6.2"," 13.4"
"34504099999","48.6","34.9666666","143.0","1993-11-01","  24.3","000000","999.9","  45.0","  24.6"," 13.6"," 0.00","1025.0"," 97.6","006.9","  34.1","  6.2","  9.7"
"34504099999","48.6","34.9666666","143.0","1993-11-02","  25.6","000000","999.9","  34.7","  25.3","  7.8"," 0.00","1029.6","999.9","011.3","  29.3","  4.3","  3.4"
"34504099999","48.6","34.9666666","143.0","1993-11-03","  25.3","000000","999.9","  40.8","  14.4","  5.8"," 0.00","1030.1","999.9","011.8","  29.5","  4.4","  1.9"
"34504099999","48.6","34.9666666","143.0","1993-11-04","  27.1","100000","999.9","  40.1","  23.4","  5.8"," 0.00","1027.8","999.9","009.5","  29.2","  1.2","  0.6"
"34504099999","48.6","34.9666666","143.0","1993-11-05","  31.9","100000","999.9","  42.4","  29.3","  9.7"," 0.00","1023.3","999.9","005.3","  35.5","  2.6","  4.6"
"34504099999","48.6","34.9666666","143.0","1993-11-06","  34.1","100000","999.9","  43.3","  29.7","  7.8"," 0.00","1022.0","999.9","004.0","  37.2","  2.2","  5.8"
"34504099999","48.6","34.9666666","143.0","1993-11-07","  34.2","010000","999.9","  45.3","  34.0"," 15.5"," 0.00","1021.6","999.9","003.7","  38.7","  3.3"," 11.4"
"34504099999","48.6","34.9666666","143.0","1993-11-08","  34.8","010000","999.9","  36.3","  34.9"," 13.6"," 0.08","1017.3","999.9","999.4","  35.7","  0.9","  9.7"
"34504099999","48.6","34.9666666","143.0","1993-11-09","  28.5","011000","999.9","  35.8","  24.6"," 19.4"," 0.00","1019.6","999.9","001.4","  30.8","  3.3"," 13.6"
"34504099999","48.6","34.9666666","143.0","1993-11-10","   5.9","000000"," 36.9","  20.7","  10.6"," 23.3"," 0.00","1034.7","  2.8","015.7","  15.4","  6.2"," 19.4"
"34504099999","48.6","34.9666666","143.0","1993-11-11","   0.6","000000","999.9","  14.7","   5.0"," 21.4"," 0.00","1042.1","  2.8","022.7","   9.9","  6.2"," 18.7"
"34504099999","48.6","34.9666666","143.0","1993-11-12","   4.0","000000","999.9","  18.3","   7.3"," 13.6"," 0.00","1040.5","  1.6","021.2","  12.5","  6.2"," 13.1"
"34504099999","48.6","34.9666666","143.0","1993-11-13","   6.4","000000","999.9","  22.8","  11.5"," 15.5"," 0.00","1037.8","999.9","018.8","  16.0","  6.2"," 11.7"
"34504099999","48.6","34.9666666","143.0","1993-11-14","   8.0","000000","999.9","  24.6","   7.7"," 13.6"," 0.00","1034.2","  1.6","015.2","  16.0","  4.8","  8.5"
"34504099999","48.6","34.9666666","143.0","1993-11-15","   9.3","000000","999.9","  23.7","  10.0"," 11.7"," 0.00","1033.2","  1.2","014.2","  15.7","  5.7"," 10.0"
"34504099999","48.6","34.9666666","143.0","1993-11-16","   9.3","000000","999.9","  23.9","  11.8"," 13.6"," 0.00","1032.2","999.9","013.2","  16.5","  6.2"," 11.9"
"34504099999","48.6","34.9666666","143.0","1993-11-17","   6.8","000000","999.9","  19.9","  10.9"," 15.5"," 0.00","1030.2","  0.8","011.3","  14.8","  6.2"," 14.9"
"34504099999","48.6","34.9666666","143.0","1993-11-18","   2.0","000000","999.9","  17.1","   7.0"," 15.5"," 0.00","1032.9","  0.8","013.7","  11.4","  6.2"," 13.4"
"34504099999","48.6","34.9666666","143.0","1993-11-19","   1.5","000000","999.9","  14.5","   3.0","  9.7"," 0.00","1036.7","  0.8","017.4","   8.1","  3.9","  6.3"
"34504099999","48.6","34.9666666","143.0","1993-11-20","   5.8","000000","999.9","  17.1","   4.5"," 15.5"," 0.00","1041.2","  0.8","021.9","  10.9","  3.0"," 10.2"
"34504099999","48.6","34.9666666","143.0","1993-11-21","  13.3","000000","999.9","  23.0","  12.9"," 21.4"," 0.00","1041.0","  0.4","022.0","  18.1","  5.0"," 17.3"
"34504099999","48.6","34.9666666","143.0","1993-11-22","   6.9","000000","999.9","  24.3","  11.1"," 19.4"," 0.00","1040.8","  0.4","021.8","  16.8","  6.2"," 17.2"
"34504099999","48.6","34.9666666","143.0","1993-11-23","   7.5","000000","999.9","  21.2","  12.0"," 15.5"," 0.00","1038.6","  0.4","019.5","  15.8","  5.4"," 14.6"
"34504099999","48.6","34.9666666","143.0","1993-11-24","  10.0","000000","999.9","  25.0","  11.3"," 17.5"," 0.00","1044.2","  0.4","025.1","  16.5","  6.2"," 16.3"
"34504099999","48.6","34.9666666","143.0","1993-11-25","   6.0","000000","999.9","  19.6","   8.8"," 17.5"," 0.00","1044.3","  0.4","025.0","  12.4","  6.2"," 16.1"
"34504099999","48.6","34.9666666","143.0","1993-11-26","   6.8","000000","999.9","  22.3","   7.0"," 15.5"," 0.00","1043.0","  0.4","023.8","  13.8","  6.2"," 14.8"
"34504099999","48.6","34.9666666","143.0","1993-11-27","   7.5","000000","999.9","  20.3","   7.5"," 13.6"," 0.00","1040.5","  0.4","021.0","  12.2","  3.2"," 10.5"
"34504099999","48.6","34.9666666","143.0","1993-11-28","   7.2","000000","999.9","  20.8","   6.3"," 11.7"," 0.00","1038.5","  0.4","019.3","  12.7","  5.7","  9.0"
"34504099999","48.6","34.9666666","143.0","1993-11-29","  12.3","001000","999.9","  18.5","   7.9"," 15.5"," 0.00","1044.0","  0.4","024.8","  15.9","  5.1"," 12.8"
"34504099999","48.6","34.9666666","143.0","1993-11-30","  16.1","001000","999.9","  22.3","  13.5"," 17.5"," 0.00","1038.3","  0.4","019.5","  20.4","  4.8"," 15.5"
"34504099999","48.6","34.9666666","143.0","1993-12-01","   8.5","000000","999.9","  17.6","   9.3"," 17.5"," 0.00","1033.1","  0.4","014.1","  13.7","  6.2"," 16.3"
"34504099999","48.6","34.9666666","143.0","1993-12-02","   4.3","000000","999.9","  19.0","   4.8"," 15.5"," 0.00","1035.5","  0.4","016.2","   9.1","  5.4"," 13.0"
"34504099999","48.6","34.9666666","143.0","1993-12-03","   5.1","001000","999.9","  22.5","   4.5"," 11.7"," 0.00","1028.1","  0.4","009.0","  11.6","  5.3","  6.6"
"34504099999","48.6","34.9666666","143.0","1993-12-04","   8.3","001000","999.9","  17.6","   5.9","  9.7"," 0.08","1021.3","  1.6","002.5","  11.9","  3.9","  5.3"
"34504099999","48.6","34.9666666","143.0","1993-12-05","   3.8","000000","999.9","  14.2","  -0.8"," 13.6"," 0.00","1027.0","  1.6","007.8","   8.3","  4.8","  8.3"
"34504099999","48.6","34.9666666","143.0","1993-12-06","  17.1","101000","999.9","  23.9","  12.4"," 13.6"," 0.00","1023.7","  1.6","005.0","  18.4","  1.1","  8.3"
"34504099999","48.6","34.9666666","143.0","1993-12-07","  26.4","100000","999.9","  33.1","  20.7","  5.8"," 0.00","1027.0","  2.0","008.6","  26.7","  0.5","  2.7"
"34504099999","48.6","34.9666666","143.0","1993-12-08","  24.2","100000","999.9","  28.6","  18.7"," 13.6"," 0.00","1022.0","  1.6","003.6","  24.5","  0.5","  7.0"
"34504099999","48.6","34.9666666","143.0","1993-12-09","  29.3","111000","999.9","  31.6","  26.4"," 11.7"," 0.00","1011.5","  1.6","993.5","  29.5","  0.7","  8.3"
"34504099999","48.6","34.9666666","143.0","1993-12-10","  32.5","110000","999.9","  34.9","  31.1"," 15.5"," 0.16","1010.8","  1.6","992.8","  32.8","  0.9"," 10.0"
"34504099999","48.6","34.9666666","143.0","1993-12-11","  31.0","000000","999.9","  35.6","  30.7"," 11.7"," 0.04","1014.4","  0.8","996.4","  33.1","  4.2","  7.1"
"34504099999","48.6","34.9666666","143.0","1993-12-12","  38.2","111000","999.9","  42.4","  31.8"," 17.5"," 0.12","1002.4","  0.4","984.9","  39.1","  1.8"," 14.4"
"34504099999","48.6","34.9666666","143.0","1993-12-13","  29.5","000000","999.9","  36.1","  27.3"," 17.5"," 0.20","1012.7","999.9","994.8","  32.5","  2.5"," 11.7"
"34504099999","48.6","34.9666666","143.0","1993-12-14","  29.6","100000","999.9","  39.0","  24.3"," 17.5"," 0.00","1021.1","999.9","003.0","  31.9","  2.0"," 11.2"
"34504099999","48.6","34.9666666","143.0","1993-12-15","  32.2","100000","999.9","  35.8","  32.9"," 17.5"," 0.00","1018.3","999.9","000.3","  33.9","  3.2"," 12.6"
"34504099999","48.6","34.9666666","143.0","1993-12-16","  39.1","100000","999.9","  42.8","  34.9"," 13.6"," 0.01","1010.8","999.9","993.1","  39.8","  1.7"," 12.1"
"34504099999","48.6","34.9666666","143.0","1993-12-17","  43.0","110000","999.9","  66.0","  40.8"," 13.6"," 0.16","1002.9","999.9","985.5","  43.3","  0.5"," 11.2"
"34504099999","48.6","34.9666666","143.0","1993-12-18","  32.7","011000","999.9","  37.4","  32.4"," 17.5"," 0.00","1009.8","  0.4","992.0","  34.7","  2.3"," 17.0"
"34504099999","48.6","34.9666666","143.0","1993-12-19","  30.4","011000","999.9","  36.9","  29.7"," 15.5"," 0.04","1021.9","999.9","003.9","  33.8","  5.1"," 15.0"
"34504099999","48.6","34.9666666","143.0","1993-12-20","  33.4","000000","999.9","  57.4","  28.2"," 19.4"," 0.00","1009.4","999.9","991.6","  38.7","  5.1"," 15.3"
"34504099999","48.6","34.9666666","143.0","1993-12-21","  36.9","110000","999.9","  41.2","  34.9"," 13.6"," 0.24","1002.5","999.9","984.9","  38.0","  1.9","  8.3"
"34504099999","48.6","34.9666666","143.0","1993-12-22","  32.2","011000","999.9","  41.9","  32.4"," 13.6"," 0.08","1006.3","999.9","988.5","  34.5","  2.1"," 11.1"
"34504099999","48.6","34.9666666","143.0","1993-12-23","  24.9","000000"," 35.0","  34.2","  26.4"," 25.3"," 0.35","1016.2","  3.1","998.1","  29.2","  6.2"," 13.9"
"34504099999","48.6","34.9666666","143.0","1993-12-24","  26.4","000000","999.9","  36.3","  26.1"," 13.6"," 0.00","1019.3","  1.6","001.1","  30.2","  5.3","  9.7"
"34504099999","48.6","34.9666666","143.0","1993-12-25","  29.4","000000","999.9","  35.6","  25.3"," 13.6"," 0.00","1017.6","  1.2","999.5","  30.9","  1.8"," 10.0"
"34504099999","48.6","34.9666666","143.0","1993-12-26","  37.1","010000","999.9","  43.2","  34.5"," 13.6"," 0.00","1015.6","  0.8","997.9","  38.6","  3.8","  9.2"
"34504099999","48.6","34.9666666","143.0","1993-12-27","  38.6","111000","999.9","  40.3","  37.6","  7.8"," 0.39","1015.4","999.9","998.3","  38.6","  0.3","  5.1"
"34504099999","48.6","34.9666666","143.0","1993-12-28","  34.8","010000","999.9","  38.5","  32.9"," 15.5"," 0.00","1010.4","999.9","992.6","  35.5","  1.6"," 10.7"
"34504099999","48.6","34.9666666","143.0","1993-12-29","  30.5","111000","999.9","  32.4","  29.5"," 11.7"," 0.63","1017.3","  0.8","999.3","  31.4","  1.7","  8.0"
"34504099999","48.6","34.9666666","143.0","1993-12-30","  27.7","101000","999.9","  30.9","  27.9","  7.8"," 0.04","1023.1","  0.4","004.8","  28.7","  1.0","  5.3"
"34504099999","48.6","34.9666666","143.0","1993-12-31","  30.3","100000","999.9","  32.7","  27.7","  5.8"," 0.00","1024.6","999.9","006.8","  30.6","  1.1","  2.9"
"34504099999","48.6","34.9666666","143.0","1994-01-01","  31.3","100000","999.9","  36.9","  30.0"," 13.6"," 0.00","1018.3","  0.4","000.3","  32.6","  3.6"," 10.4"
"34504099999","48.6","34.9666666","143.0","1994-01-02","  29.6","100000","999.9","  31.5","  26.6"," 11.7"," 0.00","1009.4","  0.4","991.4","  29.8","  0.6","  8.0"
"34504099999","48.6","34.9666666","143.0","1994-01-03","  30.7","100000","999.9","  32.4","  30.2","999.9"," 0.00","1008.0","  0.4","990.0","  31.2","  0.6","  0.0"
"34504099999","48.6","34.9666666","143.0","1994-01-04","  29.9","100000","999.9","  33.3","  27.3","  3.9"," 0.00","1016.3","999.9","998.2","  30.8","  1.0","  0.6"
"34504099999","48.6","34.9666666","143.0","1994-01-05","  25.1","100000","999.9","  33.4","  22.6"," 17.5"," 0.08","1019.8","999.9","001.7","  29.3","  1.8","  9.7"
"34504099999","48.6","34.9666666","143.0","1994-01-06","  32.7","010000","999.9","  38.5","  32.2"," 15.5"," 0.16","1015.1","999.9","997.2","  34.3","  2.0","  7.5"
"34504099999","48.6","34.9666666","143.0","1994-01-07","  36.7","110000","999.9","  43.3","  32.7"," 11.7"," 0.00","1019.5","999.9","001.6","  37.0","  0.4","  7.5"
"34504099999","48.6","34.9666666","143.0","1994-01-08","  43.1","110000","999.9","  45.0","  40.6","  9.7"," 5.51","1022.0","999.9","004.3","  43.1","  0.1","  6.7"
"34504099999","48.6","34.9666666","143.0","1994-01-09","9999.9","110000","999.9","  42.3","  39.6","  9.7"," 0.00","1022.9","999.9","005.1","  40.9","  0.2","  6.9"
"34504099999","48.6","34.9666666","143.0","1994-01-10","  38.8","100000","999.9","  41.0","  35.2","  9.7"," 0.00","1021.1","999.9","003.2","  38.8","  0.2","  4.6"
"34504099999","48.6","34.9666666","143.0","1994-01-11","  32.7","100000","999.9","  34.5","  31.6","  9.7"," 0.00","1015.9","999.9","997.9","  33.1","  0.4","  4.4"
"34504099999","48.6","34.9666666","143.0","1994-01-12","  32.9","000000","999.9","  36.0","  33.4","  7.8"," 0.00","1021.5","999.9","003.5","  34.5","  1.7","  2.4"
"34504099999","48.6","34.9666666","143.0","1994-01-13","  33.5","100000","999.9","  36.5","  33.6","  3.9"," 0.00","1024.8","999.9","006.7","  34.8","  1.6","  0.5"
"34504099999","48.6","34.9666666","143.0","1994-01-14","  35.6","110000","999.9","  36.7","  34.3","  9.7"," 0.00","1021.3","999.9","003.2","  35.6","  0.1","  5.3"
"34504099999","48.6","34.9666666","143.0","1994-01-15","  32.5","100000","999.9","  35.2","  30.2","  5.8"," 0.00","1013.9","999.9","995.9","  32.5","  0.2","  2.4"
"34504099999","48.6","34.9666666","143.0","1994-01-16","  31.0","111000","999.9","  32.7","  30.2","  7.8"," 0.00","1006.8","999.9","988.9","  31.4","  0.6","  1.9"
"34504099999","48.6","34.9666666","143.0","1994-01-17","  29.9","001000","999.9","  37.9","  31.1","  7.8"," 0.12","1018.8","  0.8","000.7","  32.5","  3.9","  5.8"
"34504099999","48.6","34.9666666","143.0","1994-01-18","  31.7","111000","999.9","  36.5","  30.9"," 13.6"," 0.12","1022.0","  0.8","004.0","  34.5","  2.9"," 11.1"
"34504099999","48.6","34.9666666","143.0","1994-01-19","  22.1","001000","999.9","  31.1","  19.9"," 15.5"," 0.01","1022.9","  0.4","004.6","  27.1","  5.0"," 10.0"
"34504099999","48.6","34.9666666","143.0","1994-01-20","  17.1","001000","999.9","  31.1","  13.5"," 19.4"," 0.08","1027.1","  1.6","008.5","  22.1","  5.1"," 13.1"
"34504099999","48.6","34.9666666","143.0","1994-01-21","  16.2","000000","999.9","  24.8","  11.3","999.9"," 0.00","1030.1","  1.6","011.4","  19.0","  2.0","  0.0"
"34504099999","48.6","34.9666666","143.0","1994-01-22","  21.4","100000","999.9","  29.5","  13.3"," 11.7"," 0.00","1024.8","  1.6","006.2","  23.0","  1.0","  6.6"
"34504099999","48.6","34.9666666","143.0","1994-01-23","  31.1","000000","999.9","  35.8","  27.7"," 15.5"," 0.00","1017.2","  0.8","999.5","  33.5","  1.8"," 11.9"
"34504099999","48.6","34.9666666","143.0","1994-01-24","  30.9","001000","999.9","  33.6","  29.3"," 15.5"," 0.00","1005.8","  1.6","987.9","  32.2","  1.9"," 13.3"
"34504099999","48.6","34.9666666","143.0","1994-01-25","  25.2","000000","999.9","  36.1","  25.5"," 15.5"," 0.12","1006.3","  1.2","988.4","  30.0","  4.8"," 11.9"
"34504099999","48.6","34.9666666","143.0","1994-01-26","  26.6","100000","999.9","  34.0","  22.3","  9.7"," 0.00","1006.5","  1.2","988.5","  28.3","  2.4","  8.3"
"34504099999","48.6","34.9666666","143.0","1994-01-27","  30.9","101000","999.9","  35.2","  31.8","  9.7"," 0.00","1008.2","  0.8","990.3","  33.0","  1.6","  5.1"
"34504099999","48.6","34.9666666","143.0","1994-01-28","  28.4","000000","999.9","  42.1","  27.0"," 17.5"," 0.00","1011.9","  0.8","993.9","  33.1","  4.7"," 12.1"
"34504099999","48.6","34.9666666","143.0","1994-01-29","  31.0","100000","999.9","  34.7","  29.7"," 13.6"," 0.00","1007.1","999.9","989.3","  32.3","  1.0","  7.3"
"34504099999","48.6","34.9666666","143.0","1994-01-30","  18.3","001000","999.9","  32.9","  20.5"," 19.4"," 0.00","1014.4","999.9","996.2","  27.7","  6.2"," 13.8"
"34504099999","48.6","34.9666666","143.0","1994-01-31","  18.0","001000","999.9","  30.2","  15.8"," 13.6"," 0.00","1014.2","999.9","995.9","  23.8","  5.7"," 10.4"
"34504099999","48.6","34.9666666","143.0","1994-02-01","  27.7","001000","999.9","  32.9","  25.7"," 13.6"," 0.20","1014.5","  3.1","996.4","  29.1","  2.1","  8.6"
"34504099999","48.6","34.9666666","143.0","1994-02-02","  28.9","101000","999.9","  31.8","  28.2","  7.8"," 0.04","1019.1","  2.8","000.9","  29.4","  0.6","  5.0"
"34504099999","48.6","34.9666666","143.0","1994-02-03","  30.9","011000","999.9","  34.5","  26.6"," 13.6"," 0.12","1012.5","  2.8","994.4","  31.7","  0.8","  8.3"
"34504099999","48.6","34.9666666","143.0","1994-02-04","  29.5","001000","999.9","  32.9","  29.1"," 11.7"," 0.20","1007.6","  4.3","989.4","  31.1","  1.1","  5.3"
"34504099999","48.6","34.9666666","143.0","1994-02-05","  28.9","101000","999.9","  33.4","  25.3"," 11.7"," 0.16","1018.6","  5.5","000.5","  30.3","  0.6","  5.0"
"34504099999","48.6","34.9666666","143.0","1994-02-06","  14.2","000000","999.9","  24.4","  15.1","  7.8"," 0.00","1029.6","  4.3","010.8","  18.4","  3.5","  5.0"
"34504099999","48.6","34.9666666","143.0","1994-02-07","  19.4","001000","999.9","  37.9","  13.8","  9.7"," 0.00","1022.0","  3.9","003.5","  23.6","  1.4","  3.4"
"34504099999","48.6","34.9666666","143.0","1994-02-08","   2.9","000000","999.9","  14.5","   6.1"," 11.7"," 0.02","1024.8","999.9","005.7","  10.2","  5.5","  9.7"
"34504099999","48.6","34.9666666","143.0","1994-02-09","  -2.7","000000","999.9","  12.2","  -2.0"," 11.7"," 0.00","1033.2","  3.9","013.8","   4.4","  5.3","  7.5"
"34504099999","48.6","34.9666666","143.0","1994-02-10","   5.8","000000","999.9","  37.6","  -1.7","  5.8"," 0.00","1026.1","  3.5","007.2","  12.8","  3.1","  5.6"
"34504099999","48.6","34.9666666","143.0","1994-02-11","   9.9","001000","999.9","  22.3","   5.5"," 15.5"," 0.00","1021.4","  3.9","002.7","  16.6","  4.2","  9.7"
"34504099999","48.6","34.9666666","143.0","1994-02-12"," -12.0","000000","999.9","   2.7"," -12.1"," 19.4"," 0.00","1033.1","  3.5","013.2","  -5.4","  6.2"," 16.4"
"34504099999","48.6","34.9666666","143.0","1994-02-13"," -12.2","000000","999.9","   5.0"," -15.9"," 19.4"," 0.00","1037.1","  3.5","017.2","  -5.5","  4.7"," 13.6"
"34504099999","48.6","34.9666666","143.0","1994-02-14","   2.5","001000","999.9","  15.1","   1.6"," 15.5"," 0.00","1031.3","  3.5","012.2","   9.4","  4.8"," 12.9"
"34504099999","48.6","34.9666666","143.0","1994-02-15","  -1.5","000000","999.9","  10.4","  -2.6"," 15.5"," 0.00","1037.1","  3.5","017.5","   3.9","  6.2"," 13.4"
"34504099999","48.6","34.9666666","143.0","1994-02-16","   2.2","000000","999.9","  23.5","  -1.7","  9.7"," 0.00","1036.2","  3.1","016.8","  10.4","  6.2","  6.6"
"34504099999","48.6","34.9666666","143.0","1994-02-17","   8.2","000000","999.9","  22.3","   6.6","  5.8"," 0.00","1037.7","  3.1","018.6","  14.1","  5.1","  2.9"
"34504099999","48.6","34.9666666","143.0","1994-02-18","  13.6","000000","999.9","  30.4","   8.1","  7.8"," 0.00","1034.7","  3.1","015.8","  18.2","  4.3","  5.3"
"34504099999","48.6","34.9666666","143.0","1994-02-19","  20.6","000000","999.9","  32.0","  23.5"," 15.5"," 0.00","1028.7","  3.1","010.3","  27.7","  3.0"," 10.8"
"34504099999","48.6","34.9666666","143.0","1994-02-20","  17.5","000000","999.9","  31.8","  22.3"," 17.5"," 0.00","1022.3","  2.4","003.9","  25.7","  3.6"," 14.2"
"34504099999","48.6","34.9666666","143.0","1994-02-21","  18.6","011000","999.9","  26.2","  17.6"," 15.5"," 0.00","1018.5","999.9","000.1","  22.2","  2.0"," 13.0"
"34504099999","48.6","34.9666666","143.0","1994-02-22","  18.9","001000","999.9","  23.5","  19.0"," 15.5"," 0.00","1019.4","  2.4","000.9","  21.5","  1.4"," 14.6"
"34504099999","48.6","34.9666666","143.0","1994-02-23","  22.9","001000","999.9","  29.3","  20.7","  7.8"," 0.00","1019.4","  2.4","001.1","  25.2","  1.2","  2.2"
"34504099999","48.6","34.9666666","143.0","1994-02-24","  24.1","000000","999.9","  31.1","  22.6"," 13.6"," 0.12","1017.2","  3.5","999.0","  27.3","  2.0","  8.9"
"34504099999","48.6","34.9666666","143.0","1994-02-25","  32.1","000000","999.9","  40.1","  30.0","  9.7"," 0.00","1014.5","  3.5","996.6","  34.5","  1.7","  6.3"
"34504099999","48.6","34.9666666","143.0","1994-02-26","  31.0","101000","999.9","  34.5","  28.8"," 17.5"," 0.04","1016.5","  2.0","998.5","  32.4","  0.5","  8.0"
"34504099999","48.6","34.9666666","143.0","1994-02-27","  20.6","000000","999.9","  34.2","  21.6"," 13.6"," 0.00","1024.1","  1.6","005.8","  28.4","  3.0","  9.7"
"34504099999","48.6","34.9666666","143.0","1994-02-28","  30.4","000000","999.9","  48.9","  30.0"," 15.5"," 3.98","1018.9","  0.4","001.0","  37.0","  2.3"," 11.9"
"34504099999","48.6","34.9666666","143.0","1994-03-01","  33.1","000000","999.9","  45.7","  33.8"," 17.5"," 0.00","1015.7","999.9","997.9","  38.6","  1.1"," 12.6"
"34504099999","48.6","34.9666666","143.0","1994-03-02","  28.7","111000","999.9","  35.4","  27.7"," 13.6"," 0.00","1025.0","999.9","006.8","  30.8","  1.3"," 10.0"
"34504099999","48.6","34.9666666","143.0","1994-03-03","  26.2","011000","999.9","  29.7","  25.5"," 13.6"," 0.35","1018.8","  2.0","000.6","  27.5","  1.6","  9.7"
"34504099999","48.6","34.9666666","143.0","1994-03-04","  27.9","101000"," 38.9","  31.8","  25.5","  9.7"," 0.91","1014.3"," 51.2","996.2","  28.4","  0.5","  4.3"
"34504099999","48.6","34.9666666","143.0","1994-03-05","  23.7","101000","999.9","  31.5","  23.4"," 11.7"," 0.28","1019.0","999.9","000.5","  26.2","  1.3","  3.0"
"34504099999","48.6","34.9666666","143.0","1994-03-06","  16.7","001000","999.9","  27.1","  15.4"," 17.5"," 0.08","1021.8","  8.7","003.2","  20.3","  2.9"," 12.9"
"34504099999","48.6","34.9666666","143.0","1994-03-07","  15.2","000000","999.9","  25.3","  12.7","  7.8"," 0.00","1020.8","  7.9","002.3","  20.3","  2.4","  5.1"
"34504099999","48.6","34.9666666","143.0","1994-03-08","  21.1","000000","999.9","  31.5","  22.1","999.9"," 0.00","1021.2","  7.5","002.8","  25.7","  1.2","  0.0"
"34504099999","48.6","34.9666666","143.0","1994-03-09","  18.5","000000","999.9","  28.4","  18.5","  9.7"," 0.00","1026.4","  5.9","007.9","  24.0","  3.4","  7.5"
"34504099999","48.6","34.9666666","143.0","1994-03-10","  17.2","011000","999.9","  28.0","  17.8","  9.7"," 0.00","1029.0","  7.1","010.4","  22.1","  2.8","  7.4"
"34504099999","48.6","34.9666666","143.0","1994-03-11","  24.4","001000","999.9","  36.1","  22.6"," 15.5"," 0.08","1023.9","  6.7","005.5","  28.7","  2.0"," 10.8"
"34504099999","48.6","34.9666666","143.0","1994-03-12","  24.6","100000","999.9","  34.9","  28.9"," 15.5"," 0.00","1025.7","  6.3","007.5","  30.6","  3.0"," 11.2"
"34504099999","48.6","34.9666666","143.0","1994-03-13","  25.1","001000","999.9","  35.1","  11.8"," 11.7"," 0.00","1022.4","999.9","004.1","  29.8","  3.6","  7.2"
"34504099999","48.6","34.9666666","143.0","1994-03-14","  28.6","001000","999.9","  34.9","  23.5"," 19.4"," 0.28","1007.5","  5.1","989.6","  30.9","  1.9"," 12.4"
"34504099999","48.6","34.9666666","143.0","1994-03-15","  31.4","010000","999.9","  39.9","  26.6"," 27.2"," 0.06","1004.1","  6.7","986.3","  33.6","  2.4"," 10.8"
"34504099999","48.6","34.9666666","143.0","1994-03-16","  30.7","110000","999.9","  38.5","  27.9"," 13.6"," 0.24","1006.6","  5.9","988.8","  33.2","  2.9","  8.5"
"34504099999","48.6","34.9666666","143.0","1994-03-17","  30.6","001000","999.9","  41.0","  33.3"," 19.4"," 0.00","1007.4","  3.9","989.6","  34.8","  3.4"," 15.1"
"34504099999","48.6","34.9666666","143.0","1994-03-18","  29.6","000000","999.9","  44.2","  31.1"," 17.5"," 0.00","1013.0","  3.9","995.2","  36.0","  4.0","  9.3"
"34504099999","48.6","34.9666666","143.0","1994-03-19","  27.7","000000","999.9","  48.4","  29.1"," 13.6"," 0.00","1018.3","  1.6","000.4","  38.7","  4.1","  8.8"
"34504099999","48.6","34.9666666","143.0","1994-03-20","  32.8","010000"," 46.6","  50.0","  34.9"," 29.1"," 0.00","1010.2","  0.4","992.7","  41.6","  4.5"," 17.7"
"34504099999","48.6","34.9666666","143.0","1994-03-21","  30.9","011000","999.9","  39.0","  29.7"," 17.5"," 0.35","1010.4","  3.1","992.5","  34.0","  2.3","  9.7"
"34504099999","48.6","34.9666666","143.0","1994-03-22","  24.7","001000","999.9","  38.8","  26.6","  9.7"," 0.67","1022.2","  0.8","004.1","  31.4","  4.8","  5.8"
"34504099999","48.6","34.9666666","143.0","1994-03-23","  21.3","000000","999.9","  38.7","  26.1"," 15.5"," 0.03","1028.7","999.9","010.4","  30.7","  5.1"," 10.1"
"34504099999","48.6","34.9666666","143.0","1994-03-24","  25.6","010000"," 38.9","  45.3","  25.7"," 29.1"," 0.00","1021.6","999.9","003.5","  33.9","  4.3"," 18.8"
"34504099999","48.6","34.9666666","143.0","1994-03-25","  34.6","010000","999.9","  49.3","  32.2"," 19.4"," 0.02","1007.0","999.9","989.4","  39.9","  3.5"," 12.6"
"34504099999","48.6","34.9666666","143.0","1994-03-26","  39.1","000000","999.9","  65.7","  31.3"," 21.4"," 0.02","1002.9","999.9","985.8","  51.1","  5.1"," 13.9"
"34504099999","48.6","34.9666666","143.0","1994-03-27","  34.6","000000","999.9","  48.0","  40.6"," 17.5"," 0.04","1009.6","999.9","992.1","  44.4","  4.0"," 11.2"
"34504099999","48.6","34.9666666","143.0","1994-03-28","  25.2","000000","999.9","  46.4","  34.3","  9.7"," 0.00","1019.4","999.9","001.6","  39.0","  2.1","  4.2"
"34504099999","48.6","34.9666666","143.0","1994-03-29","  29.8","001000","999.9","  36.1","  30.2"," 13.6"," 0.00","1025.0","999.9","006.8","  32.9","  1.4"," 10.8"
"34504099999","48.6","34.9666666","143.0","1994-03-30","  25.8","000000","999.9","  43.0","  27.5","  9.7"," 0.00","1029.2","999.9","011.0","  34.4","  1.9","  6.6"
"34504099999","48.6","34.9666666","143.0","1994-03-31","  30.8","000000","999.9","  45.9","  32.4"," 13.6"," 0.00","1024.5","999.9","006.4","  38.3","  1.7"," 10.7"
"34504099999","48.6","34.9666666","143.0","1994-04-01","  29.0","000000","999.9","  60.1","  32.7"," 13.6"," 0.00","1017.3","999.9","999.7","  44.1","  1.3","  7.0"
"34504099999","48.6","34.9666666","143.0","1994-04-02","  32.4","000000","999.9","  58.1","  33.3","  9.7"," 0.00","1014.9","999.9","997.4","  46.2","  3.3","  6.1"
"34504099999","48.6","34.9666666","143.0","1994-04-03","  28.7","000000","999.9","  59.0","  35.2"," 17.5"," 0.00","1016.8","999.9","999.2","  46.7","  4.5"," 11.9"
"34504099999","48.6","34.9666666","143.0","1994-04-04","  35.3","000000","999.9","  60.1","  40.3"," 15.5"," 0.00","1022.3","999.9","004.9","  50.2","  4.7","  7.3"
"34504099999","48.6","34.9666666","143.0","1994-04-05","  39.3","010000","999.9","  64.4","  43.2"," 15.5"," 0.00","1020.5","999.9","003.0","  52.6","  3.5","  4.6"
"34504099999","48.6","34.9666666","143.0","1994-04-06","  38.6","000000"," 36.9","  64.8","  46.2"," 25.3"," 0.00","1013.1","999.9","995.9","  53.5","  3.4"," 18.9"
"34504099999","48.6","34.9666666","143.0","1994-04-07","  40.1","010000","999.9","  63.5","  43.2"," 15.5"," 0.00","1009.4","999.9","992.2","  51.0","  5.7"," 11.9"
"34504099999","48.6","34.9666666","143.0","1994-04-08","  39.8","010000","999.9","  58.8","  37.2"," 13.6"," 0.00","1009.4","999.9","991.9","  45.4","  2.5","  9.7"
"34504099999","48.6","34.9666666","143.0","1994-04-09","  43.1","110000","999.9","  46.4","  41.9"," 13.6"," 0.35","1008.8","999.9","991.4","  44.3","  1.1"," 10.3"
"34504099999","48.6","34.9666666","143.0","1994-04-10","  42.9","110000","999.9","  53.6","  34.2","  9.7"," 0.08","1013.5","999.9","996.0","  44.9","  1.6","  4.7"
"34504099999","48.6","34.9666666","143.0","1994-04-11","  43.2","000000","999.9","  52.3","  43.7","  9.7"," 0.00","1020.7","999.9","003.1","  46.5","  3.3","  5.8"
"34504099999","48.6","34.9666666","143.0","1994-04-12","  45.6","000000","999.9","  63.0","  43.3","  7.8"," 0.00","1022.8","999.9","005.5","  53.2","  4.9","  6.6"
"34504099999","48.6","34.9666666","143.0","1994-04-13","  43.2","000000","999.9","  74.8","  45.5"," 13.6"," 0.00","1019.0","999.9","001.9","  60.4","  4.5"," 10.2"
"34504099999","48.6","34.9666666","143.0","1994-04-14","  43.4","010000","999.9","  70.7","  51.8"," 15.5"," 0.01","1016.2","999.9","999.1","  59.6","  5.7"," 12.4"
"34504099999","48.6","34.9666666","143.0","1994-04-15","  43.5","000000","999.9","  73.4","  48.9"," 11.7"," 0.00","1018.8","999.9","001.7","  60.9","  5.3","  8.0"
"34504099999","48.6","34.9666666","143.0","1994-04-16","  35.0","000000","999.9","  71.4","  44.1","  5.8"," 0.00","1019.8","999.9","002.7","  59.0","  5.3","  5.1"
"34504099999","48.6","34.9666666","143.0","1994-04-17","  39.5","000000","999.9","  74.3","  49.3","  7.8"," 0.00","1014.6","999.9","997.6","  62.5","  4.7","  2.4"
"34504099999","48.6","34.9666666","143.0","1994-04-18","  42.8","000000","999.9","  76.5","  48.7"," 19.4"," 0.00","1004.1","999.9","987.4","  64.4","  5.8"," 14.2"
"34504099999","48.6","34.9666666","143.0","1994-04-19","  38.4","000000","999.9","  62.6","  45.7"," 17.5"," 0.00","1007.7","999.9","990.5","  51.3","  6.2"," 11.7"
"34504099999","48.6","34.9666666","143.0","1994-04-20","  26.6","000000","999.9","  59.4","  41.7"," 15.5"," 0.00","1013.5","999.9","996.2","  51.8","  6.2"," 12.4"
"34504099999","48.6","34.9666666","143.0","1994-04-21","  39.9","010000","999.9","  50.5","  43.5"," 17.5"," 1.14","1009.5","999.9","992.1","  46.8","  3.6"," 15.0"
"34504099999","48.6","34.9666666","143.0","1994-04-22","  41.7","010000","999.9","  44.1","  38.3"," 17.5"," 0.79","1008.0","999.9","990.5","  42.3","  3.0"," 11.9"
"34504099999","48.6","34.9666666","143.0","1994-04-23","  46.2","100000","999.9","  50.9","  43.0"," 11.7"," 0.00","1007.1","999.9","989.8","  47.2","  1.2","  8.3"
"34504099999","48.6","34.9666666","143.0","1994-04-24","  50.3","110000","999.9","  55.9","  46.9"," 15.5"," 0.43","1004.3","999.9","987.2","  51.0","  1.5"," 10.0"
"34504099999","48.6","34.9666666","143.0","1994-04-25","  48.4","110000","999.9","  55.9","  48.2"," 11.7"," 0.24","1008.3","999.9","991.0","  49.6","  4.6","  9.1"
"34504099999","48.6","34.9666666","143.0","1994-04-26","  47.7","100000","999.9","  61.9","  46.0","  5.8"," 0.00","1016.4","999.9","999.2","  55.2","  5.4","  3.2"
"34504099999","48.6","34.9666666","143.0","1994-04-27","  48.0","000000","999.9","  66.9","  48.0","  9.7"," 0.00","1019.6","999.9","002.3","  55.3","  5.0","  5.6"
"34504099999","48.6","34.9666666","143.0","1994-04-28","  42.1","000000","999.9","  70.2","  48.0"," 15.5"," 0.00","1024.1","999.9","006.9","  57.7","  5.7"," 11.7"
"34504099999","48.6","34.9666666","143.0","1994-04-29","  36.1","000000","999.9","  69.3","  48.0"," 15.5"," 0.00","1024.6","999.9","007.3","  57.6","  6.2"," 12.2"
"34504099999","48.6","34.9666666","143.0","1994-04-30","  30.4","000000","999.9","  70.0","  49.8"," 15.5"," 0.31","1018.4","999.9","001.3","  60.0","  6.2","  9.7"
"34504099999","48.6","34.9666666","143.0","1994-05-01","  33.2","000000","999.9","  71.8","  51.1","  7.8"," 0.00","1012.7","999.9","995.8","  61.5","  6.2","  2.4"
"34504099999","48.6","34.9666666","143.0","1994-05-02","  42.9","010000","999.9","  70.7","  46.9"," 15.5"," 0.00","1008.6","999.9","991.7","  57.0","  5.3","  7.3"
"34504099999","48.6","34.9666666","143.0","1994-05-03","  31.9","010000","999.9","  54.9","  36.5"," 15.5"," 0.02","1010.3","999.9","993.0","  46.5","  5.3"," 12.6"
"34504099999","48.6","34.9666666","143.0","1994-05-04","  33.6","010000","999.9","  45.7","  32.0"," 15.5"," 0.25","1010.2","999.9","992.6","  38.3","  3.7","  7.0"
"34504099999","48.6","34.9666666","143.0","1994-05-05","  33.7","010000","999.9","  51.4","  31.8","  5.8"," 0.04","1011.2","999.9","993.8","  41.6","  4.7","  4.4"
"34504099999","48.6","34.9666666","143.0","1994-05-06","  38.1","010000","999.9","  46.2","  37.8","  5.8"," 0.12","1011.9","999.9","994.4","  41.9","  3.6","  3.9"
"34504099999","48.6","34.9666666","143.0","1994-05-07","  35.1","000000","999.9","  61.2","  37.0"," 17.5"," 0.00","1014.6","999.9","997.3","  51.2","  5.7","  9.2"
"34504099999","48.6","34.9666666","143.0","1994-05-08","  42.2","000000","999.9","  66.2","  44.6","  5.8"," 0.00","1012.0","999.9","995.0","  54.8","  6.2","  2.9"
"34504099999","48.6","34.9666666","143.0","1994-05-09","  46.5","000000","999.9","  62.6","  51.4"," 11.7"," 0.00","1010.8","999.9","993.7","  55.6","  6.2","  5.3"
"34504099999","48.6","34.9666666","143.0","1994-05-10","  42.7","000000","999.9","  60.8","  48.9"," 13.6"," 0.00","1011.9","999.9","994.8","  54.3","  6.2"," 12.4"
"34504099999","48.6","34.9666666","143.0","1994-05-11","  42.2","000000","999.9","  59.4","  46.8","  9.7"," 0.00","1013.5","999.9","996.4","  53.5","  6.2","  8.7"
"34504099999","48.6","34.9666666","143.0","1994-05-12","  47.8","000000","999.9","  64.6","  51.1","  9.7"," 0.00","1012.7","999.9","995.7","  55.5","  6.2","  5.8"
"34504099999","48.6","34.9666666","143.0","1994-05-13","  44.6","000000","999.9","  70.2","  47.3","  9.7"," 0.00","1014.6","999.9","997.7","  58.9","  6.2","  4.1"
"34504099999","48.6","34.9666666","143.0","1994-05-14","  48.9","010010","999.9","  70.7","  48.9","  7.8"," 0.20","1016.3","999.9","999.5","  57.4","  5.7","  5.0"
"34504099999","48.6","34.9666666","143.0","1994-05-15","  45.5","000000","999.9","  65.1","  46.0"," 11.7"," 0.00","1020.1","999.9","002.8","  54.8","  5.7","  4.4"
"34504099999","48.6","34.9666666","143.0","1994-05-16","  48.2","000000","999.9","  76.5","  48.0"," 17.5"," 0.00","1017.3","999.9","000.4","  63.1","  6.2","  9.7"
"34504099999","48.6","34.9666666","143.0","1994-05-17","  49.8","010000","999.9","  77.0","  54.7"," 17.5"," 0.04","1016.8","999.9","000.0","  64.2","  6.2"," 10.4"
"34504099999","48.6","34.9666666","143.0","1994-05-18","  49.2","000000","999.9","  81.9","  51.6"," 19.4"," 0.00","1016.3","999.9","999.6","  67.9","  6.2"," 10.4"
"34504099999","48.6","34.9666666","143.0","1994-05-19","  50.1","000000","999.9","  86.7","  54.1"," 17.5"," 0.00","1013.3","999.9","996.7","  70.1","  6.2"," 10.7"
"34504099999","48.6","34.9666666","143.0","1994-05-20","  52.7","000000","999.9","  86.7","  55.6"," 15.5"," 0.00","1008.3","999.9","991.9","  71.7","  6.2","  8.0"
"34504099999","48.6","34.9666666","143.0","1994-05-21","  54.4","000000","999.9","  82.2","  58.6"," 17.5"," 1.10","1008.7","999.9","992.2","  70.1","  6.2"," 10.4"
"34504099999","48.6","34.9666666","143.0","1994-05-22","  53.9","010010","999.9","  69.1","  58.6"," 15.5"," 0.00","1013.6","999.9","996.7","  62.9","  5.8"," 10.8"
"34504099999","48.6","34.9666666","143.0","1994-05-23","  48.8","010000","999.9","  67.6","  54.0","  9.7"," 0.00","1018.2","999.9","001.2","  59.4","  6.2","  4.6"
"34504099999","48.6","34.9666666","143.0","1994-05-24","  53.6","010000","999.9","  72.9","  51.8"," 17.5"," 0.39","1011.9","999.9","995.1","  62.3","  5.7"," 10.5"
"34504099999","48.6","34.9666666","143.0","1994-05-25","  50.8","000000","999.9","  66.9","  55.0"," 15.5"," 0.00","1013.6","999.9","996.7","  60.0","  6.2"," 10.7"
"34504099999","48.6","34.9666666","143.0","1994-05-26","  52.7","010000","999.9","  60.8","  52.2"," 13.6"," 0.12","1012.9","999.9","995.9","  57.4","  4.8"," 11.7"
"34504099999","48.6","34.9666666","143.0","1994-05-27","  59.2","000000","999.9","  75.6","  57.0","  9.7"," 0.00","1007.2","999.9","990.5","  64.8","  3.0","  5.8"
"34504099999","48.6","34.9666666","143.0","1994-05-28","  52.7","010010","999.9","  64.9","  45.5"," 19.4"," 0.73","1006.3","999.9","989.3","  56.3","  5.4"," 13.0"
"34504099999","48.6","34.9666666","143.0","1994-05-29","  37.7","000000","999.9","  60.6","  41.2","  9.7"," 0.00","1020.2","999.9","002.9","  52.1","  6.2","  8.0"
"34504099999","48.6","34.9666666","143.0","1994-05-30","  45.8","010000","999.9","  67.6","  43.5","  7.8"," 0.00","1019.0","999.9","001.9","  57.8","  5.7","  3.3"
"34504099999","48.6","34.9666666","143.0","1994-05-31","  50.5","010000","999.9","  61.2","  49.5"," 11.7"," 0.12","1012.4","999.9","995.3","  55.8","  5.7","  5.1"
"34504099999","48.6","34.9666666","143.0","1994-06-01","  42.5","010000","999.9","  60.3","  41.2"," 17.5"," 0.02","1010.1","999.9","992.8","  50.9","  5.7"," 11.7"
"34504099999","48.6","34.9666666","143.0","1994-06-02","  44.9","010000","999.9","  62.2","  45.5"," 15.5"," 0.00","1011.1","999.9","993.9","  54.4","  6.2"," 10.9"
"34504099999","48.6","34.9666666","143.0","1994-06-03","  45.0","000000","999.9","  67.5","  44.1","  7.8"," 0.00","1016.4","999.9","999.2","  57.3","  6.2","  2.3"
"34504099999","48.6","34.9666666","143.0","1994-06-04","  53.7","000000","999.9","  70.7","  54.0"," 15.5"," 0.00","1011.1","999.9","994.3","  63.1","  6.2","  9.4"
"34504099999","48.6","34.9666666","143.0","1994-06-05","  55.1","010000","999.9","  76.5","  53.8"," 11.7"," 0.04","1003.9","999.9","987.2","  63.3","  5.7","  6.6"
"34504099999","48.6","34.9666666","143.0","1994-06-06","  55.6","010000","999.9","  74.1","  45.9"," 19.4"," 0.12"," 996.7","999.9","980.0","  62.7","  6.2"," 15.1"
"34504099999","48.6","34.9666666","143.0","1994-06-07","  53.1","000000","999.9","  71.6","  55.8"," 25.3"," 0.00","1003.5","999.9","986.7","  60.8","  5.7"," 20.6"
"34504099999","48.6","34.9666666","143.0","1994-06-08","  53.9","000000","999.9","  71.6","  54.0"," 19.4"," 0.00","1014.3","999.9","997.2","  59.7","  4.3","  8.7"
"34504099999","48.6","34.9666666","143.0","1994-06-09","  56.9","000000","999.9","  81.7","  55.2"," 19.4"," 0.00","1014.1","999.9","997.4","  67.8","  4.4"," 14.7"
"34504099999","48.6","34.9666666","143.0","1994-06-10","  61.7","010010","999.9","  70.5","  59.4"," 13.6"," 0.41","1010.9","999.9","994.4","  65.5","  3.7","  6.3"
"34504099999","48.6","34.9666666","143.0","1994-06-11","  60.1","000000","999.9","  75.0","  57.2","  7.8"," 0.00","1010.1","999.9","993.3","  65.9","  4.7","  1.7"
"34504099999","48.6","34.9666666","143.0","1994-06-12","  60.3","010000","999.9","  69.8","  57.7"," 11.7"," 9.45","1010.8","999.9","993.5","  64.1","  4.3","  8.5"
"34504099999","48.6","34.9666666","143.0","1994-06-13","  54.8","010000","999.9","  73.4","  56.8"," 15.5"," 0.00","1011.8","999.9","995.0","  65.1","  5.4"," 11.0"
"34504099999","48.6","34.9666666","143.0","1994-06-14","  51.2","010000","999.9","  61.5","  52.0"," 11.7"," 0.16","1008.1","999.9","991.1","  56.6","  4.3","  6.6"
"34504099999","48.6","34.9666666","143.0","1994-06-15","  49.0","000000","999.9","  68.9","  46.6"," 17.5"," 0.00","1005.1","999.9","988.2","  59.1","  5.3"," 10.9"
"34504099999","48.6","34.9666666","143.0","1994-06-16","  50.1","010000","999.9","  75.0","  50.4"," 17.5"," 0.01","1006.7","999.9","989.9","  63.0","  5.7","  9.2"
"34504099999","48.6","34.9666666","143.0","1994-06-17","  55.6","010010","999.9","  73.4","  51.4"," 13.6"," 0.16","1008.2","999.9","991.4","  62.9","  5.7","  4.7"
"34504099999","48.6","34.9666666","143.0","1994-06-18","  45.7","000000","999.9","  63.5","  49.3"," 19.4"," 0.24","1012.2","999.9","995.1","  57.2","  5.5"," 14.2"
"34504099999","48.6","34.9666666","143.0","1994-06-19","  46.6","010000","999.9","  65.7","  45.9"," 15.5"," 0.02","1014.0","999.9","996.9","  57.4","  5.3","  9.2"
"34504099999","48.6","34.9666666","143.0","1994-06-20","  56.2","000000","999.9","  73.4","  54.5"," 15.5"," 0.04","1007.3","999.9","990.5","  63.4","  5.0","  9.2"
"34504099999","48.6","34.9666666","143.0","1994-06-21","  46.9","000000","999.9","  68.5","  56.1"," 17.5"," 0.00","1010.9","999.9","994.0","  61.7","  6.2"," 14.1"
"34504099999","48.6","34.9666666","143.0","1994-06-22","  49.6","000000","999.9","  72.5","  52.9"," 13.6"," 0.00","1015.6","999.9","998.6","  62.8","  6.2"," 10.0"
"34504099999","48.6","34.9666666","143.0","1994-06-23","  54.6","010000","999.9","  80.6","  52.5"," 15.5"," 0.00","1011.8","999.9","995.0","  67.5","  5.7"," 11.2"
"34504099999","48.6","34.9666666","143.0","1994-06-24","  43.0","000000","999.9","  69.8","  55.8"," 19.4"," 0.08","1011.7","999.9","994.8","  62.6","  6.2"," 15.8"
"34504099999","48.6","34.9666666","143.0","1994-06-25","  45.4","000000","999.9","  65.7","  47.7"," 17.5"," 0.00","1016.0","999.9","998.9","  57.9","  6.2"," 12.5"
"34504099999","48.6","34.9666666","143.0","1994-06-26","  51.0","000000","999.9","  73.8","  50.2"," 15.5"," 0.00","1021.4","999.9","004.4","  63.7","  6.2","  9.0"
"34504099999","48.6","34.9666666","143.0","1994-06-27","  52.4","000000","999.9","  81.3","  54.1"," 11.7"," 0.00","1019.8","999.9","002.9","  69.3","  6.2","  8.0"
"34504099999","48.6","34.9666666","143.0","1994-06-28","  56.9","000000","999.9","  82.4","  58.5"," 17.5"," 0.00","1012.9","999.9","996.3","  71.4","  6.2"," 12.9"
"34504099999","48.6","34.9666666","143.0","1994-06-29","  52.7","000000","999.9","  79.0","  62.6"," 15.5"," 0.00","1013.1","999.9","996.4","  70.6","  6.2"," 10.7"
"34504099999","48.6","34.9666666","143.0","1994-06-30","  51.3","000000","999.9","  79.3","  61.9"," 15.5"," 0.00","1011.5","999.9","994.9","  70.9","  6.2"," 12.4"
"34504099999","48.6","34.9666666","143.0","1994-07-01","  59.0","000000","999.9","  84.9","  56.3"," 17.5"," 0.00","1010.3","999.9","999.9","  75.1","  6.2"," 11.9"
"34504099999","48.6","34.9666666","143.0","1994-07-02","  49.7","000000","999.9","  77.0","  60.8"," 19.4"," 0.00","1011.1","999.9","999.9","  69.5","  6.2"," 13.3"
"34504099999","48.6","34.9666666","143.0","1994-07-03","  53.0","000000","999.9","  75.2","  53.2"," 15.5"," 0.00","1011.5","999.9","999.9","  66.7","  6.2"," 12.1"
"34504099999","48.6","34.9666666","143.0","1994-07-04","  51.7","000000","999.9","  77.5","  59.4"," 17.5"," 0.00","1011.4","999.9","999.9","  69.2","  6.2"," 11.9"
"34504099999","48.6","34.9666666","143.0","1994-07-05","  52.0","000000","999.9","  79.5","  55.4"," 15.5"," 0.02","1009.1","999.9","999.9","  68.9","  6.2","  9.2"
"34504099999","48.6","34.9666666","143.0","1994-07-06","  48.7","000000","999.9","  75.7","  58.8"," 13.6"," 0.00","1010.0","999.9","999.9","  66.1","  6.2","  7.8"
"34504099999","48.6","34.9666666","143.0","1994-07-07","  49.2","000000","999.9","  73.2","  50.4"," 15.5"," 0.00","1011.6","999.9","999.9","  63.2","  6.2","  6.9"
"34504099999","48.6","34.9666666","143.0","1994-07-08","  54.1","000000","999.9","  77.0","  61.5","  7.8"," 0.00","1011.5","999.9","999.9","  68.8","  6.2","  3.9"
"34504099999","48.6","34.9666666","143.0","1994-07-09","  55.0","000000","999.9","  83.1","  58.3","  9.7"," 0.00","1012.1","999.9","999.9","  72.7","  6.2","  3.4"
"34504099999","48.6","34.9666666","143.0","1994-07-10","  66.1","000000","999.9","  88.9","  62.2"," 17.5"," 0.00","1013.2","999.9","999.9","  76.4","  6.2"," 10.7"
"34504099999","48.6","34.9666666","143.0","1994-07-11","  51.9","000000","999.9","  82.4","  64.4"," 17.5"," 0.00","1015.7","999.9","999.9","  75.9","  6.2"," 15.0"
"34504099999","48.6","34.9666666","143.0","1994-07-12","  49.3","000000","999.9","  87.1","  65.1"," 23.3"," 0.00","1017.1","999.9","999.9","  76.0","  6.2"," 17.8"
"34504099999","48.6","34.9666666","143.0","1994-07-13","  49.9","000000","999.9","  87.8","  66.9"," 17.5"," 0.00","1016.4","999.9","999.9","  79.6","  6.2"," 15.9"
"34504099999","48.6","34.9666666","143.0","1994-07-14","  51.8","000000","999.9","  81.1","  66.9"," 17.5"," 0.00","1017.0","999.9","999.9","  72.8","  6.2"," 14.4"
"34504099999","48.6","34.9666666","143.0","1994-07-15","  55.9","000000","999.9","  87.8","  62.4"," 17.5"," 0.00","1015.2","999.9","999.9","  76.6","  6.2"," 12.1"
"34504099999","48.6","34.9666666","143.0","1994-07-16","  57.4","000000","999.9","  88.5","  67.3"," 19.4"," 0.00","1013.7","999.9","999.9","  77.8","  6.2","  8.3"
"34504099999","48.6","34.9666666","143.0","1994-07-17","  55.2","000000","999.9","  86.0","  65.8"," 13.6"," 0.00","1014.1","999.9","999.9","  76.7","  6.2","  9.7"
"34504099999","48.6","34.9666666","143.0","1994-07-18","  56.9","000000","999.9","  90.3","  67.5"," 13.6"," 0.00","1012.7","999.9","999.9","  77.3","  6.2","  5.1"
"34504099999","48.6","34.9666666","143.0","1994-07-19","  62.3","010010","999.9","  89.2","  68.0"," 11.7"," 0.16","1009.3","999.9","999.9","  75.0","  5.7","  6.8"
"34504099999","48.6","34.9666666","143.0","1994-07-20","  62.0","000000","999.9","  79.0","  65.7","  9.7"," 0.00","1010.1","999.9","999.9","  71.1","  5.1","  6.8"
"34504099999","48.6","34.9666666","143.0","1994-07-21","  51.3","000000","999.9","  80.2","  64.4"," 11.7"," 0.00","1013.4","999.9","999.9","  74.2","  6.2","  8.9"
"34504099999","48.6","34.9666666","143.0","1994-07-22","  51.1","000000","999.9","  83.7","  59.4"," 11.7"," 0.00","1013.6","999.9","999.9","  73.5","  6.2","  7.5"
"34504099999","48.6","34.9666666","143.0","1994-07-23","  53.2","000000","999.9","  79.2","  61.2"," 15.5"," 0.00","1013.3","999.9","999.9","  70.8","  6.2"," 10.9"
"34504099999","48.6","34.9666666","143.0","1994-07-24","  53.2","000000","999.9","  80.6","  60.8"," 15.5"," 0.00","1015.1","999.9","999.9","  67.0","  6.2","  9.4"
"34504099999","48.6","34.9666666","143.0","1994-07-25","  50.4","000000","999.9","  82.4","  57.2"," 13.6"," 0.00","1015.2","999.9","999.9","  71.8","  6.2","  8.5"
"34504099999","48.6","34.9666666","143.0","1994-07-26","  48.8","000000","999.9","  81.3","  63.3"," 17.5"," 0.00","1017.0","999.9","999.9","  72.8","  6.2"," 12.8"
"34504099999","48.6","34.9666666","143.0","1994-07-27","  51.4","000000","999.9","  84.0","  62.4","  9.7"," 0.00","1016.4","999.9","999.9","  74.3","  6.2","  6.8"
"34504099999","48.6","34.9666666","143.0","1994-07-28","  53.1","000000","999.9","  85.1","  59.2"," 11.7"," 0.00","1013.4","999.9","999.9","  73.0","  6.2","  7.8"
"34504099999","48.6","34.9666666","143.0","1994-07-29","  52.6","000000","999.9","  78.1","  62.6"," 15.5"," 0.00","1012.8","999.9","999.9","  70.5","  6.2"," 11.9"
"34504099999","48.6","34.9666666","143.0","1994-07-30","  48.0","000000","999.9","  79.3","  61.3"," 15.5"," 0.00","1012.8","999.9","999.9","  70.2","  6.2","  9.4"
"34504099999","48.6","34.9666666","143.0","1994-07-31","  53.4","000000","999.9","  82.4","  61.7"," 17.5"," 0.00","1012.5","999.9","999.9","  72.5","  6.2"," 10.0"
"34504099999","48.6","34.9666666","143.0","1994-08-01","  56.2","000000","999.9","  84.0","  64.0"," 11.7"," 0.00","1011.9","999.9","995.5","  75.1","  6.2","  9.2"
"34504099999","48.6","34.9666666","143.0","1994-08-02","  55.8","000000","999.9","  85.3","  65.5"," 13.6"," 0.00","1012.4","999.9","996.0","  76.5","  6.2","  9.7"
"34504099999","48.6","34.9666666","143.0","1994-08-03","  57.0","000000","999.9","  91.2","  68.0"," 11.7"," 0.00","1012.1","999.9","995.8","  78.1","  5.5","  8.0"
"34504099999","48.6","34.9666666","143.0","1994-08-04","  58.9","010000","999.9","  81.0","  66.9"," 15.5"," 3.19","1014.2","999.9","997.7","  71.5","  6.2"," 12.6"
"34504099999","48.6","34.9666666","143.0","1994-08-05","  51.1","000000","999.9","  79.3","  62.6"," 15.5"," 0.00","1019.5","999.9","002.8","  71.3","  6.2","  8.6"
"34504099999","48.6","34.9666666","143.0","1994-08-06","  50.9","000000","999.9","  84.2","  59.4"," 11.7"," 0.00","1018.9","999.9","002.3","  74.1","  6.2","  7.3"
"34504099999","48.6","34.9666666","143.0","1994-08-07","  54.9","000000","999.9","  89.1","  68.0","  7.8"," 0.00","1016.1","999.9","999.7","  78.8","  6.2","  6.6"
"34504099999","48.6","34.9666666","143.0","1994-08-08","  57.0","000000","999.9","  91.8","  66.2"," 11.7"," 3.15","1015.7","999.9","999.3","  79.9","  6.2","  5.0"
"34504099999","48.6","34.9666666","143.0","1994-08-09","  57.6","000000","999.9","  93.6","  71.1","  5.8"," 0.00","1012.1","999.9","995.9","  82.6","  6.2","  3.4"
"34504099999","48.6","34.9666666","143.0","1994-08-10","  62.8","000010","999.9","  92.3","  65.8"," 19.4"," 0.00","1007.3","999.9","990.6","  79.8","  6.2","  6.9"
"34504099999","48.6","34.9666666","143.0","1994-08-11","  58.0","000000","999.9","  84.9","  68.5"," 11.7"," 0.00","1007.0","999.9","991.0","  75.1","  6.2","  8.7"
"34504099999","48.6","34.9666666","143.0","1994-08-12","  63.1","000000","999.9","  92.7","  64.4"," 13.6"," 0.00","1004.6","999.9","988.5","  78.3","  6.2","  9.7"
"34504099999","48.6","34.9666666","143.0","1994-08-13","  60.6","010010","999.9","  85.1","  64.8"," 11.7"," 0.28","1005.8","999.9","989.4","  72.8","  6.2","  4.4"
"34504099999","48.6","34.9666666","143.0","1994-08-14","  54.8","010000","999.9","  82.8","  57.9"," 17.5"," 0.00","1012.3","999.9","995.7","  70.1","  5.7","  6.9"
"34504099999","48.6","34.9666666","143.0","1994-08-15","  56.6","000000","999.9","  75.9","  58.8"," 11.7"," 0.24","1015.6","999.9","998.9","  67.4","  6.2","  6.4"
"34504099999","48.6","34.9666666","143.0","1994-08-16","  47.6","000000","999.9","  69.4","  54.9"," 17.5"," 0.00","1015.2","999.9","998.3","  60.8","  6.2"," 12.9"
"34504099999","48.6","34.9666666","143.0","1994-08-17","  49.4","000000","999.9","  74.3","  52.5"," 11.7"," 0.00","1015.3","999.9","998.4","  62.5","  6.2","  6.1"
"34504099999","48.6","34.9666666","143.0","1994-08-18","  52.1","000000","999.9","  79.7","  53.6","  9.7"," 0.00","1012.9","999.9","996.1","  65.8","  6.2","  1.9"
"34504099999","48.6","34.9666666","143.0","1994-08-19","  53.7","000000","999.9","  84.2","  57.9"," 11.7"," 0.00","1008.8","999.9","992.2","  70.9","  6.2","  5.3"
"34504099999","48.6","34.9666666","143.0","1994-08-20","  55.3","010000","999.9","  73.8","  61.5"," 15.5"," 0.12","1007.0","999.9","990.4","  66.1","  5.3","  8.3"
"34504099999","48.6","34.9666666","143.0","1994-08-21","  53.9","000000","999.9","  72.7","  55.4"," 17.5"," 0.04","1010.7","999.9","993.9","  63.1","  6.2","  9.7"
"34504099999","48.6","34.9666666","143.0","1994-08-22","  52.2","000000","999.9","  72.9","  51.6"," 17.5"," 0.00","1014.2","999.9","997.4","  63.1","  6.2"," 10.8"
"34504099999","48.6","34.9666666","143.0","1994-08-23","  53.1","000000","999.9","  74.3","  52.7"," 15.5"," 0.00","1015.6","999.9","998.7","  61.6","  6.2","  6.4"
"34504099999","48.6","34.9666666","143.0","1994-08-24","  53.8","000000","999.9","  71.6","  55.0"," 11.7"," 0.00","1014.1","999.9","997.2","  63.1","  6.2","  5.3"
"34504099999","48.6","34.9666666","143.0","1994-08-25","  50.4","000000","999.9","  73.8","  55.9","  7.8"," 0.00","1013.2","999.9","996.5","  65.5","  6.2","  5.1"
"34504099999","48.6","34.9666666","143.0","1994-08-26","  52.5","000000","999.9","  74.7","  59.0","  9.7"," 0.00","1012.3","999.9","995.6","  65.3","  6.2","  6.3"
"34504099999","48.6","34.9666666","143.0","1994-08-27","  50.4","010000","999.9","  63.0","  55.4"," 21.4"," 0.04","1011.8","999.9","994.9","  59.2","  5.3"," 16.0"
"34504099999","48.6","34.9666666","143.0","1994-08-28","  50.4","010000","999.9","  63.3","  56.8"," 15.5"," 0.28","1014.4","999.9","997.4","  59.9","  5.7"," 12.6"
"34504099999","48.6","34.9666666","143.0","1994-08-29","  52.9","000000","999.9","  72.0","  59.9"," 17.5"," 0.00","1014.7","999.9","997.9","  64.6","  6.2"," 11.9"
"34504099999","48.6","34.9666666","143.0","1994-08-30","  53.6","000000","999.9","  77.2","  52.5","  9.7"," 0.00","1016.7","999.9","999.9","  66.9","  6.2","  3.2"
"34504099999","48.6","34.9666666","143.0","1994-08-31","  55.2","000000","999.9","  77.7","  57.7","  7.8"," 0.00","1019.0","999.9","002.3","  70.3","  6.2","  3.6"
"34504099999","48.6","34.9666666","143.0","1994-09-01","  48.1","000000","999.9","  79.3","  59.0"," 13.6"," 0.00","1021.5","999.9","004.7","  70.0","  6.2"," 11.2"
"34504099999","48.6","34.9666666","143.0","1994-09-02","  48.6","000000","999.9","  77.7","  59.0"," 13.6"," 0.00","1023.8","999.9","007.0","  67.7","  6.2"," 11.2"
"34504099999","48.6","34.9666666","143.0","1994-09-03","  43.1","000000","999.9","  78.1","  54.0"," 15.5"," 0.00","1024.1","999.9","007.2","  65.4","  6.2"," 11.9"
"34504099999","48.6","34.9666666","143.0","1994-09-04","  35.7","000000","999.9","  77.7","  51.4"," 15.5"," 0.00","1022.7","999.9","005.6","  62.0","  6.2"," 12.5"
"34504099999","48.6","34.9666666","143.0","1994-09-05","  38.9","000000","999.9","  81.5","  49.5"," 15.5"," 0.00","1020.9","999.9","003.9","  64.4","  6.2"," 12.6"
"34504099999","48.6","34.9666666","143.0","1994-09-06","  48.3","000000","999.9","  77.5","  54.7"," 13.6"," 0.00","1013.0","999.9","996.3","  66.9","  6.2","  8.5"
"34504099999","48.6","34.9666666","143.0","1994-09-07","  49.2","000000","999.9","  79.5","  54.9"," 15.5"," 0.00","1012.3","999.9","995.7","  68.4","  6.2","  8.5"
"34504099999","48.6","34.9666666","143.0","1994-09-08","  53.4","000000","999.9","  84.6","  55.0"," 11.7"," 0.00","1018.4","999.9","001.7","  70.9","  6.2","  5.3"
"34504099999","48.6","34.9666666","143.0","1994-09-09","  57.3","000000","999.9","  90.9","  60.4","  5.8"," 0.00","1018.9","999.9","002.3","  75.0","  6.2","  1.0"
"34504099999","48.6","34.9666666","143.0","1994-09-10","  52.1","000000","999.9","  91.4","  63.0"," 13.6"," 0.00","1014.4","999.9","997.9","  73.1","  6.2","  8.7"
"34504099999","48.6","34.9666666","143.0","1994-09-11","  53.3","000000","999.9","  87.8","  60.6"," 13.6"," 0.00","1011.4","999.9","994.9","  75.2","  6.2","  6.7"
"34504099999","48.6","34.9666666","143.0","1994-09-12","  53.2","000000","999.9","  81.3","  61.9"," 15.5"," 0.00","1018.5","999.9","001.8","  70.7","  6.2"," 10.9"
"34504099999","48.6","34.9666666","143.0","1994-09-13","  51.0","000000","999.9","  86.2","  56.7","  5.8"," 0.00","1022.7","999.9","006.0","  71.5","  6.2","  3.2"
"34504099999","48.6","34.9666666","143.0","1994-09-14","  50.0","000000","999.9","  89.4","  57.0","  7.8"," 0.00","1018.6","999.9","002.0","  73.4","  6.2","  2.7"
"34504099999","48.6","34.9666666","143.0","1994-09-15","  53.5","000000","999.9","  90.7","  61.5","  7.8"," 0.00","1014.6","999.9","998.1","  74.8","  6.2","  5.1"
"34504099999","48.6","34.9666666","143.0","1994-09-16","  56.6","000000","999.9","  95.0","  60.4"," 13.6"," 0.00","1011.3","999.9","994.9","  75.7","  6.2","  8.7"
"34504099999","48.6","34.9666666","143.0","1994-09-17","  60.1","000000","999.9","  82.4","  64.4","  9.7"," 0.00","1014.4","999.9","997.9","  73.5","  6.2","  5.1"
"34504099999","48.6","34.9666666","143.0","1994-09-18","  54.5","000000","999.9","  88.3","  57.6","  9.7"," 0.00","1016.3","999.9","999.7","  73.5","  6.2","  6.9"
"34504099999","48.6","34.9666666","143.0","1994-09-19","  50.5","000000","999.9","  97.7","  63.1"," 15.5"," 0.00","1014.1","999.9","997.7","  77.4","  6.2"," 10.7"
"34504099999","48.6","34.9666666","143.0","1994-09-20","  50.8","000000","999.9","  86.4","  62.6"," 17.5"," 0.00","1011.1","999.9","994.7","  73.7","  6.2"," 10.5"
"34504099999","48.6","34.9666666","143.0","1994-09-21","  56.3","000000","999.9","  89.6","  63.1"," 13.6"," 0.00","1011.3","999.9","994.9","  74.8","  6.2","  7.5"
"34504099999","48.6","34.9666666","143.0","1994-09-22","  57.5","000000","999.9","  85.1","  62.6"," 13.6"," 0.00","1018.5","999.9","001.8","  70.9","  6.2","  5.3"
"34504099999","48.6","34.9666666","143.0","1994-09-23","  50.2","000000","999.9","  76.6","  58.8"," 13.6"," 0.00","1023.2","999.9","006.4","  67.7","  6.2","  8.0"
"34504099999","48.6","34.9666666","143.0","1994-09-24","  53.8","000000","999.9","  74.1","  55.8","  9.7"," 0.04","1021.5","999.9","004.5","  64.3","  6.2","  3.4"
"34504099999","48.6","34.9666666","143.0","1994-09-25","  53.6","000010","999.9","  68.7","  54.9"," 11.7"," 0.00","1017.9","999.9","000.9","  60.1","  6.2","  6.6"
"34504099999","48.6","34.9666666","143.0","1994-09-26","  55.2","100000","999.9","  68.0","  54.3"," 11.7"," 0.00","1017.0","999.9","000.0","  59.8","  2.1","  5.6"
"34504099999","48.6","34.9666666","143.0","1994-09-27","  55.3","000000","999.9","  75.6","  53.8","  9.7"," 0.00","1015.7","999.9","998.9","  64.7","  3.4","  2.7"
"34504099999","48.6","34.9666666","143.0","1994-09-28","  56.2","010000","999.9","  66.6","  53.1","  9.7"," 0.04","1014.9","999.9","997.9","  60.5","  4.9","  4.4"
"34504099999","48.6","34.9666666","143.0","1994-09-29","  46.6","000000","999.9","  67.1","  49.8","  9.7"," 0.00","1021.5","999.9","004.4","  57.4","  4.3","  6.6"
"34504099999","48.6","34.9666666","143.0","1994-09-30","  46.1","000000","999.9","  73.9","  47.8"," 13.6"," 0.00","1020.6","999.9","003.5","  60.4","  6.2","  4.9"
"34504099999","48.6","34.9666666","143.0","1994-10-01","  47.0","000000","999.9","  70.3","  50.0","  7.8"," 0.00","1020.1","999.9","003.0","  59.5","  6.2","  3.2"
"34504099999","48.6","34.9666666","143.0","1994-10-02","  42.7","000000","999.9","  63.7","  49.8"," 17.5"," 0.04","1018.8","999.9","001.6","  56.9","  6.2","  8.6"
"34504099999","48.6","34.9666666","143.0","1994-10-03","  40.8","000000","999.9","  71.8","  45.9","  7.8"," 0.00","1019.0","999.9","001.8","  58.5","  6.2","  5.1"
"34504099999","48.6","34.9666666","143.0","1994-10-04","  56.1","000000","999.9","  82.4","  59.0"," 17.5"," 0.00","1011.5","999.9","994.8","  68.9","  5.7"," 13.4"
"34504099999","48.6","34.9666666","143.0","1994-10-05","  55.1","000000","999.9","  71.6","  48.2"," 17.5"," 0.00","1014.0","999.9","997.0","  59.1","  4.8"," 12.6"
"34504099999","48.6","34.9666666","143.0","1994-10-06","  44.4","000000","999.9","  53.6","  46.9"," 21.4"," 0.00","1023.9","999.9","006.4","  50.0","  6.2"," 15.5"
"34504099999","48.6","34.9666666","143.0","1994-10-07","  48.1","000000","999.9","  69.8","  46.8"," 19.4"," 0.00","1025.2","999.9","007.8","  56.1","  5.7"," 18.2"
"34504099999","48.6","34.9666666","143.0","1994-10-08","  43.2","000000","999.9","  82.0","  51.8"," 15.5"," 0.00","1026.2","999.9","009.1","  64.2","  6.2"," 13.4"
"34504099999","48.6","34.9666666","143.0","1994-10-09","  38.4","000000","999.9","  82.6","  50.0"," 17.5"," 0.00","1022.9","999.9","006.0","  66.4","  6.2"," 13.0"
"34504099999","48.6","34.9666666","143.0","1994-10-10","  39.9","000000","999.9","  77.5","  50.4","  9.7"," 0.00","1023.5","999.9","006.4","  62.9","  6.2","  7.0"
"34504099999","48.6","34.9666666","143.0","1994-10-11","  46.1","000000","999.9","  71.4","  54.0"," 19.4"," 0.00","1022.5","999.9","005.3","  59.7","  4.8","  8.7"
"34504099999","48.6","34.9666666","143.0","1994-10-12","  45.3","000000","999.9","  61.2","  47.3"," 25.3"," 0.00","1021.2","999.9","003.8","  53.0","  4.8"," 18.9"
"34504099999","48.6","34.9666666","143.0","1994-10-13","  40.6","000000","999.9","  59.4","  42.3"," 19.4"," 0.00","1018.1","999.9","000.7","  50.4","  6.2"," 13.8"
"34504099999","48.6","34.9666666","143.0","1994-10-14","  34.7","000000","999.9","  50.2","  36.5"," 21.4"," 0.00","1022.9","999.9","005.2","  44.7","  6.2"," 14.6"
"34504099999","48.6","34.9666666","143.0","1994-10-15","  34.7","000000","999.9","  55.9","  31.5"," 13.6"," 0.00","1025.8","999.9","008.0","  43.3","  5.3","  6.1"
"34504099999","48.6","34.9666666","143.0","1994-10-16","  41.9","000000","999.9","  65.7","  47.8"," 13.6"," 0.00","1016.4","999.9","999.2","  56.8","  4.1","  7.8"
"34504099999","48.6","34.9666666","143.0","1994-10-17","  44.2","100000","999.9","  58.8","  44.1","  7.8"," 0.00","1010.2","999.9","992.9","  49.9","  1.6","  4.1"
"34504099999","48.6","34.9666666","143.0","1994-10-18","  29.2","000000","999.9","  46.0","  34.3"," 21.4"," 0.00","1016.4","999.9","998.6","  38.2","  5.7"," 17.2"
"34504099999","48.6","34.9666666","143.0","1994-10-19","  22.6","000000","999.9","  43.9","  21.9"," 15.5"," 0.00","1028.0","999.9","009.8","  32.2","  4.8","  8.3"
"34504099999","48.6","34.9666666","143.0","1994-10-20","  21.6","000000","999.9","  44.6","  20.5","  9.7"," 0.00","1032.0","999.9","013.7","  30.9","  4.6","  4.3"
"34504099999","48.6","34.9666666","143.0","1994-10-21","  19.9","000000","999.9","  39.9","  26.2"," 15.5"," 0.00","1036.4","999.9","018.0","  31.9","  6.2"," 13.8"
"34504099999","48.6","34.9666666","143.0","1994-10-22","  15.7","000000","999.9","  43.3","  22.6"," 19.4"," 0.00","1037.2","999.9","018.9","  32.6","  6.2"," 14.8"
"34504099999","48.6","34.9666666","143.0","1994-10-23","  18.1","000000","999.9","  58.3","  28.2"," 27.2"," 0.00","1029.6","999.9","011.7","  40.8","  6.2"," 21.9"
"34504099999","48.6","34.9666666","143.0","1994-10-24","  37.2","010000","999.9","  52.5","  35.4"," 15.5"," 0.55","1019.1","999.9","001.4","  43.3","  4.1"," 13.8"
"34504099999","48.6","34.9666666","143.0","1994-10-25","  51.8","100000","999.9","  55.0","  46.9"," 11.7"," 0.12","1013.5","999.9","996.2","  52.2","  0.7","  9.7"
"34504099999","48.6","34.9666666","143.0","1994-10-26","  51.8","110000","999.9","  54.0","  51.4"," 13.6"," 4.80","1012.4","999.9","995.2","  52.4","  1.0","  7.5"
"34504099999","48.6","34.9666666","143.0","1994-10-27","  44.8","100000","999.9","  52.5","  42.3","  7.8"," 0.00","1019.5","999.9","002.0","  48.7","  1.6","  4.1"
"34504099999","48.6","34.9666666","143.0","1994-10-28","  43.7","100000","999.9","  54.3","  39.2","  7.8"," 0.00","1022.0","999.9","004.3","  46.7","  2.3","  5.8"
"34504099999","48.6","34.9666666","143.0","1994-10-29","  45.1","100000","999.9","  57.6","  35.6"," 17.5"," 0.00","1021.3","999.9","003.7","  46.7","  1.6","  9.0"
"34504099999","48.6","34.9666666","143.0","1994-10-30","  49.2","110000","999.9","  59.0","  48.2"," 13.6"," 0.08","1013.8","999.9","996.6","  52.0","  2.3","  8.0"
"34504099999","48.6","34.9666666","143.0","1994-10-31","  47.5","010000","999.9","  51.8","  48.0"," 15.5"," 0.08","1013.0","999.9","996.4","  49.9","  1.6","  9.5"
"34504099999","48.6","34.9666666","143.0","1994-11-01","  50.0","010000","999.9","  65.1","  48.7"," 15.5"," 0.00","1014.6","999.9","997.5","  56.2","  4.8"," 10.4"
"34504099999","48.6","34.9666666","143.0","1994-11-02","  42.2","100000","999.9","  58.5","  40.3"," 13.6"," 0.00","1018.0","999.9","000.6","  50.6","  4.2"," 10.4"
"34504099999","48.6","34.9666666","143.0","1994-11-03","  33.3","000000","999.9","  51.1","  35.1"," 13.6"," 0.00","1022.3","999.9","004.5","  42.3","  6.2","  9.2"
"34504099999","48.6","34.9666666","143.0","1994-11-04","  30.7","011000","999.9","  41.0","  28.6"," 19.4"," 0.06","1027.8","999.9","009.7","  36.4","  3.9"," 14.1"
"34504099999","48.6","34.9666666","143.0","1994-11-05","  11.1","011100","999.9","  25.9","  17.4"," 19.4"," 0.00","1038.1","999.9","019.3","  21.6","  5.7"," 16.0"
"34504099999","48.6","34.9666666","143.0","1994-11-06","  12.8","000000","999.9","  27.0","  14.2"," 13.6"," 0.00","1039.2","999.9","020.8","  19.7","  6.2","  4.5"
"34504099999","48.6","34.9666666","143.0","1994-11-07","  14.7","000000","999.9","  37.0","  14.7","  3.9"," 0.00","1029.2","999.9","010.6","  23.7","  6.2","  1.5"
"34504099999","48.6","34.9666666","143.0","1994-11-08","  23.0","000000","999.9","  45.5","  21.6","  7.8"," 0.00","1027.3","999.9","009.0","  30.6","  4.8","  1.9"
"34504099999","48.6","34.9666666","143.0","1994-11-09","  30.5","000000","999.9","  45.1","  25.0","  9.7"," 0.00","1021.5","999.9","003.4","  35.0","  3.5","  5.1"
"34504099999","48.6","34.9666666","143.0","1994-11-10","  40.5","100000","999.9","  46.2","  36.9","  9.7"," 0.00","1015.1","999.9","997.2","  42.5","  1.0","  6.5"
"34504099999","48.6","34.9666666","143.0","1994-11-11","  40.9","100000","999.9","  46.9","  42.4"," 13.6"," 0.00","1014.8","999.9","997.3","  44.1","  1.0","  4.6"
"34504099999","48.6","34.9666666","143.0","1994-11-12","  21.3","011000"," 36.9","  37.4","  18.1"," 25.3"," 0.04","1019.2","999.9","000.9","  26.1","  3.9"," 20.5"
"34504099999","48.6","34.9666666","143.0","1994-11-13","   9.8","000000","999.9","  27.1","  13.3"," 17.5"," 0.00","1027.2","999.9","008.4","  19.2","  6.2"," 13.8"
"34504099999","48.6","34.9666666","143.0","1994-11-14","  10.8","000000","999.9","  25.2","  14.2"," 15.5"," 0.00","1030.6","999.9","011.8","  18.0","  5.8"," 12.3"
"34504099999","48.6","34.9666666","143.0","1994-11-15","  14.6","000000","999.9","  31.5","  12.2"," 15.5"," 0.00","1026.1","999.9","007.5","  21.4","  4.8"," 11.2"
"34504099999","48.6","34.9666666","143.0","1994-11-16","  31.6","111000","999.9","  34.3","  23.9"," 15.5"," 0.08","1012.1","  0.4","994.1","  32.2","  1.2","  9.2"
"34504099999","48.6","34.9666666","143.0","1994-11-17","  34.7","100000","999.9","  38.1","  31.5"," 11.7"," 0.00","1011.8","999.9","993.9","  34.7","  0.1","  9.2"
"34504099999","48.6","34.9666666","143.0","1994-11-18","  34.4","100000","999.9","  38.1","  31.8","  9.7"," 0.00","1013.5","999.9","995.5","  34.4","  0.1","  6.4"
"34504099999","48.6","34.9666666","143.0","1994-11-19","  36.5","100000","999.9","  38.3","  33.1","  9.7"," 0.00","1013.4","999.9","995.6","  36.5","  0.1","  3.6"
"34504099999","48.6","34.9666666","143.0","1994-11-20","  34.1","111000","999.9","  37.4","  32.4"," 17.5"," 0.08","1019.5","999.9","001.5","  34.4","  0.6"," 11.7"
"34504099999","48.6","34.9666666","143.0","1994-11-21","  34.6","101000","999.9","  37.2","  32.4","999.9"," 0.08","1016.1","999.9","998.2","  35.5","  0.8","  7.8"
"34504099999","48.6","34.9666666","143.0","1994-11-22","  35.3","011000","999.9","  41.2","  33.3"," 15.5"," 0.04","1013.4","999.9","995.7","  37.5","  1.0"," 12.1"
"34504099999","48.6","34.9666666","143.0","1994-11-23","  30.3","000000","999.9","  42.3","  33.4"," 13.6"," 0.02","1022.2","999.9","004.3","  36.9","  3.1","  9.2"
"34504099999","48.6","34.9666666","143.0","1994-11-24","  36.5","000000","999.9","  40.3","  36.3"," 13.6"," 0.00","1019.2","999.9","001.3","  38.8","  0.9"," 10.2"
"34504099999","48.6","34.9666666","143.0","1994-11-25","  35.8","010000","999.9","  41.7","  34.2"," 17.5"," 0.04","1005.3","999.9","987.7","  37.9","  1.2"," 14.1"
"34504099999","48.6","34.9666666","143.0","1994-11-26","  27.0","001000","999.9","  32.4","  25.9"," 13.6"," 0.12","1005.0","999.9","987.1","  30.5","  2.0"," 10.9"
"34504099999","48.6","34.9666666","143.0","1994-11-27","  17.4","001000","999.9","  26.2","  19.8"," 11.7"," 0.09","1013.3","999.9","994.9","  22.2","  4.8","  8.0"
"34504099999","48.6","34.9666666","143.0","1994-11-28","  10.4","000000","999.9","  21.2","   9.0","  9.7"," 0.00","1019.6","  1.2","000.9","  16.7","  6.2","  4.1"
"34504099999","48.6","34.9666666","143.0","1994-11-29","  30.0","011000","999.9","  36.1","  18.7"," 19.4"," 0.04","1006.0","999.9","988.1","  32.4","  1.9"," 16.5"
"34504099999","48.6","34.9666666","143.0","1994-11-30","  30.6","011000","999.9","  34.2","  31.1"," 15.5"," 0.08","1009.1","  1.6","991.2","  32.5","  1.7"," 11.1"
"34504099999","48.6","34.9666666","143.0","1994-12-01","  14.9","001000","999.9","  25.7","  17.8"," 19.4"," 0.08","1022.9","  2.8","003.9","  20.7","  3.3"," 15.3"
"34504099999","48.6","34.9666666","143.0","1994-12-02","  11.6","000000","999.9","  24.8","   9.9"," 17.5"," 0.00","1029.2","  2.8","010.5","  18.7","  5.3"," 11.9"
"34504099999","48.6","34.9666666","143.0","1994-12-03","  24.5","001000","999.9","  33.1","  21.6"," 15.5"," 0.04","1024.0","  2.8","005.7","  27.7","  4.0"," 12.1"
"34504099999","48.6","34.9666666","143.0","1994-12-04","  15.2","000000","999.9","  24.6","  15.4"," 15.5"," 0.00","1026.2","  2.0","007.6","  21.2","  6.2"," 11.7"
"34504099999","48.6","34.9666666","143.0","1994-12-05","   8.3","000000","999.9","  19.4","   9.9"," 11.7"," 0.00","1032.7","  2.0","013.6","  12.6","  6.2","  5.1"
"34504099999","48.6","34.9666666","143.0","1994-12-06","  20.1","101000","999.9","  31.8","   9.0"," 15.5"," 0.16","1027.7","  2.0","009.1","  21.8","  2.5"," 10.0"
"34504099999","48.6","34.9666666","143.0","1994-12-07","  31.9","101000","999.9","  46.4","  31.8"," 15.5"," 0.16","1023.4","999.9","005.3","  34.3","  0.3"," 11.1"
"34504099999","48.6","34.9666666","143.0","1994-12-08","  30.6","011000","999.9","  34.5","  28.0"," 11.7"," 0.00","1023.5","  3.1","005.3","  32.3","  1.3","  9.0"
"34504099999","48.6","34.9666666","143.0","1994-12-09","  22.4","010000","999.9","  32.4","  23.4"," 11.7"," 0.02","1028.5","  3.5","010.0","  25.8","  2.8","  7.5"
"34504099999","48.6","34.9666666","143.0","1994-12-10","  18.0","001000","999.9","  28.8","  13.3","  7.8"," 0.00","1029.9","  3.5","011.3","  21.8","  3.3","  7.3"
"34504099999","48.6","34.9666666","143.0","1994-12-11","  20.2","011000","999.9","  23.7","  19.2"," 11.7"," 0.47","1025.0","  6.3","006.4","  21.5","  0.7","  8.3"
"34504099999","48.6","34.9666666","143.0","1994-12-12","  26.8","101000","999.9","  30.7","  22.1"," 11.7"," 0.00","1014.6","  7.9","996.5","  26.9","  0.2","  4.5"
"34504099999","48.6","34.9666666","143.0","1994-12-13","  31.9","110000","999.9","  37.2","  28.6"," 17.5"," 0.35","1001.3","  6.3","983.6","  33.5","  0.9"," 11.1"
"34504099999","48.6","34.9666666","143.0","1994-12-14","  28.0","010000","999.9","  33.8","  24.1"," 11.7"," 0.00","1006.7","  2.8","988.8","  30.4","  2.8","  8.0"
"34504099999","48.6","34.9666666","143.0","1994-12-15","  24.2","110000","999.9","  37.0","  24.4"," 25.3"," 0.20","1004.8","  2.4","986.9","  30.4","  3.8"," 17.7"
"34504099999","48.6","34.9666666","143.0","1994-12-16","  22.3","001000","999.9","  30.9","  18.3"," 11.7"," 0.01","1017.7","  2.8","999.4","  25.4","  4.3","  8.7"
"34504099999","48.6","34.9666666","143.0","1994-12-17","  21.6","001000","999.9","  28.4","  21.6"," 13.6"," 0.00","1020.1","  3.5","001.8","  25.0","  4.7","  5.6"
"34504099999","48.6","34.9666666","143.0","1994-12-18","  10.2","001000","999.9","  18.0","   5.2"," 11.7"," 0.02","1027.5","  4.7","008.6","  14.0","  5.3","  5.6"
"34504099999","48.6","34.9666666","143.0","1994-12-19","  -1.8","000000","999.9","   8.4","   0.7"," 13.6"," 0.00","1034.0","  4.7","014.5","   4.1","  6.2"," 12.4"
"34504099999","48.6","34.9666666","143.0","1994-12-20","   3.4","001000","999.9","  14.4","   0.7"," 17.5"," 0.02","1036.0","  5.5","016.7","   9.3","  4.8"," 15.5"
"34504099999","48.6","34.9666666","143.0","1994-12-21","   6.4","001000","999.9","  16.7","   5.5"," 13.6"," 0.00","1034.6","  5.5","015.4","  11.8","  5.1"," 10.8"
"34504099999","48.6","34.9666666","143.0","1994-12-22","  12.5","000000","999.9","  18.5","   9.3"," 11.7"," 0.00","1032.4","  5.5","013.4","  15.3","  4.4","  8.9"
"34504099999","48.6","34.9666666","143.0","1994-12-23","  12.2","000000","999.9","  21.6","  14.9"," 13.6"," 0.00","1035.4","  4.7","016.5","  18.7","  5.1"," 11.9"
"34504099999","48.6","34.9666666","143.0","1994-12-24","   5.1","000000","999.9","  19.2","   8.1"," 11.7"," 0.00","1038.4","  4.7","019.3","  13.9","  5.7","  7.3"
"34504099999","48.6","34.9666666","143.0","1994-12-25","   5.4","000000","999.9","  26.2","   9.3","  3.9"," 0.00","1031.7","  4.3","012.7","  14.6","  5.7","  2.2"
"34504099999","48.6","34.9666666","143.0","1994-12-26","  16.7","100000","999.9","  27.7","  11.5","  7.8"," 0.00","1022.6","  4.3","005.2","  21.0","  3.0","  4.4"
"34504099999","48.6","34.9666666","143.0","1994-12-27","  25.3","100000","999.9","  33.1","  25.7","  9.7"," 0.01","1016.1","  3.9","998.2","  30.4","  3.7","  8.0"
"34504099999","48.6","34.9666666","143.0","1994-12-28","  25.6","100000","999.9","  32.0","  22.6"," 15.5"," 0.00","1010.6","  3.9","992.5","  28.0","  2.3"," 10.0"
"34504099999","48.6","34.9666666","143.0","1994-12-29","  31.0","100000","999.9","  35.2","  29.8","  9.7"," 0.00","1018.9","999.9","000.8","  32.2","  0.2","  5.0"
"34504099999","48.6","34.9666666","143.0","1994-12-30","  34.6","100000","999.9","  36.3","  32.2"," 15.5"," 0.00","1015.8","999.9","997.9","  34.6","  0.2"," 11.7"
"34504099999","48.6","34.9666666","143.0","1994-12-31","  37.2","110000","999.9","  39.4","  35.6"," 17.5"," 0.12","1004.3","  1.6","986.7","  37.3","  0.4"," 13.9"
"34504099999","48.6","34.9666666","143.0","1995-01-01","  34.8","010000","999.9","  39.9","  33.6"," 17.5"," 0.04"," 998.3","  0.4","980.7","  36.3","  1.7"," 13.4"
"34504099999","48.6","34.9666666","143.0","1995-01-02","  32.8","110000","999.9","  35.6","  32.5","  9.7"," 0.20"," 999.2","999.9","981.5","  33.3","  0.9","  6.9"
"34504099999","48.6","34.9666666","143.0","1995-01-03","  28.3","000000","999.9","  36.1","  27.1","  9.7"," 0.00","1015.6","999.9","997.5","  31.0","  1.8","  5.3"
"34504099999","48.6","34.9666666","143.0","1995-01-04","  23.0","000000","999.9","  32.4","  22.3"," 19.4"," 0.00","1027.3","999.9","008.8","  27.8","  2.2"," 11.7"
"34504099999","48.6","34.9666666","143.0","1995-01-05","   8.8","000000","999.9","  25.3","  16.9"," 23.3"," 0.00","1035.4","999.9","016.7","  21.4","  6.2"," 21.6"
"34504099999","48.6","34.9666666","143.0","1995-01-06","  18.9","001000","999.9","  24.3","  20.8"," 17.5"," 0.00","1033.7","  1.2","015.0","  22.4","  2.8"," 13.3"
"34504099999","48.6","34.9666666","143.0","1995-01-07","  26.1","000000","999.9","  30.2","  22.8"," 15.5"," 0.00","1032.1","999.9","013.7","  27.8","  1.2"," 13.4"
"34504099999","48.6","34.9666666","143.0","1995-01-08","  18.9","000000","999.9","  39.0","  20.3"," 15.5"," 0.00","1032.6","  0.8","013.9","  23.5","  5.8"," 14.1"
"34504099999","48.6","34.9666666","143.0","1995-01-09","  14.1","000000","999.9","  22.1","  18.5"," 11.7"," 0.00","1026.8","  0.4","008.1","  20.5","  4.8","  8.3"
"34504099999","48.6","34.9666666","143.0","1995-01-10","  19.8","000000","999.9","  28.0","  22.1","  5.8"," 0.00","1015.5","999.9","997.2","  24.2","  2.5","  3.6"
"34504099999","48.6","34.9666666","143.0","1995-01-11","  28.6","001000","999.9","  32.5","  25.9"," 11.7"," 0.04","1002.4","999.9","985.2","  29.8","  1.3","  9.0"
"34504099999","48.6","34.9666666","143.0","1995-01-12","  29.2","001000","999.9","  32.9","  27.0"," 13.6"," 0.08","1003.5","  2.4","985.7","  30.9","  1.6"," 10.1"
"34504099999","48.6","34.9666666","143.0","1995-01-13","  26.7","101000","999.9","  33.4","  17.6"," 11.7"," 0.31","1009.2","  3.9","991.2","  27.7","  1.2","  5.5"
"34504099999","48.6","34.9666666","143.0","1995-01-14","  19.5","100000","999.9","  25.9","  14.2","  7.8"," 0.01","1023.3","  3.9","004.8","  20.2","  0.6","  1.5"
"34504099999","48.6","34.9666666","143.0","1995-01-15","  16.9","001000","999.9","  23.0","  14.2"," 11.7"," 0.00","1024.2","  3.9","005.5","  19.6","  1.6","  3.1"
"34504099999","48.6","34.9666666","143.0","1995-01-16","  19.6","001000","999.9","  26.4","  16.5"," 15.5"," 0.08","1023.4","  3.9","004.7","  21.0","  1.4","  8.7"
"34504099999","48.6","34.9666666","143.0","1995-01-17","  11.5","001000","999.9","  18.1","  13.3"," 15.5"," 0.01","1029.5","  4.7","010.6","  15.5","  2.0"," 12.9"
"34504099999","48.6","34.9666666","143.0","1995-01-18","   8.8","001000","999.9","  16.3","   9.9"," 15.5"," 0.00","1032.4","  5.5","013.3","  12.4","  4.0"," 12.9"
"34504099999","48.6","34.9666666","143.0","1995-01-19","  10.4","000000","999.9","  19.2","   7.3"," 15.5"," 0.00","1035.7","  5.5","016.6","  14.8","  3.1"," 13.1"
"34504099999","48.6","34.9666666","143.0","1995-01-20","   2.5","000000","999.9","  16.5","   3.2"," 13.6"," 0.00","1040.5","  5.1","021.2","   9.1","  6.2"," 12.9"
"34504099999","48.6","34.9666666","143.0","1995-01-21","   3.3","000000","999.9","  14.7","   2.3"," 11.7"," 0.00","1035.1","  4.7","015.8","   8.1","  6.2","  8.3"
"34504099999","48.6","34.9666666","143.0","1995-01-22","   7.9","001000","999.9","  19.9","   4.3","  7.8"," 0.00","1030.3","  3.9","011.2","  11.4","  4.3","  3.9"
"34504099999","48.6","34.9666666","143.0","1995-01-23","  16.1","011000","999.9","  25.7","  10.2"," 15.5"," 0.04","1023.2","  4.3","004.6","  18.3","  2.3","  7.8"
"34504099999","48.6","34.9666666","143.0","1995-01-24","  32.2","011000","999.9","  36.0","  22.8"," 38.9"," 0.20","1009.0","  5.1","991.1","  32.8","  1.1"," 15.0"
"34504099999","48.6","34.9666666","143.0","1995-01-25","  32.9","011000","999.9","  35.2","  32.5"," 17.5"," 0.51","1001.9","  2.0","984.2","  33.6","  1.2"," 13.8"
"34504099999","48.6","34.9666666","143.0","1995-01-26","  30.0","100000","999.9","  34.5","  27.3","  7.8"," 0.00","1010.9","  2.0","992.9","  30.8","  1.6","  6.5"
"34504099999","48.6","34.9666666","143.0","1995-01-27","  35.0","100000","999.9","  41.7","  30.0"," 15.5"," 0.00","1005.8","  2.0","988.1","  36.7","  0.9"," 11.7"
"34504099999","48.6","34.9666666","143.0","1995-01-28","  31.3","011000","999.9","  40.1","  26.8"," 21.4"," 0.12","1006.5","  0.4","988.7","  33.3","  1.3"," 12.6"
"34504099999","48.6","34.9666666","143.0","1995-01-29","  28.5","001000","999.9","  34.2","  24.8"," 15.5"," 0.04","1017.2","  0.4","999.1","  30.7","  3.3"," 11.7"
"34504099999","48.6","34.9666666","143.0","1995-01-30","  32.4","000000","999.9","  38.8","  32.0","  9.7"," 0.01","1015.6","  0.4","997.7","  34.6","  3.0","  8.5"
"34504099999","48.6","34.9666666","143.0","1995-01-31","  36.3","100000","999.9","  40.6","  34.3"," 13.6"," 0.00","1015.7","  0.4","997.8","  37.6","  0.9","  9.7"
"34504099999","48.6","34.9666666","143.0","1995-02-01","  22.9","101000","999.9","  34.9","  18.5"," 17.5"," 0.16","1023.9","  2.0","005.5","  25.9","  1.7"," 15.8"
"34504099999","48.6","34.9666666","143.0","1995-02-02","  20.6","000000","999.9","  30.9","  10.8"," 15.5"," 0.00","1025.8","  3.1","007.2","  24.1","  3.7","  9.3"
"34504099999","48.6","34.9666666","143.0","1995-02-03","  27.4","001000","999.9","  41.0","  27.1"," 27.2"," 0.24","1019.6","  2.4","001.5","  32.2","  2.3"," 16.0"
"34504099999","48.6","34.9666666","143.0","1995-02-04","  13.3","000000","999.9","  28.6","  16.3"," 23.3"," 0.00","1025.1","  3.1","006.6","  23.0","  6.2"," 12.4"
"34504099999","48.6","34.9666666","143.0","1995-02-05","  22.9","000000","999.9","  32.4","  16.3"," 17.5"," 0.00","1015.1","  3.1","996.9","  26.4","  4.8"," 13.4"
"34504099999","48.6","34.9666666","143.0","1995-02-06","  27.5","001000","999.9","  32.9","  27.5","  9.7"," 0.04","1012.5","  2.8","994.5","  29.8","  2.3","  9.0"
"34504099999","48.6","34.9666666","143.0","1995-02-07","  29.3","001000","999.9","  34.7","  28.2"," 21.4"," 0.00","1007.8","  3.1","989.9","  31.7","  4.0"," 15.5"
"34504099999","48.6","34.9666666","143.0","1995-02-08","  34.6","010000","999.9","  38.8","  33.3"," 19.4"," 0.08","1002.1","  2.4","983.7","  35.7","  1.0"," 14.1"
"34504099999","48.6","34.9666666","143.0","1995-02-09","  36.3","100000","999.9","  39.7","  34.2"," 17.5"," 0.04"," 997.4","  0.4","979.9","  36.8","  0.9","  8.5"
"34504099999","48.6","34.9666666","143.0","1995-02-10","  24.7","111000","999.9","  35.2","  22.8"," 15.5"," 0.16","1006.2","  2.4","988.2","  29.5","  3.2"," 11.2"
"34504099999","48.6","34.9666666","143.0","1995-02-11","  21.4","000000","999.9","  35.6","  19.2"," 17.5"," 0.00","1021.7","  2.8","003.4","  27.5","  6.2"," 10.4"
"34504099999","48.6","34.9666666","143.0","1995-02-12","  33.3","100000","999.9","  37.0","  29.7"," 15.5"," 0.00","1020.3","  0.8","002.3","  34.5","  1.7"," 12.6"
"34504099999","48.6","34.9666666","143.0","1995-02-13","  35.3","100000","999.9","  38.3","  34.0"," 13.6"," 0.00","1023.9","999.9","005.9","  35.7","  0.2","  8.9"
"34504099999","48.6","34.9666666","143.0","1995-02-14","  34.7","100000","999.9","  38.1","  32.9","  7.8"," 0.00","1025.8","999.9","007.8","  35.3","  0.7","  3.9"
"34504099999","48.6","34.9666666","143.0","1995-02-15","  32.2","000000","999.9","  38.5","  33.4","  7.8"," 0.00","1026.0","999.9","007.9","  35.2","  5.3","  6.1"
"34504099999","48.6","34.9666666","143.0","1995-02-16","  31.4","001000","999.9","  35.4","  31.6"," 11.7"," 0.02","1025.2","999.9","007.1","  33.1","  4.8"," 10.0"
"34504099999","48.6","34.9666666","143.0","1995-02-17","  33.9","110000","999.9","  36.9","  31.6"," 13.6"," 0.01","1021.8","999.9","003.7","  34.4","  1.2","  6.8"
"34504099999","48.6","34.9666666","143.0","1995-02-18","  34.5","000000","999.9","  39.9","  31.8","  7.8"," 0.00","1018.5","999.9","000.6","  36.1","  1.1","  6.6"
"34504099999","48.6","34.9666666","143.0","1995-02-19","  38.4","010000","999.9","  41.0","  37.2","  9.7"," 0.37","1015.3","999.9","997.5","  38.9","  0.7","  4.4"
"34504099999","48.6","34.9666666","143.0","1995-02-20","  34.0","111000","999.9","  38.1","  31.8"," 15.5"," 0.67","1015.2","999.9","997.2","  34.3","  0.6"," 14.6"
"34504099999","48.6","34.9666666","143.0","1995-02-21","  32.9","110000","999.9","  39.0","  28.8"," 17.5"," 0.12","1016.2","999.9","998.2","  34.3","  1.5"," 10.9"
"34504099999","48.6","34.9666666","143.0","1995-02-22","  30.0","010000","999.9","  41.7","  31.8"," 13.6"," 0.01","1022.4","999.9","004.3","  35.1","  4.3","  9.2"
"34504099999","48.6","34.9666666","143.0","1995-02-23","  30.8","010000","999.9","  47.1","  33.3","  7.8"," 0.04","1023.2","999.9","005.3","  38.4","  4.3","  3.9"
"34504099999","48.6","34.9666666","143.0","1995-02-24","  33.1","100000","999.9","  49.8","  30.2"," 17.5"," 0.00","1016.1","999.9","998.2","  36.3","  3.1"," 11.4"
"34504099999","48.6","34.9666666","143.0","1995-02-25","  36.4","100000","999.9","  56.5","  34.3"," 15.5"," 0.00","1004.3","999.9","987.0","  45.7","  3.4"," 11.7"
"34504099999","48.6","34.9666666","143.0","1995-02-26","  43.9","010000","999.9","  50.7","  43.0"," 15.5"," 0.04","1004.2","999.9","986.9","  46.7","  3.3"," 10.9"
"34504099999","48.6","34.9666666","143.0","1995-02-27","  45.3","110010","999.9","  57.0","  42.8"," 23.3"," 0.59","1007.3","999.9","990.0","  48.4","  2.3"," 15.1"
"34504099999","48.6","34.9666666","143.0","1995-02-28","  27.4","000000"," 35.0","  44.6","  31.5"," 29.1"," 0.00","1017.2","999.9","999.3","  36.3","  5.3"," 21.4"
"34504099999","48.6","34.9666666","143.0","1995-03-01","  32.1","000000","999.9","  48.9","  30.0"," 17.5"," 0.00","1020.9","999.9","003.0","  38.9","  5.3"," 12.6"
"34504099999","48.6","34.9666666","143.0","1995-03-02","  32.4","000000","999.9","  54.3","  30.0"," 15.5"," 0.00","1020.9","999.9","003.8","  41.9","  5.7","  9.2"
"34504099999","48.6","34.9666666","143.0","1995-03-03","  32.1","100000","999.9","  57.9","  31.3"," 15.5"," 0.00","1019.9","999.9","002.2","  43.3","  4.5"," 10.7"
"34504099999","48.6","34.9666666","143.0","1995-03-04","  33.6","000000","999.9","  64.4","  36.1"," 15.5"," 0.00","1016.1","999.9","998.7","  49.0","  4.8","  9.0"
"34504099999","48.6","34.9666666","143.0","1995-03-05","  39.5","000000","999.9","  65.5","  36.5"," 11.7"," 0.00","1015.9","999.9","998.5","  50.2","  6.2","  9.0"
"34504099999","48.6","34.9666666","143.0","1995-03-06","  34.2","000000","999.9","  72.3","  36.3"," 15.5"," 0.00","1013.0","999.9","995.8","  52.3","  6.2","  9.7"
"34504099999","48.6","34.9666666","143.0","1995-03-07","  35.6","000000","999.9","  54.5","  38.1"," 15.5"," 0.00","1011.9","999.9","994.4","  44.5","  6.2"," 13.8"
"34504099999","48.6","34.9666666","143.0","1995-03-08","  39.5","000000","999.9","  58.1","  35.6"," 15.5"," 0.00","1013.9","999.9","996.4","  45.2","  6.2"," 11.7"
"34504099999","48.6","34.9666666","143.0","1995-03-09","  43.3","010000","999.9","  52.7","  37.0","  9.7"," 0.08","1016.9","999.9","998.8","  45.7","  3.3","  8.7"
"34504099999","48.6","34.9666666","143.0","1995-03-10","  42.9","010000","999.9","  47.5","  42.3"," 11.7"," 0.16","1017.5","999.9","999.9","  44.6","  2.3","  8.0"
"34504099999","48.6","34.9666666","143.0","1995-03-11","  39.2","110000","999.9","  52.2","  38.8"," 15.5"," 0.02","1021.6","999.9","003.9","  42.6","  3.0"," 11.9"
"34504099999","48.6","34.9666666","143.0","1995-03-12","  19.6","001000"," 36.9","  38.1","  20.7"," 27.2"," 0.00","1030.5","999.9","012.1","  28.7","  6.2"," 24.3"
"34504099999","48.6","34.9666666","143.0","1995-03-13","  10.0","001000"," 36.9","  18.3","  13.6"," 25.3"," 0.06","1037.2","999.9","018.2","  16.4","  3.9"," 24.5"
"34504099999","48.6","34.9666666","143.0","1995-03-14","  17.7","001000"," 35.0","  30.0","  17.1"," 25.3"," 0.08","1030.8","  1.6","013.5","  25.4","  2.8"," 21.6"
"34504099999","48.6","34.9666666","143.0","1995-03-15","  15.9","001000","999.9","  29.7","  24.3"," 31.1"," 0.08","1020.8","999.9","002.5","  26.5","  6.2"," 24.6"
"34504099999","48.6","34.9666666","143.0","1995-03-16","  23.4","001000","999.9","  28.2","  24.6"," 36.9"," 0.08","1015.0","999.9","996.8","  26.7","  2.4"," 17.5"
"34504099999","48.6","34.9666666","143.0","1995-03-17","  24.4","011000","999.9","  30.9","  17.6"," 11.7"," 0.08","1016.2","  1.6","998.1","  26.8","  1.9","  6.8"
"34504099999","48.6","34.9666666","143.0","1995-03-18","  32.5","010000","999.9","  42.8","  30.4"," 11.7"," 0.00","1013.5","  0.8","995.7","  36.2","  3.9","  9.5"
"34504099999","48.6","34.9666666","143.0","1995-03-19","  33.8","011000","999.9","  55.2","  38.3"," 13.6"," 0.08","1008.4","999.9","991.0","  45.0","  4.3"," 10.4"
"34504099999","48.6","34.9666666","143.0","1995-03-20","  42.6","110000","999.9","  47.3","  41.9"," 15.5"," 0.12","1004.7","999.9","987.3","  44.7","  2.9","  9.5"
"34504099999","48.6","34.9666666","143.0","1995-03-21","  37.5","110000","999.9","  40.5","  36.5"," 15.5"," 0.28","1004.7","999.9","987.1","  38.0","  1.5","  9.7"
"34504099999","48.6","34.9666666","143.0","1995-03-22","  32.0","010000","999.9","  47.1","  32.9"," 11.7"," 0.00","1017.5","999.9","999.6","  39.4","  4.8","  8.3"
"34504099999","48.6","34.9666666","143.0","1995-03-23","  28.3","000000","999.9","  41.7","  32.2"," 13.6"," 0.00","1022.1","999.9","004.2","  36.3","  6.2"," 12.2"
"34504099999","48.6","34.9666666","143.0","1995-03-24","  25.4","000000","999.9","  46.4","  28.9"," 17.5"," 0.00","1020.8"," 91.7","002.8","  36.7","  5.7"," 14.8"
"34504099999","48.6","34.9666666","143.0","1995-03-25","  26.1","011000","999.9","  41.9","  34.3"," 17.5"," 0.00","1012.9","999.9","995.1","  37.6","  6.2"," 10.9"
"34504099999","48.6","34.9666666","143.0","1995-03-26","  31.2","010000","999.9","  46.8","  29.8"," 13.6"," 0.02","1004.9","999.9","987.2","  36.3","  5.3","  8.0"
"34504099999","48.6","34.9666666","143.0","1995-03-27","  27.3","000000","999.9","  51.8","  29.7"," 27.2"," 0.00","1002.0","999.9","984.5","  40.2","  6.2"," 16.3"
"34504099999","48.6","34.9666666","143.0","1995-03-28","  39.3","010000","999.9","  61.7","  35.8"," 21.4"," 0.04"," 994.4","999.9","977.3","  46.9","  5.1"," 18.7"
"34504099999","48.6","34.9666666","143.0","1995-03-29","  30.1","001000"," 36.9","  32.0","  29.7"," 25.3"," 1.10","1001.0","999.9","983.2","  30.9","  2.9"," 18.6"
"34504099999","48.6","34.9666666","143.0","1995-03-30","  28.0","001000","999.9","  36.1","  30.0"," 21.4"," 0.02","1010.5","  4.7","992.6","  33.1","  5.7"," 13.6"
"34504099999","48.6","34.9666666","143.0","1995-03-31","  28.1","001000","999.9","  36.5","  29.5"," 19.4"," 0.16","1015.3","999.9","997.2","  31.9","  4.0"," 13.3"
"34504099999","48.6","34.9666666","143.0","1995-04-01","  30.9","011000","999.9","  35.2","  30.6"," 17.5"," 0.28","1005.7","  4.3","987.9","  32.7","  1.1"," 10.4"
"34504099999","48.6","34.9666666","143.0","1995-04-02","  28.2","000000","999.9","  44.4","  26.1"," 15.5"," 0.00","1009.9","  2.4","992.0","  34.5","  3.6","  8.5"
"34504099999","48.6","34.9666666","143.0","1995-04-03","  37.0","010000","999.9","  44.2","  30.9"," 19.4"," 0.04","1007.9","  1.2","990.3","  39.6","  2.8"," 11.9"
"34504099999","48.6","34.9666666","143.0","1995-04-04","  35.5","010000","999.9","  57.9","  32.9"," 17.5"," 0.00","1013.5","999.9","996.0","  46.2","  5.7"," 10.2"
"34504099999","48.6","34.9666666","143.0","1995-04-05","  32.7","010000","999.9","  45.3","  33.3"," 29.1"," 0.43","1010.6","999.9","992.9","  39.6","  4.4"," 21.1"
"34504099999","48.6","34.9666666","143.0","1995-04-06","  28.2","000000","999.9","  48.9","  30.7"," 13.6"," 0.00","1019.2","999.9","001.4","  40.5","  6.2"," 11.7"
"34504099999","48.6","34.9666666","143.0","1995-04-07","  35.6","010000","999.9","  47.8","  37.0"," 19.4"," 0.06","1005.2","999.9","987.7","  41.8","  5.6"," 13.6"
"34504099999","48.6","34.9666666","143.0","1995-04-08","  37.9","010000","999.9","  51.4","  33.1"," 13.6"," 0.02","1002.2","999.9","984.8","  43.0","  5.7"," 10.2"
"34504099999","48.6","34.9666666","143.0","1995-04-09","  39.6","110000","999.9","  45.5","  37.0"," 17.5"," 0.43","1001.8","999.9","984.3","  40.7","  2.8"," 11.7"
"34504099999","48.6","34.9666666","143.0","1995-04-10","  38.3","011000","999.9","  41.2","  36.9"," 15.5"," 0.31","1003.6","999.9","986.0","  39.1","  1.4"," 13.1"
"34504099999","48.6","34.9666666","143.0","1995-04-11","  35.2","110000","999.9","  39.0","  34.3"," 17.5"," 5.91","1006.6","999.9","988.9","  36.6","  2.0"," 12.6"
"34504099999","48.6","34.9666666","143.0","1995-04-12","  32.9","100000","999.9","  51.8","  31.8"," 13.6"," 0.00","1020.7","999.9","002.9","  40.5","  3.9","  7.8"
"34504099999","48.6","34.9666666","143.0","1995-04-13","  30.9","010000","999.9","  61.3","  34.2"," 21.4"," 0.00","1022.7","999.9","005.1","  47.8","  5.1"," 13.9"
"34504099999","48.6","34.9666666","143.0","1995-04-14","  29.7","000000","999.9","  58.8","  46.0"," 17.5"," 0.00","1020.4","999.9","003.0","  52.0","  6.2"," 15.3"
"34504099999","48.6","34.9666666","143.0","1995-04-15","  44.7","010000","999.9","  50.0","  46.0"," 15.5"," 0.24","1014.4","999.9","996.9","  48.0","  3.5"," 12.4"
"34504099999","48.6","34.9666666","143.0","1995-04-16","  44.9","010000","999.9","  47.1","  44.6"," 15.5"," 0.08","1008.4","999.9","991.0","  45.9","  3.0"," 14.1"
"34504099999","48.6","34.9666666","143.0","1995-04-17","  44.8","010000","999.9","  58.6","  43.7"," 11.7"," 0.08","1006.0","999.9","988.8","  50.9","  3.9"," 10.2"
"34504099999","48.6","34.9666666","143.0","1995-04-18","  44.7","000000","999.9","  52.7","  44.8"," 15.5"," 0.08","1003.9","999.9","986.7","  48.9","  4.8","  8.3"
"34504099999","48.6","34.9666666","143.0","1995-04-19","  46.8","110000","999.9","  51.3","  43.2"," 15.5"," 0.00","1008.4","999.9","991.1","  48.5","  1.6","  8.8"
"34504099999","48.6","34.9666666","143.0","1995-04-20","  49.0","000000","999.9","  72.3","  50.7"," 13.6"," 0.01","1011.9","999.9","995.0","  60.8","  4.4","  6.3"
"34504099999","48.6","34.9666666","143.0","1995-04-21","  47.4","000000","999.9","  75.6","  50.4"," 13.6"," 0.00","1014.9","999.9","998.0","  64.3","  6.2"," 10.2"
"34504099999","48.6","34.9666666","143.0","1995-04-22","  47.0","000000","999.9","  61.9","  50.0"," 17.5"," 0.00","1021.5","999.9","004.2","  56.0","  5.7","  9.7"
"34504099999","48.6","34.9666666","143.0","1995-04-23","  47.9","010010","999.9","  68.7","  47.7","  9.7"," 0.08","1022.7","999.9","005.3","  54.5","  5.1","  5.0"
"34504099999","48.6","34.9666666","143.0","1995-04-24","  43.7","000000","999.9","  76.1","  53.6"," 21.4"," 0.00","1018.6","999.9","001.5","  62.0","  6.2"," 10.5"
"34504099999","48.6","34.9666666","143.0","1995-04-25","  47.0","000000","999.9","  68.9","  49.8"," 11.7"," 0.00","1013.3","999.9","996.3","  58.6","  6.2","  7.3"
"34504099999","48.6","34.9666666","143.0","1995-04-26","  47.2","000000","999.9","  64.4","  47.8"," 15.5"," 0.00","1010.7","999.9","993.5","  52.2","  3.4","  9.7"
"34504099999","48.6","34.9666666","143.0","1995-04-27","  50.2","010000","999.9","  67.5","  49.5"," 15.5"," 0.32","1006.3","999.9","989.2","  56.6","  4.5","  9.2"
"34504099999","48.6","34.9666666","143.0","1995-04-28","  48.0","000000","999.9","  71.6","  47.7"," 15.5"," 0.00","1008.0","999.9","991.1","  60.3","  5.7"," 10.0"
"34504099999","48.6","34.9666666","143.0","1995-04-29","  47.5","000000","999.9","  66.2","  47.3"," 17.5"," 0.00","1011.8","999.9","994.6","  56.1","  5.5","  6.4"
"34504099999","48.6","34.9666666","143.0","1995-04-30","  41.4","000000","999.9","  61.9","  50.2"," 15.5"," 0.00","1015.9","999.9","998.7","  55.4","  6.2"," 14.1"
"34504099999","48.6","34.9666666","143.0","1995-05-01","  30.6","000000","999.9","  62.1","  44.4"," 13.6"," 0.00","1016.7","999.9","999.5","  53.1","  6.2"," 13.4"
"34504099999","48.6","34.9666666","143.0","1995-05-02","  26.8","000000","999.9","  58.3","  42.1"," 17.5"," 0.00","1019.6","999.9","002.2","  49.4","  6.2"," 15.3"
"34504099999","48.6","34.9666666","143.0","1995-05-03","  28.1","000000","999.9","  57.0","  41.9"," 15.5"," 0.00","1023.9","999.9","006.4","  50.1","  6.2"," 13.2"
"34504099999","48.6","34.9666666","143.0","1995-05-04","  26.8","000000","999.9","  58.3","  41.2"," 11.7"," 0.00","1020.9","999.9","003.5","  49.9","  6.2","  6.3"
"34504099999","48.6","34.9666666","143.0","1995-05-05","  34.2","000000","999.9","  64.0","  43.5","  7.8"," 0.00","1013.7","999.9","996.6","  53.6","  6.2","  4.4"
"34504099999","48.6","34.9666666","143.0","1995-05-06","  39.1","000000","999.9","  61.9","  43.3"," 11.7"," 0.00","1012.4","999.9","995.2","  52.0","  6.2","  4.4"
"34504099999","48.6","34.9666666","143.0","1995-05-07","  42.0","010000","999.9","  59.0","  40.3","  9.7"," 0.04","1009.5","999.9","992.3","  50.3","  5.1","  6.7"
"34504099999","48.6","34.9666666","143.0","1995-05-08","  41.9","000000","999.9","  59.4","  39.2"," 11.7"," 0.00","1005.2","999.9","988.2","  48.9","  4.3","  4.1"
"34504099999","48.6","34.9666666","143.0","1995-05-09","  42.0","100000","999.9","  61.9","  41.5","  9.7"," 0.00","1007.0","999.9","989.9","  52.1","  3.9","  6.8"
"34504099999","48.6","34.9666666","143.0","1995-05-10","  44.2","010000","999.9","  62.6","  46.0"," 19.4"," 0.20","1003.9","999.9","987.3","  54.5","  5.3"," 11.2"
"34504099999","48.6","34.9666666","143.0","1995-05-11","  39.9","010000","999.9","  59.2","  40.5","  9.7"," 0.00","1013.1","999.9","995.9","  50.9","  6.2","  5.0"
"34504099999","48.6","34.9666666","143.0","1995-05-12","  49.2","010000","999.9","  63.3","  49.3","  7.8"," 0.04","1015.8","999.9","998.7","  54.5","  4.8","  4.6"
"34504099999","48.6","34.9666666","143.0","1995-05-13","  53.8","100000","999.9","  77.9","  48.2"," 13.6"," 0.00","1013.6","999.9","996.8","  63.5","  4.3","  8.0"
"34504099999","48.6","34.9666666","143.0","1995-05-14","  50.3","000000","999.9","  84.2","  58.8"," 19.4"," 0.00","1008.0","999.9","991.5","  69.5","  6.2"," 11.4"
"34504099999","48.6","34.9666666","143.0","1995-05-15","  50.7","010000","999.9","  76.8","  40.5"," 19.4"," 0.04","1005.2","999.9","988.4","  60.6","  5.7"," 11.1"
"34504099999","48.6","34.9666666","143.0","1995-05-16","  42.4","010000","999.9","  48.4","  45.0"," 19.4"," 0.04","1013.9","999.9","996.6","  47.0","  5.3"," 11.4"
"34504099999","48.6","34.9666666","143.0","1995-05-17","  39.0","000000","999.9","  66.6","  41.9","  9.7"," 0.00","1021.6","999.9","004.4","  55.2","  5.7","  4.6"
"34504099999","48.6","34.9666666","143.0","1995-05-18","  48.1","010000","999.9","  68.7","  47.1","  7.8"," 0.00","1018.9","999.9","001.8","  58.5","  5.4","  4.1"
"34504099999","48.6","34.9666666","143.0","1995-05-19","  55.6","010000","999.9","  66.2","  54.9","  5.8"," 0.12","1015.1","999.9","998.1","  60.4","  4.3","  3.4"
"34504099999","48.6","34.9666666","143.0","1995-05-20","  52.5","000000","999.9","  76.5","  51.6","  3.9"," 0.00","1015.4","999.9","998.5","  65.1","  4.8","  0.7"
"34504099999","48.6","34.9666666","143.0","1995-05-21","  57.3","010000","999.9","  71.1","  57.6"," 11.7"," 0.51","1015.0","999.9","998.2","  63.9","  5.5","  4.4"
"34504099999","48.6","34.9666666","143.0","1995-05-22","  59.0","010000","999.9","  72.1","  58.6","  9.7"," 0.28","1017.2","999.9","000.4","  63.8","  5.8","  3.9"
"34504099999","48.6","34.9666666","143.0","1995-05-23","  60.4","000000","999.9","  77.9","  56.3"," 17.5"," 0.04","1016.6","999.9","999.8","  67.1","  5.7","  9.2"
"34504099999","48.6","34.9666666","143.0","1995-05-24","  62.7","000010","999.9","  85.6","  64.2"," 13.6"," 0.00","1010.9","999.9","994.4","  73.4","  6.2","  6.3"
"34504099999","48.6","34.9666666","143.0","1995-05-25","  55.5","000000","999.9","  77.5","  58.6","  7.8"," 0.00","1016.2","999.9","999.5","  68.3","  5.3","  1.0"
"34504099999","48.6","34.9666666","143.0","1995-05-26","  53.1","000010","999.9","  83.3","  63.5"," 17.5"," 0.00","1019.0","999.9","002.3","  71.5","  6.2"," 11.1"
"34504099999","48.6","34.9666666","143.0","1995-05-27","  50.9","000000","999.9","  84.9","  59.5"," 17.5"," 0.00","1022.1","999.9","005.4","  73.4","  6.2"," 14.3"
"34504099999","48.6","34.9666666","143.0","1995-05-28","  51.6","000000","999.9","  83.7","  61.9"," 13.6"," 0.00","1021.9","999.9","005.3","  72.9","  6.2"," 10.0"
"34504099999","48.6","34.9666666","143.0","1995-05-29","  53.6","000000","999.9","  88.7","  59.5"," 15.5"," 0.00","1019.1","999.9","002.5","  74.3","  6.2","  9.2"
"34504099999","48.6","34.9666666","143.0","1995-05-30","  52.8","000000","999.9","  85.5","  61.7"," 15.5"," 0.00","1017.2","999.9","000.7","  74.6","  6.2"," 10.0"
"34504099999","48.6","34.9666666","143.0","1995-05-31","  47.6","000000","999.9","  88.9","  59.4"," 19.4"," 0.00","1016.1","999.9","998.6","  73.6","  7.0"," 11.7"
"34504099999","48.6","34.9666666","143.0","1995-06-01","  52.3","000000","999.9","  90.3","  61.2"," 17.5"," 0.00","1014.6","999.9","998.2","  75.3","  6.2","  8.3"
"34504099999","48.6","34.9666666","143.0","1995-06-02","  51.9","000000","999.9","  91.4","  58.6"," 13.6"," 0.00","1014.0","999.9","997.5","  74.5","  6.2","  6.9"
"34504099999","48.6","34.9666666","143.0","1995-06-03","  53.6","000000","999.9","  90.3","  64.4","  7.8"," 0.00","1011.6","999.9","995.6","  75.5","  6.2","  4.2"
"34504099999","48.6","34.9666666","143.0","1995-06-04","  62.8","000000","999.9","  88.5","  63.0","  7.8"," 0.00","1010.8","999.9","994.5","  76.5","  6.2","  3.9"
"34504099999","48.6","34.9666666","143.0","1995-06-05","  60.4","000000","999.9","  76.8","  62.8"," 11.7"," 0.00","1011.6","999.9","995.0","  70.1","  6.2","  8.5"
"34504099999","48.6","34.9666666","143.0","1995-06-06","  59.3","000000","999.9","  77.0","  56.1"," 17.5"," 0.00","1011.6","999.9","994.9","  66.2","  6.2","  8.1"
"34504099999","48.6","34.9666666","143.0","1995-06-07","  60.2","110010","999.9","  78.6","  58.1"," 11.7"," 0.00","1014.7","999.9","997.9","  66.7","  4.5","  5.3"
"34504099999","48.6","34.9666666","143.0","1995-06-08","  45.4","000000","999.9","  79.3","  53.6"," 15.5"," 0.00","1019.2","999.9","002.4","  67.9","  6.2","  9.5"
"34504099999","48.6","34.9666666","143.0","1995-06-09","  43.8","000000","999.9","  81.5","  54.3"," 23.3"," 0.00","1018.7","999.9","001.9","  68.8","  6.2"," 13.3"
"34504099999","48.6","34.9666666","143.0","1995-06-10","  46.1","000000","999.9","  86.2","  64.0"," 13.6"," 0.00","1015.7","999.9","999.2","  72.3","  6.2","  7.0"
"34504099999","48.6","34.9666666","143.0","1995-06-11","  54.1","000000","999.9","  88.5","  66.9","  7.8"," 0.00","1014.6","999.9","998.0","  75.5","  6.2","  5.3"
"34504099999","48.6","34.9666666","143.0","1995-06-12","  54.6","000000","999.9","  87.1","  58.6"," 15.5"," 0.00","1014.4","999.9","997.8","  72.5","  6.2","  7.8"
"34504099999","48.6","34.9666666","143.0","1995-06-13","  57.4","000000","999.9","  84.0","  63.5"," 11.7"," 0.00","1014.7","999.9","998.2","  73.5","  6.2","  8.0"
"34504099999","48.6","34.9666666","143.0","1995-06-14","  57.2","000010","999.9","  87.1","  63.7","  7.8"," 0.00","1013.2","999.9","996.8","  76.7","  6.2","  3.3"
"34504099999","48.6","34.9666666","143.0","1995-06-15","  60.2","000010","999.9","  90.5","  65.5"," 15.5"," 0.00","1013.4","999.9","997.0","  75.6","  6.2","  2.8"
"34504099999","48.6","34.9666666","143.0","1995-06-16","  60.1","000000","999.9","  86.2","  65.5","  7.8"," 0.00","1013.7","999.9","997.3","  75.7","  6.2","  3.9"
"34504099999","48.6","34.9666666","143.0","1995-06-17","  61.0","000010","999.9","  87.1","  66.0"," 15.5"," 0.00","1011.8","999.9","995.7","  77.6","  6.2","  4.6"
"34504099999","48.6","34.9666666","143.0","1995-06-18","  60.3","000000","999.9","  87.6","  63.7","  9.7"," 0.00","1010.5","999.9","994.2","  77.9","  6.2","  7.0"
"34504099999","48.6","34.9666666","143.0","1995-06-19","  63.2","010010","999.9","  90.9","  63.7"," 11.7"," 0.31","1009.3","999.9","993.1","  75.6","  5.3","  8.7"
"34504099999","48.6","34.9666666","143.0","1995-06-20","  59.7","010000","999.9","  68.9","  62.8"," 15.5"," 0.31","1010.4","999.9","993.7","  65.1","  5.1","  9.0"
"34504099999","48.6","34.9666666","143.0","1995-06-21","  48.6","010010","999.9","  69.8","  51.4"," 17.5"," 0.09","1011.7","999.9","994.9","  60.9","  6.2"," 13.3"
"34504099999","48.6","34.9666666","143.0","1995-06-22","  51.3","000000","999.9","  85.5","  50.7"," 19.4"," 0.00","1006.0","999.9","989.5","  68.1","  6.2"," 13.6"
"34504099999","48.6","34.9666666","143.0","1995-06-23","  60.1","000000","999.9","  78.6","  64.4"," 15.5"," 0.00","1006.5","999.9","990.0","  70.3","  5.6"," 12.0"
"34504099999","48.6","34.9666666","143.0","1995-06-24","  54.1","000000","999.9","  80.6","  62.2","  9.7"," 0.00","1012.5","999.9","995.9","  71.6","  6.2","  2.4"
"34504099999","48.6","34.9666666","143.0","1995-06-25","  60.9","000000","999.9","  89.8","  65.3"," 15.5"," 0.00","1012.8","999.9","996.4","  75.1","  6.2","  9.0"
"34504099999","48.6","34.9666666","143.0","1995-06-26","  64.5","000000","999.9","  95.4","  67.5"," 13.6"," 0.00","1009.9","999.9","993.7","  81.2","  6.2","  9.7"
"34504099999","48.6","34.9666666","143.0","1995-06-27","  64.9","010010","999.9","  88.9","  68.7"," 15.5"," 0.00","1003.8","999.9","987.6","  77.5","  6.2","  8.5"
"34504099999","48.6","34.9666666","143.0","1995-06-28","  62.4","010010","999.9","  82.0","  64.4"," 11.7"," 0.04","1001.2","999.9","983.6","  71.7","  5.5","  5.3"
"34504099999","48.6","34.9666666","143.0","1995-06-29","  65.8","010000","999.9","  67.8","  65.3"," 11.7"," 1.10"," 998.8","999.9","981.3","  66.6","  4.4","  4.5"
"34504099999","48.6","34.9666666","143.0","1995-06-30","  64.2","010000","999.9","  69.4","  65.5"," 15.5"," 0.31","1003.2","999.9","986.7","  66.8","  3.6"," 10.2"
"34504099999","48.6","34.9666666","143.0","1995-07-01","  56.6","000000","999.9","  76.5","  62.6"," 19.4"," 0.00","1007.8","999.9","991.2","  69.6","  6.2"," 13.8"
"34504099999","48.6","34.9666666","143.0","1995-07-02","  54.5","000000","999.9","  79.5","  60.8"," 13.6"," 0.00","1009.1","999.9","992.6","  70.8","  6.2","  8.0"
"34504099999","48.6","34.9666666","143.0","1995-07-03","  50.9","000000","999.9","  74.3","  58.8"," 15.5"," 0.00","1013.4","999.9","996.7","  67.1","  6.2","  8.6"
"34504099999","48.6","34.9666666","143.0","1995-07-04","  57.0","000000","999.9","  86.0","  53.6","  7.8"," 0.00","1013.9","999.9","997.8","  70.3","  6.2","  1.9"
"34504099999","48.6","34.9666666","143.0","1995-07-05","  61.0","010000","999.9","  90.0","  65.8"," 11.7"," 0.00","1012.5","999.9","996.1","  76.4","  6.2","  7.5"
"34504099999","48.6","34.9666666","143.0","1995-07-06","  57.9","000000","999.9","  75.6","  64.2"," 15.5"," 0.00","1013.5","999.9","996.9","  70.0","  6.2"," 12.9"
"34504099999","48.6","34.9666666","143.0","1995-07-07","  55.6","000000","999.9","  77.4","  63.7"," 17.5"," 0.00","1014.9","999.9","998.3","  70.8","  6.2"," 14.3"
"34504099999","48.6","34.9666666","143.0","1995-07-08","  54.8","000000","999.9","  77.9","  64.4"," 15.5"," 0.00","1016.2","999.9","999.5","  70.2","  6.2"," 13.3"
"34504099999","48.6","34.9666666","143.0","1995-07-09","  57.4","000000","999.9","  83.7","  60.3"," 15.5"," 0.02","1015.4","999.9","998.8","  73.2","  6.2"," 11.2"
"34504099999","48.6","34.9666666","143.0","1995-07-10","  61.7","000000","999.9","  85.8","  67.5"," 15.5"," 0.00","1012.4","999.9","996.0","  77.0","  6.2"," 12.6"
"34504099999","48.6","34.9666666","143.0","1995-07-11","  61.9","010010","999.9","  87.1","  68.9"," 15.5"," 0.00","1009.1","999.9","992.8","  76.8","  6.2"," 11.4"
"34504099999","48.6","34.9666666","143.0","1995-07-12","  62.7","000000","999.9","  85.6","  68.9"," 17.5"," 0.00","1008.4","999.9","992.1","  74.8","  6.2","  9.5"
"34504099999","48.6","34.9666666","143.0","1995-07-13","  57.8","000000","999.9","  85.5","  67.3"," 17.5"," 0.00","1012.5","999.9","996.0","  72.2","  6.2"," 14.4"
"34504099999","48.6","34.9666666","143.0","1995-07-14","  56.9","000000","999.9","  88.3","  66.9"," 13.6"," 0.00","1013.8","999.9","997.3","  77.0","  6.2"," 12.1"
"34504099999","48.6","34.9666666","143.0","1995-07-15","  59.2","000000","999.9","  87.8","  68.9"," 11.7"," 0.00","1009.2","999.9","993.0","  78.3","  6.2","  4.9"
"34504099999","48.6","34.9666666","143.0","1995-07-16","  56.5","000000","999.9","  84.2","  66.2"," 15.5"," 0.00","1010.0","999.9","992.6","  74.2","  6.2","  9.5"
"34504099999","48.6","34.9666666","143.0","1995-07-17","  52.7","000000","999.9","  81.3","  61.9"," 15.5"," 0.00","1012.3","999.9","995.8","  72.7","  6.2"," 11.9"
"34504099999","48.6","34.9666666","143.0","1995-07-18","  51.5","000000","999.9","  83.8","  56.8"," 15.5"," 0.00","1016.7","999.9","000.1","  72.2","  6.2"," 14.8"
"34504099999","48.6","34.9666666","143.0","1995-07-19","  52.8","000000","999.9","  86.9","  61.2"," 11.7"," 0.00","1015.5","999.9","999.0","  73.7","  6.2","  8.6"
"34504099999","48.6","34.9666666","143.0","1995-07-20","  55.6","010010","999.9","  79.7","  59.4"," 13.6"," 0.00","1011.9","999.9","995.2","  67.8","  6.2","  7.8"
"34504099999","48.6","34.9666666","143.0","1995-07-21","  52.0","000000","999.9","  79.3","  58.1"," 17.5"," 0.00","1012.6","999.9","996.0","  69.6","  6.2"," 13.1"
"34504099999","48.6","34.9666666","143.0","1995-07-22","  55.7","000000","999.9","  84.2","  60.1"," 13.6"," 0.00","1016.0","999.9","999.4","  71.8","  6.9","  7.3"
"34504099999","48.6","34.9666666","143.0","1995-07-23","  55.6","000000","999.9","  87.1","  64.0"," 15.5"," 0.00","1015.2","999.9","998.7","  76.4","  6.2","  7.2"
"34504099999","48.6","34.9666666","143.0","1995-07-24","  58.4","000000","999.9","  90.5","  68.5"," 15.5"," 0.00","1012.7","999.9","996.4","  79.1","  6.2"," 11.7"
"34504099999","48.6","34.9666666","143.0","1995-07-25","  58.7","000000","999.9","  90.0","  69.6"," 11.7"," 0.00","1009.3","999.9","993.0","  75.6","  6.2","  9.2"
"34504099999","48.6","34.9666666","143.0","1995-07-26","  57.5","000000","999.9","  80.2","  62.2"," 17.5"," 0.00","1009.6","999.9","993.1","  71.0","  6.5"," 12.3"
"34504099999","48.6","34.9666666","143.0","1995-07-27","  50.9","000000","999.9","  79.9","  60.4"," 19.4"," 0.00","1011.9","999.9","995.3","  70.4","  6.2"," 12.9"
"34504099999","48.6","34.9666666","143.0","1995-07-28","  51.1","010000","999.9","  74.8","  55.8"," 19.4"," 0.02","1012.1","999.9","995.3","  63.8","  6.2"," 10.0"
"34504099999","48.6","34.9666666","143.0","1995-07-29","  55.2","010000","999.9","  74.8","  56.8"," 11.7"," 0.01","1011.5","999.9","994.7","  63.2","  6.2","  7.0"
"34504099999","48.6","34.9666666","143.0","1995-07-30","  56.9","000000","999.9","  72.0","  60.8"," 11.7"," 0.00","1012.6","999.9","995.8","  65.0","  6.2","  7.0"
"34504099999","48.6","34.9666666","143.0","1995-07-31","  54.5","000000","999.9","  83.3","  56.8","  5.8"," 0.00","1012.0","999.9","995.5","  73.0","  6.2","  1.7"
"34504099999","48.6","34.9666666","143.0","1995-08-01","  59.0","010010","999.9","  87.3","  61.7","  9.7"," 0.04","1013.0","999.9","996.5","  72.5","  6.2","  2.8"
"34504099999","48.6","34.9666666","143.0","1995-08-02","  58.5","000000","999.9","  90.7","  64.6","  7.8"," 0.00","1011.5","999.9","995.1","  76.5","  6.2","  5.1"
"34504099999","48.6","34.9666666","143.0","1995-08-03","  61.8","010010","999.9","  86.9","  66.2"," 17.5"," 0.00","1009.1","999.9","992.6","  73.3","  5.6"," 13.4"
"34504099999","48.6","34.9666666","143.0","1995-08-04","  65.5","010010","999.9","  79.7","  64.4"," 17.5"," 1.57","1005.3","999.9","988.9","  70.4","  5.3","  7.3"
"34504099999","48.6","34.9666666","143.0","1995-08-05","  61.8","100000","999.9","  81.5","  61.5"," 15.5"," 0.00","1006.4","999.9","989.9","  68.5","  4.1"," 10.2"
"34504099999","48.6","34.9666666","143.0","1995-08-06","  56.1","000000","999.9","  75.6","  58.6"," 15.5"," 0.00","1010.1","999.9","993.4","  66.3","  6.2","  9.7"
"34504099999","48.6","34.9666666","143.0","1995-08-07","  57.8","010000","999.9","  70.3","  57.2"," 11.7"," 0.02","1011.4","999.9","994.5","  62.3","  3.9","  5.2"
"34504099999","48.6","34.9666666","143.0","1995-08-08","  53.4","000000","999.9","  79.9","  53.4"," 11.7"," 0.00","1012.6","999.9","996.0","  69.6","  5.7","  7.0"
"34504099999","48.6","34.9666666","143.0","1995-08-09","  56.8","010000","999.9","  69.6","  57.9"," 13.6"," 0.04","1014.3","999.9","997.4","  62.0","  4.3","  7.3"
"34504099999","48.6","34.9666666","143.0","1995-08-10","  49.9","000000","999.9","  72.7","  55.0"," 11.7"," 0.00","1019.5","999.9","002.6","  64.4","  5.7"," 10.9"
"34504099999","48.6","34.9666666","143.0","1995-08-11","  48.0","000000","999.9","  73.4","  56.5"," 15.5"," 0.00","1014.1","999.9","997.3","  64.2","  6.2","  8.7"
"34504099999","48.6","34.9666666","143.0","1995-08-12","  53.5","010000","999.9","  61.2","  53.2"," 15.5"," 0.31","1010.5","999.9","993.5","  56.4","  3.0"," 11.4"
"34504099999","48.6","34.9666666","143.0","1995-08-13","  48.0","000000","999.9","  72.7","  47.8"," 15.5"," 0.02","1015.0","999.9","998.1","  61.7","  6.2"," 10.0"
"34504099999","48.6","34.9666666","143.0","1995-08-14","  52.4","000000","999.9","  79.7","  53.2"," 15.5"," 0.00","1012.5","999.9","995.9","  66.9","  6.2","  9.2"
"34504099999","48.6","34.9666666","143.0","1995-08-15","  52.8","000000","999.9","  82.9","  52.9"," 15.5"," 0.00","1012.0","999.9","995.4","  71.8","  6.2","  8.0"
"34504099999","48.6","34.9666666","143.0","1995-08-16","  56.8","000000","999.9","  79.5","  61.2"," 13.6"," 0.00","1013.4","999.9","996.8","  70.0","  6.2","  9.7"
"34504099999","48.6","34.9666666","143.0","1995-08-17","  57.7","000000","999.9","  77.7","  60.4","  9.7"," 0.00","1015.8","999.9","999.1","  69.6","  6.2","  6.3"
"34504099999","48.6","34.9666666","143.0","1995-08-18","  57.5","000000","999.9","  81.1","  61.9","  9.7"," 0.00","1016.4","999.9","999.9","  71.9","  6.2","  5.2"
"34504099999","48.6","34.9666666","143.0","1995-08-19","  57.9","000000","999.9","  82.8","  64.4"," 11.7"," 0.00","1018.0","999.9","001.5","  73.6","  5.5","  7.5"
"34504099999","48.6","34.9666666","143.0","1995-08-20","  60.0","000000","999.9","  85.6","  64.0","  7.8"," 0.00","1015.4","999.9","999.0","  75.7","  5.5","  3.3"
"34504099999","48.6","34.9666666","143.0","1995-08-21","  60.9","000000","999.9","  86.7","  66.2","  7.8"," 0.00","1011.0","999.9","994.7","  77.6","  6.2","  4.2"
"34504099999","48.6","34.9666666","143.0","1995-08-22","  59.4","000000","999.9","  78.1","  61.5"," 21.4"," 0.00","1013.1","999.9","996.5","  69.5","  6.2"," 13.6"
"34504099999","48.6","34.9666666","143.0","1995-08-23","  49.2","000000","999.9","  74.3","  55.8","  9.7"," 0.00","1019.3","999.9","002.5","  65.0","  6.2","  7.8"
"34504099999","48.6","34.9666666","143.0","1995-08-24","  47.6","000000","999.9","  79.0","  55.8","  5.8"," 0.00","1017.0","999.9","000.4","  70.8","  6.2","  4.2"
"34504099999","48.6","34.9666666","143.0","1995-08-25","  50.2","000000","999.9","  83.1","  59.7","  5.8"," 0.00","1013.6","999.9","997.1","  72.0","  6.2","  1.7"
"34504099999","48.6","34.9666666","143.0","1995-08-26","  59.3","010000","999.9","  85.1","  59.4","  7.8"," 0.12","1008.5","999.9","992.0","  71.2","  6.2","  2.4"
"34504099999","48.6","34.9666666","143.0","1995-08-27","  61.0","010010","999.9","  81.3","  60.3","  9.7","99.99","1003.7","999.9","987.2","  69.1","  5.1","  3.6"
"34504099999","48.6","34.9666666","143.0","1995-08-28","  55.3","000000","999.9","  74.3","  58.3"," 15.5"," 0.12","1007.1","999.9","990.5","  67.1","  5.5","  9.7"
"34504099999","48.6","34.9666666","143.0","1995-08-29","  53.0","000000","999.9","  81.5","  54.0","  5.8"," 0.00","1011.6","999.9","994.9","  67.3","  6.2","  3.4"
"34504099999","48.6","34.9666666","143.0","1995-08-30","  60.3","010010","999.9","  90.5","  57.7"," 19.4"," 0.00","1005.0","999.9","988.7","  76.4","  6.2"," 15.5"
"34504099999","48.6","34.9666666","143.0","1995-08-31","  49.8","000000","999.9","  71.1","  58.5"," 15.5"," 0.04","1013.7","999.9","996.8","  62.8","  6.2"," 10.0"
"34504099999","48.6","34.9666666","143.0","1995-09-01","  48.1","000000","999.9","  78.4","  54.0"," 11.7"," 0.00","1016.2","999.9","999.6","  68.4","  6.2","  9.2"
"34504099999","48.6","34.9666666","143.0","1995-09-02","  60.4","010010","999.9","  74.1","  58.6"," 11.7"," 0.04","1008.4","999.9","991.7","  65.7","  5.1","  6.7"
"34504099999","48.6","34.9666666","143.0","1995-09-03","  49.2","000000","999.9","  75.2","  53.6","999.9"," 0.00","1013.4","999.9","996.6","  64.2","  5.7","  0.0"
"34504099999","48.6","34.9666666","143.0","1995-09-04","  50.0","000000","999.9","  76.1","  56.8","  9.7"," 0.00","1010.9","999.9","994.2","  66.4","  6.2","  4.4"
"34504099999","48.6","34.9666666","143.0","1995-09-05","  54.7","010000","999.9","  78.4","  57.6"," 11.7"," 0.00","1007.9","999.9","991.3","  67.3","  6.2","  3.9"
"34504099999","48.6","34.9666666","143.0","1995-09-06","  52.7","000000","999.9","  77.5","  58.1"," 11.7"," 0.00","1009.8","999.9","993.2","  66.9","  5.4","  5.3"
"34504099999","48.6","34.9666666","143.0","1995-09-07","  62.1","010000","999.9","  72.5","  62.2","  7.8"," 0.00","1004.6","999.9","988.0","  67.1","  6.2","  5.0"
"34504099999","48.6","34.9666666","143.0","1995-09-08","  59.3","000000","999.9","  63.3","  58.6"," 13.6"," 0.16","1006.2","999.9","989.5","  61.7","  2.7","  9.7"
"34504099999","48.6","34.9666666","143.0","1995-09-09","  55.1","000000","999.9","  75.6","  55.8","  3.9"," 0.00","1013.0","999.9","996.2","  65.0","  4.4","  1.0"
"34504099999","48.6","34.9666666","143.0","1995-09-10","  54.8","000000","999.9","  80.1","  58.1","  9.7"," 0.00","1011.0","999.9","994.4","  70.1","  6.2","  6.7"
"34504099999","48.6","34.9666666","143.0","1995-09-11","  60.3","010010","999.9","  66.9","  59.0","  9.7"," 0.43","1011.6","999.9","994.8","  63.5","  4.7","  4.1"
"34504099999","48.6","34.9666666","143.0","1995-09-12","  56.9","100000","999.9","  77.4","  55.4","  9.7"," 0.00","1018.0","999.9","001.2","  65.3","  4.3","  4.1"
"34504099999","48.6","34.9666666","143.0","1995-09-13","  55.3","000000","999.9","  75.9","  56.7","  7.8"," 0.00","1021.5","999.9","004.6","  66.7","  6.2","  3.2"
"34504099999","48.6","34.9666666","143.0","1995-09-14","  52.4","000000","999.9","  78.3","  54.0","  3.9"," 0.00","1019.9","999.9","003.0","  65.2","  6.2","  1.7"
"34504099999","48.6","34.9666666","143.0","1995-09-15","  54.3","000000","999.9","  83.1","  55.8","  7.8"," 0.00","1011.7","999.9","995.0","  66.4","  6.2","  2.2"
"34504099999","48.6","34.9666666","143.0","1995-09-16","  54.8","010000","999.9","  78.3","  60.1"," 19.4"," 0.00","1003.1","999.9","986.6","  67.5","  5.8","  9.5"
"34504099999","48.6","34.9666666","143.0","1995-09-17","  45.3","010000","999.9","  59.0","  40.6"," 19.4"," 0.00","1013.3","999.9","996.0","  48.6","  6.2"," 16.5"
"34504099999","48.6","34.9666666","143.0","1995-09-18","  33.0","000000","999.9","  56.8","  40.6"," 19.4"," 0.00","1025.0","999.9","007.4","  45.6","  6.2"," 14.2"
"34504099999","48.6","34.9666666","143.0","1995-09-19","  34.5","000000","999.9","  61.3","  40.6"," 11.7"," 0.00","1023.4","999.9","006.0","  49.4","  6.2","  7.0"
"34504099999","48.6","34.9666666","143.0","1995-09-20","  38.9","000000","999.9","  63.0","  37.0","  7.8"," 0.00","1020.9","999.9","003.5","  50.1","  6.2","  3.2"
"34504099999","48.6","34.9666666","143.0","1995-09-21","  42.9","000000","999.9","  63.3","  42.1"," 11.7"," 0.00","1017.1","999.9","000.0","  54.7","  5.7","  9.2"
"34504099999","48.6","34.9666666","143.0","1995-09-22","  56.6","010000","999.9","  64.9","  55.8","  7.8"," 0.22","1008.7","999.9","991.8","  58.7","  4.6","  2.4"
"34504099999","48.6","34.9666666","143.0","1995-09-23","  53.5","100000","999.9","  64.0","  51.1"," 13.6"," 0.00","1010.0","999.9","993.0","  56.3","  3.7","  6.7"
"34504099999","48.6","34.9666666","143.0","1995-09-24","  39.4","000000","999.9","  60.4","  43.0"," 13.6"," 0.00","1018.4","999.9","001.1","  49.5","  6.2","  8.0"
"34504099999","48.6","34.9666666","143.0","1995-09-25","  43.9","000000","999.9","  64.0","  44.1","  7.8"," 0.00","1024.4","999.9","007.1","  55.7","  6.2","  4.2"
"34504099999","48.6","34.9666666","143.0","1995-09-26","  45.3","000000","999.9","  67.1","  44.4","  5.8"," 0.00","1024.1","999.9","006.9","  56.2","  6.2","  2.2"
"34504099999","48.6","34.9666666","143.0","1995-09-27","  46.4","000000","999.9","  72.5","  47.1","  3.9"," 0.00","1017.6","999.9","000.5","  56.8","  6.2","  1.9"
"34504099999","48.6","34.9666666","143.0","1995-09-28","  48.8","000000","999.9","  72.3","  46.0"," 11.7"," 0.00","1015.2","999.9","998.2","  58.1","  6.2","  4.1"
"34504099999","48.6","34.9666666","143.0","1995-09-29","  50.0","000000","999.9","  70.7","  47.8"," 11.7"," 0.00","1013.2","999.9","996.2","  60.0","  6.2","  5.3"
"34504099999","48.6","34.9666666","143.0","1995-09-30","  48.0","000000","999.9","  63.3","  43.0"," 29.1"," 0.08","1002.0","999.9","985.0","  54.0","  5.7"," 21.6"
"34504099999","48.6","34.9666666","143.0","1995-10-01","  39.0","000000","999.9","  65.5","  37.4"," 13.6"," 0.00","1017.1","999.9","999.8","  49.5","  6.2","  8.5"
"34504099999","48.6","34.9666666","143.0","1995-10-02","  41.9","010000","999.9","  49.3","  44.8"," 17.5"," 0.43","1016.9","999.9","999.5","  47.0","  4.3"," 12.9"
"34504099999","48.6","34.9666666","143.0","1995-10-03","  42.6","010000","999.9","  50.4","  45.5"," 23.3"," 0.06","1017.4","999.9","000.1","  48.3","  6.2"," 19.1"
"34504099999","48.6","34.9666666","143.0","1995-10-04","  40.1","000000","999.9","  57.9","  44.1"," 19.4"," 0.00","1020.2","999.9","002.8","  50.6","  6.2"," 17.5"
"34504099999","48.6","34.9666666","143.0","1995-10-05","  38.3","000000","999.9","  60.1","  42.8"," 17.5"," 0.00","1022.8","999.9","005.5","  51.7","  6.2"," 14.8"
"34504099999","48.6","34.9666666","143.0","1995-10-06","  41.9","000000","999.9","  62.4","  45.0"," 15.5"," 0.00","1025.2","999.9","007.8","  53.7","  6.5"," 11.4"
"34504099999","48.6","34.9666666","143.0","1995-10-07","  40.4","000000","999.9","  60.8","  41.4"," 13.6"," 0.00","1028.2","999.9","010.8","  50.3","  6.2","  9.7"
"34504099999","48.6","34.9666666","143.0","1995-10-08","  44.3","000000","999.9","  62.6","  44.6","  9.7"," 0.00","1026.8","999.9","009.4","  52.1","  6.2","  5.3"
"34504099999","48.6","34.9666666","143.0","1995-10-09","  47.0","000000","999.9","  60.1","  46.0","  9.7"," 0.00","1020.4","999.9","003.0","  52.2","  6.2","  5.8"
"34504099999","48.6","34.9666666","143.0","1995-10-10","  47.5","000000","999.9","  56.8","  47.7"," 15.5"," 0.00","1018.4","999.9","001.0","  51.7","  6.2","  6.3"
"34504099999","48.6","34.9666666","143.0","1995-10-11","  49.2","000000","999.9","  63.1","  48.0"," 11.7"," 0.00","1024.5","999.9","007.2","  54.5","  5.3","  5.6"
"34504099999","48.6","34.9666666","143.0","1995-10-12","  52.0","100000","999.9","  70.3","  43.5"," 13.6"," 0.00","1023.3","999.9","006.1","  56.3","  2.4","  5.1"
"34504099999","48.6","34.9666666","143.0","1995-10-13","  48.5","100000","999.9","  79.9","  42.8","  9.7"," 0.00","1023.7","999.9","006.5","  56.5","  2.3","  5.6"
"34504099999","48.6","34.9666666","143.0","1995-10-14","  50.6","100000","999.9","  58.5","  49.3"," 15.5"," 0.00","1017.7","999.9","000.5","  54.4","  3.8","  9.4"
"34504099999","48.6","34.9666666","143.0","1995-10-15","  38.2","000000","999.9","  57.9","  44.6"," 15.5"," 0.00","1019.5","999.9","002.2","  51.4","  5.7"," 11.4"
"34504099999","48.6","34.9666666","143.0","1995-10-16","  25.6","000000","999.9","  45.7","  32.0"," 11.7"," 0.00","1030.4","999.9","015.2","  38.4","  6.2","  9.7"
"34504099999","48.6","34.9666666","143.0","1995-10-17","  22.1","000000","999.9","  50.7","  27.1","  7.8"," 0.00","1036.5","999.9","018.4","  39.1","  6.2","  5.3"
"34504099999","48.6","34.9666666","143.0","1995-10-18","  25.5","000000","999.9","  56.7","  29.5","  7.8"," 0.00","1032.3","999.9","014.3","  40.0","  6.2","  3.1"
"34504099999","48.6","34.9666666","143.0","1995-10-19","  37.3","000000","999.9","  62.2","  32.2","  9.7"," 0.00","1021.7","999.9","004.3","  49.2","  6.2","  7.8"
"34504099999","48.6","34.9666666","143.0","1995-10-20","  46.1","010000","999.9","  55.4","  47.3"," 25.3"," 0.01","1010.6","999.9","993.4","  51.1","  4.3"," 16.3"
"34504099999","48.6","34.9666666","143.0","1995-10-21","  38.7","010000","999.9","  53.6","  38.7"," 23.3"," 0.01","1010.2","999.9","993.0","  48.4","  5.7"," 15.1"
"34504099999","48.6","34.9666666","143.0","1995-10-22","  35.9","000000","999.9","  48.2","  33.8"," 13.6"," 0.00","1023.0","999.9","005.3","  41.9","  6.2","  9.5"
"34504099999","48.6","34.9666666","143.0","1995-10-23","  25.0","000000","999.9","  44.4","  31.6"," 11.7"," 0.00","1036.3","999.9","018.2","  37.1","  6.2","  6.1"
"34504099999","48.6","34.9666666","143.0","1995-10-24","  25.3","000000","999.9","  48.2","  28.6","  3.9"," 0.00","1036.8","999.9","018.6","  36.9","  5.3","  1.0"
"34504099999","48.6","34.9666666","143.0","1995-10-25","  25.4","000000","999.9","  52.5","  28.4","  7.8"," 0.00","1031.4","999.9","013.4","  40.2","  5.7","  1.5"
"34504099999","48.6","34.9666666","143.0","1995-10-26","  29.1","000000","999.9","  57.2","  35.6"," 13.6"," 0.00","1029.6","999.9","011.9","  45.6","  6.2","  4.2"
"34504099999","48.6","34.9666666","143.0","1995-10-27","  34.7","000000","999.9","  54.3","  38.8"," 17.5"," 0.00","1026.8","999.9","009.2","  45.9","  6.2"," 14.4"
"34504099999","48.6","34.9666666","143.0","1995-10-28","  39.5","010000","999.9","  57.4","  40.1"," 15.5"," 0.02","1020.9","999.9","003.4","  47.4","  5.7"," 10.2"
"34504099999","48.6","34.9666666","143.0","1995-10-29","  43.0","100000","999.9","  54.7","  39.9","  5.8"," 0.00","1015.8","999.9","998.4","  46.1","  2.3","  2.2"
"34504099999","48.6","34.9666666","143.0","1995-10-30","  42.5","100000","999.9","  53.6","  42.4"," 11.7"," 0.00","1019.0","999.9","001.6","  46.6","  1.4","  7.0"
"34504099999","48.6","34.9666666","143.0","1995-10-31","  39.8","110000","999.9","  43.0","  39.2","  7.8"," 0.16","1019.9","999.9","002.2","  41.0","  1.6","  4.2"
"34504099999","48.6","34.9666666","143.0","1995-11-01","  36.1","100000","999.9","  46.4","  33.8","  7.8"," 0.00","1017.7","999.9","999.9","  36.8","  0.8","  3.9"
"34504099999","48.6","34.9666666","143.0","1995-11-02","  41.6","100000","999.9","  51.4","  33.6"," 13.6"," 0.01","1009.5","999.9","992.1","  43.6","  2.8","  8.0"
"34504099999","48.6","34.9666666","143.0","1995-11-03","  45.4","110000","999.9","  56.7","  37.8"," 19.4"," 0.35","1001.3","999.9","984.1","  47.4","  1.6"," 14.1"
"34504099999","48.6","34.9666666","143.0","1995-11-04","  34.7","010000","999.9","  36.3","  34.0"," 21.4"," 1.26","1003.6","999.9","986.1","  35.6","  2.5"," 14.8"
"34504099999","48.6","34.9666666","143.0","1995-11-05","  31.4","000000","999.9","  40.6","  32.9"," 13.6"," 0.00","1016.3","999.9","998.5","  35.9","  5.3"," 12.1"
"34504099999","48.6","34.9666666","143.0","1995-11-06","  33.6","100000","999.9","  38.8","  33.3"," 23.3"," 0.28","1014.0","999.9","996.2","  35.5","  2.7"," 13.3"
"34504099999","48.6","34.9666666","143.0","1995-11-07","  36.2","110000","999.9","  39.6","  33.4"," 17.5"," 0.43","1004.7","999.9","987.2","  37.4","  1.7","  9.2"
"34504099999","48.6","34.9666666","143.0","1995-11-08","  31.1","011000","999.9","  34.5","  30.7"," 17.5"," 0.20","1004.1","999.9","986.4","  33.2","  3.6"," 11.4"
"34504099999","48.6","34.9666666","143.0","1995-11-09","  26.1","000000","999.9","  33.6","  25.9","  9.7"," 0.00","1013.7","999.9","995.8","  30.2","  6.2","  3.6"
"34504099999","48.6","34.9666666","143.0","1995-11-10","  23.5","000000","999.9","  44.2","  24.4","  9.7"," 0.00","1021.3","999.9","003.2","  31.1","  5.7","  5.8"
"34504099999","48.6","34.9666666","143.0","1995-11-11","  24.0","000000","999.9","  33.6","  26.4"," 11.7"," 0.00","1022.6","999.9","004.5","  29.5","  3.9","  8.0"
"34504099999","48.6","34.9666666","143.0","1995-11-12","  28.8","001000","999.9","  34.7","  26.4"," 13.6"," 0.08","1015.6","  0.4","997.7","  32.5","  2.8"," 11.0"
"34504099999","48.6","34.9666666","143.0","1995-11-13","  20.5","001000","999.9","  32.4","  24.6"," 19.4"," 0.00","1016.5","999.9","998.4","  28.4","  5.7"," 15.8"
"34504099999","48.6","34.9666666","143.0","1995-11-14","  27.8","000000","999.9","  36.3","  26.2"," 15.5"," 0.00","1018.9","999.9","000.9","  31.4","  4.4"," 10.4"
"34504099999","48.6","34.9666666","143.0","1995-11-15","  35.7","110000","999.9","  45.0","  25.7"," 11.7","99.99","1020.1","999.9","002.3","  36.6","  1.1","  5.3"
"34504099999","48.6","34.9666666","143.0","1995-11-16","  48.3","100000","999.9","  52.5","  41.9"," 11.7"," 0.12","1013.2","999.9","995.9","  48.7","  0.4","  6.6"
"34504099999","48.6","34.9666666","143.0","1995-11-17","  47.9","110000","999.9","  50.7","  45.1"," 15.5"," 0.08","1009.1","999.9","992.0","  48.8","  1.5"," 14.1"
"34504099999","48.6","34.9666666","143.0","1995-11-18","  50.8","110000","999.9","  53.2","  49.1"," 15.5"," 0.35","1000.5","999.9","983.5","  51.3","  1.4"," 14.4"
"34504099999","48.6","34.9666666","143.0","1995-11-19","  32.7","011000","999.9","  51.3","  25.3"," 21.4"," 0.98"," 999.9","999.9","982.4","  34.0","  3.3"," 14.8"
"34504099999","48.6","34.9666666","143.0","1995-11-20","  21.3","000000","999.9","  32.2","  17.1","  7.8"," 0.01","1018.8","  3.1","000.6","  25.2","  6.2","  5.0"
"34504099999","48.6","34.9666666","143.0","1995-11-21","  22.5","000000","999.9","  31.5","  21.7"," 15.5"," 0.00","1024.8","  2.4","006.6","  26.7","  6.2"," 11.9"
"34504099999","48.6","34.9666666","143.0","1995-11-22","  22.0","001000","999.9","  26.6","  23.5"," 19.4"," 0.24","1022.9","  2.0","004.6","  24.5","  3.6"," 18.2"
"34504099999","48.6","34.9666666","143.0","1995-11-23","  24.6","001000","999.9","  26.8","  24.6"," 25.3"," 0.40","1019.9","  3.9","001.7","  25.7","  1.6"," 20.4"
"34504099999","48.6","34.9666666","143.0","1995-11-24","  23.3","001000","999.9","  28.4","  22.8"," 19.4"," 0.12","1021.2","  5.5","003.0","  26.3","  4.8"," 14.7"
"34504099999","48.6","34.9666666","143.0","1995-11-25","  18.6","100000","999.9","  29.5","  17.1"," 13.6"," 0.00","1023.2","  4.3","004.8","  22.8","  4.3"," 10.7"
"34504099999","48.6","34.9666666","143.0","1995-11-26","  27.7","100000","999.9","  34.0","  22.8","  7.8"," 0.00","1026.2","  3.9","008.0","  29.7","  2.9","  5.6"
"34504099999","48.6","34.9666666","143.0","1995-11-27","  22.5","100000","999.9","  31.5","  16.3","  7.8"," 0.00","1026.3","  3.9","007.9","  24.1","  2.9","  3.9"
"34504099999","48.6","34.9666666","143.0","1995-11-28","  32.2","100000","999.9","  37.8","  25.5","  9.7"," 0.00","1022.4","  3.5","004.4","  34.3","  3.5","  4.1"
"34504099999","48.6","34.9666666","143.0","1995-11-29","  30.1","100000","999.9","  34.2","  30.4"," 11.7"," 0.00","1022.6","  2.0","004.6","  32.3","  2.5","  8.1"
"34504099999","48.6","34.9666666","143.0","1995-11-30","  21.2","001000","999.9","  29.8","  22.5"," 13.6"," 0.02","1027.8","  2.0","009.4","  25.5","  3.5"," 10.4"
"34504099999","48.6","34.9666666","143.0","1995-12-01","  18.7","001000","999.9","  25.0","  21.9"," 17.5"," 0.00","1033.1","  2.0","999.9","  23.9","  3.9"," 12.6"
"34504099999","48.6","34.9666666","143.0","1995-12-02","  20.6","000000","999.9","  27.5","  24.6"," 17.5"," 0.00","1030.9","  1.6","999.9","  26.4","  5.3"," 10.7"
"34504099999","48.6","34.9666666","143.0","1995-12-03","  24.5","001000","999.9","  30.0","  25.9","  7.8"," 0.02","1027.6","  1.2","999.9","  28.2","  5.7","  5.3"
"34504099999","48.6","34.9666666","143.0","1995-12-04","  12.2","000000","999.9","  24.3","  15.1"," 17.5"," 0.00","1031.1","  1.6","999.9","  17.8","  5.0"," 10.7"
"34504099999","48.6","34.9666666","143.0","1995-12-05","  10.2","001000","999.9","  17.4","  10.6"," 17.5"," 0.00","1033.0","  1.6","999.9","  14.7","  4.7"," 13.6"
"34504099999","48.6","34.9666666","143.0","1995-12-06","   8.6","000000","999.9","  15.4","   8.1"," 15.5"," 0.00","1038.5","  1.2","999.9","  11.2","  5.7"," 12.9"
"34504099999","48.6","34.9666666","143.0","1995-12-07","  12.4","000000","999.9","  19.4","   7.5"," 11.7"," 0.00","1040.7","  1.6","999.9","  15.8","  3.6","  8.9"
"34504099999","48.6","34.9666666","143.0","1995-12-08","  21.0","000000","999.9","  24.6","  19.2","  5.8"," 0.00","1041.3","  1.2","999.9","  21.9","  1.2","  2.2"
"34504099999","48.6","34.9666666","143.0","1995-12-09","  25.1","001000","999.9","  28.9","  23.2","  9.7"," 0.00","1042.6","  1.2","999.9","  27.2","  1.9","  5.8"
"34504099999","48.6","34.9666666","143.0","1995-12-10","  23.0","001000","999.9","  27.7","  24.6","  9.7"," 0.00","1039.6","  1.2","999.9","  26.5","  4.6","  5.6"
"34504099999","48.6","34.9666666","143.0","1995-12-11","  17.5","001000","999.9","  25.5","  21.9","  3.9"," 0.00","1031.2","  1.2","999.9","  22.6","  5.7","  2.2"
"34504099999","48.6","34.9666666","143.0","1995-12-12","  24.8","000000","999.9","  30.7","  21.9"," 15.5"," 0.00","1032.6","  1.2","999.9","  27.5","  3.9","  9.7"
"34504099999","48.6","34.9666666","143.0","1995-12-13","  19.6","000000","999.9","  23.9","  20.7"," 11.7"," 0.00","1034.0","  1.2","999.9","  22.7","  3.6","  8.7"
"34504099999","48.6","34.9666666","143.0","1995-12-14","  18.5","100000","999.9","  20.3","  18.5","  5.8"," 0.00","1029.2","  1.2","999.9","  19.3","  1.0","  1.2"
"34504099999","48.6","34.9666666","143.0","1995-12-15","  16.0","001000","999.9","  24.6","  15.4"," 13.6"," 0.08","1024.4","  2.0","999.9","  20.5","  5.6"," 10.9"
"34504099999","48.6","34.9666666","143.0","1995-12-16","  13.4","001000","999.9","  25.2","   9.9"," 17.5"," 0.00","1028.9","  2.4","999.9","  18.7","  5.7"," 12.5"
"34504099999","48.6","34.9666666","143.0","1995-12-17","   6.4","000000","999.9","  19.2","   0.5"," 15.5"," 0.00","1030.6","  2.4","999.9","  11.5","  5.5","  7.0"
"34504099999","48.6","34.9666666","143.0","1995-12-18","  19.4","000000","999.9","  26.2","  15.8"," 11.7"," 0.00","1020.0","  2.4","999.9","  21.5","  4.8","  7.5"
"34504099999","48.6","34.9666666","143.0","1995-12-19","  29.8","000000","999.9","  33.6","  24.1"," 15.5"," 0.00","1014.5","  2.0","999.9","  31.8","  2.3","  8.3"
"34504099999","48.6","34.9666666","143.0","1995-12-20","  29.1","100000","999.9","  33.6","  27.1","  5.8"," 0.02","1010.2","  1.6","999.9","  30.3","  0.7","  2.7"
"34504099999","48.6","34.9666666","143.0","1995-12-21","  19.7","011000","999.9","  29.5","  16.3"," 19.4"," 0.20","1009.7","  1.2","999.9","  22.5","  2.8"," 10.0"
"34504099999","48.6","34.9666666","143.0","1995-12-22","   7.4","000000","999.9","  16.5","   5.9"," 13.6"," 0.00","1024.8","  3.5","005.9","  12.0","  6.2","  8.4"
"34504099999","48.6","34.9666666","143.0","1995-12-23","  30.4","011000","999.9","  36.1","   8.1"," 19.4"," 0.24","1008.4","  3.9","990.6","  32.4","  3.9"," 15.3"
"34504099999","48.6","34.9666666","143.0","1995-12-24","  36.9","110000","999.9","  39.9","  35.6"," 15.5"," 0.08"," 998.4","  1.6","980.9","  37.3","  0.9"," 11.9"
"34504099999","48.6","34.9666666","143.0","1995-12-25","  30.6","110000","999.9","  37.4","  26.6"," 19.4"," 0.08","1002.1","  0.4","984.5","  32.5","  2.0"," 10.9"
"34504099999","48.6","34.9666666","143.0","1995-12-26","  32.4","110000","999.9","  37.0","  26.1"," 19.4"," 0.33","1001.1","  0.4","983.4","  32.9","  1.1","  9.4"
"34504099999","48.6","34.9666666","143.0","1995-12-27","  27.6","011000","999.9","  33.3","  25.2"," 17.5"," 0.39","1006.9","999.9","989.0","  29.0","  2.6"," 12.6"
"34504099999","48.6","34.9666666","143.0","1995-12-28","  18.1","001000","999.9","  42.1","  14.4"," 15.5"," 0.55","1009.5","  5.1","992.6","  20.4","  4.5","  9.4"
"34504099999","48.6","34.9666666","143.0","1995-12-29","   7.8","001000","999.9","  16.2","   6.3"," 17.5"," 0.00","1025.5","  5.9","005.8","  11.8","  5.7","  7.8"
"34504099999","48.6","34.9666666","143.0","1995-12-30","   1.9","000000","999.9","  12.0","   1.0"," 17.5"," 0.00","1028.4","  5.1","009.2","   5.4","  4.4"," 11.7"
"34504099999","48.6","34.9666666","143.0","1995-12-31","   4.0","001000","999.9","  13.3","   5.2"," 13.6"," 0.00","1023.1","999.9","004.2","   9.6","  5.7"," 10.5"
"34504099999","48.6","34.9666666","143.0","1996-01-01","   7.7","001000","999.9","  15.4","   5.0"," 19.4"," 0.04","1026.3","  4.7","007.4","  11.5","  4.0"," 11.2"
"34504099999","48.6","34.9666666","143.0","1996-01-02","  14.3","000000","999.9","  23.9","  14.7"," 19.4"," 0.00","1021.8","  5.1","003.3","  19.7","  6.2"," 16.0"
"34504099999","48.6","34.9666666","143.0","1996-01-03","  24.5","010000","999.9","  31.3","  18.5"," 19.4"," 0.02","1016.6","  4.7","998.5","  27.7","  5.3"," 16.0"
"34504099999","48.6","34.9666666","143.0","1996-01-04","  23.0","111000","999.9","  32.0","  23.2"," 19.4"," 0.12","1017.1","  4.3","998.9","  24.3","  3.7"," 14.3"
"34504099999","48.6","34.9666666","143.0","1996-01-05","  16.1","000000","999.9","  24.3","  17.1"," 17.5"," 0.00","1018.0","  3.9","999.6","  21.1","  5.1"," 14.1"
"34504099999","48.6","34.9666666","143.0","1996-01-06","  11.0","000000","999.9","  19.6","  11.3"," 17.5"," 0.00","1022.0","  3.9","003.4","  16.1","  6.2"," 14.8"
"34504099999","48.6","34.9666666","143.0","1996-01-07","   5.4","000000","999.9","  21.2","   7.7"," 17.5"," 0.00","1030.4","  4.3","011.5","  13.9","  6.2"," 15.1"
"34504099999","48.6","34.9666666","143.0","1996-01-08","   4.1","000000","999.9","  17.2","   7.9"," 13.6"," 0.00","1035.5","  4.3","016.4","  11.5","  5.7"," 11.7"
"34504099999","48.6","34.9666666","143.0","1996-01-09","   0.6","000000","999.9","  22.3","   6.6"," 13.6"," 0.00","1039.7","  4.3","020.6","  14.3","  6.2"," 12.1"
"34504099999","48.6","34.9666666","143.0","1996-01-10","   7.4","000000","999.9","  24.8","  10.0"," 15.5"," 0.00","1037.3","  3.9","018.3","  15.5","  6.2"," 11.9"
"34504099999","48.6","34.9666666","143.0","1996-01-11","  15.2","000000","999.9","  24.8","  14.2"," 11.7"," 0.00","1036.0","  3.9","017.2","  19.3","  6.2","  9.4"
"34504099999","48.6","34.9666666","143.0","1996-01-12","  15.1","000000","999.9","  28.9","  15.4"," 19.4"," 0.00","1034.1","  3.9","015.4","  21.8","  6.2"," 12.4"
"34504099999","48.6","34.9666666","143.0","1996-01-13","   4.6","000000","999.9","  21.6","  11.1"," 17.5"," 0.00","1037.0","  3.5","018.0","  15.9","  6.2"," 14.0"
"34504099999","48.6","34.9666666","143.0","1996-01-14","   3.1","000000","999.9","  14.2","   7.0"," 19.4"," 0.00","1039.7","  3.5","020.5","  10.3","  6.2"," 16.0"
"34504099999","48.6","34.9666666","143.0","1996-01-15","   5.3","000000","999.9","  16.7","   9.5"," 17.5"," 0.00","1035.2","999.9","016.2","  12.4","  6.2"," 15.5"
"34504099999","48.6","34.9666666","143.0","1996-01-16","   3.6","000000","999.9","  23.0","   8.4"," 17.5"," 0.00","1032.7","  3.5","013.7","  13.4","  6.2"," 13.0"
"34504099999","48.6","34.9666666","143.0","1996-01-17","   5.4","000000","999.9","  21.9","   4.6","  9.7"," 0.00","1029.3","  3.5","010.4","  13.3","  6.2","  7.0"
"34504099999","48.6","34.9666666","143.0","1996-01-18","  13.2","001000","999.9","  23.2","  13.6"," 11.7"," 0.04","1024.6","  3.5","006.0","  18.8","  4.9","  7.8"
"34504099999","48.6","34.9666666","143.0","1996-01-19","  12.9","001000","999.9","  20.3","  11.7","999.9"," 0.08","1026.1","  4.7","007.3","  16.1","  6.2","999.9"
"34504099999","48.6","34.9666666","143.0","1996-01-20","   7.2","001000","999.9","  14.2","   5.4"," 13.6"," 0.00","1027.8","  5.1","008.8","  10.0","  5.7","  9.7"
"34504099999","48.6","34.9666666","143.0","1996-01-21","   8.5","000000","999.9","  21.2","   7.2","  5.8"," 0.00","1026.1","  5.1","007.2","  12.2","  6.2","  4.4"
"34504099999","48.6","34.9666666","143.0","1996-01-22","  12.6","001000","999.9","  18.0","   8.1"," 11.7"," 0.04","1027.0","  5.5","008.2","  15.5","  3.4","  8.3"
"34504099999","48.6","34.9666666","143.0","1996-01-23","  10.9","001000","999.9","  16.3","  10.9","  9.7"," 0.08","1029.5","  6.3","010.6","  14.0","  3.6","  6.6"
"34504099999","48.6","34.9666666","143.0","1996-01-24","   7.7","001000","999.9","  18.1","   8.1","  5.8"," 0.01","1032.2","  7.5","013.2","  12.0","  4.3","  0.8"
"34504099999","48.6","34.9666666","143.0","1996-01-25","  16.7","001000","999.9","  25.2","   8.1"," 17.5"," 0.64","1029.6","  7.9","010.9","  19.1","  2.3"," 11.9"
"34504099999","48.6","34.9666666","143.0","1996-01-26","  28.3","001000","999.9","  32.0","  23.0","  9.7"," 0.35","1028.0"," 11.8","009.7","  29.5","  1.2","  5.3"
"34504099999","48.6","34.9666666","143.0","1996-01-27","  22.4","000000","999.9","  29.5","  23.0"," 15.5"," 0.00","1026.3"," 11.8","007.9","  25.9","  2.3"," 10.8"
"34504099999","48.6","34.9666666","143.0","1996-01-28","  20.6","101000","999.9","  26.2","  21.9"," 13.6"," 0.00","1024.0"," 11.4","005.6","  23.2","  2.7"," 10.8"
"34504099999","48.6","34.9666666","143.0","1996-01-29","  23.4","101000","999.9","  27.0","  20.5"," 11.7"," 0.16","1021.4"," 11.4","003.1","  24.1","  0.7","  8.7"
"34504099999","48.6","34.9666666","143.0","1996-01-30","   6.7","001000","999.9","  15.4","   7.9"," 17.5"," 0.28","1025.8"," 11.8","006.9","  11.5","  1.2"," 13.6"
"34504099999","48.6","34.9666666","143.0","1996-01-31","   2.4","001000","999.9","  16.0","   1.2"," 13.6"," 0.04","1024.1"," 11.4","005.1","   9.8","  3.3"," 11.1"
"34504099999","48.6","34.9666666","143.0","1996-02-01","   3.3","000000","999.9","  16.3","   3.7"," 21.4"," 0.02","1025.3"," 11.8","006.4","  11.4","  4.2"," 12.9"
"34504099999","48.6","34.9666666","143.0","1996-02-02","   0.3","000000","999.9","  15.8","  -2.2"," 11.7"," 0.00","1023.2","999.9","004.1","   5.4","  3.9","  9.7"
"34504099999","48.6","34.9666666","143.0","1996-02-03","   7.8","100000","999.9","  37.9","  -1.7"," 11.7"," 0.00","1019.1"," 11.4","000.3","  10.5","  1.3","  5.3"
"34504099999","48.6","34.9666666","143.0","1996-02-04","  29.3","001000","999.9","  36.3","  25.2"," 15.5"," 0.00","1009.1"," 11.4","991.3","  31.0","  1.4"," 10.9"
"34504099999","48.6","34.9666666","143.0","1996-02-05","  20.5","001000","999.9","  27.5","  18.3","  9.7"," 0.01","1008.7"," 10.6","990.6","  23.6","  1.7","  8.3"
"34504099999","48.6","34.9666666","143.0","1996-02-06","  11.1","001000","999.9","  17.1","  12.2"," 19.4"," 0.35","1008.4"," 10.6","989.9","  14.8","  1.4"," 14.8"
"34504099999","48.6","34.9666666","143.0","1996-02-07","   7.2","001000","999.9","  15.8","  11.1"," 19.4"," 0.16","1009.8"," 11.4","991.3","  13.6","  3.0"," 13.8"
"34504099999","48.6","34.9666666","143.0","1996-02-08","   7.4","000000","999.9","  18.5","  11.3"," 21.4"," 0.00","1014.2"," 11.4","995.5","  13.7","  3.7"," 11.3"
"34504099999","48.6","34.9666666","143.0","1996-02-09","  10.2","001000","999.9","  16.2","  10.8"," 29.1"," 0.35","1014.9"," 12.6","996.3","  13.8","  0.7"," 26.0"
"34504099999","48.6","34.9666666","143.0","1996-02-10","   0.5","001000","999.9","  14.0","   4.8"," 25.3"," 0.12","1026.3"," 13.0","007.3","   9.9","  4.0"," 21.9"
"34504099999","48.6","34.9666666","143.0","1996-02-11"," -10.5","000000","999.9","   8.2","  -3.3"," 21.4"," 0.00","1034.8"," 11.0","015.4","   1.7","  6.2"," 16.8"
"34504099999","48.6","34.9666666","143.0","1996-02-12","  -5.1","000000","999.9","  14.9","  -6.0"," 21.4"," 0.00","1035.2"," 10.6","015.8","   4.7","  4.8"," 13.6"
"34504099999","48.6","34.9666666","143.0","1996-02-13","  10.9","001000","999.9","  19.6","   7.2"," 15.5"," 0.12","1024.6"," 10.6","005.9","  14.4","  2.3","  9.5"
"34504099999","48.6","34.9666666","143.0","1996-02-14","  22.1","001000","999.9","  26.2","  18.5"," 13.6"," 0.24","1018.7"," 11.4","000.5","  24.6","  1.6"," 10.5"
"34504099999","48.6","34.9666666","143.0","1996-02-15","  21.9","011000","999.9","  28.0","  18.5"," 13.6"," 0.39","1014.3"," 13.0","996.1","  24.6","  2.1"," 10.0"
"34504099999","48.6","34.9666666","143.0","1996-02-16","  13.5","001000","999.9","  22.8","  16.3"," 17.5"," 0.02","1015.5","999.9","997.0","  18.5","  5.0"," 13.4"
"34504099999","48.6","34.9666666","143.0","1996-02-17","  27.5","011000","999.9","  32.4","  20.1"," 15.5"," 0.04","1008.4"," 15.4","990.5","  29.4","  1.2"," 13.6"
"34504099999","48.6","34.9666666","143.0","1996-02-18","  27.4","100000","999.9","  35.2","  25.0","  9.7"," 0.04","1014.2"," 15.0","996.2","  29.2","  0.8","  6.7"
"34504099999","48.6","34.9666666","143.0","1996-02-19","  24.7","100000","999.9","  28.9","  21.9","  7.8"," 0.00","1020.9"," 14.6","002.6","  25.0","  0.3","  2.7"
"34504099999","48.6","34.9666666","143.0","1996-02-20","  32.1","100000","999.9","  33.8","  23.7"," 13.6"," 0.00","1021.6"," 14.2","003.6","  32.2","  0.2","  9.7"
"34504099999","48.6","34.9666666","143.0","1996-02-21","  32.5","000000","999.9","  38.1","  32.0"," 15.5"," 0.00","1017.6"," 11.8","999.7","  34.7","  0.9"," 12.6"
"34504099999","48.6","34.9666666","143.0","1996-02-22","  34.3","010000","999.9","  38.8","  32.7"," 13.6"," 0.04","1012.0","  9.8","994.4","  37.0","  2.5"," 12.1"
"34504099999","48.6","34.9666666","143.0","1996-02-23","  33.7","110000","999.9","  36.0","  33.3"," 13.6"," 0.33","1012.6","  9.4","994.8","  34.7","  0.5","  7.8"
"34504099999","48.6","34.9666666","143.0","1996-02-24","  31.4","010000","999.9","  38.7","  29.7"," 25.3"," 0.04","1010.1","  7.9","992.4","  35.0","  3.0"," 13.9"
"34504099999","48.6","34.9666666","143.0","1996-02-25","  24.8","000000","999.9","  34.2","  23.7","  9.7"," 0.00","1025.7","  6.3","007.5","  29.8","  4.8","  6.1"
"34504099999","48.6","34.9666666","143.0","1996-02-26","  17.9","000000","999.9","  28.8","  18.0"," 17.5"," 0.00","1032.3","  5.9","013.8","  23.3","  6.2"," 14.3"
"34504099999","48.6","34.9666666","143.0","1996-02-27","  11.1","000000","999.9","  28.0","  14.7"," 17.5"," 0.00","1033.6","  5.1","014.9","  20.2","  6.2"," 15.8"
"34504099999","48.6","34.9666666","143.0","1996-02-28","  12.1","000000","999.9","  28.4","  19.0"," 15.5"," 0.00","1032.3","999.9","013.8","  23.8","  6.2"," 14.4"
"34504099999","48.6","34.9666666","143.0","1996-02-29","  16.0","001000","999.9","  27.7","  17.6"," 15.5"," 0.00","1027.2","  4.7","008.7","  22.5","  6.2"," 12.9"
"34504099999","48.6","34.9666666","143.0","1996-03-01","  20.8","001000","999.9","  28.2","  21.6"," 13.6"," 0.04","1014.2","  6.7","996.0","  23.9","  4.5","  6.8"
"34504099999","48.6","34.9666666","143.0","1996-03-02","  27.5","011000","999.9","  51.8","  22.3","  7.8"," 0.08","1009.2","  7.5","991.3","  28.8","  2.6","  3.2"
"34504099999","48.6","34.9666666","143.0","1996-03-03","  27.0","001000"," 40.8","  32.7","  27.9"," 29.1"," 0.39","1004.0","  7.5","986.2","  30.2","  1.4"," 16.5"
"34504099999","48.6","34.9666666","143.0","1996-03-04","  19.7","000000"," 36.9","  27.7","  16.9"," 27.2"," 0.00","1010.3","999.9","992.2","  23.6","  3.6"," 18.3"
"34504099999","48.6","34.9666666","143.0","1996-03-05","  18.7","101000","999.9","  31.1","  11.1","  7.8"," 0.00","1016.6"," 10.2","998.3","  21.5","  5.0","  4.6"
"34504099999","48.6","34.9666666","143.0","1996-03-06","  13.8","100000","999.9","  25.5","   7.9","  5.8"," 0.00","1017.9"," 11.0","999.2","  16.1","  0.7","  1.9"
"34504099999","48.6","34.9666666","143.0","1996-03-07","  16.5","100000","999.9","  27.7","  10.0","  9.7"," 0.00","1028.0"," 10.2","009.5","  20.9","  2.4","  7.4"
"34504099999","48.6","34.9666666","143.0","1996-03-08","  15.5","000000","999.9","  33.8","  12.2"," 17.5"," 0.00","1035.1","  9.4","016.3","  20.3","  3.0"," 13.1"
"34504099999","48.6","34.9666666","143.0","1996-03-09","  16.8","001000","999.9","  27.9","  14.0"," 13.6"," 0.00","1034.0","  9.1","015.3","  22.0","  4.2","  9.2"
"34504099999","48.6","34.9666666","143.0","1996-03-10","  21.2","001000","999.9","  29.8","  22.5"," 17.5"," 0.00","1026.9","  8.7","008.5","  24.8","  3.3"," 12.9"
"34504099999","48.6","34.9666666","143.0","1996-03-11","  17.6","001000","999.9","  25.3","  17.1"," 15.5"," 0.00","1024.8","  7.9","006.3","  21.2","  5.6"," 13.9"
"34504099999","48.6","34.9666666","143.0","1996-03-12","  18.8","001000","999.9","  27.7","  19.6"," 13.6"," 0.08","1029.8","  9.8","011.3","  23.5","  5.7"," 12.2"
"34504099999","48.6","34.9666666","143.0","1996-03-13","  20.3","000000","999.9","  30.6","  19.2"," 15.5"," 0.00","1029.6","  8.3","011.2","  24.4","  5.3"," 14.6"
"34504099999","48.6","34.9666666","143.0","1996-03-14","  21.3","000000","999.9","  29.3","  18.1"," 17.5"," 0.00","1030.5","  8.3","012.0","  24.0","  5.5"," 13.6"
"34504099999","48.6","34.9666666","143.0","1996-03-15","  25.3","010000","999.9","  35.2","  25.7"," 19.4"," 0.00","1030.5","  8.3","012.2","  29.8","  5.5"," 15.8"
"34504099999","48.6","34.9666666","143.0","1996-03-16","  20.8","000000","999.9","  35.4","  23.0"," 21.4"," 0.00","1029.9","  7.9","011.6","  27.5","  6.2"," 17.2"
"34504099999","48.6","34.9666666","143.0","1996-03-17","  16.8","000000","999.9","  34.5","  19.8"," 23.3"," 0.00","1027.4","  5.9","009.0","  26.0","  6.2"," 20.9"
"34504099999","48.6","34.9666666","143.0","1996-03-18","  21.1","000000","999.9","  32.7","  21.0"," 23.3"," 0.00","1027.2","  4.7","008.7","  26.8","  6.2"," 21.1"
"34504099999","48.6","34.9666666","143.0","1996-03-19","  24.3","000000","999.9","  37.8","  21.4"," 19.4"," 0.00","1025.9","  4.7","007.7","  29.8","  6.2"," 15.8"
"34504099999","48.6","34.9666666","143.0","1996-03-20","  25.0","000000","999.9","  36.5","  27.3"," 19.4"," 0.00","1023.5","  3.9","005.4","  31.3","  6.2"," 16.3"
"34504099999","48.6","34.9666666","143.0","1996-03-21","  23.2","000000","999.9","  36.7","  26.4"," 17.5"," 0.00","1024.6","  2.4","006.5","  31.3","  6.2"," 13.6"
"34504099999","48.6","34.9666666","143.0","1996-03-22","  22.4","001000","999.9","  38.3","  27.7"," 17.5"," 0.00","1025.8","  1.6","007.7","  31.8","  5.4"," 14.3"
"34504099999","48.6","34.9666666","143.0","1996-03-23","  21.6","000000","999.9","  39.2","  26.4"," 15.5"," 0.00","1026.8","  1.2","008.6","  31.3","  6.2"," 14.3"
"34504099999","48.6","34.9666666","143.0","1996-03-24","  21.0","000000","999.9","  41.2","  25.5"," 15.5"," 0.00","1026.4","  1.2","008.2","  32.4","  6.2"," 13.0"
"34504099999","48.6","34.9666666","143.0","1996-03-25","  22.7","000000","999.9","  40.1","  24.3"," 15.5"," 0.00","1025.4","999.9","007.3","  32.0","  6.2"," 12.1"
"34504099999","48.6","34.9666666","143.0","1996-03-26","  22.5","000000","999.9","  35.1","  22.5"," 13.6"," 0.00","1025.2","999.9","007.0","  28.2","  5.7"," 12.2"
"34504099999","48.6","34.9666666","143.0","1996-03-27","  25.6","000000","999.9","  45.3","  22.5"," 11.7"," 0.00","1023.3","999.9","005.3","  33.1","  3.7","  9.7"
"34504099999","48.6","34.9666666","143.0","1996-03-28","  30.5","000000","999.9","  41.7","  29.8"," 13.6"," 0.00","1019.6","999.9","001.7","  35.5","  5.7"," 11.1"
"34504099999","48.6","34.9666666","143.0","1996-03-29","  31.9","011000","999.9","  34.3","  32.0"," 13.6"," 0.20","1011.8","  0.4","993.9","  33.6","  1.6"," 11.9"
"34504099999","48.6","34.9666666","143.0","1996-03-30","  35.7","110000","999.9","  40.3","  33.1","  9.7"," 0.24","1009.1","999.9","991.4","  36.2","  0.3","  5.0"
"34504099999","48.6","34.9666666","143.0","1996-03-31","  34.7","000000","999.9","  48.6","  31.3","  9.7"," 0.00","1017.1","999.9","999.4","  39.4","  3.8","  5.2"
"34504099999","48.6","34.9666666","143.0","1996-04-01","  37.9","111000","999.9","  43.3","  34.7"," 17.5"," 0.51","1015.8","999.9","999.1","  38.8","  1.2","  9.7"
"34504099999","48.6","34.9666666","143.0","1996-04-02","  30.4","000000","999.9","  50.7","  32.0"," 13.6"," 0.00","1025.5","111.8","007.7","  39.3","  4.8"," 10.0"
"34504099999","48.6","34.9666666","143.0","1996-04-03","  39.6","000000","999.9","  54.9","  35.1","  9.7"," 0.00","1028.9","999.9","011.2","  42.9","  1.6","  7.8"
"34504099999","48.6","34.9666666","143.0","1996-04-04","  30.9","000000","999.9","  60.4","  37.4"," 17.5"," 0.00","1028.8","999.9","011.2","  48.0","  5.7"," 13.1"
"34504099999","48.6","34.9666666","143.0","1996-04-05","  24.2","000000","999.9","  60.8","  35.1"," 23.3"," 0.00","1024.7","999.9","007.0","  45.3","  5.7"," 14.7"
"34504099999","48.6","34.9666666","143.0","1996-04-06","  22.6","000000","999.9","  60.1","  35.6"," 31.1"," 0.00","1020.3","999.9","002.8","  46.8","  6.2"," 23.1"
"34504099999","48.6","34.9666666","143.0","1996-04-07","  30.4","000000","999.9","  54.1","  36.5"," 23.3"," 0.00","1024.4","999.9","006.7","  43.2","  5.7"," 20.2"
"34504099999","48.6","34.9666666","143.0","1996-04-08","  32.0","010000","999.9","  45.7","  36.1"," 29.1"," 0.04","1025.4","999.9","007.7","  40.8","  5.3"," 20.9"
"34504099999","48.6","34.9666666","143.0","1996-04-09","  30.1","010000","999.9","  41.5","  35.8"," 15.5"," 0.12","1020.4","999.9","002.6","  37.8","  4.4"," 14.6"
"34504099999","48.6","34.9666666","143.0","1996-04-10","  36.9","010000","999.9","  42.1","  36.3"," 13.6","99.99","1016.4","999.9","998.7","  38.8","  1.7","  4.6"
"34504099999","48.6","34.9666666","143.0","1996-04-11","  35.7","010000","999.9","  43.9","  36.3","  3.9"," 0.10","1013.7","999.9","996.1","  39.9","  2.1","  1.1"
"34504099999","48.6","34.9666666","143.0","1996-04-12","  36.7","100000","999.9","  47.5","  35.1","  7.8"," 0.00","1011.8","999.9","994.2","  41.2","  2.4","  5.8"
"34504099999","48.6","34.9666666","143.0","1996-04-13","  34.9","000000","999.9","  52.3","  34.7"," 13.6"," 0.00","1014.0","999.9","996.5","  43.1","  4.3","  8.5"
"34504099999","48.6","34.9666666","143.0","1996-04-14","  39.2","010000","999.9","  57.2","  38.3"," 11.7"," 0.00","1016.1","999.9","998.7","  46.9","  5.3","  5.3"
"34504099999","48.6","34.9666666","143.0","1996-04-15","  37.8","100000","999.9","  59.0","  38.7","  9.7"," 0.00","1016.5","999.9","999.2","  50.0","  4.6","  8.0"
"34504099999","48.6","34.9666666","143.0","1996-04-16","  40.1","010000","999.9","  66.6","  43.9"," 29.1"," 0.01","1011.2","999.9","994.1","  53.2","  5.4"," 14.9"
"34504099999","48.6","34.9666666","143.0","1996-04-17","  35.0","010000","999.9","  55.9","  42.8"," 13.6"," 0.31","1008.7","999.9","991.5","  48.5","  4.4","  8.3"
"34504099999","48.6","34.9666666","143.0","1996-04-18","  39.6","010000","999.9","  48.4","  37.4"," 13.6"," 0.28","1008.9","999.9","991.5","  44.1","  4.7","  9.2"
"34504099999","48.6","34.9666666","143.0","1996-04-19","  41.3","010000","999.9","  48.0","  42.8"," 15.5"," 0.29","1015.1","999.9","997.6","  45.4","  3.1"," 12.9"
"34504099999","48.6","34.9666666","143.0","1996-04-20","  42.1","000000","999.9","  56.3","  42.4","  5.8"," 0.00","1024.1","999.9","006.6","  47.2","  5.1","  2.9"
"34504099999","48.6","34.9666666","143.0","1996-04-21","  36.1","000000","999.9","  59.0","  41.0","  9.7"," 0.00","1024.1","999.9","006.8","  52.2","  6.2","  6.4"
"34504099999","48.6","34.9666666","143.0","1996-04-22","  40.8","000000","999.9","  67.3","  43.3","  5.8"," 0.00","1023.1","999.9","005.9","  55.5","  6.2","  1.2"
"34504099999","48.6","34.9666666","143.0","1996-04-23","  43.4","000000","999.9","  72.9","  46.4","  7.8"," 0.00","1023.4","999.9","006.3","  58.9","  4.1","  2.5"
"34504099999","48.6","34.9666666","143.0","1996-04-24","  41.5","000000","999.9","  73.2","  41.9","  7.8"," 0.00","1017.9","999.9","001.6","  58.6","  2.7","  3.6"
"34504099999","48.6","34.9666666","143.0","1996-04-25","  40.6","000000","999.9","  78.8","  48.0"," 17.5"," 0.00","1017.0","999.9","000.1","  64.8","  4.8","  8.7"
"34504099999","48.6","34.9666666","143.0","1996-04-26","  48.5","010010","999.9","  77.7","  48.2"," 15.5"," 0.24","1018.0","999.9","001.0","  60.1","  5.7"," 10.2"
"34504099999","48.6","34.9666666","143.0","1996-04-27","  43.7","000000","999.9","  62.8","  49.8"," 13.6"," 0.08","1015.5","999.9","998.4","  53.7","  5.0"," 11.7"
"34504099999","48.6","34.9666666","143.0","1996-04-28","  37.6","000000","999.9","  60.4","  44.2"," 15.5"," 0.00","1017.3","999.9","000.0","  51.6","  6.2","  9.5"
"34504099999","48.6","34.9666666","143.0","1996-04-29","  39.6","000000","999.9","  68.5","  40.8","  9.7"," 0.00","1016.3","999.9","999.2","  55.0","  6.2","  8.5"
"34504099999","48.6","34.9666666","143.0","1996-04-30","  43.1","000000","999.9","  72.9","  42.4"," 11.7"," 0.00","1015.1","999.9","998.1","  58.2","  6.2","  8.0"
"34504099999","48.6","34.9666666","143.0","1996-05-01","  46.9","000000","999.9","  78.1","  49.1"," 13.6"," 0.00","1014.8","999.9","998.0","  65.4","  6.2","  9.2"
"34504099999","48.6","34.9666666","143.0","1996-05-02","  43.2","000000","999.9","  74.5","  49.1"," 15.5"," 0.00","1011.0","999.9","994.1","  61.4","  6.2"," 10.9"
"34504099999","48.6","34.9666666","143.0","1996-05-03","  49.3","010010","999.9","  78.4","  50.4"," 15.5"," 0.16","1009.9","999.9","993.0","  61.0","  5.3","  9.7"
"34504099999","48.6","34.9666666","143.0","1996-05-04","  54.4","000000","999.9","  78.4","  53.1"," 13.6"," 0.00","1014.0","999.9","997.2","  65.4","  5.9","  9.7"
"34504099999","48.6","34.9666666","143.0","1996-05-05","  54.4","010010","999.9","  79.2","  52.9"," 17.5"," 0.00","1017.3","999.9","000.5","  65.2","  6.2","  9.5"
"34504099999","48.6","34.9666666","143.0","1996-05-06","  53.4","000000","999.9","  70.9","  54.3"," 13.6"," 0.08","1020.4","999.9","003.4","  61.2","  5.7","  4.6"
"34504099999","48.6","34.9666666","143.0","1996-05-07","  52.6","000000","999.9","  83.5","  55.0","  9.7"," 0.00","1019.1","999.9","002.5","  72.1","  6.2","  6.7"
"34504099999","48.6","34.9666666","143.0","1996-05-08","  47.2","000000","999.9","  88.5","  56.5","  7.8"," 0.00","1016.1","999.9","999.5","  72.1","  6.2","  5.1"
"34504099999","48.6","34.9666666","143.0","1996-05-09","  46.6","000000","999.9","  86.0","  59.4"," 15.5"," 0.00","1012.9","999.9","996.4","  72.7","  5.7"," 10.3"
"34504099999","48.6","34.9666666","143.0","1996-05-10","  49.5","000000","999.9","  87.8","  58.3"," 13.6"," 0.00","1010.4","999.9","993.9","  71.9","  6.2","  8.0"
"34504099999","48.6","34.9666666","143.0","1996-05-11","  53.1","000000","999.9","  86.4","  63.9","  9.7"," 0.00","1011.7","999.9","995.2","  73.2","  6.2","  7.5"
"34504099999","48.6","34.9666666","143.0","1996-05-12","  47.7","000000","999.9","  89.6","  65.5"," 23.3"," 0.00","1012.2","999.9","995.8","  76.8","  6.2"," 14.8"
"34504099999","48.6","34.9666666","143.0","1996-05-13","  53.7","000000","999.9","  86.9","  61.0"," 13.6"," 0.00","1010.2","999.9","993.7","  72.7","  6.2"," 10.2"
"34504099999","48.6","34.9666666","143.0","1996-05-14","  56.9","010010","999.9","  80.1","  56.1","  3.9"," 0.12","1007.5","999.9","991.1","  66.0","  5.3","  1.4"
"34504099999","48.6","34.9666666","143.0","1996-05-15","  57.7","000000","999.9","  75.6","  64.0","  5.8"," 0.00","1003.7","999.9","987.3","  70.5","  6.2","  3.1"
"34504099999","48.6","34.9666666","143.0","1996-05-16","  57.1","010000","999.9","  77.9","  57.4"," 11.7"," 0.10","1003.6","999.9","987.0","  65.5","  5.3","  5.8"
"34504099999","48.6","34.9666666","143.0","1996-05-17","  57.3","000010","999.9","  79.3","  57.7"," 13.6"," 0.00","1006.4","999.9","989.9","  68.1","  5.3"," 10.4"
"34504099999","48.6","34.9666666","143.0","1996-05-18","  58.5","000010","999.9","  82.6","  57.7"," 11.7"," 0.00","1012.1","999.9","995.6","  71.4","  5.7","  5.3"
"34504099999","48.6","34.9666666","143.0","1996-05-19","  60.0","010010","999.9","  82.4","  58.6"," 13.6"," 0.43","1011.1","999.9","994.4","  67.4","  5.1","  7.0"
"34504099999","48.6","34.9666666","143.0","1996-05-20","  63.8","000010","999.9","  88.5","  57.9"," 11.7"," 0.00","1009.5","999.9","993.0","  73.2","  5.0","  6.8"
"34504099999","48.6","34.9666666","143.0","1996-05-21","  59.8","000010","999.9","  85.5","  57.2"," 19.4"," 0.03","1005.3","999.9","988.9","  71.8","  6.2"," 13.6"
"34504099999","48.6","34.9666666","143.0","1996-05-22","  44.4","000000","999.9","  67.3","  51.8"," 19.4"," 0.00","1014.1","999.9","997.0","  58.4","  6.2"," 15.3"
"34504099999","48.6","34.9666666","143.0","1996-05-23","  42.4","000000","999.9","  66.2","  44.4"," 11.7"," 0.00","1016.5","999.9","999.4","  56.6","  6.2","  6.1"
"34504099999","48.6","34.9666666","143.0","1996-05-24","  41.4","010010","999.9","  68.0","  48.6"," 11.7"," 0.00","1016.0","999.9","999.0","  58.6","  6.2","  5.1"
"34504099999","48.6","34.9666666","143.0","1996-05-25","  46.4","000000","999.9","  71.4","  47.7","  9.7"," 0.00","1017.8","999.9","000.8","  60.6","  6.2","  7.0"
"34504099999","48.6","34.9666666","143.0","1996-05-26","  50.1","000000","999.9","  76.6","  54.3","  9.7"," 0.00","1016.4","999.9","999.6","  66.0","  6.2","  7.3"
"34504099999","48.6","34.9666666","143.0","1996-05-27","  49.5","000000","999.9","  77.9","  54.0"," 11.7"," 0.00","1013.2","999.9","996.5","  66.4","  6.2","  4.6"
"34504099999","48.6","34.9666666","143.0","1996-05-28","  53.6","000000","999.9","  81.3","  60.1","  5.8"," 0.00","1009.9","999.9","993.3","  71.2","  6.2","  4.3"
"34504099999","48.6","34.9666666","143.0","1996-05-29","  53.8","000000","999.9","  82.4","  56.1"," 11.7"," 0.00","1012.8","999.9","996.2","  70.6","  6.2","  8.0"
"34504099999","48.6","34.9666666","143.0","1996-05-30","  50.7","000000","999.9","  81.7","  61.5"," 15.5"," 0.00","1014.4","999.9","997.9","  72.5","  5.7"," 10.4"
"34504099999","48.6","34.9666666","143.0","1996-05-31","  49.5","000000","999.9","  74.7","  59.7"," 17.5"," 0.00","1014.0","999.9","997.3","  66.5","  6.2"," 15.1"
"34504099999","48.6","34.9666666","143.0","1996-06-01","  39.1","000000","999.9","  65.8","  51.8"," 17.5"," 0.00","1016.1","999.9","999.1","  59.9","  6.2"," 14.3"
"34504099999","48.6","34.9666666","143.0","1996-06-02","  49.7","010000","999.9","  55.9","  51.3"," 15.5"," 0.24","1015.7","999.9","998.5","  53.1","  4.6"," 11.3"
"34504099999","48.6","34.9666666","143.0","1996-06-03","  53.7","010000","999.9","  70.3","  53.6","  9.7"," 0.31","1016.5","999.9","999.5","  59.9","  4.4","  3.1"
"34504099999","48.6","34.9666666","143.0","1996-06-04","  56.0","010000","999.9","  70.2","  55.4","999.9"," 0.51","1016.9","999.9","000.0","  62.1","  5.0","  0.0"
"34504099999","48.6","34.9666666","143.0","1996-06-05","  59.6","010010","999.9","  75.6","  57.2"," 13.6"," 0.51","1013.8","999.9","997.0","  63.3","  3.9","  9.7"
"34504099999","48.6","34.9666666","143.0","1996-06-06","  47.1","000000","999.9","  70.7","  58.8"," 21.4"," 0.00","1015.4","999.9","998.5","  64.9","  6.2"," 17.5"
"34504099999","48.6","34.9666666","143.0","1996-06-07","  47.6","000000","999.9","  75.6","  56.3"," 17.5"," 0.00","1017.6","999.9","000.8","  66.1","  6.2"," 14.1"
"34504099999","48.6","34.9666666","143.0","1996-06-08","  49.5","000000","999.9","  79.3","  53.6"," 15.5"," 0.00","1015.8","999.9","999.1","  68.5","  6.2"," 10.7"
"34504099999","48.6","34.9666666","143.0","1996-06-09","  46.0","000000","999.9","  75.0","  57.4"," 15.5"," 0.00","1018.3","999.9","001.5","  67.3","  6.2"," 10.2"
"34504099999","48.6","34.9666666","143.0","1996-06-10","  48.7","000000","999.9","  81.0","  57.9","  9.7"," 0.00","1020.4","999.9","003.6","  70.6","  6.2","  4.6"
"34504099999","48.6","34.9666666","143.0","1996-06-11","  53.8","000000","999.9","  88.5","  59.9","  7.8"," 0.00","1018.5","999.9","001.9","  75.1","  6.2","  4.4"
"34504099999","48.6","34.9666666","143.0","1996-06-12","  61.0","000010","999.9","  84.4","  65.7"," 11.7"," 0.00","1015.8","999.9","999.3","  76.4","  6.2","  7.2"
"34504099999","48.6","34.9666666","143.0","1996-06-13","  62.0","000000","999.9","  87.3","  61.0","  7.8"," 0.00","1014.1","999.9","997.7","  76.4","  5.6","  5.3"
"34504099999","48.6","34.9666666","143.0","1996-06-14","  58.9","010010","999.9","  88.0","  57.2"," 17.5"," 0.04","1011.4","999.9","994.8","  70.3","  6.2","  9.5"
"34504099999","48.6","34.9666666","143.0","1996-06-15","  49.3","010000","999.9","  67.1","  51.1"," 17.5"," 0.28","1013.8","999.9","996.8","  58.3","  5.7"," 12.8"
"34504099999","48.6","34.9666666","143.0","1996-06-16","  46.6","000000","999.9","  68.5","  52.2"," 11.7"," 0.00","1018.2","999.9","001.2","  60.7","  6.2","  7.0"
"34504099999","48.6","34.9666666","143.0","1996-06-17","  46.6","000000","999.9","  70.5","  54.3"," 11.7"," 0.00","1016.7","999.9","999.8","  62.1","  6.2","  6.8"
"34504099999","48.6","34.9666666","143.0","1996-06-18","  46.3","000010","999.9","  68.4","  48.4","  7.8"," 0.00","1015.0","999.9","998.0","  58.8","  6.2","  5.3"
"34504099999","48.6","34.9666666","143.0","1996-06-19","  45.7","000000","999.9","  74.3","  49.8","  7.8"," 0.00","1014.1","999.9","997.2","  63.1","  6.2","  2.8"
"34504099999","48.6","34.9666666","143.0","1996-06-20","  50.9","000000","999.9","  80.6","  53.2","  9.7"," 0.00","1011.9","999.9","995.2","  67.9","  6.2","  4.9"
"34504099999","48.6","34.9666666","143.0","1996-06-21","  54.0","000000","999.9","  84.9","  57.2"," 11.7"," 0.00","1014.2","999.9","997.6","  71.6","  6.2","  6.8"
"34504099999","48.6","34.9666666","143.0","1996-06-22","  53.7","000000","999.9","  87.4","  58.3","  9.7"," 0.00","1016.6","999.9","000.4","  73.5","  6.2","  7.0"
"34504099999","48.6","34.9666666","143.0","1996-06-23","  56.6","000000","999.9","  89.4","  59.9","  9.7"," 0.00","1016.8","999.9","000.3","  75.5","  6.2","  4.1"
"34504099999","48.6","34.9666666","143.0","1996-06-24","  59.6","000000","999.9","  91.4","  63.0","  9.7"," 0.00","1016.2","999.9","999.9","  80.0","  6.2","  4.4"
"34504099999","48.6","34.9666666","143.0","1996-06-25","  61.0","000000","999.9","  87.6","  68.5"," 13.6"," 0.00","1017.4","999.9","000.9","  76.9","  6.2"," 10.4"
"34504099999","48.6","34.9666666","143.0","1996-06-26","  60.2","000000","999.9","  93.2","  64.8"," 17.5"," 0.00","1014.1","999.9","997.7","  76.3","  6.2"," 10.7"
"34504099999","48.6","34.9666666","143.0","1996-06-27","  62.6","000000","999.9","  90.1","  63.0"," 15.5"," 0.00","1006.4","999.9","990.1","  76.2","  6.2"," 12.9"
"34504099999","48.6","34.9666666","143.0","1996-06-28","  56.1","000000","999.9","  69.8","  57.6"," 15.5"," 0.00","1005.3","999.9","988.6","  64.0","  6.2","  8.8"
"34504099999","48.6","34.9666666","143.0","1996-06-29","  49.5","000000","999.9","  72.9","  52.2"," 11.7"," 0.04","1011.1","999.9","994.3","  62.8","  6.2","  7.3"
"34504099999","48.6","34.9666666","143.0","1996-06-30","  52.9","000000","999.9","  79.7","  53.8"," 13.6"," 0.00","1014.0","999.9","997.3","  67.8","  6.2","  6.6"
"34504099999","48.6","34.9666666","143.0","1996-07-01","  57.1","000000","999.9","  83.3","  57.6"," 13.6"," 0.00","1011.2","999.9","999.9","  68.7","  6.2","  9.7"
"34504099999","48.6","34.9666666","143.0","1996-07-02","  55.1","000000","999.9","  79.7","  52.5"," 19.4"," 0.00","1014.2","999.9","999.9","  67.7","  6.2","  5.3"
"34504099999","48.6","34.9666666","143.0","1996-07-03","  58.4","000000","999.9","  91.0","  63.0"," 15.5"," 0.00","1015.2","999.9","999.9","  77.9","  6.2"," 10.9"
"34504099999","48.6","34.9666666","143.0","1996-07-04","  59.6","000000","999.9","  85.6","  64.8"," 13.6"," 0.00","1015.5","999.9","999.9","  73.7","  6.2"," 10.0"
"34504099999","48.6","34.9666666","143.0","1996-07-05","  57.3","000000","999.9","  82.4","  62.6"," 13.6"," 0.00","1015.6","999.9","999.9","  71.8","  6.2"," 11.7"
"34504099999","48.6","34.9666666","143.0","1996-07-06","  56.6","000000","999.9","  89.4","  64.4"," 11.7"," 0.00","1010.9","999.9","999.9","  76.6","  6.2","  9.9"
"34504099999","48.6","34.9666666","143.0","1996-07-07","  63.4","000010","999.9","  93.2","  70.0","  9.7"," 0.00","1008.1","999.9","999.9","  81.6","  6.2","  8.0"
"34504099999","48.6","34.9666666","143.0","1996-07-08","  63.5","000000","999.9","  99.5","  70.7","  9.7"," 0.00","1011.0","999.9","999.9","  83.6","  7.7","  7.3"
"34504099999","48.6","34.9666666","143.0","1996-07-09","  57.3","000000","999.9"," 100.9","  68.2"," 15.5"," 0.00","1012.2","999.9","999.9","  83.4","  6.2","  9.5"
"34504099999","48.6","34.9666666","143.0","1996-07-10","  56.9","000000","999.9","  99.1","  70.3"," 17.5"," 0.00","1009.6","999.9","999.9","  84.9","  6.2"," 10.9"
"34504099999","48.6","34.9666666","143.0","1996-07-11","  58.9","000000","999.9"," 102.2","  73.4"," 17.5"," 0.00","1007.7","999.9","999.9","  87.6","  6.2"," 10.4"
"34504099999","48.6","34.9666666","143.0","1996-07-12","  64.2","010010","999.9"," 101.3","  71.1"," 11.7"," 0.04","1010.3","999.9","999.9","  79.9","  6.2","  5.1"
"34504099999","48.6","34.9666666","143.0","1996-07-13","  65.2","000000","999.9","  86.9","  69.6"," 17.5"," 0.00","1015.5","999.9","999.9","  77.6","  6.2"," 14.3"
"34504099999","48.6","34.9666666","143.0","1996-07-14","  57.0","000000","999.9","  86.0","  68.7"," 15.5"," 0.00","1018.5","999.9","999.9","  77.6","  6.2"," 13.6"
"34504099999","48.6","34.9666666","143.0","1996-07-15","  56.3","000000","999.9","  86.7","  67.1"," 13.6"," 0.00","1016.4","999.9","999.9","  77.2","  6.2","  8.5"
"34504099999","48.6","34.9666666","143.0","1996-07-16","  58.6","010010","999.9","  88.9","  67.5"," 17.5"," 0.00","1010.9","999.9","999.9","  77.1","  4.8","  7.1"
"34504099999","48.6","34.9666666","143.0","1996-07-17","  55.0","010000","999.9","  70.7","  62.2"," 17.5"," 0.45","1011.2","999.9","999.9","  65.2","  6.2"," 10.0"
"34504099999","48.6","34.9666666","143.0","1996-07-18","  50.1","000000","999.9","  73.2","  55.4","  7.8"," 0.00","1015.0","999.9","999.9","  63.8","  6.2","  4.2"
"34504099999","48.6","34.9666666","143.0","1996-07-19","  48.4","000000","999.9","  79.5","  60.8","  7.8"," 0.00","1014.5","999.9","999.9","  69.1","  6.2","  4.1"
"34504099999","48.6","34.9666666","143.0","1996-07-20","  51.4","000000","999.9","  71.6","  57.6"," 15.5"," 0.00","1015.2","999.9","999.9","  63.5","  6.2","  4.6"
"34504099999","48.6","34.9666666","143.0","1996-07-21","  49.8","000000","999.9","  71.6","  50.9"," 13.6"," 0.00","1018.2","999.9","999.9","  63.2","  6.2","  8.3"
"34504099999","48.6","34.9666666","143.0","1996-07-22","  42.4","000000","999.9","  74.3","  52.7"," 13.6"," 0.00","1019.2","999.9","999.9","  64.8","  6.2","  7.5"
"34504099999","48.6","34.9666666","143.0","1996-07-23","  45.7","000000","999.9","  73.4","  53.6"," 15.5"," 0.00","1018.1","999.9","999.9","  63.8","  6.2","  9.5"
"34504099999","48.6","34.9666666","143.0","1996-07-24","  47.0","000000","999.9","  75.9","  50.0"," 11.7"," 0.00","1016.3","999.9","999.9","  65.3","  5.6","  5.6"
"34504099999","48.6","34.9666666","143.0","1996-07-25","  50.8","000000","999.9","  81.0","  56.1"," 13.6"," 0.00","1014.5","999.9","997.7","  66.4","  6.2","  6.6"
"34504099999","48.6","34.9666666","143.0","1996-07-26","  55.6","010000","999.9","  78.8","  56.8"," 11.7"," 0.02","1012.5","999.9","995.7","  64.8","  6.2","  6.3"
"34504099999","48.6","34.9666666","143.0","1996-07-27","  57.6","010010","999.9","  69.6","  56.5","  9.7"," 0.20","1012.4","999.9","995.6","  62.8","  5.5","  4.1"
"34504099999","48.6","34.9666666","143.0","1996-07-28","  57.3","000000","999.9","  80.1","  52.5"," 13.6"," 0.00","1014.7","999.9","998.0","  68.4","  6.2","  8.9"
"34504099999","48.6","34.9666666","143.0","1996-07-29","  54.9","000000","999.9","  81.7","  60.4","  9.7"," 0.00","1017.0","999.9","000.4","  71.7","  6.2","  4.9"
"34504099999","48.6","34.9666666","143.0","1996-07-30","  53.0","000000","999.9","  85.8","  59.7","  5.8"," 0.00","1014.9","999.9","998.5","  77.8","  6.2","  1.9"
"34504099999","48.6","34.9666666","143.0","1996-07-31","  53.6","000000","999.9","  96.3","  63.7","  5.8"," 0.00","1012.8","999.9","996.5","  80.6","  6.2","  3.4"
"34504099999","48.6","34.9666666","143.0","1996-08-01","  56.1","000000","999.9","  93.7","  71.1"," 13.6"," 0.00","1014.0","999.9","997.7","  82.8","  6.2","  8.5"
"34504099999","48.6","34.9666666","143.0","1996-08-02","  57.8","000000","999.9","  87.8","  68.4"," 15.5"," 0.00","1017.8","999.9","001.3","  78.1","  6.2"," 12.6"
"34504099999","48.6","34.9666666","143.0","1996-08-03","  55.1","000000","999.9","  87.1","  68.0"," 11.7"," 0.00","1017.3","999.9","000.9","  78.2","  6.2"," 10.0"
"34504099999","48.6","34.9666666","143.0","1996-08-04","  54.2","000000","999.9","  93.2","  68.4"," 11.7"," 0.00","1012.9","999.9","996.6","  80.8","  6.2","  8.5"
"34504099999","48.6","34.9666666","143.0","1996-08-05","  49.0","000000","999.9","  92.3","  67.1"," 11.7"," 0.00","1012.8","999.9","996.5","  79.2","  6.2","  7.5"
"34504099999","48.6","34.9666666","143.0","1996-08-06","  54.5","000000","999.9","  90.9","  65.5"," 13.6"," 0.00","1012.0","999.9","995.6","  76.7","  6.2","  5.2"
"34504099999","48.6","34.9666666","143.0","1996-08-07","  61.5","010010","999.9","  80.6","  63.7"," 13.6"," 0.08","1009.7","999.9","993.2","  72.0","  4.8","  8.0"
"34504099999","48.6","34.9666666","143.0","1996-08-08","  59.2","010000","999.9","  68.2","  60.3","  7.8"," 0.28","1007.6","999.9","990.9","  63.2","  3.7","  5.8"
"34504099999","48.6","34.9666666","143.0","1996-08-09","  52.1","010000","999.9","  67.6","  56.5"," 17.5"," 0.04","1013.1","999.9","996.2","  60.9","  4.6"," 13.9"
"34504099999","48.6","34.9666666","143.0","1996-08-10","  47.7","000000","999.9","  73.9","  54.0"," 13.6"," 0.00","1019.2","999.9","002.3","  63.7","  6.2"," 10.3"
"34504099999","48.6","34.9666666","143.0","1996-08-11","  44.7","000000","999.9","  73.4","  54.7"," 11.7"," 0.00","1022.2","999.9","005.6","  63.2","  6.2","  9.2"
"34504099999","48.6","34.9666666","143.0","1996-08-12","  46.9","000000","999.9","  76.1","  52.3"," 11.7"," 0.00","1024.0","999.9","007.1","  65.4","  6.2","  7.3"
"34504099999","48.6","34.9666666","143.0","1996-08-13","  49.3","000000","999.9","  81.7","  56.8"," 11.7"," 0.00","1022.8","999.9","006.0","  70.7","  6.2","  9.2"
"34504099999","48.6","34.9666666","143.0","1996-08-14","  47.4","000000","999.9","  86.7","  60.8"," 15.5"," 0.00","1020.5","999.9","003.9","  75.2","  6.2"," 10.0"
"34504099999","48.6","34.9666666","143.0","1996-08-15","  44.4","000000","999.9","  82.4","  59.7"," 15.5"," 0.00","1020.4","999.9","003.7","  71.1","  6.2"," 10.7"
"34504099999","48.6","34.9666666","143.0","1996-08-16","  42.1","000000","999.9","  84.2","  59.4"," 15.5"," 0.00","1018.2","999.9","001.6","  71.5","  6.2"," 11.9"
"34504099999","48.6","34.9666666","143.0","1996-08-17","  44.0","000000","999.9","  88.5","  60.3"," 19.4"," 0.00","1015.6","999.9","999.1","  76.1","  6.2"," 14.4"
"34504099999","48.6","34.9666666","143.0","1996-08-18","  42.3","000000","999.9","  89.6","  66.0"," 19.4"," 0.00","1014.7","999.9","998.3","  77.2","  6.2"," 15.1"
"34504099999","48.6","34.9666666","143.0","1996-08-19","  57.2","010000","999.9","  72.7","  60.1"," 17.5"," 0.16","1013.9","999.9","997.1","  64.8","  5.7"," 15.0"
"34504099999","48.6","34.9666666","143.0","1996-08-20","  56.9","010000","999.9","  82.8","  60.1"," 13.6"," 0.00","1012.1","999.9","995.6","  70.5","  5.7"," 10.7"
"34504099999","48.6","34.9666666","143.0","1996-08-21","  59.1","010010","999.9","  66.9","  58.6"," 15.5"," 0.91","1010.1","999.9","993.4","  62.6","  4.0","  8.0"
"34504099999","48.6","34.9666666","143.0","1996-08-22","  62.5","000010","999.9","  76.6","  57.7"," 11.7"," 0.28","1009.0","999.9","992.4","  66.5","  5.3","  7.0"
"34504099999","48.6","34.9666666","143.0","1996-08-23","  63.5","010100","999.9","  75.7","  62.1","  9.7"," 0.08","1007.8","999.9","991.2","  66.8","  5.7","  6.7"
"34504099999","48.6","34.9666666","143.0","1996-08-24","  61.8","000000","999.9","  79.9","  59.4","  5.8"," 0.00","1007.8","999.9","991.3","  69.2","  4.2","  2.9"
"34504099999","48.6","34.9666666","143.0","1996-08-25","  63.1","010010","999.9","  78.4","  64.0","  9.7"," 0.00","1007.9","999.9","991.4","  69.5","  4.5","  7.0"
"34504099999","48.6","34.9666666","143.0","1996-08-26","  60.5","010000","999.9","  65.8","  56.5"," 17.5"," 0.94","1012.2","999.9","995.4","  61.6","  2.0"," 10.3"
"34504099999","48.6","34.9666666","143.0","1996-08-27","  45.5","000000","999.9","  70.0","  55.0"," 13.6"," 0.00","1021.7","999.9","004.7","  60.9","  6.2"," 11.9"
"34504099999","48.6","34.9666666","143.0","1996-08-28","  39.4","000000","999.9","  75.9","  52.5"," 15.5"," 0.00","1027.4","999.9","010.4","  63.9","  6.2"," 11.9"
"34504099999","48.6","34.9666666","143.0","1996-08-29","  40.6","000000","999.9","  77.4","  53.2"," 15.5"," 0.00","1025.8","999.9","008.8","  64.0","  6.2"," 13.3"
"34504099999","48.6","34.9666666","143.0","1996-08-30","  47.0","000000","999.9","  77.2","  57.2"," 17.5"," 0.00","1022.2","999.9","005.3","  66.4","  6.2"," 13.6"
"34504099999","48.6","34.9666666","143.0","1996-08-31","  46.0","000000","999.9","  77.2","  62.6"," 13.6"," 0.00","1019.3","999.9","002.5","  69.6","  6.2"," 11.9"
"34504099999","48.6","34.9666666","143.0","1996-09-01","  41.8","000000","999.9","  80.1","  62.6"," 40.8"," 0.00","1018.1","999.9","001.4","  69.9","  6.2"," 12.9"
"34504099999","48.6","34.9666666","143.0","1996-09-02","  41.0","000000","999.9","  86.0","  63.0"," 19.4"," 0.00","1016.6","999.9","000.0","  72.1","  6.2"," 13.8"
"34504099999","48.6","34.9666666","143.0","1996-09-03","  47.2","010000","999.9","  86.5","  64.4"," 13.6"," 0.00","1011.9","999.9","995.4","  70.0","  6.2"," 10.0"
"34504099999","48.6","34.9666666","143.0","1996-09-04","  60.3","010010","999.9","  76.6","  59.7","  9.7"," 0.02","1007.2","999.9","990.7","  67.4","  5.2","  5.3"
"34504099999","48.6","34.9666666","143.0","1996-09-05","  58.9","010000","999.9","  67.5","  55.8"," 13.6"," 0.47","1002.0","999.9","985.2","  61.1","  3.3","  8.5"
"34504099999","48.6","34.9666666","143.0","1996-09-06","  60.3","110000","999.9","  68.0","  57.6","  9.7"," 0.51"," 998.5","999.9","981.9","  61.9","  1.1","  3.6"
"34504099999","48.6","34.9666666","143.0","1996-09-07","  57.3","100000","999.9","  73.9","  53.4","  7.8"," 0.02","1000.3","999.9","983.8","  64.2","  3.4","  3.9"
"34504099999","48.6","34.9666666","143.0","1996-09-08","  51.3","010000","999.9","  68.5","  52.7"," 15.5"," 0.12"," 998.9","999.9","982.2","  58.3","  4.8","  9.0"
"34504099999","48.6","34.9666666","143.0","1996-09-09","  49.6","000000","999.9","  67.8","  48.6"," 11.7"," 0.00","1001.0","999.9","984.2","  57.5","  4.7","  6.8"
"34504099999","48.6","34.9666666","143.0","1996-09-10","  52.5","010000","999.9","  59.5","  53.1"," 15.5"," 0.00","1008.5","999.9","991.6","  56.6","  3.5"," 11.0"
"34504099999","48.6","34.9666666","143.0","1996-09-11","  46.7","100000","999.9","  62.8","  47.1"," 11.7"," 0.00","1010.4","999.9","993.4","  53.1","  3.5","  7.3"
"34504099999","48.6","34.9666666","143.0","1996-09-12","  43.5","000000","999.9","  64.0","  48.4"," 11.7"," 0.00","1012.7","999.9","995.5","  52.4","  6.2","  7.4"
"34504099999","48.6","34.9666666","143.0","1996-09-13","  54.6","010000","999.9","  69.8","  47.3"," 19.4"," 0.00","1008.1","999.9","991.4","  61.4","  5.0"," 13.3"
"34504099999","48.6","34.9666666","143.0","1996-09-14","  62.2","000000","999.9","  72.1","  59.4"," 15.5"," 0.55","1000.3","999.9","983.8","  65.7","  3.5","  8.6"
"34504099999","48.6","34.9666666","143.0","1996-09-15","  46.4","010000","999.9","  60.8","  46.6"," 23.3"," 0.04","1002.1","999.9","985.2","  53.4","  5.0"," 16.5"
"34504099999","48.6","34.9666666","143.0","1996-09-16","  43.1","010010","999.9","  57.6","  43.7"," 15.5"," 0.04","1007.4","999.9","990.2","  50.1","  5.3"," 11.9"
"34504099999","48.6","34.9666666","143.0","1996-09-17","  46.2","010000","999.9","  56.3","  45.5"," 13.6"," 0.35","1007.4","999.9","990.2","  48.5","  3.7"," 11.7"
"34504099999","48.6","34.9666666","143.0","1996-09-18","  44.2","000000","999.9","  52.9","  44.1"," 13.6"," 0.00","1013.3","999.9","995.9","  47.4","  3.4","  9.2"
"34504099999","48.6","34.9666666","143.0","1996-09-19","  41.8","010000","999.9","  56.8","  42.8"," 15.5"," 0.00","1017.4","999.9","000.0","  49.3","  4.3"," 11.9"
"34504099999","48.6","34.9666666","143.0","1996-09-20","  42.8","000000","999.9","  57.0","  38.1","  9.7"," 0.00","1012.8","999.9","995.5","  46.9","  3.0","  5.8"
"34504099999","48.6","34.9666666","143.0","1996-09-21","  36.5","000000","999.9","  71.6","  38.8"," 13.6"," 0.00","1013.8","999.9","996.5","  46.9","  5.3","  9.2"
"34504099999","48.6","34.9666666","143.0","1996-09-22","  30.3","000000","999.9","  54.1","  34.0","  9.7"," 0.00","1021.5","999.9","004.0","  43.3","  6.2","  5.6"
"34504099999","48.6","34.9666666","143.0","1996-09-23","  30.1","000000","999.9","  54.7","  32.5"," 13.6"," 0.00","1022.7","999.9","005.1","  43.7","  6.2"," 10.4"
"34504099999","48.6","34.9666666","143.0","1996-09-24","  37.6","010000","999.9","  48.2","  38.7"," 23.3"," 0.55","1013.8","999.9","996.3","  43.8","  4.7"," 17.5"
"34504099999","48.6","34.9666666","143.0","1996-09-25","  50.3","110000","999.9","  55.9","  46.9"," 13.6"," 0.59","1011.0","999.9","993.8","  50.8","  1.4","  4.5"
"34504099999","48.6","34.9666666","143.0","1996-09-26","  52.7","100000","999.9","  58.6","  48.9"," 11.7"," 0.00","1016.3","999.9","999.1","  54.3","  1.2","  5.8"
"34504099999","48.6","34.9666666","143.0","1996-09-27","  55.1","110000","999.9","  59.4","  51.8","  7.8"," 0.55","1014.6","999.9","997.5","  55.8","  0.7","  5.1"
"34504099999","48.6","34.9666666","143.0","1996-09-28","  51.7","010000","999.9","  55.4","  50.4"," 23.3"," 0.10","1011.0","999.9","993.9","  53.5","  1.1"," 11.9"
"34504099999","48.6","34.9666666","143.0","1996-09-29","  32.7","000000"," 36.9","  50.2","  36.0"," 27.2"," 0.00","1022.7","999.9","005.0","  41.9","  4.8"," 19.7"
"34504099999","48.6","34.9666666","143.0","1996-09-30","  30.8","000000","999.9","  50.2","  30.7"," 15.5"," 0.00","1031.9","999.9","013.9","  39.6","  5.7"," 10.0"
"34504099999","48.6","34.9666666","143.0","1996-10-01","  36.0","000000","999.9","  53.6","  29.8","  7.8"," 0.00","1028.4","999.9","999.9","  40.8","  5.6","  5.3"
"34504099999","48.6","34.9666666","143.0","1996-10-02","  45.5","010000","999.9","  51.8","  36.3","  5.8"," 0.00","1020.9","999.9","999.9","  47.2","  1.3","  1.9"
"34504099999","48.6","34.9666666","143.0","1996-10-03","  48.5","100000","999.9","  60.4","  43.2","  7.8"," 0.00","1019.2","999.9","999.9","  51.2","  1.1","  3.2"
"34504099999","48.6","34.9666666","143.0","1996-10-04","  44.6","110000","999.9","  54.9","  46.9"," 19.4"," 0.24","1019.6","999.9","999.9","  50.0","  4.1"," 11.4"
"34504099999","48.6","34.9666666","143.0","1996-10-05","  40.5","000000","999.9","  57.6","  42.1"," 15.5"," 0.00","1024.5","999.9","999.9","  49.9","  6.2"," 10.0"
"34504099999","48.6","34.9666666","143.0","1996-10-06","  47.4","000000","999.9","  57.2","  44.1"," 11.7"," 0.00","1025.2","999.9","999.9","  51.7","  3.4","  7.0"
"34504099999","48.6","34.9666666","143.0","1996-10-07","  44.1","000000","999.9","  61.3","  47.1"," 11.7"," 0.00","1024.6","999.9","999.9","  52.8","  4.0","  6.3"
"34504099999","48.6","34.9666666","143.0","1996-10-08","  41.3","000000","999.9","  59.5","  42.8","  7.8"," 0.00","1024.0","999.9","006.6","  50.6","  4.2","  6.6"
"34504099999","48.6","34.9666666","143.0","1996-10-09","  43.4","000000","999.9","  63.3","  43.7","  7.8"," 0.00","1022.6","999.9","005.3","  51.7","  8.4","  5.3"
"34504099999","48.6","34.9666666","143.0","1996-10-10","  44.9","000000","999.9","  64.6","  45.0","  7.8"," 0.00","1018.4","999.9","001.1","  52.0","  4.6","  5.1"
"34504099999","48.6","34.9666666","143.0","1996-10-11","  40.7","000000","999.9","  62.4","  42.1"," 13.6"," 0.00","1017.2","999.9","999.9","  50.7","  4.3"," 10.2"
"34504099999","48.6","34.9666666","143.0","1996-10-12","  38.6","000000","999.9","  59.4","  42.8"," 17.5"," 0.00","1021.9","999.9","004.5","  49.5","  6.2"," 13.9"
"34504099999","48.6","34.9666666","143.0","1996-10-13","  34.5","000000","999.9","  57.2","  38.5"," 13.6"," 0.00","1027.0","999.9","009.4","  47.0","  6.2"," 10.5"
"34504099999","48.6","34.9666666","143.0","1996-10-14","  34.1","000000","999.9","  56.1","  37.0","  5.8"," 0.00","1028.3","999.9","010.6","  45.2","  6.2","  4.9"
"34504099999","48.6","34.9666666","143.0","1996-10-15","  34.2","000000","999.9","  55.4","  36.1","  3.9"," 0.00","1027.3","999.9","009.6","  44.6","  4.6","  1.0"
"34504099999","48.6","34.9666666","143.0","1996-10-16","  34.7","000000","999.9","  60.1","  33.8","  3.9"," 0.00","1024.2","999.9","006.6","  45.0","  3.7","  0.7"
"34504099999","48.6","34.9666666","143.0","1996-10-17","  39.1","000000","999.9","  61.0","  37.2","  5.8"," 0.00","1023.8","999.9","006.2","  47.1","  3.6","  3.4"
"34504099999","48.6","34.9666666","143.0","1996-10-18","  49.9","000000","999.9","  68.7","  39.0"," 15.5"," 0.00","1021.4","999.9","004.3","  56.6","  4.1","  9.2"
"34504099999","48.6","34.9666666","143.0","1996-10-19","  51.0","010000","999.9","  66.2","  50.7"," 11.7"," 0.00","1016.1","999.9","999.0","  56.8","  4.2","  8.7"
"34504099999","48.6","34.9666666","143.0","1996-10-20","  48.4","000000","999.9","  63.1","  49.1"," 11.7"," 0.02","1012.8","999.9","995.7","  54.0","  5.6","  8.7"
"34504099999","48.6","34.9666666","143.0","1996-10-21","  45.1","000000","999.9","  56.1","  46.0","  7.8"," 0.00","1013.7","999.9","996.4","  50.8","  5.3","  4.4"
"34504099999","48.6","34.9666666","143.0","1996-10-22","  43.3","000000","999.9","  52.5","  45.7"," 17.5"," 0.00","1010.4","999.9","993.2","  48.6","  4.7"," 10.0"
"34504099999","48.6","34.9666666","143.0","1996-10-23","  41.9","010000","999.9","  49.3","  42.6"," 13.6"," 0.59","1009.7","999.9","992.2","  44.1","  3.0"," 12.4"
"34504099999","48.6","34.9666666","143.0","1996-10-24","  44.5","010000","999.9","  46.9","  44.4"," 13.6"," 0.25","1013.0","999.9","995.6","  45.3","  1.0"," 10.0"
"34504099999","48.6","34.9666666","143.0","1996-10-25","  43.4","100000","999.9","  50.9","  41.0"," 13.6"," 0.02","1021.0","999.9","003.4","  45.0","  1.2","  7.5"
"34504099999","48.6","34.9666666","143.0","1996-10-26","  38.5","000000","999.9","  45.0","  35.8"," 17.5"," 0.00","1023.2","999.9","005.6","  42.2","  3.7"," 14.3"
"34504099999","48.6","34.9666666","143.0","1996-10-27","  23.8","000000","999.9","  32.2","  28.8"," 13.6"," 0.00","1024.5","999.9","006.3","  29.8","  4.8","  9.5"
"34504099999","48.6","34.9666666","143.0","1996-10-28","  24.7","000000","999.9","  30.4","  28.2","  5.8"," 0.00","1023.5","999.9","005.4","  29.7","  4.8","  1.5"
"34504099999","48.6","34.9666666","143.0","1996-10-29","  34.6","010000","999.9","  46.6","  28.9"," 11.7"," 0.01","1021.0","999.9","003.2","  38.5","  3.3","  7.8"
"34504099999","48.6","34.9666666","143.0","1996-10-30","  42.8","010000","999.9","  53.2","  38.1"," 15.5"," 0.05","1017.5","999.9","000.0","  46.0","  4.0"," 12.9"
"34504099999","48.6","34.9666666","143.0","1996-10-31","  40.7","110000","999.9","  51.8","  41.9"," 13.6"," 0.20","1015.4","999.9","998.0","  46.0","  2.0"," 10.2"
"34504099999","48.6","34.9666666","143.0","1996-11-01","  35.0","000000","999.9","  46.2","  33.6"," 11.7"," 0.02","1019.1","999.9","001.4","  38.8","  3.9","  7.2"
"34504099999","48.6","34.9666666","143.0","1996-11-02","  40.0","010000","999.9","  52.2","  32.9"," 13.6"," 0.00","1018.5","999.9","001.0","  44.1","  4.3","  8.0"
"34504099999","48.6","34.9666666","143.0","1996-11-03","  44.9","110000","999.9","  48.9","  42.3"," 13.6"," 0.08","1016.0","999.9","998.6","  46.0","  2.4","  9.5"
"34504099999","48.6","34.9666666","143.0","1996-11-04","  47.9","000000","999.9","  57.2","  46.4","  9.7"," 0.00","1018.9","999.9","001.6","  50.6","  2.6","  8.0"
"34504099999","48.6","34.9666666","143.0","1996-11-05","  48.7","000000","999.9","  63.3","  47.1"," 11.7"," 0.00","1018.8","999.9","001.6","  52.6","  3.7","  7.5"
"34504099999","48.6","34.9666666","143.0","1996-11-06","  46.6","000000","999.9","  54.7","  44.8"," 13.6"," 0.00","1017.5","999.9","000.1","  48.7","  3.0","  9.2"
"34504099999","48.6","34.9666666","143.0","1996-11-07","  44.8","100000","999.9","  52.5","  35.2"," 11.7"," 0.00","1018.9","999.9","001.4","  45.3","  0.5","  8.0"
"34504099999","48.6","34.9666666","143.0","1996-11-08","  49.2","100000","999.9","  55.0","  48.0"," 13.6"," 0.00","1015.7","999.9","998.4","  50.7","  0.7","  9.2"
"34504099999","48.6","34.9666666","143.0","1996-11-09","  40.3","000000","999.9","  55.0","  40.5"," 15.5"," 0.00","1022.4","999.9","004.8","  46.2","  4.4"," 11.1"
"34504099999","48.6","34.9666666","143.0","1996-11-10","  30.7","000000","999.9","  43.5","  30.9","  7.8"," 0.02","1033.4","999.9","015.4","  36.3","  4.7","  5.3"
"34504099999","48.6","34.9666666","143.0","1996-11-11","  32.5","000000","999.9","  48.0","  27.9"," 13.6"," 0.00","1034.0","999.9","015.9","  36.7","  5.3","  8.7"
"34504099999","48.6","34.9666666","143.0","1996-11-12","  33.6","000000","999.9","  46.9","  31.3","  9.7"," 0.00","1028.3","999.9","010.2","  37.9","  3.7","  6.4"
"34504099999","48.6","34.9666666","143.0","1996-11-13","  32.9","000000","999.9","  36.3","  31.1","  9.7"," 0.00","1025.8","999.9","007.7","  34.3","  1.6","  7.3"
"34504099999","48.6","34.9666666","143.0","1996-11-14","  35.9","100000","999.9","  45.9","  34.3","  7.8"," 0.00","1025.8","999.9","007.9","  38.0","  3.2","  6.3"
"34504099999","48.6","34.9666666","143.0","1996-11-15","  33.9","100000","999.9","  41.0","  32.4","  7.8"," 0.00","1031.4","999.9","013.3","  34.6","  2.6","  4.6"
"34504099999","48.6","34.9666666","143.0","1996-11-16","  33.3","100000","999.9","  35.2","  30.6","  7.8"," 0.00","1033.1","999.9","015.0","  33.3","  0.1","  2.4"
"34504099999","48.6","34.9666666","143.0","1996-11-17","  35.1","100000","999.9","  36.5","  33.6","  3.9"," 0.00","1029.0","999.9","011.0","  35.4","  0.3","  1.9"
"34504099999","48.6","34.9666666","143.0","1996-11-18","  37.4","100000","999.9","  43.9","  36.0"," 11.7"," 0.00","1025.0","999.9","007.2","  38.8","  0.9","  7.3"
"34504099999","48.6","34.9666666","143.0","1996-11-19","  41.0","000000","999.9","  49.6","  36.0"," 13.6"," 0.00","1020.8","999.9","003.2","  43.5","  1.0","  9.7"
"34504099999","48.6","34.9666666","143.0","1996-11-20","  35.1","010000","999.9","  48.9","  38.1"," 17.5"," 0.00","1014.9","999.9","997.4","  42.4","  3.9"," 13.0"
"34504099999","48.6","34.9666666","143.0","1996-11-21","  44.3","000000","999.9","  60.8","  39.2"," 19.4"," 0.00","1009.9","999.9","992.7","  49.7","  3.4"," 16.3"
"34504099999","48.6","34.9666666","143.0","1996-11-22","  43.3","110000","999.9","  50.4","  41.9"," 19.4"," 0.24","1009.3","999.9","991.9","  45.5","  2.4","  9.5"
"34504099999","48.6","34.9666666","143.0","1996-11-23","  35.5","010000","999.9","  41.7","  31.8"," 13.6"," 0.08","1023.5","999.9","005.6","  37.8","  4.3","  8.7"
"34504099999","48.6","34.9666666","143.0","1996-11-24","  42.7","010000","999.9","  47.8","  39.0"," 11.7"," 0.20","1022.6","999.9","005.1","  44.3","  1.5"," 11.1"
"34504099999","48.6","34.9666666","143.0","1996-11-25","  38.9","100000","999.9","  44.6","  39.4"," 17.5"," 0.00","1016.8","999.9","999.2","  40.9","  2.1"," 14.8"
"34504099999","48.6","34.9666666","143.0","1996-11-26","  36.5","010000","999.9","  43.9","  33.8"," 17.5"," 0.04","1009.6","999.9","992.1","  39.4","  6.2"," 15.5"
"34504099999","48.6","34.9666666","143.0","1996-11-27","  42.1","100000","999.9","  47.7","  39.9"," 11.7"," 0.00","1014.2","999.9","996.8","  43.3","  4.1","  8.5"
"34504099999","48.6","34.9666666","143.0","1996-11-28","  43.1","110000","999.9","  51.3","  41.0"," 13.6"," 0.04","1011.2","999.9","993.9","  46.1","  2.4"," 11.2"
"34504099999","48.6","34.9666666","143.0","1996-11-29","  42.8","110000","999.9","  49.6","  40.8"," 11.7"," 0.00","1019.1","999.9","001.6","  44.8","  1.8","  7.3"
"34504099999","48.6","34.9666666","143.0","1996-11-30","  41.7","100000","999.9","  45.9","  37.9"," 15.5"," 0.00","1020.0","999.9","002.4","  42.7","  0.7"," 12.1"
"34504099999","48.6","34.9666666","143.0","1996-12-01","  35.4","000000","999.9","  41.7","  35.6"," 13.6"," 0.00","1017.5","999.9","999.8","  38.7","  3.9"," 12.6"
"34504099999","48.6","34.9666666","143.0","1996-12-02","  39.4","010000","999.9","  43.7","  39.4"," 15.5"," 0.00","1016.9","999.9","999.3","  41.5","  2.3"," 12.9"
"34504099999","48.6","34.9666666","143.0","1996-12-03","  40.7","000000","999.9","  46.4","  41.9"," 17.5"," 0.00","1017.6","999.9","000.0","  43.6","  1.8"," 14.1"
"34504099999","48.6","34.9666666","143.0","1996-12-04","  38.5","010000","999.9","  41.5","  40.5"," 15.5"," 0.00","1021.8","999.9","004.1","  41.0","  2.0"," 12.4"
"34504099999","48.6","34.9666666","143.0","1996-12-05","  36.4","010000","999.9","  41.4","  36.9"," 15.5"," 0.02","1022.9","999.9","005.0","  38.5","  1.6"," 10.4"
"34504099999","48.6","34.9666666","143.0","1996-12-06","  34.2","010000","999.9","  39.6","  34.2"," 11.7"," 0.00","1024.8","999.9","006.9","  37.0","  1.2","  9.1"
"34504099999","48.6","34.9666666","143.0","1996-12-07","  34.5","110000","999.9","  38.1","  34.0"," 11.7"," 0.00","1028.4","999.9","010.4","  35.5","  0.6"," 10.0"
"34504099999","48.6","34.9666666","143.0","1996-12-08","  32.8","111000","999.9","  34.7","  33.1"," 25.3"," 0.02","1030.1","999.9","012.0","  34.1","  1.1","  8.1"
"34504099999","48.6","34.9666666","143.0","1996-12-09","  28.6","001000","999.9","  33.6","  30.7"," 13.6"," 0.00","1032.6","999.9","014.3","  32.2","  2.8","  9.0"
"34504099999","48.6","34.9666666","143.0","1996-12-10","  23.0","000000","999.9","  30.4","  26.4","  7.8"," 0.00","1032.2","999.9","013.8","  28.4","  5.3","  2.2"
"34504099999","48.6","34.9666666","143.0","1996-12-11","  22.8","000000","999.9","  27.7","  24.6","  5.8"," 0.00","1025.8","999.9","007.4","  26.2","  1.8","  2.4"
"34504099999","48.6","34.9666666","143.0","1996-12-12","  22.9","011000","999.9","  37.4","  24.3","  3.9"," 0.00","1022.1","999.9","003.9","  26.8","  3.0","  0.9"
"34504099999","48.6","34.9666666","143.0","1996-12-13","  27.9","001000","999.9","  32.2","  24.3","  3.9"," 0.00","1018.5","999.9","000.4","  29.3","  2.3","  1.9"
"34504099999","48.6","34.9666666","143.0","1996-12-14","  35.7","010000","999.9","  41.5","  32.2"," 11.7"," 0.00","1012.0","999.9","994.4","  37.0","  1.2","  9.2"
"34504099999","48.6","34.9666666","143.0","1996-12-15","  40.8","010000","999.9","  48.6","  34.7"," 15.5"," 0.24","1002.9","999.9","985.5","  42.6","  1.2"," 13.6"
"34504099999","48.6","34.9666666","143.0","1996-12-16","  24.6","001000","999.9","  36.7","  26.6"," 19.4"," 0.04","1006.6","999.9","988.8","  30.7","  3.6"," 16.3"
"34504099999","48.6","34.9666666","143.0","1996-12-17","  20.4","001000","999.9","  32.9","  22.5"," 15.5"," 0.00","1019.2","999.9","001.0","  27.4","  5.5"," 11.1"
"34504099999","48.6","34.9666666","143.0","1996-12-18","  27.2","001000","999.9","  31.8","  26.6"," 11.7"," 0.08","1014.5","  1.6","996.5","  30.2","  1.4","  6.6"
"34504099999","48.6","34.9666666","143.0","1996-12-19","  33.0","011000","999.9","  40.6","  28.6"," 17.5"," 0.00","1006.0","  1.6","988.4","  36.0","  1.2"," 13.6"
"34504099999","48.6","34.9666666","143.0","1996-12-20","  20.2","001000","999.9","  28.9","  23.5"," 23.3"," 0.12","1013.4","999.9","995.2","  25.2","  3.0","  5.8"
"34504099999","48.6","34.9666666","143.0","1996-12-21","  20.5","001000","999.9","  24.3","  19.6"," 11.7"," 0.28","1014.4","  4.3","996.2","  22.7","  2.6","  8.0"
"34504099999","48.6","34.9666666","143.0","1996-12-22","   7.6","001000","999.9","  17.2","   1.8"," 13.6"," 0.10","1021.2","  5.5","002.4","  10.8","  1.4","  7.2"
"34504099999","48.6","34.9666666","143.0","1996-12-23","   3.0","100000","999.9","  14.4","  -2.6"," 11.7"," 0.00","1017.4","  5.5","998.5","   6.2","  2.4","  6.1"
"34504099999","48.6","34.9666666","143.0","1996-12-24","   9.7","000000","999.9","  18.3","   9.5"," 11.7"," 0.00","1011.0","999.9","992.4","  13.6","  4.8"," 10.1"
"34504099999","48.6","34.9666666","143.0","1996-12-25","   1.2","000000","999.9","   9.7","   1.0","  9.7"," 0.00","1016.9","999.9","997.9","   4.3","  5.7","  6.3"
"34504099999","48.6","34.9666666","143.0","1996-12-26","   3.1","001000","999.9","  13.5","   3.2"," 19.4"," 0.01","1022.0","  3.9","003.0","   7.8","  5.3"," 13.4"
"34504099999","48.6","34.9666666","143.0","1996-12-27","  -2.4","000000","999.9","   7.7","  -0.9"," 19.4"," 0.00","1034.9","  3.5","015.6","   2.6","  5.3"," 16.5"
"34504099999","48.6","34.9666666","143.0","1996-12-28","  -4.4","000000","999.9","   8.2","  -3.8"," 17.5"," 0.00","1035.0","999.9","015.5","   0.4","  5.7"," 14.8"
"34504099999","48.6","34.9666666","143.0","1996-12-29","  -2.6","001000"," 35.0","   7.7","  -5.4"," 21.4"," 0.20","1020.9","  3.1","001.7","   1.9","  4.7"," 16.1"
"34504099999","48.6","34.9666666","143.0","1996-12-30","   3.5","001000","999.9","  10.6","   4.1"," 11.7"," 0.16","1018.7","  7.5","999.8","   7.3","  4.0","  5.4"
"34504099999","48.6","34.9666666","143.0","1996-12-31","  10.7","001000","999.9","  16.0","   4.5"," 13.6"," 0.08","1019.9","  7.1","001.1","  12.7","  1.4"," 11.2"
"34504099999","48.6","34.9666666","143.0","1997-01-01","   9.3","000000","999.9","  16.5","   5.2","  7.8"," 0.00","1023.7","  6.3","004.8","  11.5","  5.5","  6.3"
"34504099999","48.6","34.9666666","143.0","1997-01-02","   2.2","001000","999.9","  10.8","   0.5","  5.8"," 0.08","1025.4","999.9","006.3","   5.7","  4.1","  3.1"
"34504099999","48.6","34.9666666","143.0","1997-01-03","  -3.8","100000","999.9","   9.9"," -10.1","  5.8"," 0.00","1026.8","  7.9","007.4","  -2.0","  1.3","  1.9"
"34504099999","48.6","34.9666666","143.0","1997-01-04","  -2.2","101000","999.9","   3.9","  -5.3","  9.7"," 0.00","1022.1","  7.9","002.8","  -1.0","  0.7","  4.1"
"34504099999","48.6","34.9666666","143.0","1997-01-05","  18.7","011000","999.9","  30.9","   8.4","  9.7"," 0.35","1006.4","999.9","988.2","  19.5","  1.2","  5.1"
"34504099999","48.6","34.9666666","143.0","1997-01-06","  14.4","001000","999.9","  20.8","  11.5"," 15.5"," 0.01","1014.2","  7.1","995.7","  16.7","  4.7"," 10.4"
"34504099999","48.6","34.9666666","143.0","1997-01-07","   4.5","001000","999.9","  14.5","  -1.8"," 13.6"," 0.00","1026.9","  7.1","007.8","   7.4","  4.7","  6.6"
"34504099999","48.6","34.9666666","143.0","1997-01-08","   7.4","001000","999.9","  16.5","   5.0","  7.8"," 0.00","1024.3","  7.5","005.3","   9.6","  1.8","  3.2"
"34504099999","48.6","34.9666666","143.0","1997-01-09","  12.9","101000","999.9","  14.9","   5.0"," 15.5"," 0.02","1020.5","  7.5","001.9","  13.9","  1.8"," 13.8"
"34504099999","48.6","34.9666666","143.0","1997-01-10","  15.5","001000","999.9","  20.7","  13.5"," 11.7"," 0.08","1020.4","  7.5","001.9","  17.6","  3.9","  5.6"
"34504099999","48.6","34.9666666","143.0","1997-01-11","  10.6","001000","999.9","  17.4","   6.6","  7.8"," 0.01","1028.9","  7.5","010.0","  12.9","  2.6","  6.3"
"34504099999","48.6","34.9666666","143.0","1997-01-12","   4.8","101000","999.9","   9.3","   0.9","  9.7"," 0.00","1036.8","  7.5","017.5","   5.7","  1.0","  7.8"
"34504099999","48.6","34.9666666","143.0","1997-01-13","   6.6","000000","999.9","  16.7","  -0.4","  7.8"," 0.00","1034.9","  7.5","015.6","   7.9","  1.2","  4.4"
"34504099999","48.6","34.9666666","143.0","1997-01-14","  19.8","010000","999.9","  34.3","  10.0"," 13.6"," 0.00","1020.0","  7.5","001.5","  20.5","  1.8"," 11.4"
"34504099999","48.6","34.9666666","143.0","1997-01-15","  26.0","000000","999.9","  35.6","  24.8"," 17.5"," 0.00","1020.1","  6.7","002.2","  34.0","  5.3"," 11.9"
"34504099999","48.6","34.9666666","143.0","1997-01-16","  29.8","110000","999.9","  33.6","  28.6"," 17.5"," 0.00","1015.6","  6.3","997.6","  31.1","  2.5"," 14.3"
"34504099999","48.6","34.9666666","143.0","1997-01-17","  25.7","000000","999.9","  33.6","  24.6"," 15.5"," 0.00","1021.8","  6.3","003.7","  30.8","  5.3"," 13.4"
"34504099999","48.6","34.9666666","143.0","1997-01-18","  23.4","100000","999.9","  32.9","  16.5"," 19.4"," 0.00","1022.8","  6.7","004.4","  24.4","  1.4"," 10.2"
"34504099999","48.6","34.9666666","143.0","1997-01-19","  21.5","100000","999.9","  29.7","  20.7"," 15.5"," 0.00","1018.5","  6.7","000.3","  24.1","  0.7","  8.7"
"34504099999","48.6","34.9666666","143.0","1997-01-20","  23.5","100000","999.9","  26.6","  20.7","  5.8"," 0.00","1019.3","  6.7","001.0","  23.5","  0.2","  2.4"
"34504099999","48.6","34.9666666","143.0","1997-01-21","  27.9","100000","999.9","  31.6","  24.4","  9.7"," 0.00","1022.9","  6.3","004.8","  29.0","  1.9","  7.3"
"34504099999","48.6","34.9666666","143.0","1997-01-22","  23.3","000000","999.9","  30.7","  27.9"," 15.5"," 0.00","1030.5","  6.7","012.2","  28.6","  4.7"," 11.4"
"34504099999","48.6","34.9666666","143.0","1997-01-23","  26.2","100000","999.9","  29.8","  25.7"," 15.5"," 0.00","1029.7","  6.7","011.3","  27.9","  2.1"," 11.9"
"34504099999","48.6","34.9666666","143.0","1997-01-24","  28.9","100000","999.9","  35.2","  23.9"," 19.4"," 0.00","1017.1","  6.7","999.2","  30.7","  0.7"," 16.9"
"34504099999","48.6","34.9666666","143.0","1997-01-25","  18.2","001000"," 31.1","  33.4","  18.9"," 29.1"," 0.04","1017.4","  5.9","999.2","  26.7","  3.0"," 21.8"
"34504099999","48.6","34.9666666","143.0","1997-01-26","  10.3","001000","999.9","  22.5","  15.1"," 19.4"," 0.00","1025.8","  5.9","007.1","  18.8","  5.3"," 17.0"
"34504099999","48.6","34.9666666","143.0","1997-01-27","  12.5","001000","999.9","  20.8","  12.4"," 15.5"," 0.02","1023.6","  5.9","005.0","  17.9","  3.9"," 12.1"
"34504099999","48.6","34.9666666","143.0","1997-01-28","  20.0","101000","999.9","  32.2","  19.8"," 19.4"," 0.00","1017.5","999.9","999.2","  24.5","  1.9"," 12.0"
"34504099999","48.6","34.9666666","143.0","1997-01-29","  11.2","001000","999.9","  27.5","  17.8"," 23.3"," 0.02","1009.6","  6.3","991.4","  20.5","  4.7"," 18.9"
"34504099999","48.6","34.9666666","143.0","1997-01-30","   4.5","000000","999.9","  17.1","   5.0"," 17.5"," 0.00","1019.0","  6.3","000.2","  13.1","  6.2"," 13.8"
"34504099999","48.6","34.9666666","143.0","1997-01-31","  15.1","001000","999.9","  31.5","   5.0"," 19.4"," 0.12","1012.1","999.9","993.8","  19.4","  2.1"," 12.0"
"34504099999","48.6","34.9666666","143.0","1997-02-01","  17.3","001000","999.9","  27.3","  12.9"," 15.5"," 0.04","1008.2","  7.1","990.0","  21.1","  3.1"," 12.1"
"34504099999","48.6","34.9666666","143.0","1997-02-02","  11.3","101000","999.9","  20.3","   6.1","  7.8"," 0.04","1015.1","  7.5","996.5","  12.2","  3.0","  5.3"
"34504099999","48.6","34.9666666","143.0","1997-02-03","   2.5","100000","999.9","   8.4","   1.6"," 11.7"," 0.00","1027.7","  8.3","008.5","   5.2","  3.2","  8.3"
"34504099999","48.6","34.9666666","143.0","1997-02-04","   0.0","000000","999.9","  14.7","  -3.1","  5.8"," 0.00","1033.2","  6.7","013.8","   4.0","  1.4","  3.2"
"34504099999","48.6","34.9666666","143.0","1997-02-05","   4.5","000000","999.9","  19.2","  -5.8"," 17.5"," 0.00","1028.1","  7.5","009.0","   7.6","  1.4","  8.5"
"34504099999","48.6","34.9666666","143.0","1997-02-06","  27.6","001000","999.9","  32.7","  15.1"," 15.5"," 0.04","1021.4","  7.5","003.3","  30.2","  1.6"," 10.5"
"34504099999","48.6","34.9666666","143.0","1997-02-07","  23.4","000000","999.9","  32.5","  20.7"," 11.7"," 0.00","1031.7","  7.5","013.3","  26.6","  3.0","  7.8"
"34504099999","48.6","34.9666666","143.0","1997-02-08","  23.3","010000","999.9","  32.2","  14.9"," 15.5"," 0.00","1027.0","  7.5","008.7","  26.2","  1.5"," 11.4"
"34504099999","48.6","34.9666666","143.0","1997-02-09","  25.8","000000","999.9","  37.2","   3.0"," 17.5"," 0.00","1020.5","999.9","002.3","  26.7","  3.0"," 12.6"
"34504099999","48.6","34.9666666","143.0","1997-02-10","  27.0","001000","999.9","  34.3","  23.5"," 13.6"," 0.00","1020.9","  6.7","002.8","  29.5","  2.3","  9.2"
"34504099999","48.6","34.9666666","143.0","1997-02-11","  31.6","001000","999.9","  36.5","  30.6"," 11.7"," 0.02","1016.1","  7.1","998.2","  33.9","  2.0","  9.0"
"34504099999","48.6","34.9666666","143.0","1997-02-12","  30.2","010000","999.9","  41.4","  32.2"," 11.7"," 0.04","1015.3","  6.3","997.5","  34.6","  2.8","  8.5"
"34504099999","48.6","34.9666666","143.0","1997-02-13","  31.2","110000","999.9","  36.5","  30.7","  9.7"," 0.02","1009.1","  4.7","991.3","  32.7","  1.1","  8.0"
"34504099999","48.6","34.9666666","143.0","1997-02-14","  34.9","110000","999.9","  37.4","  30.7"," 11.7"," 0.24","1001.8","  4.3","984.2","  34.9","  0.2","  9.4"
"34504099999","48.6","34.9666666","143.0","1997-02-15","  33.2","111000","999.9","  38.8","  32.4"," 21.4"," 0.47","1001.8","  3.5","984.2","  34.6","  1.1"," 10.4"
"34504099999","48.6","34.9666666","143.0","1997-02-16","  30.6","101000","999.9","  40.6","  27.7"," 13.6"," 0.02","1014.3","  3.1","996.5","  32.9","  1.3","  7.0"
"34504099999","48.6","34.9666666","143.0","1997-02-17","  15.7","001000","999.9","  25.7","  17.1"," 17.5"," 0.30","1017.7","  5.1","999.4","  22.5","  4.5"," 14.3"
"34504099999","48.6","34.9666666","143.0","1997-02-18","   7.8","001000","999.9","  21.2","   8.8"," 15.5"," 0.04","1025.4","  5.5","006.7","  15.3","  5.7"," 10.2"
"34504099999","48.6","34.9666666","143.0","1997-02-19","   3.6","000000","999.9","  20.3","   3.4","  7.8"," 0.00","1027.9","  5.5","009.9","  11.0","  6.2","  4.1"
"34504099999","48.6","34.9666666","143.0","1997-02-20","   0.7","000000","999.9","  18.0","   1.6"," 11.7"," 0.00","1032.3","  5.5","013.2","   9.9","  4.0","  7.5"
"34504099999","48.6","34.9666666","143.0","1997-02-21","   5.8","000000","999.9","  23.0","   3.6","  7.8"," 0.00","1024.7","  5.1","005.9","  14.1","  2.7","  4.6"
"34504099999","48.6","34.9666666","143.0","1997-02-22","  27.6","001000","999.9","  33.3","  17.4"," 15.5"," 0.12","1013.2","  5.1","995.2","  28.3","  0.7"," 10.0"
"34504099999","48.6","34.9666666","143.0","1997-02-23","  32.5","101000","999.9","  38.8","  31.8","  3.9"," 0.36","1019.1","  7.1","001.1","  33.8","  1.4","  1.5"
"34504099999","48.6","34.9666666","143.0","1997-02-24","  26.9","000000","999.9","  37.4","  27.1","  7.8"," 0.00","1030.4","  6.7","012.2","  31.7","  1.9","  3.9"
"34504099999","48.6","34.9666666","143.0","1997-02-25","  29.6","100000","999.9","  34.3","  25.7"," 17.5"," 0.00","1028.5","  6.7","010.3","  30.2","  1.5"," 12.4"
"34504099999","48.6","34.9666666","143.0","1997-02-26","  29.4","100000","999.9","  36.5","  25.5"," 15.5"," 0.00","1020.5","  4.7","002.5","  31.1","  1.4"," 13.1"
"34504099999","48.6","34.9666666","143.0","1997-02-27","  33.4","110000","999.9","  36.0","  32.0"," 13.6"," 0.39","1012.4","  4.3","994.7","  34.5","  2.2","  9.0"
"34504099999","48.6","34.9666666","143.0","1997-02-28","  29.0","000000","999.9","  36.7","  32.4"," 15.5"," 0.00","1022.1","  2.8","004.2","  34.4","  2.3"," 12.8"
"34504099999","48.6","34.9666666","143.0","1997-03-01","  21.4","000000","999.9","  39.6","  28.9"," 15.5"," 0.00","1027.6","  2.4","009.5","  33.3","  4.0"," 10.7"
"34504099999","48.6","34.9666666","143.0","1997-03-02","  30.4","010100","999.9","  39.4","  28.9"," 15.5"," 0.04","1025.0","  1.2","007.0","  34.9","  2.7"," 10.4"
"34504099999","48.6","34.9666666","143.0","1997-03-03","  33.3","000000","999.9","  49.3","  28.8"," 15.5"," 0.00","1021.9","  0.4","004.1","  38.2","  2.3"," 10.4"
"34504099999","48.6","34.9666666","143.0","1997-03-04","  29.2","000000","999.9","  46.6","  33.3"," 17.5"," 0.00","1018.5","999.9","000.7","  39.3","  4.5"," 13.1"
"34504099999","48.6","34.9666666","143.0","1997-03-05","  27.3","001000","999.9","  35.6","  31.1"," 21.4"," 0.08","1011.5","999.9","993.7","  32.5","  3.5"," 15.1"
"34504099999","48.6","34.9666666","143.0","1997-03-06","  26.5","011100","999.9","  36.1","  28.8"," 11.7"," 0.04","1017.2","  1.2","999.3","  32.0","  5.3","  9.0"
"34504099999","48.6","34.9666666","143.0","1997-03-07","  26.4","001000","999.9","  40.6","  30.6","  7.8"," 0.01","1022.1","999.9","004.2","  35.2","  4.8","  2.9"
"34504099999","48.6","34.9666666","143.0","1997-03-08","  24.3","000000","999.9","  41.9","  29.3","  7.8"," 0.00","1030.2","999.9","012.1","  34.5","  4.3","  5.1"
"34504099999","48.6","34.9666666","143.0","1997-03-09","  28.8","010000","999.9","  41.0","  28.9"," 15.5"," 0.04","1027.1","999.9","009.0","  34.3","  4.0"," 10.4"
"34504099999","48.6","34.9666666","143.0","1997-03-10","  29.9","011000","999.9","  39.6","  32.5"," 13.6"," 0.00","1032.6","999.9","014.5","  35.5","  4.8","  7.3"
"34504099999","48.6","34.9666666","143.0","1997-03-11","  28.8","000000","999.9","  52.3","  27.0"," 13.6"," 0.00","1034.8","999.9","016.9","  39.8","  6.2","  6.8"
"34504099999","48.6","34.9666666","143.0","1997-03-12","  33.0","000000","999.9","  55.9","  31.5"," 13.6"," 0.00","1027.4","999.9","009.6","  42.8","  5.5","  8.9"
"34504099999","48.6","34.9666666","143.0","1997-03-13","  31.4","000000","999.9","  55.6","  35.1","  7.8"," 0.00","1023.5","999.9","005.8","  42.8","  3.4","  3.4"
"34504099999","48.6","34.9666666","143.0","1997-03-14","  33.4","000000","999.9","  59.2","  30.7"," 15.5"," 0.00","1013.6","999.9","996.1","  43.9","  4.3","  9.7"
"34504099999","48.6","34.9666666","143.0","1997-03-15","  36.4","000000","999.9","  51.4","  33.3","  7.8"," 0.00","1011.8","999.9","994.2","  42.1","  3.4","  5.3"
"34504099999","48.6","34.9666666","143.0","1997-03-16","  37.9","011010","999.9","  54.5","  31.5"," 17.5"," 0.37","1004.1","999.9","986.7","  42.5","  3.7"," 11.9"
"34504099999","48.6","34.9666666","143.0","1997-03-17","  22.2","001000","999.9","  33.8","  20.8"," 19.4"," 0.20","1005.1","  0.4","987.2","  27.8","  4.3"," 15.3"
"34504099999","48.6","34.9666666","143.0","1997-03-18","  15.5","001000","999.9","  29.3","  13.3"," 11.7"," 0.12","1012.6","  2.4","994.3","  21.2","  5.1","  6.8"
"34504099999","48.6","34.9666666","143.0","1997-03-19","  20.1","000000","999.9","  36.3","  16.0","  9.7"," 0.00","1015.7","  2.0","997.6","  26.8","  5.7","  7.3"
"34504099999","48.6","34.9666666","143.0","1997-03-20","  30.0","011000","999.9","  34.3","  28.6"," 19.4"," 0.72","1005.6","  0.4","987.8","  31.8","  2.1"," 13.8"
"34504099999","48.6","34.9666666","143.0","1997-03-21","  18.8","000000","999.9","  33.3","  24.6"," 15.5"," 0.02","1011.1","  0.8","993.1","  28.9","  4.3"," 12.4"
"34504099999","48.6","34.9666666","143.0","1997-03-22","  12.1","000000","999.9","  28.6","  13.3"," 17.5"," 0.00","1017.1","999.9","998.9","  24.0","  6.2"," 13.1"
"34504099999","48.6","34.9666666","143.0","1997-03-23","  23.7","001000","999.9","  28.0","  23.2"," 19.4"," 0.35","1012.3","999.9","994.2","  26.2","  2.4"," 17.0"
"34504099999","48.6","34.9666666","143.0","1997-03-24","  24.3","001000","999.9","  30.9","  24.6"," 17.5"," 0.16","1012.1","  3.5","994.1","  27.5","  3.0"," 12.4"
"34504099999","48.6","34.9666666","143.0","1997-03-25","  19.7","011000","999.9","  31.1","  23.4","  9.7"," 0.08","1014.8","  3.5","996.7","  26.6","  4.3","  5.8"
"34504099999","48.6","34.9666666","143.0","1997-03-26","  16.0","001000","999.9","  30.7","  21.4","  9.7"," 0.00","1020.2","  2.0","001.9","  25.5","  5.7","  4.4"
"34504099999","48.6","34.9666666","143.0","1997-03-27","  16.9","000000","999.9","  32.0","  17.6"," 13.6"," 0.00","1017.7","  2.0","999.5","  25.3","  5.7","  6.9"
"34504099999","48.6","34.9666666","143.0","1997-03-28","  29.0","001000","999.9","  34.3","  26.1"," 15.5"," 0.10","1006.1","  3.1","988.3","  30.7","  1.8"," 11.4"
"34504099999","48.6","34.9666666","143.0","1997-03-29","  33.6","011000","999.9","  40.8","  30.2"," 17.5"," 0.26","1003.2","  1.2","985.6","  34.9","  1.6"," 11.9"
"34504099999","48.6","34.9666666","143.0","1997-03-30","  33.6","000000","999.9","  50.0","  30.2"," 11.7"," 0.00","1012.0","999.9","994.4","  38.8","  2.6","  6.5"
"34504099999","48.6","34.9666666","143.0","1997-03-31","  33.7","010000","999.9","  51.3","  35.8"," 11.7"," 0.00","1019.1","999.9","001.4","  41.5","  4.4","  8.9"
"34504099999","48.6","34.9666666","143.0","1997-04-01","  34.4","000000","999.9","  60.8","  34.9","  9.7"," 0.00","1020.2","999.9","002.8","  48.6","  5.7","  7.0"
"34504099999","48.6","34.9666666","143.0","1997-04-02","  40.9","000000","999.9","  68.0","  40.5","  9.7"," 0.00","1015.0","999.9","997.8","  55.1","  3.5","  4.1"
"34504099999","48.6","34.9666666","143.0","1997-04-03","  39.1","000000","999.9","  72.0","  46.6"," 11.7"," 0.00","1008.6","999.9","991.7","  59.6","  4.2","  8.7"
"34504099999","48.6","34.9666666","143.0","1997-04-04","  39.5","010000","999.9","  54.0","  42.6"," 23.3"," 0.04"," 998.3","999.9","981.2","  48.4","  5.3"," 12.1"
"34504099999","48.6","34.9666666","143.0","1997-04-05","  34.0","010000","999.9","  43.3","  35.6"," 21.4"," 0.41","1003.3","999.9","985.5","  40.2","  4.8"," 12.6"
"34504099999","48.6","34.9666666","143.0","1997-04-06","  26.0","000000","999.9","  48.2","  32.2"," 13.6"," 0.00","1006.7","999.9","989.1","  39.1","  5.3","  7.5"
"34504099999","48.6","34.9666666","143.0","1997-04-07","  28.4","001000","999.9","  40.1","  32.0"," 19.4"," 0.51","1006.5","999.9","988.9","  35.0","  2.3"," 15.1"
"34504099999","48.6","34.9666666","143.0","1997-04-08","  32.3","001000","999.9","  33.8","  32.2"," 19.4"," 5.12","1008.3"," 34.3","990.6","  33.0","  1.6"," 14.6"
"34504099999","48.6","34.9666666","143.0","1997-04-09","  27.1","001000","999.9","  34.5","  29.5"," 19.4"," 0.00","1016.5","999.9","998.5","  31.5","  3.0"," 16.8"
"34504099999","48.6","34.9666666","143.0","1997-04-10","  17.5","000000","999.9","  37.9","  24.8"," 13.6"," 0.00","1022.7","  6.3","004.6","  31.8","  5.7"," 10.3"
"34504099999","48.6","34.9666666","143.0","1997-04-11","  34.4","011000","999.9","  41.0","  28.2"," 19.4"," 0.28","1003.0","  5.5","985.4","  36.1","  2.5"," 15.5"
"34504099999","48.6","34.9666666","143.0","1997-04-12","  30.9","010000"," 35.0","  41.7","  36.7"," 25.3"," 0.12"," 998.5","999.9","981.6","  39.8","  5.3"," 18.9"
"34504099999","48.6","34.9666666","143.0","1997-04-13","  28.2","000000","999.9","  47.3","  30.6","  9.7"," 0.00","1017.3","999.9","999.6","  39.5","  5.4","  6.9"
"34504099999","48.6","34.9666666","143.0","1997-04-14","  33.8","010000","999.9","  44.1","  37.2"," 17.5"," 0.00","1015.2"," 65.0","997.6","  40.6","  5.1"," 14.3"
"34504099999","48.6","34.9666666","143.0","1997-04-15","  39.3","010000","999.9","  47.8","  38.3"," 11.7"," 0.08","1006.2","999.9","988.8","  42.0","  3.8"," 10.0"
"34504099999","48.6","34.9666666","143.0","1997-04-16","  36.6","010000","999.9","  48.6","  36.1"," 11.7"," 0.16","1009.1","999.9","991.6","  41.0","  5.3","  6.6"
"34504099999","48.6","34.9666666","143.0","1997-04-17","  36.0","010000","999.9","  58.5","  34.9"," 13.6"," 0.00","1010.6","999.9","993.2","  44.4","  2.6","  8.5"
"34504099999","48.6","34.9666666","143.0","1997-04-18","  31.5","000000","999.9","  50.4","  33.8"," 17.5"," 0.00","1007.2","999.9","989.8","  41.9","  6.2"," 11.7"
"34504099999","48.6","34.9666666","143.0","1997-04-19","  37.1","010000","999.9","  51.8","  31.5"," 15.5"," 0.02","1007.9","999.9","990.4","  42.3","  3.3"," 10.2"
"34504099999","48.6","34.9666666","143.0","1997-04-20","  39.5","000000","999.9","  55.0","  39.7"," 13.6"," 0.00","1010.8","999.9","993.5","  46.9","  4.4","  7.8"
"34504099999","48.6","34.9666666","143.0","1997-04-21","  39.7","000000","999.9","  59.0","  38.8","  9.7"," 0.00","1010.9","999.9","993.5","  47.2","  4.5","  6.6"
"34504099999","48.6","34.9666666","143.0","1997-04-22","  35.7","010000","999.9","  42.4","  33.6"," 17.5"," 0.37","1011.0","999.9","993.4","  38.6","  2.4"," 15.3"
"34504099999","48.6","34.9666666","143.0","1997-04-23","  49.1","110000","999.9","  58.1","  40.5"," 11.7"," 0.22","1004.8","999.9","987.7","  50.9","  1.8","  6.8"
"34504099999","48.6","34.9666666","143.0","1997-04-24","  33.5","010000","999.9","  52.0","  38.7"," 15.5"," 0.02","1018.6","999.9","001.1","  45.5","  5.7"," 12.2"
"34504099999","48.6","34.9666666","143.0","1997-04-25","  32.6","000000","999.9","  61.0","  33.8","  5.8"," 0.00","1022.1","999.9","004.6","  49.1","  6.2","  1.9"
"34504099999","48.6","34.9666666","143.0","1997-04-26","  33.1","000000","999.9","  65.7","  39.4"," 13.6"," 0.00","1015.4","999.9","998.2","  53.4","  5.3","  6.3"
"34504099999","48.6","34.9666666","143.0","1997-04-27","  30.7","000000","999.9","  59.0","  45.1"," 13.6"," 0.00","1019.8","999.9","002.5","  50.6","  6.2"," 11.2"
"34504099999","48.6","34.9666666","143.0","1997-04-28","  29.2","000000","999.9","  62.1","  40.8"," 13.6"," 0.00","1022.9","999.9","005.5","  51.7","  6.2","  7.1"
"34504099999","48.6","34.9666666","143.0","1997-04-29","  34.6","000000","999.9","  65.3","  40.1","  9.7"," 0.00","1019.7","999.9","002.5","  54.0","  6.2","  2.9"
"34504099999","48.6","34.9666666","143.0","1997-04-30","  33.9","000000","999.9","  64.8","  44.4","  7.8"," 0.00","1017.7","999.9","000.5","  54.6","  6.2","  4.4"
"34504099999","48.6","34.9666666","143.0","1997-05-01","  33.1","000000","999.9","  70.7","  48.6","  9.7"," 0.00","1018.2","999.9","001.2","  60.4","  6.2","  7.5"
"34504099999","48.6","34.9666666","143.0","1997-05-02","  35.0","010000","999.9","  69.3","  52.2"," 15.5"," 0.00","1014.6","999.9","997.7","  61.6","  6.2","  8.6"
"34504099999","48.6","34.9666666","143.0","1997-05-03","  41.8","000000","999.9","  66.2","  36.0"," 13.6"," 0.00","1004.5","999.9","987.6","  57.2","  5.1","  6.6"
"34504099999","48.6","34.9666666","143.0","1997-05-04","  30.4","000000","999.9","  56.3","  34.7"," 15.5"," 0.00","1005.6","999.9","988.4","  49.6","  5.0"," 10.9"
"34504099999","48.6","34.9666666","143.0","1997-05-05","  32.7","000000","999.9","  70.9","  34.5"," 13.6"," 0.00","1010.1","999.9","993.0","  55.3","  6.2","  9.2"
"34504099999","48.6","34.9666666","143.0","1997-05-06","  50.6","000000","999.9","  83.5","  50.7"," 25.3"," 0.00","1004.6","999.9","988.1","  67.4","  6.2"," 17.5"
"34504099999","48.6","34.9666666","143.0","1997-05-07","  51.3","000000","999.9","  82.4","  51.8"," 15.5"," 0.00","1006.2","999.9","989.6","  66.8","  6.2"," 12.1"
"34504099999","48.6","34.9666666","143.0","1997-05-08","  50.2","000000","999.9","  85.1","  54.5","  9.7"," 0.00","1011.9","999.9","995.2","  68.6","  6.2","  8.3"
"34504099999","48.6","34.9666666","143.0","1997-05-09","  52.0","000000","999.9","  87.8","  57.6"," 19.4"," 0.00","1012.7","999.9","996.1","  70.8","  6.2"," 11.2"
"34504099999","48.6","34.9666666","143.0","1997-05-10","  45.7","000000","999.9","  79.9","  54.0","  7.8"," 0.00","1018.1","999.9","001.2","  66.9","  6.2","  4.9"
"34504099999","48.6","34.9666666","143.0","1997-05-11","  44.9","000000","999.9","  77.5","  55.8"," 11.7"," 0.00","1020.8","999.9","004.1","  68.0","  6.2"," 10.1"
"34504099999","48.6","34.9666666","143.0","1997-05-12","  39.8","000000","999.9","  77.7","  56.5"," 13.6"," 0.00","1025.8","999.9","009.0","  68.2","  6.2"," 11.7"
"34504099999","48.6","34.9666666","143.0","1997-05-13","  43.1","000000","999.9","  78.3","  57.2"," 11.7"," 0.00","1027.7","999.9","010.8","  68.2","  6.2","  6.6"
"34504099999","48.6","34.9666666","143.0","1997-05-14","  41.9","000000","999.9","  82.2","  55.0","  5.8"," 0.00","1024.8","999.9","008.0","  70.2","  6.2","  2.4"
"34504099999","48.6","34.9666666","143.0","1997-05-15","  47.8","000000","999.9","  87.1","  57.2","  7.8"," 0.00","1022.0","999.9","005.3","  73.0","  6.2","  5.6"
"34504099999","48.6","34.9666666","143.0","1997-05-16","  51.8","000000","999.9","  86.0","  59.7","  9.7"," 0.00","1017.6","999.9","001.1","  73.8","  6.2","  4.9"
"34504099999","48.6","34.9666666","143.0","1997-05-17","  46.2","010000","999.9","  74.3","  60.8"," 11.7"," 0.00","1015.4","999.9","998.7","  67.2","  6.2","  9.2"
"34504099999","48.6","34.9666666","143.0","1997-05-18","  36.8","000000","999.9","  69.8","  52.2","  9.7"," 0.00","1017.2","999.9","000.3","  62.0","  6.2","  6.3"
"34504099999","48.6","34.9666666","143.0","1997-05-19","  41.1","000000","999.9","  74.1","  48.7","  7.8"," 0.00","1014.8","999.9","998.0","  63.6","  6.2","  3.6"
"34504099999","48.6","34.9666666","143.0","1997-05-20","  50.8","000000","999.9","  82.4","  53.1"," 17.5"," 0.00","1008.5","999.9","991.9","  69.1","  6.2"," 11.7"
"34504099999","48.6","34.9666666","143.0","1997-05-21","  58.1","000000","999.9","  77.0","  58.1"," 11.7"," 0.00","1007.0","999.9","990.4","  67.2","  5.6","  4.9"
"34504099999","48.6","34.9666666","143.0","1997-05-22","  57.3","000000","999.9","  78.8","  59.9"," 15.5"," 0.00","1007.5","999.9","991.0","  69.3","  6.2"," 10.2"
"34504099999","48.6","34.9666666","143.0","1997-05-23","  57.1","010000","999.9","  89.6","  57.2"," 13.6"," 0.00","1009.4","999.9","992.9","  71.3","  6.2","  8.9"
"34504099999","48.6","34.9666666","143.0","1997-05-24","  53.2","010000","999.9","  66.6","  53.6"," 15.5"," 0.08","1015.2","999.9","998.2","  59.4","  5.4","  7.5"
"34504099999","48.6","34.9666666","143.0","1997-05-25","  45.2","000000","999.9","  67.1","  47.3"," 15.5"," 0.00","1019.6","999.9","002.5","  57.5","  6.2"," 11.2"
"34504099999","48.6","34.9666666","143.0","1997-05-26","  44.5","010000","999.9","  54.3","  45.7"," 17.5"," 0.35","1018.3","999.9","000.9","  48.4","  3.4"," 15.1"
"34504099999","48.6","34.9666666","143.0","1997-05-27","  42.3","010000","999.9","  53.1","  44.6"," 15.5"," 0.01","1015.1","999.9","997.8","  48.8","  6.2"," 12.9"
"34504099999","48.6","34.9666666","143.0","1997-05-28","  41.8","000000","999.9","  57.0","  46.0"," 13.6"," 0.00","1014.9","999.9","997.6","  52.1","  6.2","  8.7"
"34504099999","48.6","34.9666666","143.0","1997-05-29","  42.6","000000","999.9","  62.4","  41.7"," 11.7"," 0.00","1019.8","999.9","002.5","  53.3","  6.2","  5.6"
"34504099999","48.6","34.9666666","143.0","1997-05-30","  49.3","010000","999.9","  63.3","  47.5"," 17.5"," 0.29","1011.1","999.9","994.1","  53.2","  5.0"," 13.6"
"34504099999","48.6","34.9666666","143.0","1997-05-31","  50.9","010000","999.9","  61.2","  48.7"," 11.7"," 0.59","1007.9","999.9","990.9","  54.4","  5.7","  7.3"
"34504099999","48.6","34.9666666","143.0","1997-06-01","  50.5","000000","999.9","  68.4","  50.4"," 17.5"," 0.00","1012.6","999.9","995.6","  58.1","  6.2"," 11.9"
"34504099999","48.6","34.9666666","143.0","1997-06-02","  49.2","010000","999.9","  65.3","  45.7"," 13.6"," 0.00","1016.9","999.9","999.8","  56.8","  5.7","  8.9"
"34504099999","48.6","34.9666666","143.0","1997-06-03","  52.6","010000","999.9","  71.6","  50.9"," 13.6"," 0.00","1015.0","999.9","998.0","  60.1","  6.2","  8.7"
"34504099999","48.6","34.9666666","143.0","1997-06-04","  53.4","010000","999.9","  70.0","  53.2","  5.8"," 0.00","1015.9","999.9","999.0","  62.4","  5.6","  1.0"
"34504099999","48.6","34.9666666","143.0","1997-06-05","  53.1","010010","999.9","  73.4","  58.1"," 13.6"," 0.24","1017.5","999.9","000.8","  63.6","  6.2"," 10.3"
"34504099999","48.6","34.9666666","143.0","1997-06-06","  55.5","000000","999.9","  72.0","  56.1","  7.8"," 0.00","1016.7","999.9","999.8","  63.8","  4.7","  2.7"
"34504099999","48.6","34.9666666","143.0","1997-06-07","  51.9","000000","999.9","  78.8","  53.6","  7.8"," 0.00","1016.5","999.9","999.7","  66.0","  5.7","  4.4"
"34504099999","48.6","34.9666666","143.0","1997-06-08","  52.4","000000","999.9","  79.3","  59.5","  9.7"," 0.00","1016.1","999.9","999.4","  69.7","  6.2","  6.3"
"34504099999","48.6","34.9666666","143.0","1997-06-09","  58.2","000000","999.9","  81.5","  62.8"," 15.5"," 0.00","1015.8","999.9","999.2","  72.2","  6.2"," 10.2"
"34504099999","48.6","34.9666666","143.0","1997-06-10","  62.8","010010","999.9","  81.7","  63.7"," 11.7"," 0.08","1014.8","999.9","998.2","  71.6","  6.2","  8.7"
"34504099999","48.6","34.9666666","143.0","1997-06-11","  56.2","000000","999.9","  83.7","  65.1"," 17.5"," 0.00","1011.3","999.9","995.0","  76.7","  6.2"," 11.4"
"34504099999","48.6","34.9666666","143.0","1997-06-12","  60.8","010000","999.9","  83.8","  68.0"," 17.5"," 0.04","1007.2","999.9","990.9","  74.1","  6.2","  9.7"
"34504099999","48.6","34.9666666","143.0","1997-06-13","  63.5","000010","999.9","  87.8","  62.6"," 11.7"," 0.04","1006.8","999.9","990.6","  74.4","  6.2","  5.3"
"34504099999","48.6","34.9666666","143.0","1997-06-14","  63.1","000010","999.9","  84.2","  62.6","  9.7"," 0.00","1008.1","999.9","991.7","  73.1","  6.2","  3.2"
"34504099999","48.6","34.9666666","143.0","1997-06-15","  63.3","000010","999.9","  83.1","  61.9"," 13.6"," 0.01","1007.8","999.9","991.3","  71.4","  5.7","  5.3"
"34504099999","48.6","34.9666666","143.0","1997-06-16","  62.7","000010","999.9","  82.0","  64.0"," 15.5"," 0.00","1007.9","999.9","991.4","  70.4","  5.6","  8.5"
"34504099999","48.6","34.9666666","143.0","1997-06-17","  51.7","000000","999.9","  76.5","  62.6"," 15.5"," 0.00","1013.3","999.9","996.6","  69.0","  6.2"," 12.2"
"34504099999","48.6","34.9666666","143.0","1997-06-18","  59.0","010010","999.9","  69.1","  60.6","  9.7"," 0.28","1011.1","999.9","994.3","  63.5","  5.3","  4.1"
"34504099999","48.6","34.9666666","143.0","1997-06-19","  56.1","010000","999.9","  67.8","  55.8","  9.7"," 0.94","1008.4","999.9","991.6","  61.4","  3.9","  5.8"
"34504099999","48.6","34.9666666","143.0","1997-06-20","  50.4","000000","999.9","  72.5","  51.8"," 13.6"," 0.00","1009.5","999.9","992.7","  63.3","  6.2","  8.0"
"34504099999","48.6","34.9666666","143.0","1997-06-21","  59.2","010010","999.9","  66.9","  59.9"," 11.7"," 0.16","1006.1","999.9","989.4","  62.4","  5.3","  7.5"
"34504099999","48.6","34.9666666","143.0","1997-06-22","  60.1","000000","999.9","  71.6","  59.7","  9.7"," 0.02","1009.2","999.9","992.6","  65.7","  4.3","  4.1"
"34504099999","48.6","34.9666666","143.0","1997-06-23","  60.9","000000","999.9","  78.4","  57.9","  5.8"," 0.00","1011.9","999.9","995.3","  69.3","  5.7","  3.6"
"34504099999","48.6","34.9666666","143.0","1997-06-24","  62.0","000000","999.9","  81.9","  61.9","  7.8"," 0.00","1008.8","999.9","992.3","  73.4","  5.7","  3.4"
"34504099999","48.6","34.9666666","143.0","1997-06-25","  63.9","010010","999.9","  82.4","  62.6"," 15.5"," 1.34","1007.0","999.9","990.6","  70.2","  5.5","  6.8"
"34504099999","48.6","34.9666666","143.0","1997-06-26","  64.6","000000","999.9","  84.7","  63.3"," 11.7"," 0.00","1006.4","999.9","990.0","  74.3","  6.2","  7.3"
"34504099999","48.6","34.9666666","143.0","1997-06-27","  68.2","010010","999.9","  86.2","  66.4"," 17.5"," 0.00","1008.4","999.9","992.0","  74.6","  5.7","  6.1"
"34504099999","48.6","34.9666666","143.0","1997-06-28","  65.4","000000","999.9","  82.2","  62.6"," 11.7"," 0.67","1012.6","999.9","996.1","  71.7","  5.3","  7.8"
"34504099999","48.6","34.9666666","143.0","1997-06-29","  65.2","000000","999.9","  85.5","  63.7"," 13.6"," 0.00","1011.6","999.9","995.2","  74.6","  6.2","  8.0"
"34504099999","48.6","34.9666666","143.0","1997-06-30","  65.1","000000","999.9","  85.6","  68.4"," 13.6"," 0.00","1009.0","999.9","992.7","  77.9","  6.2"," 10.0"
"34504099999","48.6","34.9666666","143.0","1997-07-01","  67.0","000010","999.9","  84.4","  69.8"," 13.6"," 0.00","1007.8","999.9","991.6","  77.5","  6.2","  9.0"
"34504099999","48.6","34.9666666","143.0","1997-07-02","  65.1","010010","999.9","  85.8","  66.2"," 13.6"," 1.85","1010.9","999.9","994.5","  73.9","  5.1"," 10.2"
"34504099999","48.6","34.9666666","143.0","1997-07-03","  64.2","010010","999.9","  75.0","  64.2"," 13.6"," 0.24","1014.3","999.9","997.6","  68.4","  5.3","  6.6"
"34504099999","48.6","34.9666666","143.0","1997-07-04","  64.4","100010","999.9","  79.3","  62.8","  5.8"," 0.02","1015.2","999.9","998.5","  70.5","  5.0","  3.9"
"34504099999","48.6","34.9666666","143.0","1997-07-05","  64.0","000000","999.9","  83.7","  62.2","  7.8"," 0.00","1013.2","999.9","996.7","  74.9","  5.1","  3.2"
"34504099999","48.6","34.9666666","143.0","1997-07-06","  65.2","000000","999.9","  83.1","  64.4","  7.8"," 0.00","1009.0","999.9","992.6","  73.2","  6.2","  4.4"
"34504099999","48.6","34.9666666","143.0","1997-07-07","  67.5","000010","999.9","  86.2","  66.0"," 13.6"," 0.08","1008.1","999.9","991.7","  73.7","  6.2","  6.4"
"34504099999","48.6","34.9666666","143.0","1997-07-08","  70.9","010010","999.9","  83.5","  68.9"," 11.7"," 0.00","1007.6","999.9","991.3","  75.7","  5.7","  6.3"
"34504099999","48.6","34.9666666","143.0","1997-07-09","  65.3","010000","999.9","  73.4","  64.8","  9.7"," 0.51","1004.0","999.9","987.5","  68.0","  5.0","  5.5"
"34504099999","48.6","34.9666666","143.0","1997-07-10","  61.2","010010","999.9","  77.0","  59.5"," 13.6"," 0.02","1001.8","999.9","985.3","  67.6","  5.8","  8.6"
"34504099999","48.6","34.9666666","143.0","1997-07-11","  57.8","000000","999.9","  74.3","  59.0"," 13.6"," 0.00","1005.1","999.9","988.5","  66.1","  5.3","  9.2"
"34504099999","48.6","34.9666666","143.0","1997-07-12","  53.7","000000","999.9","  75.2","  53.8"," 15.5"," 0.00","1008.3","999.9","991.7","  64.6","  5.2"," 10.5"
"34504099999","48.6","34.9666666","143.0","1997-07-13","  55.2","000000","999.9","  70.7","  53.2"," 13.6"," 0.00","1010.4","999.9","993.6","  63.1","  4.8","  7.5"
"34504099999","48.6","34.9666666","143.0","1997-07-14","  57.0","010000","999.9","  70.0","  57.2","  9.7"," 0.04","1012.7","999.9","995.9","  63.4","  4.8","  7.3"
"34504099999","48.6","34.9666666","143.0","1997-07-15","  52.6","000000","999.9","  72.7","  58.8"," 11.7"," 0.00","1012.2","999.9","995.5","  65.2","  6.2","  9.2"
"34504099999","48.6","34.9666666","143.0","1997-07-16","  53.5","010010","999.9","  73.8","  56.3"," 13.6","99.99","1008.6","999.9","992.0","  66.3","  6.2","  8.3"
"34504099999","48.6","34.9666666","143.0","1997-07-17","  57.4","010010","999.9","  70.2","  54.0","  9.7"," 0.28","1009.0","999.9","992.2","  61.1","  5.1","  5.6"
"34504099999","48.6","34.9666666","143.0","1997-07-18","  56.7","100000","999.9","  69.3","  53.1"," 13.6"," 0.00","1013.6","999.9","996.8","  63.1","  3.1","  6.7"
"34504099999","48.6","34.9666666","143.0","1997-07-19","  58.9","000000","999.9","  81.0","  56.1","  5.8"," 0.00","1015.3","999.9","998.6","  68.5","  5.3","  2.2"
"34504099999","48.6","34.9666666","143.0","1997-07-20","  60.6","000000","999.9","  76.8","  59.0"," 11.7"," 0.00","1012.5","999.9","995.9","  69.0","  6.2","  8.0"
"34504099999","48.6","34.9666666","143.0","1997-07-21","  61.2","010010","999.9","  79.5","  59.0","  9.7"," 0.20","1009.2","999.9","992.7","  67.5","  5.1","  4.7"
"34504099999","48.6","34.9666666","143.0","1997-07-22","  62.2","000010","999.9","  76.1","  57.9","  7.8"," 0.00","1010.1","999.9","993.5","  67.6","  4.0","  1.9"
"34504099999","48.6","34.9666666","143.0","1997-07-23","  62.2","010010","999.9","  74.3","  61.9","  7.8"," 0.31","1011.0","999.9","994.3","  66.0","  2.4","  3.6"
"34504099999","48.6","34.9666666","143.0","1997-07-24","  62.4","000010","999.9","  71.4","  60.8"," 11.7"," 0.67","1012.2","999.9","995.5","  65.9","  3.7","  6.9"
"34504099999","48.6","34.9666666","143.0","1997-07-25","  61.1","000000","999.9","  76.3","  59.9"," 13.6"," 0.00","1010.9","999.9","994.2","  66.8","  3.6","  7.3"
"34504099999","48.6","34.9666666","143.0","1997-07-26","  59.1","000000","999.9","  79.5","  55.6","  7.8"," 0.00","1009.8","999.9","993.2","  66.2","  4.1","  5.0"
"34504099999","48.6","34.9666666","143.0","1997-07-27","  59.6","000000","999.9","  82.4","  61.2"," 11.7"," 0.00","1010.4","999.9","993.9","  71.9","  5.1","  8.3"
"34504099999","48.6","34.9666666","143.0","1997-07-28","  60.8","010000","999.9","  83.8","  65.8"," 13.6"," 0.00","1012.5","999.9","996.0","  75.2","  6.2","  9.5"
"34504099999","48.6","34.9666666","143.0","1997-07-29","  64.5","010000","999.9","  73.0","  67.1"," 13.6"," 0.02","1014.5","999.9","997.9","  69.9","  5.7","  8.5"
"34504099999","48.6","34.9666666","143.0","1997-07-30","  66.2","000000","999.9","  79.9","  66.4","  9.7"," 0.04","1013.4","999.9","996.9","  71.7","  4.8","  5.6"
"34504099999","48.6","34.9666666","143.0","1997-07-31","  67.0","000000","999.9","  82.8","  66.2","  7.8"," 0.00","1009.5","999.9","993.0","  73.2","  4.8","  2.9"
"34504099999","48.6","34.9666666","143.0","1997-08-01","  63.9","000000","999.9","  78.3","  65.1","  7.8"," 0.00","1008.4","999.9","991.9","  70.5","  4.2","  5.6"
"34504099999","48.6","34.9666666","143.0","1997-08-02","  62.4","000000","999.9","  81.7","  63.3"," 11.7"," 0.00","1008.4","999.9","992.0","  72.5","  5.7","  6.3"
"34504099999","48.6","34.9666666","143.0","1997-08-03","  63.7","000000","999.9","  84.0","  63.9","  7.8"," 0.00","1008.0","999.9","991.7","  75.5","  5.3","  5.0"
"34504099999","48.6","34.9666666","143.0","1997-08-04","  64.8","010010","999.9","  79.0","  65.5","  7.8"," 0.12","1006.7","999.9","990.2","  69.4","  4.4","  4.7"
"34504099999","48.6","34.9666666","143.0","1997-08-05","  63.5","000000","999.9","  81.0","  64.2"," 13.6"," 0.00","1009.2","999.9","992.7","  72.2","  5.0"," 11.4"
"34504099999","48.6","34.9666666","143.0","1997-08-06","  53.6","000000","999.9","  79.7","  61.2"," 13.6"," 0.00","1013.9","999.9","997.4","  71.1","  6.2","  9.7"
"34504099999","48.6","34.9666666","143.0","1997-08-07","  58.5","010000","999.9","  79.9","  60.4"," 15.5"," 0.00","1015.1","999.9","998.4","  70.6","  5.7","  9.7"
"34504099999","48.6","34.9666666","143.0","1997-08-08","  58.3","010000","999.9","  64.4","  60.4"," 17.5"," 0.67","1018.0","999.9","001.1","  62.9","  2.6"," 11.2"
"34504099999","48.6","34.9666666","143.0","1997-08-09","  56.1","010000","999.9","  72.1","  61.2"," 17.5"," 0.00","1018.5","999.9","001.7","  65.5","  5.3"," 11.7"
"34504099999","48.6","34.9666666","143.0","1997-08-10","  54.9","010000","999.9","  73.2","  59.5"," 17.5"," 0.04","1017.4","999.9","000.6","  64.2","  6.2"," 14.3"
"34504099999","48.6","34.9666666","143.0","1997-08-11","  57.1","000000","999.9","  75.0","  60.3"," 17.5"," 0.00","1013.2","999.9","996.5","  66.8","  4.7"," 15.5"
"34504099999","48.6","34.9666666","143.0","1997-08-12","  59.4","010000","999.9","  67.5","  59.2"," 17.5"," 0.39","1009.7","999.9","992.9","  62.2","  3.0"," 15.3"
"34504099999","48.6","34.9666666","143.0","1997-08-13","  60.1","010000","999.9","  70.5","  60.8"," 15.5"," 0.14","1009.0","999.9","992.3","  64.6","  4.5"," 14.8"
"34504099999","48.6","34.9666666","143.0","1997-08-14","  55.7","000000","999.9","  77.7","  55.0"," 15.5"," 0.00","1009.2","999.9","992.5","  64.7","  6.2","  8.9"
"34504099999","48.6","34.9666666","143.0","1997-08-15","  56.8","010010","999.9","  78.1","  53.6"," 17.5"," 0.02","1009.4","999.9","992.8","  66.1","  5.7","  9.5"
"34504099999","48.6","34.9666666","143.0","1997-08-16","  48.9","000000","999.9","  72.3","  54.3","  9.7"," 0.00","1014.2","999.9","997.3","  63.7","  6.2","  6.8"
"34504099999","48.6","34.9666666","143.0","1997-08-17","  49.3","000000","999.9","  68.9","  51.4"," 11.7"," 0.00","1018.3","999.9","001.3","  60.8","  6.2","  9.7"
"34504099999","48.6","34.9666666","143.0","1997-08-18","  47.3","000000","999.9","  71.6","  46.9"," 11.7"," 0.00","1018.9","999.9","001.9","  60.5","  6.2","  6.8"
"34504099999","48.6","34.9666666","143.0","1997-08-19","  49.2","000000","999.9","  66.9","  54.7","  9.7"," 0.00","1021.9","999.9","004.8","  61.2","  6.2","  4.4"
"34504099999","48.6","34.9666666","143.0","1997-08-20","  48.4","000000","999.9","  72.7","  52.7"," 13.6"," 0.00","1024.2","999.9","007.2","  62.8","  6.2","  8.3"
"34504099999","48.6","34.9666666","143.0","1997-08-21","  52.8","000000","999.9","  76.5","  55.9"," 13.6"," 0.00","1024.2","999.9","007.2","  64.7","  6.2","  8.3"
"34504099999","48.6","34.9666666","143.0","1997-08-22","  51.6","000000","999.9","  77.5","  57.6"," 11.7"," 0.00","1022.3","999.9","005.4","  67.4","  6.2","  9.5"
"34504099999","48.6","34.9666666","143.0","1997-08-23","  50.5","000000","999.9","  83.5","  58.5"," 15.5"," 0.00","1019.8","999.9","003.1","  70.4","  6.2"," 10.7"
"34504099999","48.6","34.9666666","143.0","1997-08-24","  54.4","010000","999.9","  82.2","  65.1"," 17.5"," 0.01","1017.2","999.9","000.6","  72.0","  6.2"," 13.9"
"34504099999","48.6","34.9666666","143.0","1997-08-25","  53.8","010000","999.9","  75.9","  62.4"," 17.5"," 0.08","1012.9","999.9","996.3","  70.3","  6.2"," 12.6"
"34504099999","48.6","34.9666666","143.0","1997-08-26","  58.0","010010","999.9","  70.3","  61.9"," 19.4"," 1.00","1009.9","999.9","993.1","  64.3","  4.8"," 15.5"
"34504099999","48.6","34.9666666","143.0","1997-08-27","  62.7","010010","999.9","  76.8","  60.1","  5.8"," 0.71","1010.6","999.9","994.7","  65.4","  3.7","  2.9"
"34504099999","48.6","34.9666666","143.0","1997-08-28","  64.7","010000","999.9","  73.6","  61.7","  9.7"," 0.31","1010.4","999.9","993.8","  65.8","  3.2","  7.2"
"34504099999","48.6","34.9666666","143.0","1997-08-29","  61.8","100000","999.9","  73.6","  58.3","  5.8"," 0.00","1011.9","999.9","995.2","  66.4","  2.8","  3.4"
"34504099999","48.6","34.9666666","143.0","1997-08-30","  66.9","000000","999.9","  84.2","  63.0","  9.7"," 0.00","1009.0","999.9","992.5","  71.8","  3.6","  5.8"
"34504099999","48.6","34.9666666","143.0","1997-08-31","  62.6","010010","999.9","  76.1","  59.4","  9.7"," 0.75","1006.8","999.9","990.2","  65.4","  2.8","  4.4"
"34504099999","48.6","34.9666666","143.0","1997-09-01","  53.6","110010","999.9","  63.3","  50.7"," 17.5"," 0.04","1011.3","999.9","994.3","  56.3","  1.6"," 11.4"
"34504099999","48.6","34.9666666","143.0","1997-09-02","  43.0","000000","999.9","  62.6","  45.9"," 15.5"," 0.00","1020.1","999.9","002.8","  53.2","  6.2"," 10.0"
"34504099999","48.6","34.9666666","143.0","1997-09-03","  38.3","000000","999.9","  59.4","  42.4"," 13.6"," 0.00","1025.0","999.9","007.6","  51.1","  5.1","  6.9"
"34504099999","48.6","34.9666666","143.0","1997-09-04","  39.1","000000","999.9","  57.9","  41.4"," 11.7"," 0.31","1027.4","999.9","009.9","  49.3","  4.7","  5.5"
"34504099999","48.6","34.9666666","143.0","1997-09-05","  42.9","000000","999.9","  64.2","  42.6","  7.8"," 0.00","1028.4","999.9","011.0","  53.5","  5.7","  6.3"
"34504099999","48.6","34.9666666","143.0","1997-09-06","  43.3","000000","999.9","  64.9","  42.4","  9.7"," 0.00","1031.5","999.9","014.0","  53.5","  5.3","  3.9"
"34504099999","48.6","34.9666666","143.0","1997-09-07","  44.9","000000","999.9","  70.7","  43.5","  5.8"," 0.00","1030.1","999.9","012.8","  55.8","  5.7","  2.7"
"34504099999","48.6","34.9666666","143.0","1997-09-08","  51.1","010000","999.9","  72.0","  47.8"," 13.6"," 0.00","1019.2","999.9","002.2","  58.6","  5.7","  5.8"
"34504099999","48.6","34.9666666","143.0","1997-09-09","  55.2","110010","999.9","  70.0","  54.0"," 13.6"," 0.01","1008.6","999.9","991.8","  60.3","  2.9","  8.6"
"34504099999","48.6","34.9666666","143.0","1997-09-10","  50.7","000010","999.9","  65.1","  47.1"," 15.5"," 0.55","1002.0","999.9","985.0","  53.6","  4.3"," 10.0"
"34504099999","48.6","34.9666666","143.0","1997-09-11","  48.3","010000","999.9","  58.3","  47.1"," 19.4"," 0.04","1008.5","999.9","991.5","  53.2","  4.7"," 15.3"
"34504099999","48.6","34.9666666","143.0","1997-09-12","  47.0","000000","999.9","  65.1","  46.8"," 15.5"," 0.04","1017.8","999.9","000.7","  56.2","  5.0","  8.0"
"34504099999","48.6","34.9666666","143.0","1997-09-13","  48.0","000000","999.9","  70.7","  45.1","  9.7"," 0.00","1021.3","999.9","004.2","  56.8","  5.3","  6.8"
"34504099999","48.6","34.9666666","143.0","1997-09-14","  52.2","000000","999.9","  74.5","  48.9"," 11.7"," 0.00","1021.5","999.9","004.5","  61.6","  5.0","  8.4"
"34504099999","48.6","34.9666666","143.0","1997-09-15","  51.2","000000","999.9","  75.2","  49.8"," 17.5"," 0.00","1019.7","999.9","002.8","  61.0","  4.7","  6.1"
"34504099999","48.6","34.9666666","143.0","1997-09-16","  46.0","000000","999.9","  64.8","  50.0"," 21.4"," 0.00","1025.0","999.9","007.7","  55.2","  5.0"," 15.8"
"34504099999","48.6","34.9666666","143.0","1997-09-17","  45.8","000000","999.9","  66.7","  48.2","  7.8"," 0.00","1028.6","999.9","011.4","  56.0","  6.2","  5.3"
"34504099999","48.6","34.9666666","143.0","1997-09-18","  46.6","000000","999.9","  72.3","  45.0","  5.8"," 0.00","1025.6","999.9","008.4","  57.8","  6.2","  2.9"
"34504099999","48.6","34.9666666","143.0","1997-09-19","  48.4","000000","999.9","  80.2","  47.1","  5.8"," 0.00","1019.3","999.9","002.3","  60.1","  5.3","  2.7"
"34504099999","48.6","34.9666666","143.0","1997-09-20","  48.9","000000","999.9","  73.4","  46.8"," 17.5"," 0.00","1013.6","999.9","996.6","  57.7","  4.4","  9.2"
"34504099999","48.6","34.9666666","143.0","1997-09-21","  39.4","000000","999.9","  58.8","  43.0"," 15.5"," 0.02","1021.5","999.9","004.1","  49.6","  5.7"," 10.0"
"34504099999","48.6","34.9666666","143.0","1997-09-22","  38.9","000000","999.9","  62.4","  37.4","  7.8"," 0.00","1025.5","999.9","008.0","  48.9","  6.2","  4.9"
"34504099999","48.6","34.9666666","143.0","1997-09-23","  42.8","000000","999.9","  62.2","  43.7","  9.7"," 0.00","1021.5","999.9","004.3","  54.6","  4.8","  6.1"
"34504099999","48.6","34.9666666","143.0","1997-09-24","  44.4","000000","999.9","  54.7","  41.7"," 11.7"," 0.16","1015.8","999.9","998.5","  48.5","  3.0","  8.5"
"34504099999","48.6","34.9666666","143.0","1997-09-25","  34.2","010000","999.9","  50.7","  34.3"," 11.7"," 0.16","1013.9","999.9","996.2","  39.4","  5.7","  8.0"
"34504099999","48.6","34.9666666","143.0","1997-09-26","  36.9","110000","999.9","  60.3","  32.5"," 11.7"," 0.08","1011.5","999.9","994.0","  40.9","  3.8","  8.3"
"34504099999","48.6","34.9666666","143.0","1997-09-27","  46.4","010000","999.9","  59.9","  36.0"," 13.6"," 0.04","1005.5","999.9","988.4","  49.6","  1.6","  7.0"
"34504099999","48.6","34.9666666","143.0","1997-09-28","  44.8","000000","999.9","  55.4","  44.1","  9.7"," 0.02","1009.2","999.9","992.0","  48.8","  3.2","  5.3"
"34504099999","48.6","34.9666666","143.0","1997-09-29","  40.7","010000","999.9","  55.9","  37.9","  9.7"," 0.00","1017.1","999.9","999.7","  46.0","  4.3","  6.8"
"34504099999","48.6","34.9666666","143.0","1997-09-30","  44.5","010000","999.9","  54.3","  37.9"," 13.6"," 0.12","1010.7","999.9","993.4","  48.0","  3.4"," 10.5"
"34504099999","48.6","34.9666666","143.0","1997-10-01","  36.0","000000","999.9","  48.0","  34.0"," 11.7"," 0.12","1009.2","999.9","991.7","  41.3","  3.6","  7.5"
"34504099999","48.6","34.9666666","143.0","1997-10-02","  36.9","010000","999.9","  56.7","  31.1"," 17.5"," 0.00","1007.9","999.9","990.6","  45.2","  6.2"," 11.2"
"34504099999","48.6","34.9666666","143.0","1997-10-03","  45.7","010000","999.9","  59.4","  41.5"," 17.5"," 0.39","1001.9","999.9","984.9","  51.1","  4.4"," 13.0"
"34504099999","48.6","34.9666666","143.0","1997-10-04","  40.2","000000","999.9","  57.2","  37.4"," 11.7"," 0.04","1014.4","999.9","996.9","  43.9","  5.1","  8.4"
"34504099999","48.6","34.9666666","143.0","1997-10-05","  40.7","010000","999.9","  62.2","  37.0"," 33.0"," 0.00","1010.8","999.9","993.6","  50.0","  4.5"," 17.0"
"34504099999","48.6","34.9666666","143.0","1997-10-06","  39.7","010000","999.9","  50.2","  41.0"," 19.4"," 0.16","1011.0","999.9","993.6","  45.1","  5.1"," 13.0"
"34504099999","48.6","34.9666666","143.0","1997-10-07","  39.9","000000","999.9","  59.7","  34.3"," 15.5"," 0.00","1018.4","999.9","001.0","  47.5","  5.0","  9.5"
"34504099999","48.6","34.9666666","143.0","1997-10-08","  52.6","010000","999.9","  61.3","  47.7"," 15.5"," 0.00","1016.9","999.9","999.8","  54.3","  2.3"," 12.0"
"34504099999","48.6","34.9666666","143.0","1997-10-09","  55.2","100000","999.9","  66.0","  51.3"," 11.7"," 0.00","1016.5","999.9","999.4","  56.9","  1.7","  8.3"
"34504099999","48.6","34.9666666","143.0","1997-10-10","  56.9","000000","999.9","  72.3","  52.3"," 11.7"," 0.00","1008.6","999.9","991.8","  61.9","  4.6","  9.7"
"34504099999","48.6","34.9666666","143.0","1997-10-11","  53.8","000000","999.9","  77.9","  55.6"," 17.5"," 0.00","1001.0","999.9","984.4","  64.9","  4.4"," 11.7"
"34504099999","48.6","34.9666666","143.0","1997-10-12","  49.7","010000","999.9","  65.5","  49.1"," 15.5"," 0.00","1004.9","999.9","987.9","  55.9","  4.3","  4.4"
"34504099999","48.6","34.9666666","143.0","1997-10-13","  56.5","110010","999.9","  61.7","  52.0"," 17.5"," 0.91"," 998.7","999.9","981.9","  57.3","  1.2"," 10.7"
"34504099999","48.6","34.9666666","143.0","1997-10-14","  46.9","010000","999.9","  57.4","  47.5"," 17.5"," 0.08","1010.3","999.9","993.1","  50.2","  5.0","  8.9"
"34504099999","48.6","34.9666666","143.0","1997-10-15","  51.2","010000","999.9","  71.1","  47.1"," 21.4"," 0.47","1005.8","999.9","988.9","  55.6","  5.6"," 13.6"
"34504099999","48.6","34.9666666","143.0","1997-10-16","  43.0","010000","999.9","  48.4","  40.8"," 13.6"," 0.20","1011.7","999.9","994.4","  45.5","  1.9","  8.5"
"34504099999","48.6","34.9666666","143.0","1997-10-17","  38.7","000000","999.9","  53.1","  36.3","  5.8"," 0.00","1021.8","999.9","004.1","  43.6","  3.1","  2.7"
"34504099999","48.6","34.9666666","143.0","1997-10-18","  38.4","000000","999.9","  52.2","  38.1"," 15.5"," 0.00","1028.8","999.9","011.0","  43.5","  5.7","  7.3"
"34504099999","48.6","34.9666666","143.0","1997-10-19","  34.9","000000","999.9","  50.4","  35.8"," 15.5"," 0.00","1027.2","999.9","009.4","  42.0","  4.5"," 10.4"
"34504099999","48.6","34.9666666","143.0","1997-10-20","  35.4","000000","999.9","  50.5","  37.0","  9.7"," 0.00","1013.1","999.9","001.3","  43.1","  5.7","  5.3"
"34504099999","48.6","34.9666666","143.0","1997-10-21","  39.1","110000","999.9","  62.1","  32.9"," 11.7"," 0.00","1012.1","999.9","994.6","  43.7","  1.7","  5.0"
"34504099999","48.6","34.9666666","143.0","1997-10-22","  29.0","000000","999.9","  43.2","  32.0"," 17.5"," 0.00","1018.5","999.9","000.7","  38.5","  6.2"," 11.7"
"34504099999","48.6","34.9666666","143.0","1997-10-23","  34.5","000000","999.9","  44.4","  27.5","  7.8"," 0.02","1017.0","999.9","999.3","  39.0","  4.4","  5.5"
"34504099999","48.6","34.9666666","143.0","1997-10-24","  46.0","000000","999.9","  55.2","  42.3"," 13.6"," 0.00","1011.3","999.9","994.0","  48.8","  1.6","  8.3"
"34504099999","48.6","34.9666666","143.0","1997-10-25","  30.6","010000","999.9","  48.2","  30.0"," 17.5"," 0.12","1012.5","999.9","994.8","  37.2","  4.2"," 13.1"
"34504099999","48.6","34.9666666","143.0","1997-10-26","  25.9","010000","999.9","  45.5","  22.1"," 17.5"," 0.04","1018.8","999.9","000.9","  32.9","  5.1","  8.7"
"34504099999","48.6","34.9666666","143.0","1997-10-27","  22.8","000000","999.9","  38.3","  23.2","  9.7"," 0.00","1022.8","999.9","004.7","  29.6","  4.5","  6.3"
"34504099999","48.6","34.9666666","143.0","1997-10-28","  23.9","000000","999.9","  36.0","  20.1","  5.8"," 0.00","1032.3","999.9","013.9","  27.0","  4.8","  3.6"
"34504099999","48.6","34.9666666","143.0","1997-10-29","  23.6","000000","999.9","  32.2","  21.9","  7.8"," 0.00","1034.5","999.9","016.0","  26.0","  0.9","  4.4"
"34504099999","48.6","34.9666666","143.0","1997-10-30","  26.8","000000","999.9","  36.3","  20.5"," 15.5"," 0.00","1030.9","999.9","012.6","  30.7","  1.9"," 10.7"
"34504099999","48.6","34.9666666","143.0","1997-10-31","  24.4","000000","999.9","  39.7","  27.3"," 11.7"," 0.00","1036.3","999.9","018.2","  32.5","  4.5","  8.0"
"34504099999","48.6","34.9666666","143.0","1997-11-01","  27.1","000000","999.9","  43.7","  23.0","  5.8"," 0.00","1030.7","999.9","012.4","  30.8","  3.3","  3.4"
"34504099999","48.6","34.9666666","143.0","1997-11-02","  29.1","000000","999.9","  47.8","  23.2"," 13.6"," 0.00","1018.9","999.9","001.0","  34.5","  3.6","  8.3"
"34504099999","48.6","34.9666666","143.0","1997-11-03","  34.6","100000","999.9","  47.1","  30.7"," 15.5"," 0.00","1010.8","999.9","993.1","  37.8","  2.1","  9.2"
"34504099999","48.6","34.9666666","143.0","1997-11-04","  26.9","001000","999.9","  39.0","  27.5"," 17.5"," 0.06","1015.5","999.9","997.9","  33.3","  4.2"," 13.6"
"34504099999","48.6","34.9666666","143.0","1997-11-05","  21.7","000000","999.9","  35.6","  22.8"," 13.6"," 0.00","1030.7","999.9","012.4","  28.6","  4.8","  7.5"
"34504099999","48.6","34.9666666","143.0","1997-11-06","  22.4","000000","999.9","  39.2","  20.5"," 15.5"," 0.00","1033.4","999.9","015.0","  28.5","  3.9"," 11.2"
"34504099999","48.6","34.9666666","143.0","1997-11-07","  33.8","000000","999.9","  43.7","  27.0"," 15.5"," 0.00","1025.3","999.9","007.4","  36.4","  4.7"," 11.7"
"34504099999","48.6","34.9666666","143.0","1997-11-08","  38.6","000000","999.9","  60.8","  37.4"," 15.5"," 0.00","1021.7","999.9","004.2","  46.6","  5.7"," 11.4"
"34504099999","48.6","34.9666666","143.0","1997-11-09","  43.5","100000","999.9","  64.4","  41.0"," 15.5"," 0.00","1016.5","999.9","999.2","  51.0","  3.3"," 11.7"
"34504099999","48.6","34.9666666","143.0","1997-11-10","  46.4","100000","999.9","  63.5","  35.1"," 11.7"," 0.00","1016.9","999.9","999.6","  49.2","  2.0","  7.3"
"34504099999","48.6","34.9666666","143.0","1997-11-11","  38.9","000000","999.9","  57.4","  39.4"," 11.7"," 0.00","1017.9","999.9","000.5","  48.2","  3.4","  7.5"
"34504099999","48.6","34.9666666","143.0","1997-11-12","  44.3","100000","999.9","  47.3","  40.8","  7.8"," 0.00","1020.6","999.9","003.0","  44.3","  0.2","  4.6"
"34504099999","48.6","34.9666666","143.0","1997-11-13","  41.5","100000","999.9","  45.0","  37.9"," 11.7"," 0.00","1025.4","999.9","007.6","  41.7","  0.3","  7.8"
"34504099999","48.6","34.9666666","143.0","1997-11-14","  36.4","000000","999.9","  44.1","  37.2"," 17.5"," 0.00","1021.3","999.9","003.5","  39.1","  3.1"," 14.9"
"34504099999","48.6","34.9666666","143.0","1997-11-15","  35.0","000000","999.9","  38.1","  36.0"," 17.5"," 0.00","1018.4","999.9","000.6","  37.0","  3.4"," 12.1"
"34504099999","48.6","34.9666666","143.0","1997-11-16","  35.1","010000","999.9","  59.5","  36.3","  9.7"," 0.00","1018.4","999.9","000.7","  37.5","  2.0","  6.6"
"34504099999","48.6","34.9666666","143.0","1997-11-17","  31.9","010000","999.9","  35.6","  32.9"," 11.7"," 0.12","1014.4","999.9","996.6","  34.1","  2.5","  9.0"
"34504099999","48.6","34.9666666","143.0","1997-11-18","  33.0","110000","999.9","  35.2","  32.9"," 17.5"," 0.35","1011.4","999.9","993.6","  34.0","  1.3"," 11.9"
"34504099999","48.6","34.9666666","143.0","1997-11-19","  38.6","110000","999.9","  40.6","  35.2"," 21.4"," 0.47","1011.8","999.9","994.2","  39.2","  0.8"," 15.2"
"34504099999","48.6","34.9666666","143.0","1997-11-20","  38.8","010000","999.9","  42.8","  37.9"," 19.4"," 0.47","1011.2","999.9","993.6","  39.9","  4.1"," 13.6"
"34504099999","48.6","34.9666666","143.0","1997-11-21","  37.8","110000","999.9","  43.5","  35.1"," 11.7"," 0.00","1016.3","999.9","998.6","  39.0","  1.7","  7.8"
"34504099999","48.6","34.9666666","143.0","1997-11-22","  39.0","110000","999.9","  41.4","  38.8","  9.7"," 0.59","1017.7","999.9","000.1","  40.0","  1.5","  6.6"
"34504099999","48.6","34.9666666","143.0","1997-11-23","  40.4","110000","999.9","  41.9","  37.6"," 17.5"," 0.00","1028.7","999.9","010.9","  40.4","  0.3","  6.8"
"34504099999","48.6","34.9666666","143.0","1997-11-24","  34.6","110000","999.9","  37.0","  34.0"," 15.5"," 0.01","1030.0","999.9","012.0","  35.5","  1.1"," 10.4"
"34504099999","48.6","34.9666666","143.0","1997-11-25","  34.5","010000","999.9","  37.2","  33.8"," 11.7"," 0.02","1024.3","999.9","006.4","  35.7","  3.7","  7.8"
"34504099999","48.6","34.9666666","143.0","1997-11-26","  30.5","000000","999.9","  37.0","  31.6","  5.8"," 0.00","1023.4","999.9","005.4","  34.3","  3.3","  3.4"
"34504099999","48.6","34.9666666","143.0","1997-11-27","  31.1","010000","999.9","  36.7","  28.8","  5.8"," 0.00","1022.0","999.9","004.0","  33.4","  2.3","  3.6"
"34504099999","48.6","34.9666666","143.0","1997-11-28","  26.5","011000","999.9","  34.9","  28.9"," 13.6"," 0.16","1024.0","999.9","005.9","  31.2","  4.4"," 10.0"
"34504099999","48.6","34.9666666","143.0","1997-11-29","  17.4","000000","999.9","  28.4","  24.3","  7.8"," 0.00","1026.9","999.9","008.6","  27.1","  6.2","  5.8"
"34504099999","48.6","34.9666666","143.0","1997-11-30","  18.5","000000","999.9","  29.1","  22.3"," 13.6"," 0.00","1025.7","999.9","007.3","  24.8","  4.8","  9.7"
"34504099999","48.6","34.9666666","143.0","1997-12-01","  25.3","000000","999.9","  34.9","  24.8"," 15.5"," 0.00","1022.9","999.9","004.7","  28.6","  4.8"," 10.5"
"34504099999","48.6","34.9666666","143.0","1997-12-02","  27.1","011000","999.9","  31.8","  25.5"," 15.5"," 0.00","1016.6","999.9","998.5","  28.9","  1.9"," 13.8"
"34504099999","48.6","34.9666666","143.0","1997-12-03","  32.4","010000","999.9","  34.2","  31.1"," 13.6"," 0.16","1009.0","999.9","991.3","  33.1","  3.5"," 11.0"
"34504099999","48.6","34.9666666","143.0","1997-12-04","  40.4","110000","999.9","  46.4","  33.3"," 15.5"," 0.43","1002.5","999.9","985.1","  40.6","  0.4"," 10.2"
"34504099999","48.6","34.9666666","143.0","1997-12-05","  36.7","010000","999.9","  42.1","  34.0"," 15.5"," 0.20","1000.0","999.9","982.6","  37.8","  1.1"," 11.2"
"34504099999","48.6","34.9666666","143.0","1997-12-06","  27.1","001000","999.9","  31.5","  28.0"," 15.5"," 0.12","1016.1","  1.2","998.0","  29.4","  2.9"," 13.4"
"34504099999","48.6","34.9666666","143.0","1997-12-07","  25.5","000000","999.9","  33.6","  24.3"," 11.7"," 0.00","1017.1","  0.8","001.3","  28.4","  4.8","  5.1"
"34504099999","48.6","34.9666666","143.0","1997-12-08","  25.8","000000","999.9","  33.1","  24.3"," 11.7"," 0.00","1015.1","  0.4","997.1","  29.6","  2.3","  7.3"
"34504099999","48.6","34.9666666","143.0","1997-12-09","  20.8","001000","999.9","  26.6","  23.7"," 13.6"," 0.00","1015.9","  0.4","997.7","  24.8","  2.6"," 11.4"
"34504099999","48.6","34.9666666","143.0","1997-12-10","  21.3","000000","999.9","  26.8","  21.7"," 13.6"," 0.00","1018.9","  0.4","000.7","  23.8","  2.5"," 10.0"
"34504099999","48.6","34.9666666","143.0","1997-12-11","  25.0","001000","999.9","  30.2","  23.2"," 13.6"," 0.04","1012.6","999.9","994.5","  27.1","  1.9"," 10.0"
"34504099999","48.6","34.9666666","143.0","1997-12-12","  27.0","001000","999.9","  32.0","  24.1"," 13.6"," 0.20","1010.2","  3.1","992.3","  29.0","  1.2","  7.5"
"34504099999","48.6","34.9666666","143.0","1997-12-13","  23.8","011000","999.9","  30.0","  21.4"," 13.6"," 0.33","1013.9","  3.1","995.8","  25.6","  1.7"," 11.4"
"34504099999","48.6","34.9666666","143.0","1997-12-14","  28.9","110000","999.9","  33.3","  23.0","  7.8"," 0.47","1012.7","  2.8","994.7","  29.7","  0.9","  6.9"
"34504099999","48.6","34.9666666","143.0","1997-12-15","  -1.9","001000","999.9","  21.2"," -10.8"," 21.4"," 0.01","1031.9","  2.8","012.7","   5.3","  4.6"," 17.8"
"34504099999","48.6","34.9666666","143.0","1997-12-16"," -23.7","000000","999.9"," -13.5"," -18.0"," 23.3"," 0.00","1046.4","999.9","026.0"," -15.9","  6.2"," 19.8"
"34504099999","48.6","34.9666666","143.0","1997-12-17"," -14.5","000000","999.9","   2.5"," -16.6"," 15.5"," 0.00","1047.2","  2.8","027.1","  -6.8","  6.2"," 11.9"
"34504099999","48.6","34.9666666","143.0","1997-12-18","  -1.1","000000","999.9","  20.1","  -4.2"," 11.7"," 0.00","1033.4","  2.8","014.3","  10.0","  6.2","  9.2"
"34504099999","48.6","34.9666666","143.0","1997-12-19","  10.9","000000","999.9","  30.2","  17.8"," 13.6"," 0.00","1025.5","  2.8","006.9","  21.0","  6.2"," 10.3"
"34504099999","48.6","34.9666666","143.0","1997-12-20","  23.9","010000","999.9","  35.2","  17.8"," 13.6"," 0.00","1018.4","  2.8","000.2","  26.5","  5.0","  7.8"
"34504099999","48.6","34.9666666","143.0","1997-12-21","  32.2","110000","999.9","  33.6","  30.4"," 13.6"," 0.02","1017.9","  2.4","000.0","  32.7","  0.6","  7.0"
"34504099999","48.6","34.9666666","143.0","1997-12-22","  22.8","011000","999.9","  28.6","  22.6"," 21.4"," 0.06","1021.5","  2.4","003.2","  25.6","  2.3"," 16.3"
"34504099999","48.6","34.9666666","143.0","1997-12-23","  18.3","001000","999.9","  22.5","  18.5"," 15.5"," 0.43","1020.8","  3.9","002.4","  20.3","  2.6","  9.5"
"34504099999","48.6","34.9666666","143.0","1997-12-24","  18.7","000000","999.9","  22.8","  17.8","  1.9"," 0.00","1023.8","  4.7","005.3","  20.5","  1.6","  0.5"
"34504099999","48.6","34.9666666","143.0","1997-12-25","  23.4","101000","999.9","  27.1","  21.0","  3.9"," 0.00","1023.6","  5.1","005.3","  24.4","  0.7","  1.7"
"34504099999","48.6","34.9666666","143.0","1997-12-26","  32.2","100000","999.9","  34.2","  26.1"," 15.5"," 0.00","1017.7","  5.1","999.8","  32.3","  0.3","  7.8"
"34504099999","48.6","34.9666666","143.0","1997-12-27","  36.7","100000","999.9","  38.7","  32.7"," 15.5"," 0.00","1013.5","  4.3","995.8","  36.9","  0.4"," 11.4"
"34504099999","48.6","34.9666666","143.0","1997-12-28","  36.9","100000","999.9","  39.6","  35.6","  9.7"," 0.00","1012.7","  3.1","995.0","  37.5","  1.2","  7.5"
"34504099999","48.6","34.9666666","143.0","1997-12-29","  36.6","100000","999.9","  43.2","  33.6","  9.7"," 0.00","1012.4","  2.4","994.7","  37.1","  1.6","  7.0"
"34504099999","48.6","34.9666666","143.0","1997-12-30","  33.6","110000","999.9","  35.6","  31.6","  9.7"," 0.08","1012.0","  0.4","994.2","  34.1","  1.7","  7.8"
"34504099999","48.6","34.9666666","143.0","1997-12-31","  31.9","111000","999.9","  33.6","  31.8","  7.8"," 0.16","1015.3","999.9","997.4","  32.6","  1.6","  6.6"
"34504099999","48.6","34.9666666","143.0","1998-01-01","  29.0","001010","999.9","  32.4","  27.7","  7.8"," 0.16","1019.8","999.9","001.7","  29.9","  1.4","  5.3"
"34504099999","48.6","34.9666666","143.0","1998-01-02","  27.1","000000","999.9","  30.7","  26.2","  5.8"," 0.00","1022.5","  4.7","004.3","  28.1","  1.8","  3.3"
"34504099999","48.6","34.9666666","143.0","1998-01-03","  31.3","101000","999.9","  32.7","  28.8"," 11.7"," 0.04","1022.3","  3.9","004.3","  31.4","  0.3","  5.8"
"34504099999","48.6","34.9666666","143.0","1998-01-04","  31.6","100000","999.9","  34.7","  31.8"," 11.7"," 0.00","1019.7","999.9","001.7","  32.9","  1.5","  9.4"
"34504099999","48.6","34.9666666","143.0","1998-01-05","  31.5","101000","999.9","  33.1","  31.3"," 11.7"," 0.04","1015.9","999.9","997.9","  32.2","  0.9","  6.7"
"34504099999","48.6","34.9666666","143.0","1998-01-06","  31.3","110000","999.9","  32.7","  30.2","  7.8"," 0.01","1014.4","  2.4","996.4","  31.4","  0.2","  3.2"
"34504099999","48.6","34.9666666","143.0","1998-01-07","  30.3","111000","999.9","  32.2","  28.2","  9.7"," 0.02","1014.6","  1.6","996.6","  30.6","  0.3","  5.1"
"34504099999","48.6","34.9666666","143.0","1998-01-08","  32.1","100000","999.9","  34.5","  31.3"," 11.7"," 0.00","1020.4","  2.0","002.4","  33.0","  1.6","  6.9"
"34504099999","48.6","34.9666666","143.0","1998-01-09","  33.3","010000","999.9","  36.5","  32.0"," 17.5"," 0.20","1011.8","  2.0","994.0","  34.5","  3.1","  9.7"
"34504099999","48.6","34.9666666","143.0","1998-01-10","  25.5","001000","999.9","  32.2","  29.7"," 19.4"," 0.00","1015.5","  2.0","997.5","  31.0","  5.7"," 16.1"
"34504099999","48.6","34.9666666","143.0","1998-01-11","  20.5","001000","999.9","  28.0","  24.3"," 17.5"," 0.08","1024.4","  2.0","006.0","  25.9","  4.8"," 14.1"
"34504099999","48.6","34.9666666","143.0","1998-01-12","  33.1","110000","999.9","  36.3","  25.3"," 17.5"," 0.35","1015.0","  3.5","997.1","  34.0","  1.0"," 12.6"
"34504099999","48.6","34.9666666","143.0","1998-01-13","  33.2","100000","999.9","  34.2","  32.9"," 11.7"," 0.00","1013.0","999.9","995.1","  33.7","  0.4","  6.6"
"34504099999","48.6","34.9666666","143.0","1998-01-14","  30.0","010000","999.9","  34.5","  26.4"," 13.6"," 0.00","1020.6","999.9","002.6","  31.3","  1.0","  9.4"
"34504099999","48.6","34.9666666","143.0","1998-01-15","  18.2","000000","999.9","  27.0","  16.9","  9.7"," 0.00","1030.4","  1.2","011.9","  22.4","  3.6","  2.9"
"34504099999","48.6","34.9666666","143.0","1998-01-16","  23.4","000000","999.9","  28.9","  21.0","  7.8"," 0.00","1027.1","  0.4","008.7","  26.7","  3.9","  5.3"
"34504099999","48.6","34.9666666","143.0","1998-01-17","  24.1","011000","999.9","  29.1","  25.9","  5.8"," 0.00","1022.5","999.9","004.2","  27.2","  2.3","  4.2"
"34504099999","48.6","34.9666666","143.0","1998-01-18","  21.5","000000","999.9","  28.6","  24.8","  5.8"," 0.00","1024.0","999.9","005.7","  26.7","  2.5","  4.1"
"34504099999","48.6","34.9666666","143.0","1998-01-19","  18.8","000000","999.9","  29.1","  19.2","  7.8"," 0.00","1023.2","  0.4","004.8","  23.1","  3.9","  6.1"
"34504099999","48.6","34.9666666","143.0","1998-01-20","  22.3","111000","999.9","  25.7","  19.2"," 13.6"," 0.00","1021.0","999.9","002.7","  24.2","  1.6"," 10.0"
"34504099999","48.6","34.9666666","143.0","1998-01-21","  21.8","001000","999.9","  29.3","  20.8"," 15.5"," 0.00","1028.6","999.9","010.2","  25.8","  3.0"," 13.6"
"34504099999","48.6","34.9666666","143.0","1998-01-22","   3.3","000000","999.9","  27.3","  12.7"," 17.5"," 0.00","1037.5","999.9","018.7","  18.7","  6.2"," 14.3"
"34504099999","48.6","34.9666666","143.0","1998-01-23","   7.1","000000","999.9","  26.6","   8.4"," 15.5"," 0.00","1033.8","999.9","015.0","  17.8","  6.2"," 15.0"
"34504099999","48.6","34.9666666","143.0","1998-01-24","  10.1","000000","999.9","  28.2","  13.5"," 17.5"," 0.00","1025.4","999.9","006.8","  19.4","  6.2"," 15.1"
"34504099999","48.6","34.9666666","143.0","1998-01-25","  13.7","000000","999.9","  31.3","  16.7"," 19.4"," 0.00","1022.1","999.9","003.6","  21.1","  6.2"," 15.5"
"34504099999","48.6","34.9666666","143.0","1998-01-26","  12.0","000000","999.9","  27.0","  12.6"," 13.6"," 0.00","1030.1","999.9","011.4","  18.6","  6.2"," 11.7"
"34504099999","48.6","34.9666666","143.0","1998-01-27","  13.8","000000","999.9","  31.1","  14.0","  5.8"," 0.00","1029.1","999.9","010.5","  20.3","  6.2","  4.9"
"34504099999","48.6","34.9666666","143.0","1998-01-28","  15.5","000000","999.9","  34.3","  13.8"," 11.7"," 0.00","1017.0","999.9","998.7","  21.5","  6.2","  5.8"
"34504099999","48.6","34.9666666","143.0","1998-01-29","  19.1","001000","999.9","  27.7","  13.3"," 13.6"," 0.02","1009.5","999.9","992.2","  22.1","  3.1","  6.6"
"34504099999","48.6","34.9666666","143.0","1998-01-30","  12.6","000000","999.9","  22.6","   9.7"," 15.5"," 0.02","1013.3","  0.8","994.9","  17.4","  4.8","  9.4"
"34504099999","48.6","34.9666666","143.0","1998-01-31","  16.4","001000","999.9","  31.3","   8.1"," 15.5"," 0.00","1010.0","  0.8","991.9","  22.6","  4.2"," 13.6"
"34504099999","48.6","34.9666666","143.0","1998-02-01","   7.9","001000","999.9","  22.5","   8.4"," 15.5"," 0.04","1018.0","  1.2","999.4","  15.7","  6.2"," 12.9"
"34504099999","48.6","34.9666666","143.0","1998-02-02","   6.1","000000","999.9","  25.5","   4.8","  7.8"," 0.00","1027.2","999.9","008.3","  13.4","  6.2","  5.5"
"34504099999","48.6","34.9666666","143.0","1998-02-03","  12.5","001000","999.9","  24.4","   9.7"," 11.7"," 0.00","1016.4","  1.2","997.9","  18.0","  5.0"," 10.2"
"34504099999","48.6","34.9666666","143.0","1998-02-04","  20.8","011000","999.9","  33.3","  20.3"," 15.5"," 0.04","1014.8","  1.6","996.6","  26.2","  4.3"," 11.2"
"34504099999","48.6","34.9666666","143.0","1998-02-05","  15.9","000000","999.9","  32.9","  12.7","  7.8"," 0.00","1021.9","  1.6","003.4","  21.6","  6.2","  5.6"
"34504099999","48.6","34.9666666","143.0","1998-02-06","  18.9","000000","999.9","  37.4","  19.6","  7.8"," 0.00","1014.9","  1.6","996.8","  26.4","  5.7","  2.8"
"34504099999","48.6","34.9666666","143.0","1998-02-07","  20.8","000000","999.9","  37.0","  20.8"," 15.5"," 0.00","1016.0","  1.6","999.6","  27.0","  5.6"," 14.9"
"34504099999","48.6","34.9666666","143.0","1998-02-08","  11.0","001000","999.9","  21.6","  11.5"," 13.6"," 0.03","1026.0","  2.4","007.2","  15.7","  5.5","  9.2"
"34504099999","48.6","34.9666666","143.0","1998-02-09","  18.5","001000","999.9","  30.2","   8.6"," 15.5"," 0.00","1028.5","  2.4","010.0","  22.4","  3.8","  8.9"
"34504099999","48.6","34.9666666","143.0","1998-02-10","  27.9","001000","999.9","  41.2","  27.1"," 13.6"," 0.08","1025.9","  2.8","007.9","  33.0","  2.2","  6.8"
"34504099999","48.6","34.9666666","143.0","1998-02-11","  31.1","000000","999.9","  38.1","  33.3"," 11.7"," 0.00","1021.5","  2.8","003.6","  34.6","  2.2","  9.7"
"34504099999","48.6","34.9666666","143.0","1998-02-12","  34.1","110000","999.9","  41.5","  31.8"," 17.5"," 0.00","1010.5","  0.4","992.9","  36.7","  2.0"," 11.0"
"34504099999","48.6","34.9666666","143.0","1998-02-13","  30.4","011000","999.9","  38.3","  28.0"," 13.6"," 0.00","1006.0","999.9","988.3","  35.0","  3.2"," 13.0"
"34504099999","48.6","34.9666666","143.0","1998-02-14","   8.0","000000","999.9","  25.5","  16.7"," 13.6"," 0.00","1024.2","999.9","005.6","  20.7","  6.2"," 10.1"
"34504099999","48.6","34.9666666","143.0","1998-02-15","  20.8","001000","999.9","  32.7","  10.2"," 15.5"," 0.01","1015.2","  2.8","997.0","  25.6","  4.5"," 10.9"
"34504099999","48.6","34.9666666","143.0","1998-02-16","   9.8","010000","999.9","  33.3","  -4.2"," 23.3"," 0.04","1020.2","  2.8","002.9","  16.6","  5.1"," 12.1"
"34504099999","48.6","34.9666666","143.0","1998-02-17","  31.0","010000"," 35.0","  45.7","  27.5"," 27.2"," 0.35","1000.6","  0.4","983.1","  35.7","  7.0"," 19.7"
"34504099999","48.6","34.9666666","143.0","1998-02-18","  11.9","000000","999.9","  25.2","  18.5"," 17.5"," 0.00","1025.3","999.9","006.8","  21.7","  9.3"," 12.6"
"34504099999","48.6","34.9666666","143.0","1998-02-19","  25.0","011000","999.9","  36.3","  17.8"," 15.5"," 0.00","1020.5","999.9","002.5","  30.5","  2.8"," 13.9"
"34504099999","48.6","34.9666666","143.0","1998-02-20","  35.5","110000","999.9","  39.7","  34.0"," 11.7"," 0.01","1020.6","999.9","002.8","  37.4","  1.6","  9.2"
"34504099999","48.6","34.9666666","143.0","1998-02-21","  35.1","010000","999.9","  48.2","  35.4","  7.8"," 0.00","1029.9","999.9","011.9","  38.3","  2.3","  5.8"
"34504099999","48.6","34.9666666","143.0","1998-02-22","  34.6","000000","999.9","  44.6","  34.3"," 15.5"," 0.00","1029.5","999.9","011.5","  37.2","  2.9"," 10.7"
"34504099999","48.6","34.9666666","143.0","1998-02-23","9999.9","100000","999.9","  36.7","  27.9"," 13.6"," 0.00","1025.5","999.9","007.5","  33.5","  0.2"," 10.2"
"34504099999","48.6","34.9666666","143.0","1998-02-24","9999.9","110000","999.9","  42.3","  32.0"," 13.6"," 0.00","1020.7","999.9","002.9","  36.4","  0.1","  8.7"
"34504099999","48.6","34.9666666","143.0","1998-02-25","  24.2","010000","999.9","  39.2","  24.6"," 19.4"," 0.00","1019.6","999.9","001.6","  33.8","  4.8"," 15.5"
"34504099999","48.6","34.9666666","143.0","1998-02-26","   7.0","000000","999.9","  29.5","  18.5"," 17.5"," 0.00","1029.7","999.9","011.2","  24.6","  6.2"," 10.8"
"34504099999","48.6","34.9666666","143.0","1998-02-27","  29.9","001000","999.9","  36.3","  27.7"," 11.7"," 0.02","1022.3","999.9","004.2","  32.5","  2.7","  8.0"
"34504099999","48.6","34.9666666","143.0","1998-02-28","  33.9","000000","999.9","  47.1","  34.2"," 13.6"," 0.00","1015.6","999.9","997.9","  38.5","  3.7","  9.5"
"34504099999","48.6","34.9666666","143.0","1998-03-01","  34.4","000000","999.9","  39.0","  34.9"," 17.5"," 0.00","1013.2","999.9","995.4","  36.7","  3.6"," 11.9"
"34504099999","48.6","34.9666666","143.0","1998-03-02","  31.1","011000","999.9","  48.6","  28.2"," 17.5"," 0.16","1012.6","999.9","994.8","  35.3","  2.0"," 10.3"
"34504099999","48.6","34.9666666","143.0","1998-03-03","  28.8","011000","999.9","  41.2","  20.1"," 17.5"," 0.20","1014.1","  1.6","996.2","  32.8","  3.1"," 14.3"
"34504099999","48.6","34.9666666","143.0","1998-03-04","  36.1","010000","999.9","  50.2","  30.4"," 13.6"," 0.00","1014.8","999.9","997.2","  40.0","  3.3","  8.7"
"34504099999","48.6","34.9666666","143.0","1998-03-05","  42.1","010000","999.9","  59.0","  39.2"," 13.6"," 0.04","1007.5","999.9","990.3","  47.8","  3.9"," 10.9"
"34504099999","48.6","34.9666666","143.0","1998-03-06","  36.8","000000","999.9","  46.2","  36.7"," 11.7"," 0.00","1006.6","999.9","989.2","  41.9","  4.8","  8.7"
"34504099999","48.6","34.9666666","143.0","1998-03-07","  28.2","000000","999.9","  39.2","  27.5"," 15.5"," 0.00","1012.9","999.9","995.0","  32.0","  5.3","  9.0"
"34504099999","48.6","34.9666666","143.0","1998-03-08","  32.6","000000","999.9","  45.5","  25.7"," 11.7"," 0.00","1011.7","999.9","993.9","  34.9","  3.3","  9.7"
"34504099999","48.6","34.9666666","143.0","1998-03-09","  37.9","000000","999.9","  51.3","  36.7"," 15.5"," 0.02","1007.7","999.9","990.3","  42.0","  4.8"," 11.9"
"34504099999","48.6","34.9666666","143.0","1998-03-10","  42.4","010000","999.9","  54.9","  39.9"," 11.7"," 0.04","1009.2","999.9","991.9","  45.3","  3.0","  8.5"
"34504099999","48.6","34.9666666","143.0","1998-03-11","  44.1","110000","999.9","  51.1","  41.9","  7.8"," 0.10","1008.0","999.9","990.7","  44.8","  0.6","  5.5"
"34504099999","48.6","34.9666666","143.0","1998-03-12","  39.8","010100","999.9","  54.3","  29.3"," 15.5"," 0.08","1004.5","999.9","987.1","  42.7","  2.3"," 11.2"
"34504099999","48.6","34.9666666","143.0","1998-03-13","  17.5","001000","999.9","  53.6","  20.7"," 17.5"," 0.24","1019.2","  2.0","001.0","  26.9","  5.7"," 12.6"
"34504099999","48.6","34.9666666","143.0","1998-03-14","  27.1","011000","999.9","  37.8","  23.2"," 15.5"," 0.04","1015.8","999.9","997.8","  30.3","  5.6","  9.7"
"34504099999","48.6","34.9666666","143.0","1998-03-15","  29.6","001000","999.9","  34.2","  25.7"," 17.5"," 0.55","1005.7","  3.5","987.9","  30.9","  1.3"," 13.6"
"34504099999","48.6","34.9666666","143.0","1998-03-16","  26.2","001000","999.9","  32.5","  18.9"," 13.6"," 0.20","1009.9","  4.3","991.9","  27.8","  1.6"," 10.2"
"34504099999","48.6","34.9666666","143.0","1998-03-17","  28.6","001000","999.9","  32.7","  27.5"," 15.5"," 0.55","1012.2","  7.9","994.3","  29.9","  1.7"," 14.2"
"34504099999","48.6","34.9666666","143.0","1998-03-18","  20.8","001000","999.9","  27.3","  21.9"," 15.5"," 0.12","1018.1","  8.3","999.8","  24.4","  3.9"," 11.4"
"34504099999","48.6","34.9666666","143.0","1998-03-19","  20.4","001000","999.9","  27.1","  21.4"," 11.7"," 0.20","1013.5"," 10.6","995.4","  24.2","  2.5","  8.7"
"34504099999","48.6","34.9666666","143.0","1998-03-20","  25.9","011000","999.9","  37.0","  24.3"," 11.7"," 0.04","1014.5"," 11.0","996.5","  31.0","  4.2","  7.5"
"34504099999","48.6","34.9666666","143.0","1998-03-21","  19.9","000000","999.9","  36.1","  16.3","  9.7"," 0.00","1021.6","  7.5","003.4","  27.8","  5.7","  6.6"
"34504099999","48.6","34.9666666","143.0","1998-03-22","  21.4","000000","999.9","  35.4","  22.5"," 15.5"," 0.00","1023.1","  5.9","005.0","  29.4","  6.2"," 13.4"
"34504099999","48.6","34.9666666","143.0","1998-03-23","  26.2","001000","999.9","  32.9","  27.7"," 15.5"," 0.08","1018.8","  5.5","000.7","  29.6","  1.6"," 13.3"
"34504099999","48.6","34.9666666","143.0","1998-03-24","  28.6","011000","999.9","  36.5","  27.1"," 23.3"," 0.63","1015.3","  6.7","997.3","  31.1","  3.8"," 19.1"
"34504099999","48.6","34.9666666","143.0","1998-03-25","  28.4","011000","999.9","  37.4","  29.1"," 11.7"," 0.02","1023.8","  5.5","005.7","  32.4","  4.8","  8.5"
"34504099999","48.6","34.9666666","143.0","1998-03-26","  26.7","000000","999.9","  37.9","  27.1","  9.7"," 0.00","1028.5","  3.9","010.4","  31.6","  4.0","  3.9"
"34504099999","48.6","34.9666666","143.0","1998-03-27","  23.9","000000","999.9","  41.9","  23.9","  9.7"," 0.00","1027.5","  3.9","009.4","  32.5","  4.3","  7.5"
"34504099999","48.6","34.9666666","143.0","1998-03-28","  27.6","011000","999.9","  41.9","  28.2"," 15.5"," 0.01","1022.2","  1.6","004.2","  33.4","  3.7"," 12.3"
"34504099999","48.6","34.9666666","143.0","1998-03-29","  32.9","011000","999.9","  39.6","  32.4"," 13.6"," 0.08","1017.4","  0.8","999.5","  35.1","  2.6"," 13.6"
"34504099999","48.6","34.9666666","143.0","1998-03-30","  29.0","000000","999.9","  45.9","  34.9"," 15.5"," 0.00","1023.4","999.9","005.6","  40.1","  5.5","  9.7"
"34504099999","48.6","34.9666666","143.0","1998-03-31","  30.8","000000","999.9","  52.9","  30.0"," 13.6"," 0.00","1021.8","999.9","004.1","  40.5","  4.6","  7.1"
"34504099999","48.6","34.9666666","143.0","1998-04-01","  33.9","000000","999.9","  59.7","  28.9"," 21.4"," 0.00","1012.0","999.9","994.6","  47.0","  5.3"," 15.1"
"34504099999","48.6","34.9666666","143.0","1998-04-02","  38.7","010000","999.9","  64.8","  40.8"," 15.5"," 0.04","1010.1","999.9","992.9","  50.4","  5.7"," 10.2"
"34504099999","48.6","34.9666666","143.0","1998-04-03","  39.2","010000","999.9","  64.4","  39.9"," 13.6"," 0.00","1010.1","999.9","992.8","  49.3","  5.7","  8.3"
"34504099999","48.6","34.9666666","143.0","1998-04-04","  40.6","000000","999.9","  57.6","  35.6"," 13.6"," 0.00","1013.6","999.9","996.2","  45.7","  2.3","  6.6"
"34504099999","48.6","34.9666666","143.0","1998-04-05","  45.4","000000","999.9","  72.3","  46.8"," 17.5"," 0.00","1009.7","999.9","992.7","  57.4","  3.6"," 12.2"
"34504099999","48.6","34.9666666","143.0","1998-04-06","  47.4","000000","999.9","  73.6","  49.1","  7.8"," 0.00","1012.4","999.9","995.5","  60.3","  4.7","  4.1"
"34504099999","48.6","34.9666666","143.0","1998-04-07","  44.6","010000","999.9","  74.8","  50.0"," 29.1"," 0.00","1005.1","999.9","988.2","  58.3","  6.2"," 15.3"
"34504099999","48.6","34.9666666","143.0","1998-04-08","  43.2","000000","999.9","  66.2","  40.6"," 17.5"," 0.00","1007.8","999.9","990.8","  53.2","  5.0"," 11.9"
"34504099999","48.6","34.9666666","143.0","1998-04-09","  46.3","000000","999.9","  72.3","  47.3"," 15.5"," 0.00","1004.3","999.9","987.5","  58.8","  4.0","  8.3"
"34504099999","48.6","34.9666666","143.0","1998-04-10","  42.9","010000","999.9","  55.4","  46.4"," 15.5"," 0.04","1005.4","999.9","988.4","  51.5","  6.2"," 10.8"
"34504099999","48.6","34.9666666","143.0","1998-04-11","  38.4","010000","999.9","  55.4","  37.6"," 15.5"," 0.01","1019.7","999.9","002.2","  45.8","  6.2"," 13.3"
"34504099999","48.6","34.9666666","143.0","1998-04-12","  46.8","000000","999.9","  79.7","  50.4"," 21.4"," 0.00","1005.2","999.9","988.6","  65.0","  4.8"," 13.8"
"34504099999","48.6","34.9666666","143.0","1998-04-13","  42.0","000000","999.9","  68.2","  49.5"," 29.1"," 0.04"," 999.8","999.9","983.0","  56.4","  5.0"," 15.5"
"34504099999","48.6","34.9666666","143.0","1998-04-14","  34.5","000000","999.9","  63.3","  39.6"," 21.4"," 0.00","1006.3","999.9","989.2","  49.7","  5.7"," 11.9"
"34504099999","48.6","34.9666666","143.0","1998-04-15","  38.8","010000","999.9","  59.7","  39.4"," 11.7"," 0.12","1011.7","999.9","994.5","  49.2","  6.2","  6.8"
"34504099999","48.6","34.9666666","143.0","1998-04-16","  42.0","010000","999.9","  55.8","  43.3"," 17.5"," 0.04","1016.1","999.9","998.8","  48.5","  4.8","  9.7"
"34504099999","48.6","34.9666666","143.0","1998-04-17","  38.3","000000","999.9","  63.7","  36.9"," 17.5"," 0.00","1008.7","999.9","991.6","  51.5","  6.2"," 15.0"
"34504099999","48.6","34.9666666","143.0","1998-04-18","  43.8","010000","999.9","  52.9","  44.6"," 17.5"," 0.09","1007.5","999.9","989.0","  48.6","  5.3","  9.5"
"34504099999","48.6","34.9666666","143.0","1998-04-19","  51.1","010000","999.9","  68.7","  48.2"," 13.6"," 0.00","1005.6","999.9","988.7","  56.4","  4.3","  8.9"
"34504099999","48.6","34.9666666","143.0","1998-04-20","  50.2","010000","999.9","  56.3","  48.4"," 15.5"," 0.31","1008.2","999.9","991.1","  51.6","  4.4"," 13.0"
"34504099999","48.6","34.9666666","143.0","1998-04-21","  41.5","010000","999.9","  47.3","  34.0"," 17.5"," 0.12","1015.4","999.9","997.9","  41.9","  3.6"," 15.3"
"34504099999","48.6","34.9666666","143.0","1998-04-22","  38.7","010000","999.9","  48.9","  38.8"," 13.6","99.99","1017.9","999.9","000.4","  45.1","  4.5"," 12.4"
"34504099999","48.6","34.9666666","143.0","1998-04-23","  37.0","000000","999.9","  51.8","  41.7"," 13.6"," 0.00","1020.0","999.9","002.5","  46.8","  4.2"," 10.0"
"34504099999","48.6","34.9666666","143.0","1998-04-24","  44.7","000000","999.9","  66.7","  41.5"," 13.6"," 0.00","1021.5","999.9","004.2","  54.1","  5.0","  5.8"
"34504099999","48.6","34.9666666","143.0","1998-04-25","  42.2","000000","999.9","  67.8","  42.8","  7.8"," 0.00","1019.3","999.9","002.0","  53.3","  5.5","  2.3"
"34504099999","48.6","34.9666666","143.0","1998-04-26","  41.1","000000","999.9","  69.3","  45.9"," 11.7"," 0.00","1016.4","999.9","999.3","  56.8","  6.2","  7.4"
"34504099999","48.6","34.9666666","143.0","1998-04-27","  35.6","000000","999.9","  65.5","  48.9"," 15.5"," 0.00","1019.4","999.9","002.3","  57.0","  6.2"," 13.1"
"34504099999","48.6","34.9666666","143.0","1998-04-28","  33.9","000000","999.9","  68.0","  45.1"," 15.5"," 0.00","1019.2","999.9","002.1","  56.9","  6.2"," 12.9"
"34504099999","48.6","34.9666666","143.0","1998-04-29","  42.2","000000","999.9","  69.1","  46.2"," 15.5"," 0.00","1020.8","999.9","003.6","  55.5","  6.2","  7.5"
"34504099999","48.6","34.9666666","143.0","1998-04-30","  42.3","000000","999.9","  73.4","  43.7"," 11.7"," 0.00","1020.8","999.9","003.7","  59.6","  6.2","  4.4"
"34504099999","48.6","34.9666666","143.0","1998-05-01","  44.7","000000","999.9","  77.7","  46.0","  5.8"," 0.00","1020.7","999.9","003.7","  60.5","  5.7","  3.6"
"34504099999","48.6","34.9666666","143.0","1998-05-02","  50.0","000010","999.9","  75.9","  52.7","  7.8"," 0.00","1020.0","999.9","003.0","  62.2","  6.2","  6.1"
"34504099999","48.6","34.9666666","143.0","1998-05-03","  51.9","010000","999.9","  64.4","  50.0"," 11.7"," 0.00","1016.2","999.9","999.2","  57.0","  5.3","  8.0"
"34504099999","48.6","34.9666666","143.0","1998-05-04","  55.2","010010","999.9","  69.8","  53.1","  9.7"," 0.08","1008.8","999.9","994.2","  61.7","  5.1","  6.7"
"34504099999","48.6","34.9666666","143.0","1998-05-05","  56.3","010000","999.9","  75.4","  57.7"," 25.3"," 0.02","1001.0","999.9","984.4","  64.5","  6.2"," 17.5"
"34504099999","48.6","34.9666666","143.0","1998-05-06","  46.9","000000","999.9","  70.5","  50.9"," 15.5"," 0.00","1006.5","999.9","989.7","  60.0","  6.2"," 10.4"
"34504099999","48.6","34.9666666","143.0","1998-05-07","  43.8","000000","999.9","  70.9","  52.3","  9.7"," 0.00","1018.3","999.9","001.3","  62.0","  6.2","  6.1"
"34504099999","48.6","34.9666666","143.0","1998-05-08","  45.4","000000","999.9","  74.1","  48.7","  9.7"," 0.00","1028.1","999.9","011.0","  62.1","  6.2","  5.8"
"34504099999","48.6","34.9666666","143.0","1998-05-09","  46.9","000000","999.9","  75.2","  54.9","  9.7"," 0.00","1029.3","999.9","012.3","  65.5","  6.2","  7.2"
"34504099999","48.6","34.9666666","143.0","1998-05-10","  46.9","000000","999.9","  77.9","  57.6"," 11.7"," 0.00","1023.8","999.9","007.0","  69.9","  6.2","  8.0"
"34504099999","48.6","34.9666666","143.0","1998-05-11","  37.1","000000","999.9","  73.4","  57.2"," 17.5"," 0.00","1022.7","999.9","005.7","  65.1","  6.2"," 14.6"
"34504099999","48.6","34.9666666","143.0","1998-05-12","  33.6","000000","999.9","  70.3","  50.9"," 15.5"," 0.00","1018.8","999.9","001.8","  62.9","  6.2"," 13.3"
"34504099999","48.6","34.9666666","143.0","1998-05-13","  41.0","000000","999.9","  72.5","  50.4"," 17.5"," 0.00","1013.3","999.9","996.4","  61.1","  6.2"," 10.9"
"34504099999","48.6","34.9666666","143.0","1998-05-14","  38.0","000000","999.9","  58.8","  45.0"," 15.5"," 0.00","1013.9","999.9","996.6","  51.7","  6.2"," 12.9"
"34504099999","48.6","34.9666666","143.0","1998-05-15","  38.9","000000","999.9","  62.4","  42.4","  5.8"," 0.00","1014.6","999.9","997.4","  51.4","  6.2","  2.5"
"34504099999","48.6","34.9666666","143.0","1998-05-16","  41.3","000000","999.9","  67.1","  44.1","  7.8"," 0.00","1018.6","999.9","001.6","  59.1","  5.7","  4.7"
"34504099999","48.6","34.9666666","143.0","1998-05-17","  43.1","000000","999.9","  73.4","  49.5"," 13.6"," 0.00","1019.3","999.9","002.4","  62.9","  5.7","  9.7"
"34504099999","48.6","34.9666666","143.0","1998-05-18","  52.8","010000","999.9","  62.2","  55.4"," 15.5"," 0.55","1017.2","999.9","000.1","  58.4","  5.3"," 14.1"
"34504099999","48.6","34.9666666","143.0","1998-05-19","  50.0","010000","999.9","  74.3","  54.7"," 17.5"," 0.00","1013.8","999.9","997.0","  63.0","  6.2"," 13.6"
"34504099999","48.6","34.9666666","143.0","1998-05-20","  44.0","010000","999.9","  67.3","  54.5"," 15.5"," 0.01","1007.1","999.9","990.3","  59.0","  6.2"," 10.9"
"34504099999","48.6","34.9666666","143.0","1998-05-21","  53.6","010000","999.9","  60.8","  55.0","  7.8"," 0.24","1003.6","999.9","986.8","  57.9","  4.4","  3.2"
"34504099999","48.6","34.9666666","143.0","1998-05-22","  55.0","110000","999.9","  62.4","  52.7"," 11.7"," 0.10","1002.5","999.9","985.7","  57.6","  2.6","  5.6"
"34504099999","48.6","34.9666666","143.0","1998-05-23","  44.8","010000","999.9","  59.4","  46.4"," 15.5"," 0.12","1006.0","999.9","989.0","  53.5","  5.1"," 10.8"
"34504099999","48.6","34.9666666","143.0","1998-05-24","  38.8","000000","999.9","  60.3","  39.2"," 15.5"," 0.00","1012.6","999.9","995.3","  47.6","  6.2","  8.6"
"34504099999","48.6","34.9666666","143.0","1998-05-25","  38.2","000000","999.9","  68.0","  37.8"," 11.7"," 0.00","1019.2","999.9","002.0","  54.1","  6.2","  6.6"
"34504099999","48.6","34.9666666","143.0","1998-05-26","  48.9","000000","999.9","  75.9","  45.1"," 13.6"," 0.00","1017.6","999.9","000.6","  61.2","  6.2","  7.8"
"34504099999","48.6","34.9666666","143.0","1998-05-27","  56.7","000000","999.9","  83.8","  56.1"," 13.6"," 0.00","1012.9","999.9","996.3","  70.4","  6.2"," 10.0"
"34504099999","48.6","34.9666666","143.0","1998-05-28","  58.1","000000","999.9","  74.7","  59.4"," 11.7"," 0.00","1013.0","999.9","996.3","  67.9","  6.2","  6.1"
"34504099999","48.6","34.9666666","143.0","1998-05-29","  56.3","000000","999.9","  77.4","  59.0"," 11.7"," 0.00","1012.9","999.9","996.3","  69.2","  6.2","  7.5"
"34504099999","48.6","34.9666666","143.0","1998-05-30","  58.3","010010","999.9","  77.9","  61.5","  7.8"," 0.24","1009.9","999.9","993.2","  66.9","  5.1","  5.3"
"34504099999","48.6","34.9666666","143.0","1998-05-31","  58.7","000010","999.9","  79.2","  58.1"," 15.5"," 0.00","1012.2","999.9","995.6","  69.5","  6.2","  4.7"
"34504099999","48.6","34.9666666","143.0","1998-06-01","  55.4","000000","999.9","  79.7","  57.6"," 11.7"," 0.00","1016.2","999.9","999.1","  69.2","  5.8","  7.3"
"34504099999","48.6","34.9666666","143.0","1998-06-02","  56.8","000000","999.9","  79.7","  57.9","  5.8"," 0.00","1016.0","999.9","999.3","  68.8","  6.2","  4.4"
"34504099999","48.6","34.9666666","143.0","1998-06-03","  51.2","000000","999.9","  79.9","  57.9","  7.8"," 0.00","1017.1","999.9","000.4","  70.1","  6.2","  5.5"
"34504099999","48.6","34.9666666","143.0","1998-06-04","  49.5","000000","999.9","  83.1","  61.2","  7.8"," 0.00","1019.8","999.9","003.1","  71.1","  6.2","  3.6"
"34504099999","48.6","34.9666666","143.0","1998-06-05","  54.1","000000","999.9","  85.3","  61.7"," 11.7"," 0.00","1018.4","999.9","001.8","  75.8","  6.2","  6.1"
"34504099999","48.6","34.9666666","143.0","1998-06-06","  60.7","000010","999.9","  85.6","  65.8"," 15.5"," 0.00","1018.9","999.9","002.4","  73.3","  9.7"," 11.9"
"34504099999","48.6","34.9666666","143.0","1998-06-07","  59.6","000000","999.9","  86.4","  64.4"," 11.7"," 0.01","1018.1","999.9","001.6","  76.0","  6.2"," 10.2"
"34504099999","48.6","34.9666666","143.0","1998-06-08","  62.3","000010","999.9","  86.7","  68.0"," 15.5"," 0.08","1018.0","999.9","001.5","  74.5","  6.2","  9.2"
"34504099999","48.6","34.9666666","143.0","1998-06-09","  57.3","000000","999.9","  86.0","  66.6"," 17.5"," 0.00","1017.0","999.9","000.6","  77.9","  6.2"," 11.4"
"34504099999","48.6","34.9666666","143.0","1998-06-10","  56.5","000000","999.9","  88.7","  67.5"," 17.5"," 0.00","1013.0","999.9","996.6","  76.2","  6.2"," 11.1"
"34504099999","48.6","34.9666666","143.0","1998-06-11","  65.8","010110","999.9","  75.2","  66.2","  9.7"," 0.35","1011.9","999.9","995.3","  69.4","  5.5","  7.0"
"34504099999","48.6","34.9666666","143.0","1998-06-12","  65.9","010010","999.9","  83.1","  63.3","  7.8"," 0.00","1012.6","999.9","996.1","  72.6","  5.7","  4.4"
"34504099999","48.6","34.9666666","143.0","1998-06-13","  65.6","000000","999.9","  87.8","  65.5","  3.9"," 0.00","1013.6","999.9","997.2","  76.6","  5.1","  2.2"
"34504099999","48.6","34.9666666","143.0","1998-06-14","  65.0","000000","999.9","  94.3","  72.9"," 17.5"," 0.00","1007.7","999.9","991.5","  82.3","  6.2"," 10.0"
"34504099999","48.6","34.9666666","143.0","1998-06-15","  59.4","000000","999.9","  82.2","  63.0"," 15.5"," 0.00","1009.4","999.9","993.0","  72.6","  6.2"," 10.0"
"34504099999","48.6","34.9666666","143.0","1998-06-16","  55.3","000000","999.9","  78.8","  56.5"," 11.7"," 0.00","1021.5","999.9","004.7","  68.2","  6.2","  7.5"
"34504099999","48.6","34.9666666","143.0","1998-06-17","  55.7","000000","999.9","  85.3","  61.2","  9.7"," 0.00","1021.6","999.9","005.0","  74.7","  6.2","  5.0"
"34504099999","48.6","34.9666666","143.0","1998-06-18","  60.4","000010","999.9","  97.2","  68.4"," 15.5"," 0.00","1011.6","999.9","995.3","  82.9","  6.2"," 12.8"
"34504099999","48.6","34.9666666","143.0","1998-06-19","  62.2","000010","999.9","  90.0","  65.8"," 13.6"," 0.00","1010.6","999.9","994.3","  75.2","  6.2","  8.7"
"34504099999","48.6","34.9666666","143.0","1998-06-20","  57.6","000000","999.9","  76.5","  59.7","  7.8"," 0.00","1016.3","999.9","999.6","  68.0","  6.2","  4.4"
"34504099999","48.6","34.9666666","143.0","1998-06-21","  55.1","010010","999.9","  70.3","  60.4","  9.7"," 0.04","1014.1","999.9","997.3","  64.5","  6.2","  6.7"
"34504099999","48.6","34.9666666","143.0","1998-06-22","  49.5","000000","999.9","  69.6","  55.4"," 11.7"," 0.00","1010.8","999.9","994.0","  62.8","  6.2","  7.8"
"34504099999","48.6","34.9666666","143.0","1998-06-23","  54.0","000000","999.9","  73.0","  55.8"," 11.7"," 0.00","1009.8","999.9","993.1","  64.7","  6.2","  7.5"
"34504099999","48.6","34.9666666","143.0","1998-06-24","  52.6","000000","999.9","  75.9","  55.9"," 15.5"," 0.00","1011.7","999.9","995.0","  65.8","  6.2","  8.7"
"34504099999","48.6","34.9666666","143.0","1998-06-25","  51.3","010000","999.9","  74.8","  56.7","  7.8"," 0.08","1012.3","999.9","995.6","  65.5","  5.7","  5.5"
"34504099999","48.6","34.9666666","143.0","1998-06-26","  50.3","000000","999.9","  72.9","  56.7"," 13.6"," 0.00","1015.4","999.9","998.4","  65.8","  6.2","  7.8"
"34504099999","48.6","34.9666666","143.0","1998-06-27","  49.4","000000","999.9","  74.3","  58.6"," 11.7"," 0.00","1016.9","999.9","000.1","  65.9","  6.2","  7.3"
"34504099999","48.6","34.9666666","143.0","1998-06-28","  49.5","000000","999.9","  75.0","  52.9","  7.8"," 0.00","1017.4","999.9","000.6","  65.2","  6.2","  4.2"
"34504099999","48.6","34.9666666","143.0","1998-06-29","  60.9","010010","999.9","  81.1","  62.8"," 11.7"," 0.02","1015.4","999.9","998.8","  71.1","  6.2","  6.4"
"34504099999","48.6","34.9666666","143.0","1998-06-30","  58.3","100000","999.9","  81.9","  63.1"," 15.5"," 0.00","1014.1","999.9","997.5","  72.3","  4.4","  9.7"
"34504099999","48.6","34.9666666","143.0","1998-07-01","  56.8","000010","999.9","  81.0","  63.9"," 15.5"," 0.00","1011.9","999.9","995.4","  72.2","  6.2","  6.1"
"34504099999","48.6","34.9666666","143.0","1998-07-02","  63.4","000000","999.9","  87.8","  63.0","  9.7"," 3.54","1006.7","999.9","990.3","  73.2","  5.6","  5.5"
"34504099999","48.6","34.9666666","143.0","1998-07-03","  55.0","010000","999.9","  73.9","  59.7"," 15.5"," 0.55","1003.4","999.9","986.9","  67.2","  5.7"," 11.9"
"34504099999","48.6","34.9666666","143.0","1998-07-04","  57.1","010000","999.9","  77.5","  54.7"," 17.5"," 0.12","1003.0","999.9","986.5","  66.7","  5.7","  8.9"
"34504099999","48.6","34.9666666","143.0","1998-07-05","  53.6","000000","999.9","  75.6","  54.7"," 13.6"," 0.00","1001.8","999.9","985.2","  64.7","  5.7","  7.5"
"34504099999","48.6","34.9666666","143.0","1998-07-06","  53.9","000000","999.9","  74.7","  56.1"," 13.6"," 0.00","1003.3","999.9","986.7","  64.9","  6.2","  6.3"
"34504099999","48.6","34.9666666","143.0","1998-07-07","  53.4","010000","999.9","  77.9","  55.4"," 13.6"," 0.00","1004.2","999.9","987.6","  67.2","  6.2","  9.2"
"34504099999","48.6","34.9666666","143.0","1998-07-08","  60.7","010000","999.9","  77.2","  59.0"," 13.6"," 0.06","1003.4","999.9","986.9","  68.4","  5.7","  8.3"
"34504099999","48.6","34.9666666","143.0","1998-07-09","  63.9","000010","999.9","  84.0","  64.2"," 17.5"," 0.00"," 999.3","999.9","983.0","  73.3","  6.2"," 12.2"
"34504099999","48.6","34.9666666","143.0","1998-07-10","  58.3","010010","999.9","  68.4","  54.0"," 17.5"," 0.47"," 999.9","999.9","983.2","  61.5","  5.7"," 10.4"
"34504099999","48.6","34.9666666","143.0","1998-07-11","  53.3","010000"," 40.8","  68.7","  53.8"," 33.0"," 0.04","1002.5","999.9","985.8","  61.8","  6.2"," 21.9"
"34504099999","48.6","34.9666666","143.0","1998-07-12","  54.1","000000","999.9","  78.3","  55.4"," 17.5"," 0.00","1008.3","999.9","991.7","  66.8","  6.2"," 12.6"
"34504099999","48.6","34.9666666","143.0","1998-07-13","  56.5","010000","999.9","  73.8","  59.4"," 11.7"," 0.00","1011.3","999.9","994.7","  66.7","  6.2","  7.1"
"34504099999","48.6","34.9666666","143.0","1998-07-14","  59.3","000000","999.9","  84.7","  55.6","  9.7"," 0.00","1014.6","999.9","998.1","  71.5","  6.2","  5.3"
"34504099999","48.6","34.9666666","143.0","1998-07-15","  62.2","000000","999.9","  88.5","  63.1","  9.7"," 0.00","1013.3","999.9","996.9","  76.7","  6.2","  5.3"
"34504099999","48.6","34.9666666","143.0","1998-07-16","  58.8","000000","999.9","  93.2","  65.8"," 11.7"," 0.00","1007.4","999.9","991.2","  79.6","  6.2","  7.5"
"34504099999","48.6","34.9666666","143.0","1998-07-17","  66.6","000010","999.9","  86.7","  67.8"," 13.6"," 0.04","1000.7","999.9","984.5","  76.0","  6.2","  8.3"
"34504099999","48.6","34.9666666","143.0","1998-07-18","  55.3","010010","999.9","  71.4","  60.1"," 23.3"," 0.03","1005.4","999.9","989.6","  64.6","  5.7"," 16.4"
"34504099999","48.6","34.9666666","143.0","1998-07-19","  55.6","000000","999.9","  82.2","  58.3"," 17.5"," 0.00","1018.4","999.9","001.7","  70.6","  6.2"," 11.2"
"34504099999","48.6","34.9666666","143.0","1998-07-20","  60.5","000000","999.9","  86.2","  60.4","  7.8"," 0.00","1021.0","999.9","004.5","  75.4","  6.2","  4.6"
"34504099999","48.6","34.9666666","143.0","1998-07-21","  62.8","010000","999.9","  85.5","  66.0"," 13.6"," 0.00","1019.1","999.9","002.6","  74.6","  6.2","  7.8"
"34504099999","48.6","34.9666666","143.0","1998-07-22","  62.7","000000","999.9","  89.1","  66.9"," 13.6"," 0.00","1019.2","999.9","002.7","  78.7","  6.2"," 10.0"
"34504099999","48.6","34.9666666","143.0","1998-07-23","  59.6","000000","999.9","  90.7","  67.6"," 11.7"," 0.00","1018.9","999.9","002.5","  79.5","  6.2","  6.8"
"34504099999","48.6","34.9666666","143.0","1998-07-24","  59.6","000000","999.9","  93.2","  67.5","  5.8"," 0.00","1016.3","999.9","000.0","  81.7","  5.5","  2.5"
"34504099999","48.6","34.9666666","143.0","1998-07-25","  62.8","000000","999.9","  95.9","  71.6","  9.7"," 0.00","1012.6","999.9","996.4","  83.4","  5.1","  5.8"
"34504099999","48.6","34.9666666","143.0","1998-07-26","  64.7","000000","999.9","  91.4","  73.4"," 13.6"," 0.00","1012.4","999.9","996.2","  82.4","  5.4"," 10.8"
"34504099999","48.6","34.9666666","143.0","1998-07-27","  65.1","000010","999.9","  91.8","  70.5"," 17.5"," 0.04","1011.6","999.9","995.3","  78.4","  6.2"," 14.1"
"34504099999","48.6","34.9666666","143.0","1998-07-28","  66.4","010010","999.9","  94.3","  69.1"," 11.7"," 0.94","1010.4","999.9","994.0","  77.7","  6.2","  7.8"
"34504099999","48.6","34.9666666","143.0","1998-07-29","  68.2","000010","999.9","  97.3","  68.0"," 11.7"," 0.02","1007.4","999.9","991.2","  80.0","  5.3","  7.5"
"34504099999","48.6","34.9666666","143.0","1998-07-30","  66.2","000010","999.9","  86.7","  72.3"," 15.5"," 0.16","1008.7","999.9","992.4","  76.7","  6.2","  9.7"
"34504099999","48.6","34.9666666","143.0","1998-07-31","  65.8","000000","999.9","  93.0","  70.2"," 11.7"," 0.00","1012.9","999.9","996.7","  81.6","  6.2","  8.5"
"34504099999","48.6","34.9666666","143.0","1998-08-01","  63.4","000000","999.9","  97.5","  73.6","  9.7"," 0.00","1015.0","999.9","998.6","  87.1","  6.2","  7.0"
"34504099999","48.6","34.9666666","143.0","1998-08-02","  64.7","000000","999.9","  97.9","  77.9"," 13.6"," 0.00","1017.2","999.9","001.0","  87.7","  6.2","  9.5"
"34504099999","48.6","34.9666666","143.0","1998-08-03","  65.5","000000","999.9","  96.6","  74.7","  9.7"," 0.00","1018.1","999.9","001.9","  85.5","  6.2","  7.8"
"34504099999","48.6","34.9666666","143.0","1998-08-04","  66.1","000000","999.9","  90.9","  72.7"," 17.5"," 0.00","1016.3","999.9","000.0","  81.9","  6.2","  9.7"
"34504099999","48.6","34.9666666","143.0","1998-08-05","  67.5","000000","999.9","  93.4","  70.9"," 13.6"," 0.00","1014.5","999.9","998.2","  82.2","  6.2","  5.8"
"34504099999","48.6","34.9666666","143.0","1998-08-06","  62.2","010000","999.9","  77.0","  67.5"," 11.7"," 0.12","1015.9","999.9","999.3","  71.4","  5.7","  8.5"
"34504099999","48.6","34.9666666","143.0","1998-08-07","  50.4","000000","999.9","  75.6","  60.8"," 17.5"," 0.00","1019.2","999.9","002.5","  68.0","  6.2"," 10.2"
"34504099999","48.6","34.9666666","143.0","1998-08-08","  55.2","000000","999.9","  76.1","  56.8"," 15.5"," 0.00","1017.3","999.9","000.4","  66.2","  6.2","  8.3"
"34504099999","48.6","34.9666666","143.0","1998-08-09","  56.0","000000","999.9","  82.0","  56.5","  7.8"," 0.00","1013.6","999.9","997.0","  69.8","  6.2","  6.3"
"34504099999","48.6","34.9666666","143.0","1998-08-10","  51.3","010010","999.9","  70.2","  58.6"," 19.4"," 0.08","1010.7","999.9","994.0","  64.6","  6.2"," 14.6"
"34504099999","48.6","34.9666666","143.0","1998-08-11","  47.5","000000","999.9","  73.4","  52.5"," 23.3"," 0.00","1014.8","999.9","997.9","  62.5","  6.2"," 14.7"
"34504099999","48.6","34.9666666","143.0","1998-08-12","  46.8","000000","999.9","  70.2","  50.9"," 19.4"," 0.00","1014.4","999.9","997.4","  60.5","  6.2"," 12.4"
"34504099999","48.6","34.9666666","143.0","1998-08-13","  47.2","000000","999.9","  74.7","  50.0"," 15.5"," 0.00","1017.4","999.9","000.5","  63.8","  6.2","  9.5"
"34504099999","48.6","34.9666666","143.0","1998-08-14","  47.1","000000","999.9","  78.3","  52.7","  3.9"," 0.00","1017.5","999.9","000.8","  68.0","  6.2","  2.9"
"34504099999","48.6","34.9666666","143.0","1998-08-15","  48.2","000000","999.9","  81.7","  51.4"," 11.7"," 0.08","1013.9","999.9","997.3","  68.4","  5.5","  8.5"
"34504099999","48.6","34.9666666","143.0","1998-08-17","  54.3","000000","999.9","  75.2","  57.7"," 11.7"," 0.00","1018.1","999.9","001.2","  66.1","  5.8","  7.8"
"34504099999","48.6","34.9666666","143.0","1998-08-18","  58.1","000000","999.9","  84.0","  58.1","  3.9"," 0.00","1017.2","999.9","000.5","  70.3","  5.7","  2.7"
"34504099999","48.6","34.9666666","143.0","1998-08-19","  55.9","000000","999.9","  87.6","  60.8","  9.7"," 0.00","1015.2","999.9","998.7","  73.2","  6.2","  5.3"
"34504099999","48.6","34.9666666","143.0","1998-08-20","  53.6","000000","999.9","  79.7","  61.9"," 15.5"," 0.00","1015.1","999.9","998.5","  70.0","  6.2"," 10.0"
"34504099999","48.6","34.9666666","143.0","1998-08-21","  49.7","000000","999.9","  81.3","  56.7"," 11.7"," 0.00","1015.3","999.9","998.6","  68.8","  6.2"," 10.7"
"34504099999","48.6","34.9666666","143.0","1998-08-22","  56.1","000000","999.9","  92.1","  60.8","  9.7"," 0.00","1006.7","999.9","990.4","  77.1","  6.2","  4.9"
"34504099999","48.6","34.9666666","143.0","1998-08-23","  58.8","010010","999.9","  74.7","  59.4"," 17.5"," 0.04","1006.1","999.9","989.6","  68.5","  5.7"," 11.1"
"34504099999","48.6","34.9666666","143.0","1998-08-24","  49.7","000000","999.9","  72.1","  50.4"," 17.5"," 0.08","1014.1","999.9","997.2","  60.3","  5.3","  9.2"
"34504099999","48.6","34.9666666","143.0","1998-08-25","  51.6","000000","999.9","  82.9","  51.4"," 15.5"," 0.00","1010.5","999.9","993.9","  68.2","  5.1","  8.9"
"34504099999","48.6","34.9666666","143.0","1998-08-26","  47.1","000000","999.9","  71.6","  49.8"," 15.5"," 0.01","1012.0","999.9","995.1","  60.1","  6.2"," 10.4"
"34504099999","48.6","34.9666666","143.0","1998-08-27","  45.1","000000","999.9","  77.2","  46.8"," 13.6"," 0.00","1013.6","999.9","996.7","  60.5","  7.1","  7.5"
"34504099999","48.6","34.9666666","143.0","1998-08-28","  49.9","000000","999.9","  81.5","  52.7","  9.7"," 0.00","1012.6","999.9","995.9","  66.7","  6.2","  5.8"
"34504099999","48.6","34.9666666","143.0","1998-08-29","  51.5","000000","999.9","  76.3","  53.1"," 13.6"," 0.00","1011.7","999.9","994.9","  63.4","  5.7","  8.9"
"34504099999","48.6","34.9666666","143.0","1998-08-30","  54.7","010000","999.9","  75.7","  50.0"," 23.3"," 0.06","1007.2","999.9","990.4","  61.5","  6.2"," 14.8"
"34504099999","48.6","34.9666666","143.0","1998-08-31","  46.2","000000","999.9","  71.1","  46.9"," 17.5"," 0.00","1013.1","999.9","996.0","  56.8","  6.2"," 10.0"
"34504099999","48.6","34.9666666","143.0","1998-09-01","  47.5","000000","999.9","  71.6","  48.2","  9.7"," 0.00","1014.7","999.9","997.7","  59.6","  6.2","  5.1"
"34504099999","48.6","34.9666666","143.0","1998-09-02","  45.9","000000","999.9","  64.9","  51.1"," 11.7"," 0.00","1017.4","999.9","000.4","  58.0","  6.2","  7.5"
"34504099999","48.6","34.9666666","143.0","1998-09-03","  42.1","000000","999.9","  55.9","  46.8","  9.7"," 0.00","1019.8","999.9","002.5","  52.1","  6.2","  7.8"
"34504099999","48.6","34.9666666","143.0","1998-09-04","  43.8","010000","999.9","  61.5","  43.5"," 13.6","99.99","1018.6","999.9","001.2","  50.3","  6.2","  7.0"
"34504099999","48.6","34.9666666","143.0","1998-09-05","  45.1","000000","999.9","  64.4","  44.2"," 11.7"," 0.00","1021.8","999.9","004.5","  54.1","  5.7","  8.5"
"34504099999","48.6","34.9666666","143.0","1998-09-06","  40.0","000000","999.9","  66.0","  46.4"," 11.7"," 0.00","1024.1","999.9","006.9","  55.3","  6.2","  8.5"
"34504099999","48.6","34.9666666","143.0","1998-09-07","  35.7","000000","999.9","  68.2","  40.1"," 15.5"," 0.00","1023.8","999.9","005.9","  54.8","  6.2","  9.2"
"34504099999","48.6","34.9666666","143.0","1998-09-08","  37.0","000000","999.9","  73.4","  46.0"," 17.5"," 0.00","1021.5","999.9","004.3","  58.3","  6.2","  8.3"
"34504099999","48.6","34.9666666","143.0","1998-09-09","  40.6","000000","999.9","  75.9","  49.1","  9.7"," 0.00","1023.2","999.9","006.2","  62.6","  6.2","  7.8"
"34504099999","48.6","34.9666666","143.0","1998-09-10","  43.3","000000","999.9","  76.6","  49.5"," 13.6"," 0.00","1025.3","999.9","008.2","  62.7","  6.2","  8.0"
"34504099999","48.6","34.9666666","143.0","1998-09-11","  40.9","000000","999.9","  81.5","  50.5"," 13.6"," 0.00","1022.8","999.9","005.7","  64.1","  6.2","  9.2"
"34504099999","48.6","34.9666666","143.0","1998-09-12","  40.8","000000","999.9","  83.5","  50.0"," 17.5"," 0.00","1016.4","999.9","999.6","  66.8","  6.2"," 13.0"
"34504099999","48.6","34.9666666","143.0","1998-09-13","  49.8","000000","999.9","  82.9","  54.0"," 17.5"," 0.00","1008.5","999.9","992.0","  68.2","  6.2"," 13.8"
"34504099999","48.6","34.9666666","143.0","1998-09-14","  55.6","000000","999.9","  85.1","  64.4"," 13.6"," 0.00","1005.4","999.9","989.0","  71.5","  6.2"," 12.4"
"34504099999","48.6","34.9666666","143.0","1998-09-15","  51.8","000000","999.9","  80.8","  64.0"," 17.5"," 0.00","1006.9","999.9","990.4","  70.0","  6.2"," 10.4"
"34504099999","48.6","34.9666666","143.0","1998-09-16","  52.1","010000","999.9","  67.8","  55.4"," 17.5"," 0.02","1004.2","999.9","987.4","  60.7","  5.6","  9.1"
"34504099999","48.6","34.9666666","143.0","1998-09-17","  50.1","000000","999.9","  72.3","  49.8","  5.8"," 0.00","1013.8","999.9","996.9","  61.5","  6.2","  3.1"
"34504099999","48.6","34.9666666","143.0","1998-09-18","  46.6","000000","999.9","  75.6","  48.9"," 13.6"," 0.00","1018.8","999.9","001.8","  63.1","  6.2","  8.7"
"34504099999","48.6","34.9666666","143.0","1998-09-19","  54.4","000000","999.9","  81.3","  57.7"," 17.5"," 0.00","1019.1","999.9","002.4","  69.0","  6.2"," 12.4"
"34504099999","48.6","34.9666666","143.0","1998-09-20","  48.4","000000","999.9","  83.1","  60.4"," 17.5"," 0.00","1016.6","999.9","000.0","  70.6","  6.2"," 16.0"
"34504099999","48.6","34.9666666","143.0","1998-09-21","  47.0","010000","999.9","  79.5","  57.2"," 17.5"," 0.00","1013.9","999.9","997.5","  67.8","  5.7"," 13.8"
"34504099999","48.6","34.9666666","143.0","1998-09-22","  52.9","010000","999.9","  76.1","  57.2"," 17.5"," 0.24","1014.1","999.9","997.3","  64.9","  5.3"," 11.4"
"34504099999","48.6","34.9666666","143.0","1998-09-23","  50.0","000000","999.9","  74.5","  56.7"," 19.4"," 0.00","1011.9","999.9","995.1","  63.1","  6.2"," 15.3"
"34504099999","48.6","34.9666666","143.0","1998-09-24","  41.6","000000","999.9","  65.8","  50.0"," 15.5"," 0.00","1018.8","999.9","001.7","  56.9","  6.2"," 10.4"
"34504099999","48.6","34.9666666","143.0","1998-09-25","  41.8","000000","999.9","  69.1","  42.3"," 15.5"," 0.00","1020.0","999.9","002.8","  55.6","  6.2","  9.0"
"34504099999","48.6","34.9666666","143.0","1998-09-26","  43.7","000000","999.9","  66.6","  45.0"," 13.6"," 0.00","1022.0","999.9","004.8","  56.0","  6.2","  6.1"
"34504099999","48.6","34.9666666","143.0","1998-09-27","  48.8","000000","999.9","  74.7","  49.5"," 11.7"," 0.00","1020.0","999.9","002.9","  59.9","  6.2","  6.7"
"34504099999","48.6","34.9666666","143.0","1998-09-28","  50.1","000000","999.9","  77.5","  52.7"," 15.5"," 0.00","1014.6","999.9","997.8","  62.8","  5.7"," 10.0"
"34504099999","48.6","34.9666666","143.0","1998-09-29","  56.7","000000","999.9","  77.0","  52.7"," 13.6"," 0.00","1007.5","999.9","990.9","  66.8","  5.7","  8.6"
"34504099999","48.6","34.9666666","143.0","1998-09-30","  60.6","010010","999.9","  70.9","  59.4","  9.7"," 0.04","1004.0","999.9","987.4","  64.9","  4.3","  5.8"
"34504099999","48.6","34.9666666","143.0","1998-10-01","  45.9","010000","999.9","  56.1","  42.4"," 13.6"," 0.31","1006.2","999.9","989.3","  50.0","  3.9"," 11.7"
"34504099999","48.6","34.9666666","143.0","1998-10-02","  30.5","010000","999.9","  43.3","  37.0"," 13.6"," 0.00","1016.0","999.9","998.4","  40.5","  6.2"," 12.0"
"34504099999","48.6","34.9666666","143.0","1998-10-03","  29.6","000000","999.9","  40.6","  37.2"," 15.5"," 0.00","1020.6","999.9","002.9","  38.6","  6.2"," 11.7"
"34504099999","48.6","34.9666666","143.0","1998-10-04","  32.9","010000","999.9","  46.9","  34.7"," 17.5"," 0.00","1016.9","999.9","999.2","  39.9","  4.8"," 13.4"
"34504099999","48.6","34.9666666","143.0","1998-10-05","  43.9","010000","999.9","  49.6","  42.4"," 17.5"," 0.24","1011.7","999.9","994.3","  46.2","  3.7"," 12.6"
"34504099999","48.6","34.9666666","143.0","1998-10-06","  39.1","010000","999.9","  50.0","  41.2"," 13.6"," 0.05","1022.0","999.9","004.3","  43.6","  4.2"," 10.4"
"34504099999","48.6","34.9666666","143.0","1998-10-07","  31.7","000000","999.9","  46.4","  36.5"," 13.6"," 0.00","1031.6","999.9","013.8","  41.7","  6.2"," 12.3"
"34504099999","48.6","34.9666666","143.0","1998-10-08","  26.2","000000","999.9","  49.6","  31.1"," 13.6"," 0.00","1039.3","999.9","021.2","  38.3","  6.2","  8.7"
"34504099999","48.6","34.9666666","143.0","1998-10-09","  31.3","000000","999.9","  59.9","  29.1"," 11.7"," 0.00","1032.9","999.9","015.1","  44.3","  6.2","  8.0"
"34504099999","48.6","34.9666666","143.0","1998-10-10","  47.9","000000","999.9","  68.2","  41.7"," 17.5"," 0.00","1020.5","999.9","003.3","  55.6","  5.7"," 11.9"
"34504099999","48.6","34.9666666","143.0","1998-10-11","  50.3","010000","999.9","  75.2","  57.0"," 15.5"," 0.00","1012.3","999.9","995.5","  62.4","  5.1","  9.7"
"34504099999","48.6","34.9666666","143.0","1998-10-12","  45.6","000000","999.9","  71.1","  45.1","  7.8"," 0.00","1014.8","999.9","997.8","  57.8","  6.2","  3.4"
"34504099999","48.6","34.9666666","143.0","1998-10-13","  51.1","000000","999.9","  72.9","  53.4"," 13.6"," 0.00","1011.0","999.9","994.0","  61.4","  5.7","  9.0"
"34504099999","48.6","34.9666666","143.0","1998-10-14","  51.4","000000","999.9","  73.9","  49.5"," 13.6"," 0.00","1014.3","999.9","997.4","  60.0","  5.5","  8.0"
"34504099999","48.6","34.9666666","143.0","1998-10-15","  44.0","000000","999.9","  61.5","  45.0"," 15.5"," 0.00","1017.2","999.9","000.0","  52.8","  5.1"," 10.7"
"34504099999","48.6","34.9666666","143.0","1998-10-16","  39.8","000000","999.9","  60.4","  35.1"," 13.6"," 0.00","1017.8","999.9","000.3","  48.0","  2.8","  7.5"
"34504099999","48.6","34.9666666","143.0","1998-10-17","  32.9","000000","999.9","  60.6","  35.4"," 11.7"," 0.00","1024.2","999.9","006.7","  46.7","  5.7","  6.8"
"34504099999","48.6","34.9666666","143.0","1998-10-18","  38.6","000000","999.9","  68.4","  37.4"," 13.6"," 0.00","1020.2","999.9","002.9","  52.7","  6.2"," 10.4"
"34504099999","48.6","34.9666666","143.0","1998-10-19","  52.0","000000","999.9","  60.3","  48.9","  7.8"," 0.00","1019.5","999.9","002.4","  56.7","  2.3","  3.9"
"34504099999","48.6","34.9666666","143.0","1998-10-20","  48.9","100000","999.9","  66.9","  46.4"," 11.7"," 0.00","1020.5","999.9","003.2","  53.1","  1.3","  5.8"
"34504099999","48.6","34.9666666","143.0","1998-10-21","  42.6","011000","999.9","  56.1","  34.3"," 23.3"," 0.39","1018.5","999.9","001.0","  45.3","  1.6"," 16.5"
"34504099999","48.6","34.9666666","143.0","1998-10-22","  34.4","000000","999.9","  50.7","  32.0"," 13.6"," 0.00","1031.7","999.9","013.7","  40.7","  4.7","  7.0"
"34504099999","48.6","34.9666666","143.0","1998-10-23","  42.9","010000","999.9","  52.0","  38.3","  9.7"," 0.00","1028.3","999.9","010.7","  47.8","  3.0","  7.0"
"34504099999","48.6","34.9666666","143.0","1998-10-24","  41.5","000000","999.9","  54.5","  38.7"," 11.7"," 0.00","1027.7","999.9","010.1","  47.0","  2.3","  8.0"
"34504099999","48.6","34.9666666","143.0","1998-10-25","  29.7","000000","999.9","  54.3","  34.9"," 15.5"," 0.00","1018.7","999.9","001.1","  43.2","  5.0"," 13.3"
"34504099999","48.6","34.9666666","143.0","1998-10-26","  46.2","010000","999.9","  59.0","  40.5"," 15.5"," 0.04","1008.7","999.9","991.6","  50.6","  2.3"," 13.6"
"34504099999","48.6","34.9666666","143.0","1998-10-27","  49.3","010000","999.9","  56.1","  45.0"," 15.5"," 0.67","1007.6","999.9","990.5","  50.8","  1.4"," 12.9"
"34504099999","48.6","34.9666666","143.0","1998-10-28","  37.5","000000","999.9","  52.0","  37.8"," 15.5"," 0.08","1017.1","999.9","999.6","  43.8","  3.0"," 13.3"
"34504099999","48.6","34.9666666","143.0","1998-10-29","  44.3","000000","999.9","  59.0","  40.6"," 23.3"," 0.00","1008.1","999.9","990.9","  49.9","  5.0"," 15.5"
"34504099999","48.6","34.9666666","143.0","1998-10-30","  43.7","000000","999.9","  58.1","  39.6"," 21.4"," 0.00","1005.4","999.9","988.4","  48.1","  4.4"," 13.6"
"34504099999","48.6","34.9666666","143.0","1998-10-31","  35.2","000000","999.9","  56.8","  35.2"," 17.5"," 0.00","1012.3","999.9","994.9","  44.9","  5.4","  7.3"
"34504099999","48.6","34.9666666","143.0","1998-11-01","  35.5","010000","999.9","  49.3","  37.4","  7.8"," 0.08","1012.1","999.9","994.6","  42.7","  6.2","  5.5"
"34504099999","48.6","34.9666666","143.0","1998-11-02","  38.7","010000","999.9","  55.6","  37.0"," 17.5"," 0.39","1005.9","999.9","988.5","  42.5","  4.7"," 11.3"
"34504099999","48.6","34.9666666","143.0","1998-11-03","  32.8","000000","999.9","  49.6","  33.4"," 17.5"," 0.00","1014.0","999.9","996.4","  40.8","  5.0"," 13.3"
"34504099999","48.6","34.9666666","143.0","1998-11-04","  50.6","000000","999.9","  59.0","  40.3"," 15.5"," 0.00","1011.1","999.9","994.1","  53.3","  4.3"," 12.6"
"34504099999","48.6","34.9666666","143.0","1998-11-05","  52.6","010000","999.9","  67.3","  49.6"," 23.3"," 0.00","1007.2","999.9","990.3","  57.5","  3.7"," 14.3"
"34504099999","48.6","34.9666666","143.0","1998-11-06","  33.9","010000","999.9","  48.9","  33.3"," 13.6"," 0.12","1018.7","999.9","001.1","  41.6","  5.3"," 11.2"
"34504099999","48.6","34.9666666","143.0","1998-11-07","  31.5","000000","999.9","  47.1","  33.1"," 15.5"," 0.00","1019.2","999.9","001.5","  39.1","  4.6"," 11.1"
"34504099999","48.6","34.9666666","143.0","1998-11-08","  26.6","010000","999.9","  38.3","  28.8"," 23.3"," 0.02","1021.4","999.9","003.5","  34.4","  5.7"," 17.2"
"34504099999","48.6","34.9666666","143.0","1998-11-09","  24.3","001000","999.9","  34.9","  25.7"," 11.7"," 0.00","1021.6","999.9","003.5","  29.7","  5.7","  6.9"
"34504099999","48.6","34.9666666","143.0","1998-11-10","  18.9","001000","999.9","  29.8","  20.5"," 13.6"," 0.00","1023.4","999.9","005.1","  25.2","  5.7","  9.5"
"34504099999","48.6","34.9666666","143.0","1998-11-11","  18.1","000000","999.9","  30.2","  18.7"," 13.6"," 0.00","1026.6","999.9","008.2","  24.5","  4.3","  8.3"
"34504099999","48.6","34.9666666","143.0","1998-11-12","  22.0","010000","999.9","  33.4","  25.9"," 17.5"," 0.00","1024.5","999.9","006.3","  28.9","  5.0"," 15.5"
"34504099999","48.6","34.9666666","143.0","1998-11-13","  28.3","010000","999.9","  32.4","  28.0"," 17.5"," 0.31","1014.5","999.9","996.5","  30.6","  2.5"," 10.9"
"34504099999","48.6","34.9666666","143.0","1998-11-14","  21.7","000000","999.9","  30.2","  20.7"," 17.5"," 0.00","1015.1","999.9","996.9","  24.5","  4.3"," 13.8"
"34504099999","48.6","34.9666666","143.0","1998-11-15","  21.8","100000","999.9","  28.4","  18.0"," 15.5"," 0.00","1016.8","999.9","998.6","  23.5","  3.1","  9.7"
"34504099999","48.6","34.9666666","143.0","1998-11-16","  31.7","110000","999.9","  37.8","  27.9"," 17.5"," 0.28","1011.3","999.9","993.5","  32.1","  0.6"," 10.5"
"34504099999","48.6","34.9666666","143.0","1998-11-17","  26.0","000000","999.9","  35.6","  27.7"," 19.4"," 0.00","1006.8","999.9","989.0","  31.7","  5.7"," 14.6"
"34504099999","48.6","34.9666666","143.0","1998-11-18","  18.9","001000","999.9","  26.2","  20.7"," 13.6"," 0.02","1011.7","999.9","993.5","  23.5","  3.3"," 11.9"
"34504099999","48.6","34.9666666","143.0","1998-11-19","  15.6","001000","999.9","  22.8","  15.8"," 11.7"," 0.01","1021.9","  0.4","003.5","  20.3","  3.3","  9.2"
"34504099999","48.6","34.9666666","143.0","1998-11-20","  16.7","000000","999.9","  28.9","  12.2"," 11.7"," 0.00","1030.8","  0.4","012.2","  21.6","  3.7","  4.1"
"34504099999","48.6","34.9666666","143.0","1998-11-21","  18.1","000000","999.9","  25.9","  18.3"," 15.5"," 0.00","1035.3","  0.4","016.7","  23.5","  5.3"," 14.3"
"34504099999","48.6","34.9666666","143.0","1998-11-22","  10.9","000000","999.9","  23.5","  12.7"," 17.5"," 0.00","1043.3","  0.4","024.3","  17.0","  6.2"," 15.3"
"34504099999","48.6","34.9666666","143.0","1998-11-23","   9.9","000000","999.9","  28.0","  12.0"," 17.5"," 0.00","1040.6","999.9","021.8","  18.8","  6.2"," 14.4"
"34504099999","48.6","34.9666666","143.0","1998-11-24","  15.9","000000","999.9","  38.8","  18.0"," 17.5"," 0.00","1028.5","999.9","010.2","  27.3","  6.2"," 15.3"
"34504099999","48.6","34.9666666","143.0","1998-11-25","  27.4","010000","999.9","  30.6","  26.8"," 13.6"," 0.08","1021.3","999.9","003.2","  29.5","  2.3","  4.7"
"34504099999","48.6","34.9666666","143.0","1998-11-26","  30.9","110000","999.9","  32.4","  29.5","  5.8"," 0.01","1024.4","999.9","006.3","  31.0","  0.2","  2.9"
"34504099999","48.6","34.9666666","143.0","1998-11-27","  29.7","111000","999.9","  32.4","  26.4"," 15.5"," 0.06","1027.1","  0.4","008.9","  30.3","  0.5","  7.5"
"34504099999","48.6","34.9666666","143.0","1998-11-28","  19.2","011000","999.9","  24.4","  18.7"," 17.5"," 0.01","1029.6","  0.4","013.0","  21.8","  1.7"," 15.2"
"34504099999","48.6","34.9666666","143.0","1998-11-29","  13.5","001000","999.9","  22.1","  15.4"," 19.4"," 0.18","1024.8","999.9","007.3","  16.9","  1.5"," 17.2"
"34504099999","48.6","34.9666666","143.0","1998-11-30","   7.3","001000","999.9","  13.3","  10.6"," 17.5"," 0.04","1029.2","  2.0","010.2","  11.6","  1.9"," 14.6"
"34504099999","48.6","34.9666666","143.0","1998-12-01","   1.6","001000","999.9","  10.8","   2.8"," 17.5"," 0.00","1037.8","  3.5","018.6","   7.5","  4.5"," 15.3"
"34504099999","48.6","34.9666666","143.0","1998-12-02","   0.6","000000","999.9","  17.2","   1.6"," 17.5"," 0.00","1040.7","  3.5","021.4","   9.8","  6.2"," 13.8"
"34504099999","48.6","34.9666666","143.0","1998-12-03","   3.1","000000","999.9","  24.4","   9.7"," 15.5"," 0.00","1034.9","  3.1","016.0","  16.8","  6.2"," 13.0"
"34504099999","48.6","34.9666666","143.0","1998-12-04","  18.8","101000","999.9","  26.6","  18.0","  9.7"," 0.00","1026.6","999.9","008.1","  22.2","  3.6","  3.9"
"34504099999","48.6","34.9666666","143.0","1998-12-05","  30.1","110000","999.9","  37.8","  21.9"," 15.5"," 0.43","1010.8","  3.1","992.9","  31.1","  0.4"," 12.1"
"34504099999","48.6","34.9666666","143.0","1998-12-06","  36.4","110000","999.9","  40.5","  32.0","  9.7"," 0.02","1006.7","999.9","989.1","  36.4","  0.2","  7.2"
"34504099999","48.6","34.9666666","143.0","1998-12-07","  26.8","100000","999.9","  31.1","  25.5","  7.8"," 0.04","1018.5","999.9","000.4","  28.4","  1.3","  4.6"
"34504099999","48.6","34.9666666","143.0","1998-12-08","  25.1","100000","999.9","  30.2","  22.8","  5.8"," 0.00","1024.4","999.9","006.1","  25.4","  0.2","  2.5"
"34504099999","48.6","34.9666666","143.0","1998-12-09","  25.3","100000","999.9","  27.5","  24.1","  9.7"," 0.00","1022.2","999.9","003.9","  25.6","  0.3","  6.9"
"34504099999","48.6","34.9666666","143.0","1998-12-10","  22.2","101000","999.9","  26.2","  16.2"," 13.6"," 0.24","1017.6","999.9","999.3","  23.2","  2.0","  9.5"
"34504099999","48.6","34.9666666","143.0","1998-12-11","  15.2","001000","999.9","  32.0","   8.8"," 13.6"," 0.02","1019.5","  3.9","001.0","  18.4","  2.1"," 10.4"
"34504099999","48.6","34.9666666","143.0","1998-12-12","  14.0","000000","999.9","  25.9","   8.8"," 17.5"," 0.00","1021.3","  3.9","002.8","  18.9","  2.5"," 15.1"
"34504099999","48.6","34.9666666","143.0","1998-12-13","  19.4","001000","999.9","  28.4","  22.6"," 17.5"," 0.00","1019.5","  3.5","001.3","  25.1","  4.3"," 12.4"
"34504099999","48.6","34.9666666","143.0","1998-12-14","  27.9","000000","999.9","  34.5","  27.0"," 11.7"," 0.00","1020.6","  2.8","002.6","  31.4","  4.7","  8.9"
"34504099999","48.6","34.9666666","143.0","1998-12-15","  30.1","000000","999.9","  37.4","  29.8","  7.8"," 0.00","1026.0","  2.0","007.9","  32.5","  1.8","  5.3"
"34504099999","48.6","34.9666666","143.0","1998-12-16","  28.6","100000","999.9","  31.5","  25.3","  5.8"," 0.00","1024.8","  1.6","006.6","  28.6","  0.1","  0.7"
"34504099999","48.6","34.9666666","143.0","1998-12-17","  26.2","100000","999.9","  29.7","  24.6","  9.7"," 0.00","1020.0","999.9","001.9","  26.9","  0.3","  5.0"
"34504099999","48.6","34.9666666","143.0","1998-12-18","  27.5","010000","999.9","  30.0","  28.8","  9.7"," 0.02","1023.8","  0.8","005.7","  29.4","  2.1","  8.7"
"34504099999","48.6","34.9666666","143.0","1998-12-19","  28.4","100000","999.9","  36.3","  28.0"," 17.5"," 0.00","1018.0","  0.8","000.0","  30.5","  1.7"," 14.3"
"34504099999","48.6","34.9666666","143.0","1998-12-20","  31.3","100000","999.9","  37.8","  28.8"," 13.6"," 0.00","1009.1","  0.4","991.3","  32.4","  0.6"," 10.2"
"34504099999","48.6","34.9666666","143.0","1998-12-21","  28.9","100000","999.9","  30.9","  26.2","  9.7"," 0.00","1012.8","  0.4","994.8","  28.9","  0.2","  8.3"
"34504099999","48.6","34.9666666","143.0","1998-12-22","  29.4","101000","999.9","  31.8","  27.0"," 13.6"," 0.20","1011.9","999.9","993.9","  29.8","  0.3","  6.8"
"34504099999","48.6","34.9666666","143.0","1998-12-23","   8.1","000000","999.9","  27.0","   5.9"," 17.5"," 0.00","1028.5","999.9","009.7","  14.7","  5.4"," 11.9"
"34504099999","48.6","34.9666666","143.0","1998-12-24","  -0.1","000000","999.9","  18.3","   3.2","  9.7"," 0.00","1034.9","  2.8","015.8","   9.9","  6.2","  9.2"
"34504099999","48.6","34.9666666","143.0","1998-12-25","   2.3","000000","999.9","  21.2","   1.8","  5.8"," 0.00","1035.6","  2.8","016.4","   9.4","  6.2","  3.6"
"34504099999","48.6","34.9666666","143.0","1998-12-26","   8.0","000000","999.9","  24.8","   2.7"," 13.6"," 0.00","1030.8","  2.4","011.9","  12.7","  6.2","  7.3"
"34504099999","48.6","34.9666666","143.0","1998-12-27","  18.6","000000","999.9","  31.1","  12.9"," 17.5"," 0.00","1025.2","  2.4","006.8","  23.6","  6.2"," 14.1"
"34504099999","48.6","34.9666666","143.0","1998-12-28","  27.3","000000","999.9","  35.2","  27.9"," 15.5"," 0.00","1024.5","  2.0","006.3","  31.6","  4.8"," 13.6"
"34504099999","48.6","34.9666666","143.0","1998-12-29","  30.1","100000","999.9","  33.1","  26.6"," 11.7"," 0.00","1025.3","  1.2","007.1","  30.3","  0.4","  9.0"
"34504099999","48.6","34.9666666","143.0","1998-12-30","  27.9","100000","999.9","  31.1","  26.8"," 13.6"," 0.00","1025.2","999.9","007.0","  29.3","  0.9"," 12.2"
"34504099999","48.6","34.9666666","143.0","1998-12-31","  23.0","000000","999.9","  34.9","  22.5"," 13.6"," 0.00","1034.3","  1.2","015.9","  28.1","  4.1","  9.1"
"34504099999","48.6","34.9666666","143.0","1999-01-01","  15.0","000000","999.9","  30.2","  15.1","  5.8"," 0.00","1039.1","  1.2","020.3","  20.0","  5.1","  4.4"
"34504099999","48.6","34.9666666","143.0","1999-01-02","  17.0","010000","999.9","  50.7","  12.2","  7.8"," 0.00","1030.0","  1.2","011.4","  29.2","  2.8","  1.7"
"34504099999","48.6","34.9666666","143.0","1999-01-03","  27.9","001000","999.9","  32.9","  25.2","  5.8"," 0.03","1025.1","  1.2","007.0","  30.5","  2.4","  4.7"
"34504099999","48.6","34.9666666","143.0","1999-01-04","  26.7","000000","999.9","  33.8","  28.9","  9.7"," 0.00","1023.2","  2.0","005.1","  30.9","  3.7","  8.1"
"34504099999","48.6","34.9666666","143.0","1999-01-05","  25.0","000000","999.9","  32.7","  24.8","  9.7"," 0.03","1022.9","  1.6","004.7","  28.5","  3.7","  4.6"
"34504099999","48.6","34.9666666","143.0","1999-01-06","  32.7","100000","999.9","  36.5","  23.7"," 13.6"," 0.00","1016.2","  1.6","998.3","  33.6","  1.2"," 10.2"
"34504099999","48.6","34.9666666","143.0","1999-01-07","  34.2","000000","999.9","  41.4","  34.3"," 17.5"," 0.00","1007.5","  0.4","990.0","  37.4","  4.8"," 14.8"
"34504099999","48.6","34.9666666","143.0","1999-01-08","  32.5","100000","999.9","  38.3","  33.6"," 17.5"," 0.03","1002.0","999.9","984.5","  35.4","  2.1"," 12.9"
"34504099999","48.6","34.9666666","143.0","1999-01-09","  29.4","001000","999.9","  34.9","  29.1","  9.7"," 0.04","1006.9","999.9","989.1","  31.8","  2.6","  3.9"
"34504099999","48.6","34.9666666","143.0","1999-01-11","  16.3","011000","999.9","  28.0","  14.2"," 17.5"," 0.03","1029.0","  3.9","010.4","  21.8","  5.7"," 11.7"
"34504099999","48.6","34.9666666","143.0","1999-01-12","  16.8","011000","999.9","  28.4","  10.4"," 13.6"," 0.03","1028.3","  3.1","009.7","  20.6","  3.7"," 10.4"
"34504099999","48.6","34.9666666","143.0","1999-01-13","  32.5","110000","999.9","  34.7","  26.1"," 13.6"," 0.09","1014.6","  2.8","996.7","  32.7","  0.5","  5.8"
"34504099999","48.6","34.9666666","143.0","1999-01-14","  31.8","110000","999.9","  35.2","  30.2","  9.7"," 0.03","1014.5","  2.8","996.6","  31.8","  0.1","  4.4"
"34504099999","48.6","34.9666666","143.0","1999-01-15","  34.7","010000","999.9","  38.1","  32.0"," 11.7"," 0.31","1014.0","  1.2","996.2","  35.1","  0.4","  8.0"
"34504099999","48.6","34.9666666","143.0","1999-01-16","  30.0","101000","999.9","  31.6","  30.0","  3.9"," 0.02","1020.0","999.9","002.0","  30.4","  0.4","  0.7"
"34504099999","48.6","34.9666666","143.0","1999-01-17","  26.7","000000","999.9","  31.3","  29.8"," 11.7"," 0.00","1028.5","  0.8","010.3","  30.6","  3.3","  6.6"
"34504099999","48.6","34.9666666","143.0","1999-01-18","  28.4","000000","999.9","  32.2","  30.4","  7.8"," 0.00","1031.8","999.9","013.6","  31.1","  2.5","  7.1"
"34504099999","48.6","34.9666666","143.0","1999-01-19","  24.5","101000","999.9","  27.3","  23.7","  9.7"," 0.00","1030.0","999.9","011.6","  25.9","  1.5","  6.8"
"34504099999","48.6","34.9666666","143.0","1999-01-20","  23.1","100000","999.9","  25.2","  22.6","  9.7"," 0.00","1031.9","999.9","013.4","  23.7","  0.4","  6.6"
"34504099999","48.6","34.9666666","143.0","1999-01-21","  22.6","100000","999.9","  24.8","  19.9","  5.8"," 0.00","1030.0","999.9","013.9","  22.6","  0.2","  1.9"
"34504099999","48.6","34.9666666","143.0","1999-01-22","  23.0","101000","999.9","  27.5","  20.5","  9.7"," 0.00","1026.8","999.9","008.4","  23.1","  0.2","  7.8"
"34504099999","48.6","34.9666666","143.0","1999-01-23","  22.7","100000","999.9","  26.2","  20.1","  9.7"," 0.00","1023.1","999.9","004.6","  22.7","  0.2","  1.9"
"34504099999","48.6","34.9666666","143.0","1999-01-24","  25.1","100000","999.9","  28.9","  22.3","  9.7"," 0.00","1025.1","999.9","006.8","  26.1","  1.1","  3.2"
"34504099999","48.6","34.9666666","143.0","1999-01-25","  27.8","100000","999.9","  32.5","  25.3"," 13.6"," 0.00","1022.5","999.9","004.4","  29.6","  1.9"," 11.4"
"34504099999","48.6","34.9666666","143.0","1999-01-26","9999.9","110000","999.9","  32.5","  24.8"," 17.5"," 0.03","1014.7","999.9","996.8","  30.1","  0.6"," 13.1"
"34504099999","48.6","34.9666666","143.0","1999-01-27","  31.5","100000","999.9","  35.6","  31.3"," 11.7"," 0.00","1008.6","999.9","990.8","  33.5","  2.0","  8.6"
"34504099999","48.6","34.9666666","143.0","1999-01-28","  34.1","010000","999.9","  42.1","  32.7"," 13.6"," 0.00","1005.7","999.9","988.1","  37.2","  1.9"," 11.2"
"34504099999","48.6","34.9666666","143.0","1999-01-29","  39.0","110000","999.9","  42.1","  37.6"," 13.6"," 0.36","1004.3","999.9","986.9","  39.7","  0.8"," 10.7"
"34504099999","48.6","34.9666666","143.0","1999-01-30","  37.7","110000","999.9","  41.0","  36.7"," 13.6"," 0.17","1009.6","999.9","992.0","  38.3","  0.6"," 10.3"
"34504099999","48.6","34.9666666","143.0","1999-01-31","  33.3","010000","999.9","  40.3","  28.4"," 17.5"," 0.56","1015.2","999.9","997.4","  35.1","  1.4"," 13.0"
"34504099999","48.6","34.9666666","143.0","1999-02-01","  19.9","001000","999.9","  27.0","  20.8"," 15.5"," 0.03","1019.9","999.9","999.9","  23.7","  3.4"," 12.9"
"34504099999","48.6","34.9666666","143.0","1999-02-02","  22.1","001000","999.9","  28.0","  20.8"," 11.7"," 0.03","1016.2","999.9","999.9","  25.2","  3.3","  9.2"
"34504099999","48.6","34.9666666","143.0","1999-02-03","   8.1","001000","999.9","  25.9","   9.3"," 17.5"," 0.02","1017.3","  0.8","999.9","  14.5","  4.4"," 13.1"
"34504099999","48.6","34.9666666","143.0","1999-02-04","  14.8","001000","999.9","  27.7","   8.4","  9.7"," 0.02","1014.1","  0.8","999.9","  19.0","  4.3","  6.8"
"34504099999","48.6","34.9666666","143.0","1999-02-05","  30.1","011000","999.9","  33.8","  27.7"," 23.3"," 0.12"," 995.1","  1.2","999.9","  32.3","  2.2"," 17.5"
"34504099999","48.6","34.9666666","143.0","1999-02-06","  30.5","001000","999.9","  42.3","  29.8"," 15.5"," 0.08"," 995.3","  1.2","999.9","  33.8","  3.8"," 10.9"
"34504099999","48.6","34.9666666","143.0","1999-02-07","  24.3","000000","999.9","  32.9","  26.6","  7.8"," 0.00","1002.0","  0.4","999.9","  29.3","  3.4","  4.6"
"34504099999","48.6","34.9666666","143.0","1999-02-08","  23.4","000000","999.9","  41.0","  21.7"," 13.6"," 0.00","1011.0","999.9","999.9","  31.0","  5.7"," 10.3"
"34504099999","48.6","34.9666666","143.0","1999-02-09","  28.2","001000","999.9","  35.1","  27.3"," 21.4"," 0.35","1004.9","999.9","999.9","  31.4","  3.6"," 14.3"
"34504099999","48.6","34.9666666","143.0","1999-02-10","  26.4","000000","999.9","  38.5","  18.7"," 19.4"," 0.00","1015.0","  4.3","999.9","  30.7","  5.7"," 11.9"
"34504099999","48.6","34.9666666","143.0","1999-02-11","  37.0","000000","999.9","  47.7","  34.2"," 17.5"," 0.03","1013.2","  0.8","999.9","  40.8","  3.9"," 16.8"
"34504099999","48.6","34.9666666","143.0","1999-02-12","  33.5","000000","999.9","  44.6","  33.1"," 13.6"," 0.00","1017.6","999.9","999.9","  36.8","  4.3"," 12.1"
"34504099999","48.6","34.9666666","143.0","1999-02-13","  34.4","000000","999.9","  41.0","  23.4"," 17.5"," 0.00","1021.6","999.9","999.9","  34.9","  2.0"," 12.4"
"34504099999","48.6","34.9666666","143.0","1999-02-14","  34.6","110000","999.9","  36.7","  32.9"," 13.6"," 0.20","1021.1","999.9","999.9","  35.1","  0.4"," 11.9"
"34504099999","48.6","34.9666666","143.0","1999-02-15","  32.4","010000","999.9","  39.4","  33.3"," 17.5"," 0.06","1019.1","999.9","999.9","  35.0","  1.6"," 11.7"
"34504099999","48.6","34.9666666","143.0","1999-02-16","  28.2","011000","999.9","  39.4","  28.8"," 17.5"," 0.05","1012.8","999.9","999.9","  30.8","  2.9"," 11.7"
"34504099999","48.6","34.9666666","143.0","1999-02-17","  29.8","101000","999.9","  40.3","  28.4"," 15.5"," 0.04","1007.3","  0.4","999.9","  33.5","  3.4"," 10.9"
"34504099999","48.6","34.9666666","143.0","1999-02-18","  30.7","101000","999.9","  32.7","  29.3","  7.8"," 0.39","1006.6","999.9","999.9","  31.3","  0.6","  3.9"
"34504099999","48.6","34.9666666","143.0","1999-02-19","  27.1","100000","999.9","  31.3","  25.3"," 17.5"," 0.03","1007.8","  1.6","999.9","  29.0","  1.1","  8.3"
"34504099999","48.6","34.9666666","143.0","1999-02-20","  17.9","000000","999.9","  30.2","  21.7"," 17.5"," 0.03","1011.5","  1.2","999.9","  25.7","  5.0"," 12.8"
"34504099999","48.6","34.9666666","143.0","1999-02-21","  23.3","001000","999.9","  32.2","  19.2","  9.7"," 0.03","1009.1","  1.2","999.9","  26.7","  3.2","  6.1"
"34504099999","48.6","34.9666666","143.0","1999-02-22","  29.3","011000","999.9","  42.1","  22.6"," 11.7"," 0.16","1007.4","  1.6","999.9","  32.2","  1.8","  6.8"
"34504099999","48.6","34.9666666","143.0","1999-02-23","  41.6","010000","999.9","  46.8","  33.8"," 27.2"," 0.32"," 994.3","999.9","999.9","  43.2","  3.3"," 20.4"
"34504099999","48.6","34.9666666","143.0","1999-02-24","  30.4","000000","999.9","  43.5","  32.4"," 15.5"," 0.08","1004.7","999.9","999.9","  35.7","  5.7"," 11.4"
"34504099999","48.6","34.9666666","143.0","1999-02-25","  29.6","100000","999.9","  35.1","  27.0","  9.7"," 0.00","1013.3","999.9","999.9","  31.1","  2.7","  6.3"
"34504099999","48.6","34.9666666","143.0","1999-02-26","  28.6","001000","999.9","  36.3","  28.0"," 19.4"," 0.06","1012.8","  2.0","999.9","  32.5","  3.0"," 12.6"
"34504099999","48.6","34.9666666","143.0","1999-02-27","  29.9","011000","999.9","  36.0","  31.3"," 17.5"," 0.06","1012.8","  0.8","999.9","  33.8","  1.4"," 13.4"
"34504099999","48.6","34.9666666","143.0","1999-02-28","  31.3","000000","999.9","  45.1","  30.0"," 11.7"," 0.00","1020.6","999.9","999.9","  37.0","  4.0","  9.5"
"34504099999","48.6","34.9666666","143.0","1999-03-01","  36.2","010000","999.9","  47.7","  34.7","  5.8"," 0.06","1019.7","999.9","999.9","  40.9","  2.5","  3.2"
"34504099999","48.6","34.9666666","143.0","1999-03-02","  40.0","010000","999.9","  58.1","  36.5"," 15.5"," 0.00","1008.2","999.9","999.9","  45.0","  3.3"," 10.0"
"34504099999","48.6","34.9666666","143.0","1999-03-03","  30.9","010000","999.9","  45.5","  31.3"," 13.6"," 0.05","1010.2","999.9","999.9","  39.5","  4.4","  7.5"
"34504099999","48.6","34.9666666","143.0","1999-03-04","  39.2","000000","999.9","  60.3","  37.0","  9.7"," 0.03","1015.3","999.9","999.9","  45.2","  3.7","  8.5"
"34504099999","48.6","34.9666666","143.0","1999-03-05","  39.5","100000","999.9","  55.6","  37.8"," 15.5"," 0.00","1014.2","999.9","999.9","  44.0","  1.7"," 11.9"
"34504099999","48.6","34.9666666","143.0","1999-03-06","  44.1","010000","999.9","  65.3","  43.2"," 15.5"," 0.02","1009.7","999.9","999.9","  52.4","  4.6"," 12.5"
"34504099999","48.6","34.9666666","143.0","1999-03-07","  41.1","000000","999.9","  57.4","  41.0"," 17.5"," 0.00","1013.8","999.9","999.9","  46.0","  4.1"," 10.8"
"34504099999","48.6","34.9666666","143.0","1999-03-08","  39.3","010000","999.9","  46.4","  39.0"," 15.5"," 0.31","1015.1","999.9","999.9","  42.2","  3.3"," 10.7"
"34504099999","48.6","34.9666666","143.0","1999-03-09","  28.2","010000","999.9","  43.3","  28.4"," 17.5"," 0.04","1016.4","999.9","999.9","  31.7","  1.9"," 16.6"
"34504099999","48.6","34.9666666","143.0","1999-03-10","  26.6","010000","999.9","  35.6","  27.7"," 13.6"," 0.13","1021.1","999.9","999.9","  30.7","  1.4"," 10.0"
"34504099999","48.6","34.9666666","143.0","1999-03-11","  31.7","000000","999.9","  47.1","  30.9","  7.8"," 0.03","1019.4","999.9","999.9","  37.9","  3.9","  2.7"
"34504099999","48.6","34.9666666","143.0","1999-03-12","  35.0","010000","999.9","  40.1","  36.7"," 11.7"," 0.15","1015.7","999.9","999.9","  37.8","  3.4","  8.3"
"34504099999","48.6","34.9666666","143.0","1999-03-13","  29.1","001000","999.9","  34.7","  30.6"," 13.6"," 0.17","1017.6","  2.0","999.9","  32.7","  2.2","  8.3"
"34504099999","48.6","34.9666666","143.0","1999-03-14","  27.8","011000","999.9","  38.7","  25.5","  3.9"," 0.03","1019.8","  0.4","999.9","  32.4","  3.3","  2.2"
"34504099999","48.6","34.9666666","143.0","1999-03-15","  30.0","001000","999.9","  36.5","  30.4"," 13.6"," 0.17","1021.4","  0.4","999.9","  31.5","  0.7","  8.3"
"34504099999","48.6","34.9666666","143.0","1999-03-16","  29.1","001000","999.9","  31.3","  28.8"," 17.5"," 0.32","1027.7","  2.8","999.9","  30.3","  1.1"," 14.6"
"34504099999","48.6","34.9666666","143.0","1999-03-17","  20.5","001000","999.9","  31.6","  23.4"," 15.5"," 0.08","1033.8","  3.9","999.9","  26.9","  4.7"," 14.1"
"34504099999","48.6","34.9666666","143.0","1999-03-18","  20.0","000000","999.9","  36.7","  21.7"," 11.7"," 0.00","1028.9","  2.8","999.9","  29.2","  6.2"," 10.3"
"34504099999","48.6","34.9666666","143.0","1999-03-19","  23.1","000000","999.9","  36.5","  23.7"," 17.5"," 0.00","1016.6","999.9","999.9","  31.2","  6.2"," 14.6"
"34504099999","48.6","34.9666666","143.0","1999-03-20","  29.8","010000","999.9","  38.3","  32.7"," 17.5"," 0.05","1011.6","999.9","999.9","  35.2","  5.3"," 14.6"
"34504099999","48.6","34.9666666","143.0","1999-03-21","  35.0","010000","999.9","  39.9","  35.2"," 13.6"," 0.04","1007.4","999.9","999.9","  36.8","  4.3"," 11.4"
"34504099999","48.6","34.9666666","143.0","1999-03-22","  35.1","110000","999.9","  38.8","  33.8","  5.8"," 0.24","1011.0","999.9","999.9","  35.8","  0.4","  2.3"
"34504099999","48.6","34.9666666","143.0","1999-03-23","  32.9","111000","999.9","  48.2","  32.0","  7.8"," 0.04","1015.9","999.9","999.9","  38.1","  2.8","  5.3"
"34504099999","48.6","34.9666666","143.0","1999-03-24","  36.2","110000","999.9","  54.0","  35.4"," 17.5"," 0.00","1016.4","999.9","999.9","  43.7","  4.5"," 12.9"
"34504099999","48.6","34.9666666","143.0","1999-03-25","  37.6","010000","999.9","  40.6","  39.0"," 13.6"," 0.16","1016.6","999.9","999.9","  39.7","  1.6","  9.5"
"34504099999","48.6","34.9666666","143.0","1999-03-26","  39.3","100000","999.9","  51.8","  37.0"," 11.7"," 0.03","1022.5","999.9","999.9","  43.2","  1.2","  7.8"
"34504099999","48.6","34.9666666","143.0","1999-03-27","  33.9","000000","999.9","  61.5","  34.9"," 11.7"," 0.00","1024.0","999.9","999.9","  47.3","  5.1","  6.6"
"34504099999","48.6","34.9666666","143.0","1999-03-28","  32.1","000000","999.9","  63.3","  34.5"," 19.4"," 0.00","1020.6","999.9","999.9","  49.0","  6.2"," 14.6"
"34504099999","48.6","34.9666666","143.0","1999-03-29","  26.6","000000"," 35.0","  63.7","  39.9"," 25.3"," 0.00","1018.3","999.9","999.9","  51.6","  6.2"," 17.2"
"34504099999","48.6","34.9666666","143.0","1999-03-30","  30.6","000000","999.9","  65.5","  40.8"," 21.4"," 0.00","1020.9","999.9","999.9","  51.8","  6.2"," 14.6"
"34504099999","48.6","34.9666666","143.0","1999-03-31","  31.7","000000","999.9","  60.6","  42.8"," 21.4"," 0.00","1019.5","999.9","999.9","  51.7","  6.2"," 15.3"
"34504099999","48.6","34.9666666","143.0","1999-04-01","  32.9","000000","999.9","  66.4","  47.5"," 21.4"," 0.00","1011.4","999.9","999.9","  56.8","  6.2"," 17.5"
"34504099999","48.6","34.9666666","143.0","1999-04-02","  40.2","010000","999.9","  52.2","  42.1"," 19.4"," 0.28","1011.2","999.9","999.9","  45.8","  3.0"," 10.7"
"34504099999","48.6","34.9666666","143.0","1999-04-03","  43.0","010000","999.9","  52.5","  42.4","  3.9"," 0.06","1011.5","999.9","999.9","  46.6","  3.6","  0.5"
"34504099999","48.6","34.9666666","143.0","1999-04-04","  29.0","000000","999.9","  57.0","  37.0"," 15.5"," 0.00","1014.3","999.9","999.9","  46.4","  5.7","  9.7"
"34504099999","48.6","34.9666666","143.0","1999-04-05","  20.9","010000","999.9","  44.1","  30.6"," 17.5"," 0.02","1021.5","999.9","999.9","  38.3","  6.2"," 11.7"
"34504099999","48.6","34.9666666","143.0","1999-04-06","  18.2","000000","999.9","  52.9","  23.7"," 17.5"," 0.00","1023.2","999.9","999.9","  38.7","  6.2","  9.2"
"34504099999","48.6","34.9666666","143.0","1999-04-07","  40.2","010000","999.9","  53.8","  38.1"," 13.6"," 0.12","1012.4","999.9","999.9","  45.3","  4.7"," 12.2"
"34504099999","48.6","34.9666666","143.0","1999-04-08","  45.4","000000","999.9","  66.6","  44.2"," 15.5"," 0.00","1012.0","999.9","999.9","  53.6","  3.9"," 13.6"
"34504099999","48.6","34.9666666","143.0","1999-04-09","  46.1","010000","999.9","  62.1","  45.0","  9.7"," 0.15","1016.9","999.9","999.9","  52.5","  4.3","  5.8"
"34504099999","48.6","34.9666666","143.0","1999-04-10","  40.5","000000","999.9","  68.7","  41.0"," 15.5"," 0.00","1018.5","999.9","999.9","  52.6","  6.2","  6.3"
"34504099999","48.6","34.9666666","143.0","1999-04-11","  45.5","010010","999.9","  71.8","  44.2"," 11.7"," 0.08","1012.6","999.9","999.9","  55.8","  4.0","  8.3"
"34504099999","48.6","34.9666666","143.0","1999-04-12","  49.5","010010","999.9","  58.1","  49.8"," 17.5"," 0.16","1003.6","999.9","999.9","  52.3","  4.3"," 13.9"
"34504099999","48.6","34.9666666","143.0","1999-04-13","  42.1","000000","999.9","  59.2","  47.1"," 15.5"," 0.00","1006.4","999.9","999.9","  51.0","  5.7","  9.2"
"34504099999","48.6","34.9666666","143.0","1999-04-14","  44.3","000000","999.9","  67.6","  46.0"," 13.6"," 0.00","1009.1","999.9","999.9","  54.1","  6.2","  7.4"
"34504099999","48.6","34.9666666","143.0","1999-04-15","  49.7","010010","999.9","  64.9","  48.4","  9.7"," 0.36","1015.5","999.9","999.9","  54.5","  4.3","  6.3"
"34504099999","48.6","34.9666666","143.0","1999-04-16","  49.0","000000","999.9","  68.5","  48.7"," 13.6"," 0.00","1020.9","999.9","999.9","  57.7","  5.5","  5.4"
"34504099999","48.6","34.9666666","143.0","1999-04-17","  49.1","000000","999.9","  72.7","  48.0"," 13.6"," 0.00","1019.8","999.9","999.9","  59.3","  6.2","  7.5"
"34504099999","48.6","34.9666666","143.0","1999-04-18","  46.4","000000","999.9","  77.7","  49.1"," 17.5"," 0.00","1014.9","999.9","999.9","  59.3","  5.1"," 13.2"
"34504099999","48.6","34.9666666","143.0","1999-04-19","  38.3","000000","999.9","  75.4","  53.6"," 25.3"," 0.00","1008.8","999.9","999.9","  61.0","  6.2"," 17.2"
"34504099999","48.6","34.9666666","143.0","1999-04-20","  42.2","000000","999.9","  59.9","  44.2"," 17.5"," 0.28","1016.1","999.9","999.9","  50.5","  5.3"," 11.9"
"34504099999","48.6","34.9666666","143.0","1999-04-21","  41.9","010000","999.9","  66.0","  41.2"," 13.6"," 0.03","1021.7","999.9","999.9","  52.2","  5.7","  4.7"
"34504099999","48.6","34.9666666","143.0","1999-04-22","  44.4","000000","999.9","  58.6","  46.6"," 13.6"," 0.12","1025.5","999.9","999.9","  53.0","  6.2","  9.7"
"34504099999","48.6","34.9666666","143.0","1999-04-23","  40.0","000000","999.9","  63.5","  34.7"," 15.5"," 0.00","1024.5","999.9","999.9","  51.5","  6.2"," 10.9"
"34504099999","48.6","34.9666666","143.0","1999-04-24","  38.6","000000","999.9","  64.9","  43.5"," 17.5"," 0.00","1021.8","999.9","999.9","  53.1","  6.2"," 10.9"
"34504099999","48.6","34.9666666","143.0","1999-04-25","  39.0","000000","999.9","  69.1","  45.7"," 15.5"," 0.00","1022.8","999.9","999.9","  55.5","  6.2"," 11.7"
"34504099999","48.6","34.9666666","143.0","1999-04-26","  36.0","000000","999.9","  74.8","  46.4"," 15.5"," 0.00","1023.0","999.9","999.9","  56.7","  6.2"," 12.0"
"34504099999","48.6","34.9666666","143.0","1999-04-27","  36.7","000000","999.9","  79.5","  50.5"," 17.5"," 0.00","1019.7","999.9","999.9","  64.0","  6.2"," 14.6"
"34504099999","48.6","34.9666666","143.0","1999-04-28","  42.8","000000","999.9","  75.4","  53.1"," 17.5"," 0.00","1014.2","999.9","999.9","  64.0","  6.2"," 13.6"
"34504099999","48.6","34.9666666","143.0","1999-04-29","  48.3","100000","999.9","  65.1","  46.9"," 13.6"," 0.00","1010.2","999.9","999.9","  54.7","  5.4","  7.8"
"34504099999","48.6","34.9666666","143.0","1999-04-30","  44.8","110000","999.9","  62.8","  48.0"," 19.4"," 0.02","1007.9","999.9","999.9","  53.9","  5.3"," 12.1"
"34504099999","48.6","34.9666666","143.0","1999-05-01","  42.1","000000","999.9","  68.9","  39.7"," 17.5"," 0.00","1012.7","999.9","999.9","  56.2","  5.7"," 11.9"
"34504099999","48.6","34.9666666","143.0","1999-05-02","  46.0","010000","999.9","  74.1","  45.3"," 17.5"," 0.04","1013.8","999.9","999.9","  56.4","  5.7"," 10.3"
"34504099999","48.6","34.9666666","143.0","1999-05-03","  37.5","000000","999.9","  62.2","  43.9"," 17.5"," 0.00","1017.0","999.9","999.9","  53.8","  6.2"," 11.7"
"34504099999","48.6","34.9666666","143.0","1999-05-04","  34.6","010000","999.9","  54.5","  37.4"," 13.6"," 0.12","1017.0","999.9","999.9","  45.9","  4.7","  5.8"
"34504099999","48.6","34.9666666","143.0","1999-05-05","  23.5","000000","999.9","  48.2","  34.5"," 15.5"," 0.00","1020.9","999.9","999.9","  42.3","  6.2"," 13.3"
"34504099999","48.6","34.9666666","143.0","1999-05-08","  27.9","000000","999.9","  62.1","  35.4"," 15.5"," 0.00","1021.9","999.9","999.9","  48.6","  6.2"," 10.5"
"34504099999","48.6","34.9666666","143.0","1999-05-09","  33.2","000000","999.9","  66.4","  34.9"," 15.5"," 0.00","1020.9","999.9","999.9","  52.4","  6.2"," 10.9"
"34504099999","48.6","34.9666666","143.0","1999-05-10","  44.7","010000","999.9","  54.1","  48.9"," 15.5"," 0.12","1018.1","999.9","999.9","  51.1","  4.8","  9.7"
"34504099999","48.6","34.9666666","143.0","1999-05-11","  45.1","100000","999.9","  68.0","  34.0"," 13.6"," 0.00","1015.5","999.9","999.9","  56.2","  4.3","  9.0"
"34504099999","48.6","34.9666666","143.0","1999-05-12","  49.4","010000","999.9","  62.6","  46.9"," 13.6"," 0.04","1007.2","999.9","999.9","  54.1","  5.1"," 11.9"
"34504099999","48.6","34.9666666","143.0","1999-05-13","  32.0","000000","999.9","  56.3","  41.7"," 11.7"," 0.03","1012.4","999.9","999.9","  48.2","  6.2","  9.5"
"34504099999","48.6","34.9666666","143.0","1999-05-14","  43.1","110000","999.9","  48.7","  40.6"," 13.6"," 0.08","1010.9","999.9","999.9","  46.6","  4.6","  9.7"
"34504099999","48.6","34.9666666","143.0","1999-05-15","  46.6","100000","999.9","  59.0","  47.1","  5.8"," 0.00","1009.1","999.9","999.9","  53.1","  4.8","  3.3"
"34504099999","48.6","34.9666666","143.0","1999-05-16","  51.8","110000","999.9","  57.9","  51.1"," 11.7"," 0.12","1007.9","999.9","999.9","  54.2","  3.0","  6.1"
"34504099999","48.6","34.9666666","143.0","1999-05-17","  49.3","110000","999.9","  58.8","  48.9"," 13.6"," 0.74","1004.4","999.9","999.9","  52.6","  2.3","  7.3"
"34504099999","48.6","34.9666666","143.0","1999-05-18","  43.6","010000","999.9","  54.5","  43.2"," 21.4"," 0.12","1006.5","999.9","999.9","  47.4","  5.1"," 15.3"
"34504099999","48.6","34.9666666","143.0","1999-05-19","  36.7","000000","999.9","  60.6","  42.6"," 19.4"," 0.00","1018.4","999.9","999.9","  52.7","  6.2"," 11.7"
"34504099999","48.6","34.9666666","143.0","1999-05-20","  42.4","010000","999.9","  66.2","  48.9"," 11.7"," 0.06","1016.8","999.9","999.9","  57.9","  6.2","  6.7"
"34504099999","48.6","34.9666666","143.0","1999-05-21","  38.1","000000","999.9","  67.1","  43.7","  9.7"," 0.00","1019.8","999.9","999.9","  56.5","  6.2","  5.6"
"34504099999","48.6","34.9666666","143.0","1999-05-22","  41.0","000000","999.9","  71.2","  47.7","  9.7"," 0.00","1020.7","999.9","999.9","  61.6","  6.2","  5.8"
"34504099999","48.6","34.9666666","143.0","1999-05-23","  44.1","000000","999.9","  73.4","  48.7"," 17.5"," 0.00","1020.3","999.9","999.9","  60.3","  6.2","  8.6"
"34504099999","48.6","34.9666666","143.0","1999-05-24","  43.1","000000","999.9","  74.1","  48.2"," 13.6"," 0.00","1017.6","999.9","999.9","  67.0","  6.2","  9.4"
"34504099999","48.6","34.9666666","143.0","1999-05-25","  47.5","010000","999.9","  77.9","  56.5"," 17.5"," 0.04","1013.6","999.9","999.9","  64.6","  5.3"," 11.9"
"34504099999","48.6","34.9666666","143.0","1999-05-26","  55.0","010010","999.9","  68.4","  54.5"," 15.5"," 0.15","1010.0","999.9","999.9","  60.2","  5.3","  8.3"
"34504099999","48.6","34.9666666","143.0","1999-05-27","  55.3","010000","999.9","  70.0","  54.3","  9.7"," 0.05","1013.3","999.9","999.9","  61.0","  6.1","  3.6"
"34504099999","48.6","34.9666666","143.0","1999-05-28","  56.7","010000","999.9","  64.9","  56.1"," 15.5"," 0.15","1018.7","999.9","999.9","  60.3","  3.0"," 11.2"
"34504099999","48.6","34.9666666","143.0","1999-05-29","  51.0","000000","999.9","  73.4","  56.3"," 13.6"," 0.00","1022.6","999.9","999.9","  64.8","  5.3"," 10.0"
"34504099999","48.6","34.9666666","143.0","1999-05-30","  52.4","000000","999.9","  79.0","  58.6","  7.8"," 0.00","1021.5","999.9","999.9","  68.6","  6.2","  4.2"
"34504099999","48.6","34.9666666","143.0","1999-05-31","  53.6","000000","999.9","  82.2","  54.9","  9.7"," 0.00","1016.3","999.9","999.9","  69.3","  6.2","  6.6"
"34504099999","48.6","34.9666666","143.0","1999-06-01","  56.2","010000","999.9","  70.9","  56.3"," 17.5"," 0.43","1014.3","999.9","999.9","  61.8","  4.3"," 11.7"
"34504099999","48.6","34.9666666","143.0","1999-06-02","  47.9","000000","999.9","  67.8","  52.2"," 17.5"," 0.00","1018.6","999.9","999.9","  59.1","  5.7"," 14.1"
"34504099999","48.6","34.9666666","143.0","1999-06-03","  46.1","000000","999.9","  70.9","  50.7","  9.7"," 0.00","1018.8","999.9","999.9","  61.7","  6.2","  5.3"
"34504099999","48.6","34.9666666","143.0","1999-06-04","  47.9","000000","999.9","  75.4","  51.6","  7.8"," 0.00","1016.5","999.9","999.9","  63.8","  6.2","  5.0"
"34504099999","48.6","34.9666666","143.0","1999-06-05","  48.7","000000","999.9","  80.8","  55.4"," 13.6"," 0.00","1016.1","999.9","999.9","  69.7","  6.2","  7.3"
"34504099999","48.6","34.9666666","143.0","1999-06-06","  48.7","000000","999.9","  84.9","  60.3"," 11.7"," 0.00","1018.7","999.9","999.9","  73.6","  6.2","  9.2"
"34504099999","48.6","34.9666666","143.0","1999-06-07","  53.8","010010","999.9","  86.2","  62.6"," 11.7"," 0.03","1020.4","999.9","999.9","  73.8","  6.2","  8.3"
"34504099999","48.6","34.9666666","143.0","1999-06-08","  54.5","000000","999.9","  88.2","  66.6"," 13.6"," 0.00","1021.0","999.9","999.9","  76.2","  6.2"," 10.5"
"34504099999","48.6","34.9666666","143.0","1999-06-09","  57.2","000010","999.9","  90.7","  64.8"," 13.6"," 0.51","1018.7","999.9","999.9","  76.3","  6.2"," 11.3"
"34504099999","48.6","34.9666666","143.0","1999-06-10","  60.0","010010","999.9","  90.1","  70.2"," 15.5"," 0.01","1017.5","999.9","999.9","  80.8","  6.2"," 12.3"
"34504099999","48.6","34.9666666","143.0","1999-06-11","  58.1","000010","999.9","  93.7","  70.7"," 15.5"," 0.00","1016.6","999.9","999.9","  81.0","  6.2"," 13.9"
"34504099999","48.6","34.9666666","143.0","1999-06-12","  57.5","000000","999.9","  91.8","  72.3"," 13.6"," 0.00","1016.2","999.9","999.9","  81.3","  6.2"," 11.2"
"34504099999","48.6","34.9666666","143.0","1999-06-13","  57.4","000000","999.9","  88.9","  68.0"," 15.5"," 0.00","1013.3","999.9","999.9","  79.7","  6.2"," 10.0"
"34504099999","48.6","34.9666666","143.0","1999-06-14","  54.5","000000","999.9","  85.1","  67.3"," 17.5"," 0.00","1016.8","999.9","999.9","  75.6","  6.2"," 13.4"
"34504099999","48.6","34.9666666","143.0","1999-06-15","  43.1","000000","999.9","  82.4","  58.5"," 13.6"," 0.00","1022.7","999.9","999.9","  71.2","  6.2"," 10.4"
"34504099999","48.6","34.9666666","143.0","1999-06-16","  52.0","000000","999.9","  83.7","  60.8"," 38.9"," 0.00","1023.3","999.9","999.9","  71.2","  6.2","  4.2"
"34504099999","48.6","34.9666666","143.0","1999-06-17","  56.6","000000","999.9","  90.5","  66.2","  7.8"," 0.00","1017.0","999.9","999.9","  78.2","  6.2","  2.9"
"34504099999","48.6","34.9666666","143.0","1999-06-18","  54.8","000000","999.9","  94.1","  67.3","  7.8"," 0.00","1012.1","999.9","999.9","  79.9","  6.2","  5.0"
"34504099999","48.6","34.9666666","143.0","1999-06-19","  57.3","000000","999.9","  92.7","  66.7","  9.7"," 0.00","1012.2","999.9","999.9","  80.9","  6.2","  6.7"
"34504099999","48.6","34.9666666","143.0","1999-06-20","  61.4","010010","999.9","  87.1","  69.1"," 17.5"," 0.12","1011.9","999.9","999.9","  76.6","  5.5","  7.0"
"34504099999","48.6","34.9666666","143.0","1999-06-21","  59.7","010010","999.9","  80.4","  67.3"," 17.5"," 0.11","1009.1","999.9","999.9","  73.1","  6.2"," 12.6"
"34504099999","48.6","34.9666666","143.0","1999-06-22","  59.7","000000","999.9","  87.1","  64.8"," 15.5"," 0.00","1008.2","999.9","999.9","  73.0","  6.2"," 12.1"
"34504099999","48.6","34.9666666","143.0","1999-06-23","  48.8","000000","999.9","  88.9","  56.8"," 25.3"," 0.00","1006.5","999.9","999.9","  76.6","  6.2"," 19.4"
"34504099999","48.6","34.9666666","143.0","1999-06-24","  49.3","010010","999.9","  90.5","  67.5"," 19.4"," 0.04","1007.4","999.9","999.9","  76.7","  6.2"," 14.2"
"34504099999","48.6","34.9666666","143.0","1999-06-25","  61.4","010010","999.9","  88.7","  62.6"," 17.5"," 0.55","1006.6","999.9","999.9","  72.2","  5.3"," 12.4"
"34504099999","48.6","34.9666666","143.0","1999-06-26","  62.5","010010","999.9","  87.4","  65.1"," 15.5"," 0.00","1006.0","999.9","999.9","  73.6","  6.2"," 11.9"
"34504099999","48.6","34.9666666","143.0","1999-06-27","  59.8","000000","999.9","  84.6","  65.8"," 17.5"," 0.02","1009.1","999.9","999.9","  75.4","  6.2"," 10.4"
"34504099999","48.6","34.9666666","143.0","1999-06-28","  62.7","000000","999.9","  82.9","  65.3"," 17.5"," 0.00","1011.0","999.9","999.9","  73.3","  6.2","  7.8"
"34504099999","48.6","34.9666666","143.0","1999-06-29","  61.7","000000","999.9","  83.5","  64.4"," 15.5"," 0.00","1011.2","999.9","999.9","  75.5","  6.2","  8.3"
"34504099999","48.6","34.9666666","143.0","1999-06-30","  60.6","000000","999.9","  87.8","  68.0"," 15.5"," 0.00","1010.6","999.9","999.9","  77.5","  6.2","  9.0"
"34504099999","48.6","34.9666666","143.0","1999-07-01","  62.4","000010","999.9","  89.6","  67.6"," 13.6"," 0.03","1009.5","999.9","999.9","  74.9","  6.2"," 10.3"
"34504099999","48.6","34.9666666","143.0","1999-07-02","  65.3","000010","999.9","  81.3","  65.5","  7.8"," 0.79","1009.0","999.9","999.9","  72.3","  5.7","  4.6"
"34504099999","48.6","34.9666666","143.0","1999-07-03","  62.1","000000","999.9","  86.9","  62.1"," 13.6"," 0.00","1008.9","999.9","999.9","  74.3","  4.7","  5.1"
"34504099999","48.6","34.9666666","143.0","1999-07-04","  65.3","010010","999.9","  80.4","  66.7"," 11.7"," 0.12","1011.6","999.9","999.9","  72.7","  5.1","  8.0"
"34504099999","48.6","34.9666666","143.0","1999-07-05","  63.0","000000","999.9","  87.6","  68.0"," 13.6"," 0.00","1015.1","999.9","999.9","  78.3","  5.7","  9.2"
"34504099999","48.6","34.9666666","143.0","1999-07-06","  61.2","000000","999.9","  91.9","  71.2","  9.7"," 0.00","1015.6","999.9","999.9","  82.5","  6.2","  5.8"
"34504099999","48.6","34.9666666","143.0","1999-07-07","  62.6","000000","999.9","  93.7","  70.2","  7.8"," 0.00","1014.3","999.9","999.9","  83.6","  6.2","  2.7"
"34504099999","48.6","34.9666666","143.0","1999-07-08","  67.0","000000","999.9","  99.5","  75.9","  7.8"," 0.00","1013.4","999.9","999.9","  85.9","  6.2","  6.6"
"34504099999","48.6","34.9666666","143.0","1999-07-09","  59.7","000000","999.9","  95.0","  68.0"," 11.7"," 0.00","1015.0","999.9","999.9","  82.2","  6.2","  6.1"
"34504099999","48.6","34.9666666","143.0","1999-07-10","  61.7","000000","999.9","  91.9","  68.9"," 17.5"," 0.00","1014.5","999.9","999.9","  80.5","  6.2"," 13.6"
"34504099999","48.6","34.9666666","143.0","1999-07-11","  47.7","000000","999.9","  80.8","  63.9"," 17.5"," 0.00","1019.7","999.9","999.9","  71.9","  6.2"," 15.3"
"34504099999","48.6","34.9666666","143.0","1999-07-12","  48.0","000000","999.9","  84.2","  61.9"," 13.6"," 0.00","1020.1","999.9","999.9","  72.9","  6.2","  8.0"
"34504099999","48.6","34.9666666","143.0","1999-07-13","  52.7","000000","999.9","  87.3","  62.1","  7.8"," 0.00","1014.5","999.9","999.9","  75.8","  6.2","  6.3"
"34504099999","48.6","34.9666666","143.0","1999-07-14","  57.1","000000","999.9","  92.3","  68.7","  9.7"," 0.00","1010.9","999.9","999.9","  78.3","  6.2","  6.8"
"34504099999","48.6","34.9666666","143.0","1999-07-15","  58.0","000000","999.9","  95.9","  66.2"," 13.6"," 0.00","1007.6","999.9","999.9","  80.7","  6.2","  6.8"
"34504099999","48.6","34.9666666","143.0","1999-07-16","  59.2","000000","999.9","  96.6","  68.0","  7.8"," 0.00","1007.5","999.9","999.9","  79.6","  6.2","  4.7"
"34504099999","48.6","34.9666666","143.0","1999-07-17","  58.3","000000","999.9","  95.5","  68.2"," 11.7"," 0.00","1009.3","999.9","999.9","  81.6","  6.2","  8.5"
"34504099999","48.6","34.9666666","143.0","1999-07-18","  65.2","010010","999.9","  86.0","  66.2"," 15.5"," 0.20","1009.8","999.9","999.9","  73.5","  5.7"," 11.7"
"34504099999","48.6","34.9666666","143.0","1999-07-19","  58.0","000000","999.9","  75.7","  61.5"," 15.5"," 0.03","1010.7","999.9","999.9","  69.1","  6.2"," 12.2"
"34504099999","48.6","34.9666666","143.0","1999-07-20","  57.0","011000","999.9","  73.2","  56.1"," 11.7"," 0.16","1008.7","999.9","999.9","  63.8","  4.8","  8.3"
"34504099999","48.6","34.9666666","143.0","1999-07-21","  58.2","000000","999.9","  75.2","  59.2"," 19.4"," 0.03","1005.5","999.9","999.9","  67.9","  5.1"," 13.8"
"34504099999","48.6","34.9666666","143.0","1999-07-22","  60.6","000000","999.9","  85.5","  60.1"," 13.6"," 0.00","1007.7","999.9","999.9","  75.5","  6.2","  8.6"
"34504099999","48.6","34.9666666","143.0","1999-07-23","  60.8","000000","999.9","  90.0","  63.7"," 13.6"," 0.00","1010.2","999.9","999.9","  78.2","  6.2","  5.8"
"34504099999","48.6","34.9666666","143.0","1999-07-24","  60.9","000000","999.9","  95.4","  69.4","  3.9"," 0.00","1014.1","999.9","999.9","  82.5","  6.2","  1.1"
"34504099999","48.6","34.9666666","143.0","1999-07-25","  64.4","000000","999.9","  93.2","  72.3"," 13.6"," 0.00","1016.5","999.9","999.9","  81.6","  6.2","  5.8"
"34504099999","48.6","34.9666666","143.0","1999-07-26","  60.6","000000","999.9","  90.3","  70.9"," 13.6"," 0.00","1015.3","999.9","999.9","  78.1","  6.2"," 10.2"
"34504099999","48.6","34.9666666","143.0","1999-07-27","  60.4","000000","999.9","  94.8","  70.9"," 17.5"," 0.00","1011.6","999.9","999.9","  84.0","  6.2"," 13.8"
"34504099999","48.6","34.9666666","143.0","1999-07-28","  68.3","000000","999.9"," 103.3","  72.9"," 15.5"," 0.00","1006.7","999.9","999.9","  85.9","  6.2"," 12.7"
"34504099999","48.6","34.9666666","143.0","1999-07-29","  65.7","010010","999.9","  99.0","  68.9"," 13.6"," 0.79","1002.9","999.9","999.9","  78.9","  4.8","  7.0"
"34504099999","48.6","34.9666666","143.0","1999-07-30","  68.2","010010","999.9","  85.5","  66.6","  5.8"," 0.04","1003.6","999.9","999.9","  73.8","  5.6","  2.3"
"34504099999","48.6","34.9666666","143.0","1999-07-31","  67.7","010010","999.9","  85.6","  66.6","  1.9"," 1.28","1004.8","999.9","999.9","  71.0","  2.7","  0.3"
"34504099999","48.6","34.9666666","143.0","1999-08-01","  66.5","010010","999.9","  83.1","  63.3","  9.7"," 0.83","1009.4","999.9","999.9","  72.4","  2.1","  3.9"
"34504099999","48.6","34.9666666","143.0","1999-08-02","  59.7","000000","999.9","  70.7","  62.6"," 11.7"," 0.00","1012.8","999.9","999.9","  66.5","  5.3","  9.2"
"34504099999","48.6","34.9666666","143.0","1999-08-03","  53.6","000000","999.9","  65.1","  59.9"," 11.7"," 0.00","1013.8","999.9","999.9","  61.9","  6.2","  9.2"
"34504099999","48.6","34.9666666","143.0","1999-08-04","  53.2","000000","999.9","  70.2","  59.4"," 13.6"," 0.00","1012.7","999.9","999.9","  64.2","  6.2"," 11.0"
"34504099999","48.6","34.9666666","143.0","1999-08-05","  52.9","000000","999.9","  78.6","  55.4"," 11.7"," 0.00","1012.5","999.9","999.9","  67.1","  6.2","  7.8"
"34504099999","48.6","34.9666666","143.0","1999-08-06","  52.8","000000","999.9","  79.9","  54.9"," 13.6"," 0.00","1012.1","999.9","999.9","  68.6","  4.6","  6.7"
"34504099999","48.6","34.9666666","143.0","1999-08-07","  57.0","000000","999.9","  86.7","  58.1","  5.8"," 0.03","1011.1","999.9","999.9","  69.9","  6.2","  2.7"
"34504099999","48.6","34.9666666","143.0","1999-08-08","  64.7","010000","999.9","  86.0","  63.0","  9.7"," 0.01","1010.4","999.9","999.9","  73.1","  5.7","  5.3"
"34504099999","48.6","34.9666666","143.0","1999-08-09","  62.9","000000","999.9","  93.0","  64.9"," 13.6"," 0.00","1009.9","999.9","999.9","  77.5","  6.2","  9.5"
"34504099999","48.6","34.9666666","143.0","1999-08-10","  67.5","000010","999.9","  90.0","  68.4"," 11.7"," 0.00","1011.1","999.9","999.9","  77.5","  6.2","  4.1"
"34504099999","48.6","34.9666666","143.0","1999-08-11","  68.0","010010","999.9","  92.3","  67.8"," 11.7"," 0.00","1010.8","999.9","999.9","  80.1","  5.7","  8.0"
"34504099999","48.6","34.9666666","143.0","1999-08-12","  67.4","010010","999.9","  76.6","  67.5"," 13.6"," 1.65","1009.2","999.9","999.9","  71.0","  4.2","  8.0"
"34504099999","48.6","34.9666666","143.0","1999-08-13","  65.9","000000","999.9","  83.1","  65.7"," 11.7"," 0.08","1008.7","999.9","999.9","  73.6","  6.2","  6.1"
"34504099999","48.6","34.9666666","143.0","1999-08-14","  66.1","010010","999.9","  78.3","  63.9","  9.7"," 0.20","1005.3","999.9","999.9","  69.5","  3.7","  4.9"
"34504099999","48.6","34.9666666","143.0","1999-08-15","  54.0","000000","999.9","  73.4","  54.7"," 17.5"," 0.00","1008.7","999.9","999.9","  63.4","  6.2","  9.4"
"34504099999","48.6","34.9666666","143.0","1999-08-16","  57.0","000000","999.9","  81.0","  54.0"," 11.7"," 0.00","1011.8","999.9","999.9","  69.6","  5.1","  8.6"
"34504099999","48.6","34.9666666","143.0","1999-08-17","  63.8","000000","999.9","  84.4","  61.3"," 11.7"," 0.00","1009.0","999.9","999.9","  73.4","  6.2","  8.0"
"34504099999","48.6","34.9666666","143.0","1999-08-18","  57.0","000000","999.9","  75.6","  61.2"," 15.5"," 0.00","1014.2","999.9","999.9","  69.4","  6.2","  9.1"
"34504099999","48.6","34.9666666","143.0","1999-08-19","  62.1","010000","999.9","  83.3","  62.1","  5.8"," 0.03","1019.5","999.9","999.9","  70.3","  6.2","  4.2"
"34504099999","48.6","34.9666666","143.0","1999-08-20","  64.2","000000","999.9","  92.7","  61.2","  9.7"," 0.00","1015.0","999.9","999.9","  77.5","  6.2","  5.8"
"34504099999","48.6","34.9666666","143.0","1999-08-21","  63.9","000010","999.9","  82.2","  63.7"," 15.5"," 0.35","1010.5","999.9","999.9","  71.8","  6.2","  9.5"
"34504099999","48.6","34.9666666","143.0","1999-08-22","  58.3","000000","999.9","  75.0","  58.5","  3.9"," 0.00","1012.8","999.9","999.9","  67.9","  6.2","  1.9"
"34504099999","48.6","34.9666666","143.0","1999-08-23","  58.6","010000","999.9","  67.1","  59.7"," 13.6"," 0.47","1013.5","999.9","999.9","  63.3","  4.0","  9.7"
"34504099999","48.6","34.9666666","143.0","1999-08-24","  53.9","000000","999.9","  72.1","  55.4"," 15.5"," 0.04","1016.7","999.9","999.9","  63.9","  6.2"," 12.5"
"34504099999","48.6","34.9666666","143.0","1999-08-25","  52.9","000000","999.9","  73.2","  55.0"," 15.5"," 0.00","1019.3","999.9","999.9","  64.4","  6.2"," 12.6"
"34504099999","48.6","34.9666666","143.0","1999-08-26","  47.1","000000","999.9","  70.3","  56.1"," 15.5"," 0.00","1020.3","999.9","999.9","  64.2","  6.2"," 14.2"
"34504099999","48.6","34.9666666","143.0","1999-08-27","  48.1","010000","999.9","  69.3","  58.1"," 21.4"," 0.01","1019.1","999.9","999.9","  63.3","  6.2"," 19.0"
"34504099999","48.6","34.9666666","143.0","1999-08-28","  51.5","000000","999.9","  75.2","  59.0"," 15.5"," 0.03","1018.5","999.9","999.9","  67.5","  6.2"," 12.9"
"34504099999","48.6","34.9666666","143.0","1999-08-29","  51.7","000000","999.9","  77.2","  56.1"," 42.7"," 0.00","1017.2","999.9","999.9","  66.4","  5.1","  6.9"
"34504099999","48.6","34.9666666","143.0","1999-08-30","  55.6","000000","999.9","  80.2","  68.2"," 13.6"," 0.00","1012.7","999.9","999.9","  74.6","  6.2","  7.8"
"34504099999","48.6","34.9666666","143.0","1999-08-31","  54.0","000000","999.9","  77.4","  55.2","  9.7"," 0.00","1013.4","999.9","999.9","  67.1","  5.0","  8.4"
"34504099999","48.6","34.9666666","143.0","1999-09-01","  56.1","000000","999.9","  75.9","  57.6"," 11.7"," 0.00","1013.4","999.9","999.9","  69.2","  6.2","  5.8"
"34504099999","48.6","34.9666666","143.0","1999-09-02","  43.3","000000","999.9","  72.7","  57.9"," 17.5"," 0.03","1020.0","999.9","999.9","  63.7","  6.2"," 13.9"
"34504099999","48.6","34.9666666","143.0","1999-09-03","  38.2","000000","999.9","  72.7","  49.6"," 17.5"," 0.00","1026.2","999.9","999.9","  62.6","  6.2"," 15.2"
"34504099999","48.6","34.9666666","143.0","1999-09-04","  36.7","000000","999.9","  73.4","  51.3"," 17.5"," 0.00","1026.0","999.9","999.9","  62.6","  6.2"," 14.2"
"34504099999","48.6","34.9666666","143.0","1999-09-05","  37.9","000000","999.9","  76.8","  50.4"," 15.5"," 0.00","1021.3","999.9","999.9","  66.4","  6.2"," 12.3"
"34504099999","48.6","34.9666666","143.0","1999-09-06","  39.0","000000","999.9","  77.9","  54.3"," 13.6"," 0.00","1016.6","999.9","999.9","  68.0","  6.2"," 12.6"
"34504099999","48.6","34.9666666","143.0","1999-09-07","  56.2","010000","999.9","  75.4","  62.4"," 11.7"," 0.04","1013.2","999.9","999.9","  67.8","  6.2","  8.6"
"34504099999","48.6","34.9666666","143.0","1999-09-08","  56.1","010000","999.9","  74.8","  59.4"," 13.6"," 0.03","1014.3","999.9","999.9","  64.0","  5.6"," 11.0"
"34504099999","48.6","34.9666666","143.0","1999-09-09","  58.2","000000","999.9","  77.2","  54.0","  9.7"," 0.00","1014.7","999.9","999.9","  65.2","  5.1","  4.1"
"34504099999","48.6","34.9666666","143.0","1999-09-10","  54.3","000000","999.9","  83.3","  56.8","  7.8"," 0.00","1015.2","999.9","999.9","  70.3","  5.7","  4.4"
"34504099999","48.6","34.9666666","143.0","1999-09-11","  48.8","000000","999.9","  75.4","  55.8"," 13.6"," 0.00","1016.6","999.9","999.9","  65.8","  6.2","  9.7"
"34504099999","48.6","34.9666666","143.0","1999-09-12","  42.6","000000","999.9","  66.2","  50.7"," 15.5"," 0.00","1014.4","999.9","999.9","  58.0","  5.7"," 14.2"
"34504099999","48.6","34.9666666","143.0","1999-09-13","  40.1","000000","999.9","  63.3","  46.0"," 13.6"," 0.00","1015.3","999.9","999.9","  51.2","  6.2","  9.7"
"34504099999","48.6","34.9666666","143.0","1999-09-14","  38.3","000000","999.9","  59.0","  39.9","  7.8"," 0.00","1016.5","999.9","999.9","  48.8","  6.2","  5.0"
"34504099999","48.6","34.9666666","143.0","1999-09-15","  41.2","000000","999.9","  58.6","  44.2"," 13.6"," 0.00","1016.4","999.9","999.9","  53.8","  6.2","  7.2"
"34504099999","48.6","34.9666666","143.0","1999-09-16","  38.5","000000","999.9","  59.5","  44.1"," 15.5"," 0.00","1016.1","999.9","999.9","  51.8","  6.2","  7.2"
"34504099999","48.6","34.9666666","143.0","1999-09-17","  40.8","000000","999.9","  63.9","  37.8","  3.9"," 0.00","1017.7","999.9","999.9","  51.0","  5.6","  0.6"
"34504099999","48.6","34.9666666","143.0","1999-09-18","  52.6","010000","999.9","  66.6","  46.8","999.9"," 0.03","1020.5","999.9","999.9","  55.8","  4.3","  0.0"
"34504099999","48.6","34.9666666","143.0","1999-09-19","  48.2","000000","999.9","  68.7","  52.0"," 15.5"," 0.00","1022.5","999.9","999.9","  59.1","  5.1","  9.5"
"34504099999","48.6","34.9666666","143.0","1999-09-20","  47.2","000000","999.9","  66.9","  46.4"," 13.6"," 0.00","1026.0","999.9","999.9","  54.7","  6.2"," 10.9"
"34504099999","48.6","34.9666666","143.0","1999-09-21","  44.4","000000","999.9","  67.6","  46.4","  9.7"," 0.00","1025.1","999.9","999.9","  55.7","  6.2","  5.6"
"34504099999","48.6","34.9666666","143.0","1999-09-22","  41.0","000000","999.9","  71.6","  40.5","  9.7"," 0.00","1022.6","999.9","999.9","  54.9","  6.2","  5.8"
"34504099999","48.6","34.9666666","143.0","1999-09-23","  46.7","000000","999.9","  65.1","  45.5"," 11.7"," 0.00","1018.1","999.9","999.9","  53.8","  5.7","  7.0"
"34504099999","48.6","34.9666666","143.0","1999-09-24","  52.1","000000","999.9","  70.9","  47.3","  7.8"," 0.00","1016.0","999.9","999.9","  58.3","  4.8","  3.9"
"34504099999","48.6","34.9666666","143.0","1999-09-25","  53.9","010010","999.9","  73.6","  32.0","  9.7"," 0.03","1015.3","999.9","999.9","  59.3","  3.2","  2.2"
"34504099999","48.6","34.9666666","143.0","1999-09-26","  54.9","000000","999.9","  80.6","  51.1"," 13.6"," 0.00","1014.7","999.9","999.9","  64.7","  4.0","  8.3"
"34504099999","48.6","34.9666666","143.0","1999-09-27","  57.8","000000","999.9","  84.0","  57.6"," 17.5"," 0.00","1010.2","999.9","999.9","  70.5","  5.7"," 12.9"
"34504099999","48.6","34.9666666","143.0","1999-09-28","  54.3","000000","999.9","  73.4","  55.8"," 15.5"," 0.00","1013.9","999.9","999.9","  64.2","  6.2","  5.0"
"34504099999","48.6","34.9666666","143.0","1999-09-29","  55.0","000000","999.9","  83.8","  54.1"," 15.5"," 0.00","1010.6","999.9","999.9","  67.1","  6.2"," 10.3"
"34504099999","48.6","34.9666666","143.0","1999-09-30","  55.2","000000","999.9","  77.4","  53.4","  5.8"," 0.00","1010.2","999.9","999.9","  65.5","  6.2","  3.6"
"34504099999","48.6","34.9666666","143.0","1999-10-01","  55.3","000000","999.9","  83.3","  50.7","  7.8"," 0.00","1014.3","999.9","999.9","  66.9","  5.1","  3.6"
"34504099999","48.6","34.9666666","143.0","1999-10-02","  56.0","000000","999.9","  81.7","  54.7","  3.9"," 0.00","1016.8","999.9","999.9","  69.5","  5.7","  1.7"
"34504099999","48.6","34.9666666","143.0","1999-10-03","  55.9","000000","999.9","  90.7","  60.8"," 11.7"," 0.00","1016.2","999.9","999.9","  71.9","  6.2","  6.4"
"34504099999","48.6","34.9666666","143.0","1999-10-04","  56.2","000000","999.9","  89.6","  58.3"," 13.6"," 0.00","1014.1","999.9","999.9","  68.7","  6.2"," 10.5"
"34504099999","48.6","34.9666666","143.0","1999-10-05","  52.3","100000","999.9","  85.5","  56.8"," 11.7"," 0.00","1014.9","999.9","999.9","  66.5","  4.5","  7.8"
"34504099999","48.6","34.9666666","143.0","1999-10-06","  50.9","000000","999.9","  83.7","  53.6","  9.7"," 0.00","1016.3","999.9","999.9","  66.9","  6.2","  7.8"
"34504099999","48.6","34.9666666","143.0","1999-10-07","  58.6","000000","999.9","  82.4","  56.8","  7.8"," 0.00","1016.5","999.9","999.9","  69.2","  6.2","  5.8"
"34504099999","48.6","34.9666666","143.0","1999-10-08","  54.7","000000","999.9","  73.0","  51.4"," 17.5"," 0.03","1013.2","999.9","999.9","  60.8","  4.8"," 11.4"
"34504099999","48.6","34.9666666","143.0","1999-10-09","  44.6","000000","999.9","  62.2","  43.7"," 13.6"," 0.00","1018.4","999.9","999.9","  51.4","  5.1","  8.6"
"34504099999","48.6","34.9666666","143.0","1999-10-10","  39.6","000000","999.9","  63.5","  39.9"," 13.6"," 0.00","1013.8","999.9","999.9","  51.5","  5.7","  3.3"
"34504099999","48.6","34.9666666","143.0","1999-10-11","  41.2","010000","999.9","  46.6","  43.2"," 15.5"," 0.36","1015.5","999.9","999.9","  45.3","  3.0"," 10.8"
"34504099999","48.6","34.9666666","143.0","1999-10-12","  42.4","000000","999.9","  56.8","  36.9","  7.8"," 0.00","1020.9","999.9","999.9","  46.8","  3.7","  6.1"
"34504099999","48.6","34.9666666","143.0","1999-10-13","  38.8","000000","999.9","  59.2","  40.8"," 13.6"," 0.00","1020.2","999.9","999.9","  49.2","  5.0","  7.3"
"34504099999","48.6","34.9666666","143.0","1999-10-14","  37.0","010000","999.9","  57.9","  36.9"," 15.5"," 0.03","1015.3","999.9","999.9","  46.2","  6.2","  5.3"
"34504099999","48.6","34.9666666","143.0","1999-10-15","  40.1","010000","999.9","  51.6","  38.7"," 11.7"," 0.08","1008.7","999.9","999.9","  43.9","  3.4","  7.0"
"34504099999","48.6","34.9666666","143.0","1999-10-16","  36.6","010000","999.9","  50.7","  36.0"," 13.6"," 0.05","1012.7","999.9","999.9","  41.8","  3.7","  7.5"
"34504099999","48.6","34.9666666","143.0","1999-10-17","  33.2","000000","999.9","  54.5","  30.6"," 13.6"," 0.00","1015.8","999.9","999.9","  39.7","  4.0","  6.1"
"34504099999","48.6","34.9666666","143.0","1999-10-18","  33.6","010000","999.9","  45.5","  32.0","  9.7"," 0.09","1019.3","999.9","999.9","  39.3","  4.6","  6.9"
"34504099999","48.6","34.9666666","143.0","1999-10-19","  29.0","000000","999.9","  41.4","  33.4","  9.7"," 0.00","1023.7","999.9","999.9","  37.0","  5.7","  4.2"
"34504099999","48.6","34.9666666","143.0","1999-10-20","  26.5","000000","999.9","  39.2","  32.4","  7.8"," 0.00","1025.7","999.9","999.9","  35.4","  6.2","  4.4"
"34504099999","48.6","34.9666666","143.0","1999-10-21","  26.8","011000","999.9","  38.7","  33.6"," 17.5"," 0.02","1028.1","999.9","999.9","  35.4","  5.7"," 13.0"
"34504099999","48.6","34.9666666","143.0","1999-10-22","  25.7","000000","999.9","  38.7","  29.5"," 17.5"," 0.00","1031.1","999.9","999.9","  33.1","  5.7"," 14.2"
"34504099999","48.6","34.9666666","143.0","1999-10-23","  25.5","000000","999.9","  42.4","  26.2"," 11.7"," 0.00","1032.0","999.9","999.9","  34.0","  6.2","  8.5"
"34504099999","48.6","34.9666666","143.0","1999-10-24","  27.9","000000","999.9","  46.0","  30.9"," 13.6"," 0.00","1030.6","999.9","999.9","  37.3","  6.2"," 11.0"
"34504099999","48.6","34.9666666","143.0","1999-10-25","  31.3","000000","999.9","  53.4","  27.3"," 13.6"," 0.00","1028.6","999.9","999.9","  38.9","  4.7"," 10.7"
"34504099999","48.6","34.9666666","143.0","1999-10-26","  38.3","010000","999.9","  50.0","  36.3"," 15.5"," 0.02","1023.6","999.9","999.9","  43.3","  4.3"," 13.4"
"34504099999","48.6","34.9666666","143.0","1999-10-27","  50.2","110000","999.9","  55.4","  42.8"," 11.7"," 0.40","1010.8","999.9","999.9","  50.8","  0.6","  6.8"
"34504099999","48.6","34.9666666","143.0","1999-10-28","  40.4","010000","999.9","  48.9","  41.4"," 13.6"," 0.12","1010.7","999.9","999.9","  45.0","  3.5"," 10.7"
"34504099999","48.6","34.9666666","143.0","1999-10-29","  35.7","000000","999.9","  48.6","  36.5"," 15.5"," 0.00","1018.7","999.9","999.9","  43.2","  5.3"," 13.6"
"34504099999","48.6","34.9666666","143.0","1999-10-30","  38.8","000000","999.9","  51.6","  38.7"," 17.5"," 0.02","1023.3","999.9","999.9","  45.0","  6.2"," 13.0"
"34504099999","48.6","34.9666666","143.0","1999-10-31","  36.2","000000","999.9","  47.3","  37.0","  5.8"," 0.00","1021.2","999.9","999.9","  42.1","  4.6","  3.3"
"34504099999","48.6","34.9666666","143.0","1999-11-01","  38.4","100000","999.9","  48.4","  32.5"," 38.9"," 0.03","1021.2","999.9","999.9","  41.9","  1.6","  7.8"
"34504099999","48.6","34.9666666","143.0","1999-11-02","  40.0","100000","999.9","  55.9","  37.4"," 13.6"," 0.00","1026.3","999.9","999.9","  45.3","  3.6","  6.6"
"34504099999","48.6","34.9666666","143.0","1999-11-03","  37.9","000000","999.9","  59.0","  34.0"," 13.6"," 0.00","1023.9","999.9","999.9","  44.4","  4.6","  9.7"
"34504099999","48.6","34.9666666","143.0","1999-11-04","  36.8","100000","999.9","  54.3","  38.7"," 17.5"," 0.03","1024.1","999.9","999.9","  43.6","  3.6"," 12.2"
"34504099999","48.6","34.9666666","143.0","1999-11-05","  33.2","100000","999.9","  48.2","  31.5"," 13.6"," 0.00","1029.8","999.9","999.9","  38.6","  5.0","  4.6"
"34504099999","48.6","34.9666666","143.0","1999-11-06","  33.6","100000","999.9","  49.5","  26.2","  7.8"," 0.00","1025.2","999.9","999.9","  37.8","  2.2","  2.2"
"34504099999","48.6","34.9666666","143.0","1999-11-07","  33.8","100000","999.9","  48.0","  34.3"," 11.7"," 0.00","1023.8","999.9","999.9","  37.8","  2.5","  6.1"
"34504099999","48.6","34.9666666","143.0","1999-11-08","  26.3","000000","999.9","  37.4","  21.4"," 15.5"," 0.00","1032.0","999.9","999.9","  32.1","  6.2"," 12.5"
"34504099999","48.6","34.9666666","143.0","1999-11-09","  14.0","000000","999.9","  40.3","  17.6"," 15.5"," 0.00","1041.9","999.9","999.9","  23.2","  6.2"," 13.6"
"34504099999","48.6","34.9666666","143.0","1999-11-10","  10.5","000000","999.9","  33.6","  14.4"," 11.7"," 0.00","1040.7","999.9","999.9","  21.1","  6.2"," 10.5"
"34504099999","48.6","34.9666666","143.0","1999-11-11","  17.8","000000","999.9","  40.6","  12.9","  9.7"," 0.00","1029.8","999.9","999.9","  27.6","  6.2","  5.2"
"34504099999","48.6","34.9666666","143.0","1999-11-12","  29.5","000000","999.9","  40.6","  27.7"," 15.5"," 0.00","1019.9","999.9","999.9","  34.6","  6.2"," 13.4"
"34504099999","48.6","34.9666666","143.0","1999-11-13","  36.6","010000","999.9","  42.6","  35.4"," 13.6"," 0.04","1017.2","999.9","999.9","  39.7","  2.0"," 10.7"
"34504099999","48.6","34.9666666","143.0","1999-11-14","  39.6","100000","999.9","  51.6","  35.2"," 17.5"," 0.03","1009.1","999.9","999.9","  42.8","  2.5"," 14.3"
"34504099999","48.6","34.9666666","143.0","1999-11-15","  34.0","000000","999.9","  44.8","  32.0"," 15.5"," 0.00","1008.9","999.9","999.9","  39.4","  4.7"," 11.4"
"34504099999","48.6","34.9666666","143.0","1999-11-16","  19.9","001000","999.9","  30.9","  22.3"," 21.4"," 0.03","1021.3","999.9","999.9","  27.6","  6.2"," 14.4"
"34504099999","48.6","34.9666666","143.0","1999-11-17","  15.8","000000","999.9","  27.0","  14.2"," 13.6"," 0.00","1026.7","999.9","999.9","  22.3","  6.2","  7.8"
"34504099999","48.6","34.9666666","143.0","1999-11-18","  25.9","111000","999.9","  33.4","  23.0"," 17.5","99.99","1013.6","  3.1","999.9","  27.5","  1.2"," 13.3"
"34504099999","48.6","34.9666666","143.0","1999-11-19","  28.8","110000","999.9","  34.7","  26.6"," 15.5"," 0.43","1006.5","999.9","999.9","  31.9","  2.8"," 11.7"
"34504099999","48.6","34.9666666","143.0","1999-11-20","  26.7","000000","999.9","  34.7","  24.1"," 15.5"," 0.00","1020.1","  0.8","999.9","  30.5","  5.3","  8.3"
"34504099999","48.6","34.9666666","143.0","1999-11-21","  32.6","010000","999.9","  35.8","  32.9"," 13.6"," 0.08","1021.2","999.9","999.9","  34.5","  2.0"," 10.5"
"34504099999","48.6","34.9666666","143.0","1999-11-22","  29.9","100000","999.9","  32.2","  28.8"," 15.5"," 0.00","1026.2","999.9","999.9","  30.4","  0.6"," 11.4"
"34504099999","48.6","34.9666666","143.0","1999-11-23","  29.9","111000"," 35.0","  33.8","  31.1"," 25.3"," 0.00","1015.8","999.9","999.9","  32.3","  3.0"," 20.9"
"34504099999","48.6","34.9666666","143.0","1999-11-24","  18.3","001000"," 35.0","  31.8","  14.4"," 23.3"," 1.46","1009.1","  3.1","999.9","  20.3","  1.8"," 18.2"
"34504099999","48.6","34.9666666","143.0","1999-11-25","   7.5","001000","999.9","  12.9","   4.6"," 15.5"," 0.00","1021.7","  5.1","999.9","  10.4","  1.6"," 13.8"
"34504099999","48.6","34.9666666","143.0","1999-11-26","   0.6","000000","999.9","  11.3","  -0.2"," 13.6"," 0.00","1032.5","  7.1","999.9","   3.9","  3.1","  7.3"
"34504099999","48.6","34.9666666","143.0","1999-11-27","  16.7","001000","999.9","  22.3","  16.0"," 13.6"," 0.12","1024.1","  8.3","999.9","  19.5","  2.2","  9.2"
"34504099999","48.6","34.9666666","143.0","1999-11-28","  25.7","111000","999.9","  31.8","  17.4","  5.8"," 0.04","1028.0","  8.3","999.9","  26.2","  0.6","  0.7"
"34504099999","48.6","34.9666666","143.0","1999-11-29","  23.8","110000","999.9","  30.9","  22.6","999.9"," 0.02","1034.2","999.9","999.9","  25.5","  0.6","  0.0"
"34504099999","48.6","34.9666666","143.0","1999-11-30","  28.7","100000","999.9","  33.1","  22.6"," 15.5"," 0.00","1030.2","  7.9","999.9","  29.5","  0.8"," 10.0"
"34504099999","48.6","34.9666666","143.0","1999-12-01","  31.6","100000","999.9","  36.0","  27.9"," 13.6"," 0.00","1018.5","999.9","999.9","  32.2","  1.3"," 11.9"
"34504099999","48.6","34.9666666","143.0","1999-12-02","  30.3","000000","999.9","  41.0","  32.9"," 13.6"," 0.00","1014.5","  5.5","999.9","  35.7","  4.3","  8.7"
"34504099999","48.6","34.9666666","143.0","1999-12-03","  30.9","110000","999.9","  35.6","  27.0"," 11.7"," 0.13","1016.9","  2.8","999.9","  32.5","  1.8","  6.4"
"34504099999","48.6","34.9666666","143.0","1999-12-04","  30.0","000000","999.9","  39.6","  24.3"," 23.3"," 0.00","1017.9","  2.8","999.9","  33.2","  3.6"," 14.2"
"34504099999","48.6","34.9666666","143.0","1999-12-05","  38.5","100000","999.9","  39.9","  36.1"," 13.6"," 0.00","1013.0","  2.4","999.9","  38.5","  0.1","  8.3"
"34504099999","48.6","34.9666666","143.0","1999-12-06","  34.0","101000","999.9","  39.7","  25.5"," 15.5"," 0.07","1014.3","  1.2","999.9","  34.6","  1.5","  6.5"
"34504099999","48.6","34.9666666","143.0","1999-12-07","  26.2","000000","999.9","  34.7","  24.1"," 17.5"," 0.00","1025.9","  1.6","999.9","  30.6","  4.2"," 12.1"
"34504099999","48.6","34.9666666","143.0","1999-12-08","  31.2","010000","999.9","  38.1","  29.5"," 15.5"," 0.00","1016.5","  1.2","999.9","  34.3","  3.9"," 13.6"
"34504099999","48.6","34.9666666","143.0","1999-12-09","  30.2","000000","999.9","  40.5","  30.4"," 13.6"," 0.03","1021.8","  0.4","999.9","  34.0","  5.7"," 10.2"
"34504099999","48.6","34.9666666","143.0","1999-12-10","  36.3","100000","999.9","  61.3","  28.6"," 11.7"," 0.00","1020.8","  0.8","999.9","  40.5","  2.7","  9.1"
"34504099999","48.6","34.9666666","143.0","1999-12-11","  40.5","100000","999.9","  43.2","  37.6","  9.7"," 0.00","1019.9","  0.4","999.9","  40.5","  0.2","  7.3"
"34504099999","48.6","34.9666666","143.0","1999-12-12","  40.0","100000","999.9","  45.9","  39.4"," 13.6"," 0.00","1018.3","999.9","999.9","  41.9","  1.1"," 11.4"
"34504099999","48.6","34.9666666","143.0","1999-12-13","  31.5","100000","999.9","  33.3","  29.1"," 13.6"," 0.00","1014.9","999.9","999.9","  32.1","  0.4"," 10.9"
"34504099999","48.6","34.9666666","143.0","1999-12-14","  34.5","110000","999.9","  37.9","  32.4"," 13.6"," 0.05","1006.7","999.9","999.9","  34.9","  0.8"," 10.0"
"34504099999","48.6","34.9666666","143.0","1999-12-15","  35.5","110000","999.9","  39.0","  33.4"," 15.5"," 0.11","1006.3","999.9","999.9","  36.9","  1.9"," 10.7"
"34504099999","48.6","34.9666666","143.0","1999-12-16","  41.0","110000","999.9","  45.1","  33.4"," 17.5"," 0.36","1012.7","999.9","999.9","  42.3","  0.9"," 11.7"
"34504099999","48.6","34.9666666","143.0","1999-12-17","  32.9","111000","999.9","  39.4","  31.6"," 15.5"," 0.07","1022.9","999.9","999.9","  35.0","  1.4","  9.5"
"34504099999","48.6","34.9666666","143.0","1999-12-18","  31.0","111000","999.9","  32.7","  30.4","  9.7"," 0.12","1017.5","999.9","999.9","  32.1","  0.7","  7.4"
"34504099999","48.6","34.9666666","143.0","1999-12-19","  32.8","110000","999.9","  36.7","  30.6"," 15.5"," 0.11","1013.9","  0.4","999.9","  33.6","  0.6","  9.5"
"34504099999","48.6","34.9666666","143.0","1999-12-20","  37.8","110000","999.9","  43.5","  36.0"," 13.6"," 0.00","1013.0","999.9","999.9","  39.6","  1.0","  8.5"
"34504099999","48.6","34.9666666","143.0","1999-12-21","  37.5","111000","999.9","  44.1","  28.9"," 27.2"," 0.08","1007.3","999.9","999.9","  38.9","  1.9"," 10.3"
"34504099999","48.6","34.9666666","143.0","1999-12-22","  16.4","001000","999.9","  28.0","  17.6"," 17.5"," 0.04","1031.5","  0.8","999.9","  22.4","  6.2"," 13.6"
"34504099999","48.6","34.9666666","143.0","1999-12-23","  15.6","100000","999.9","  25.9","  14.2","  7.8"," 0.00","1039.5","  0.8","999.9","  19.1","  5.4","  3.9"
"34504099999","48.6","34.9666666","143.0","1999-12-24","  19.0","000000","999.9","  27.7","  19.6"," 17.5"," 0.00","1036.3","  0.4","999.9","  23.1","  4.1"," 13.6"
"34504099999","48.6","34.9666666","143.0","1999-12-25","  22.9","011000","999.9","  28.0","  22.8"," 13.6"," 0.03","1026.4","  0.4","999.9","  26.1","  4.1"," 10.4"
"34504099999","48.6","34.9666666","143.0","1999-12-26","  27.6","001000","999.9","  32.4","  26.6"," 15.5"," 0.20","1011.9","  2.0","999.9","  29.1","  1.5"," 10.8"
"34504099999","48.6","34.9666666","143.0","1999-12-27","  30.0","010000","999.9","  37.4","  27.3"," 17.5"," 0.39"," 995.8","999.9","999.9","  31.9","  1.6"," 14.2"
"34504099999","48.6","34.9666666","143.0","1999-12-28","  27.5","000000","999.9","  35.6","  27.7"," 15.5"," 0.00"," 999.4","  0.8","999.9","  30.2","  3.3","  8.5"
"34504099999","48.6","34.9666666","143.0","1999-12-29","  34.8","010000","999.9","  47.5","  28.8"," 25.3","99.99"," 995.1","  0.4","999.9","  38.2","  3.4"," 17.7"
"34504099999","48.6","34.9666666","143.0","1999-12-30","  25.0","000000"," 36.9","  36.3","  28.6"," 27.2"," 0.00","1015.3","999.9","999.9","  32.4","  6.2"," 18.9"
"34504099999","48.6","34.9666666","143.0","1999-12-31","  24.1","000000","999.9","  32.0","  25.7","  7.8"," 0.00","1025.2","999.9","999.9","  27.8","  6.2","  4.4"
"34504099999","48.6","34.9666666","143.0","2000-01-01","  23.9","001000","999.9","  36.3","  25.5"," 15.5"," 0.43","1019.4","999.9","999.9","  27.7","  1.9","  9.4"
"34504099999","48.6","34.9666666","143.0","2000-01-02","  20.7","001000","999.9","  26.1","  20.8"," 17.5"," 0.27","1020.4","  7.1","999.9","  23.9","  5.6"," 15.1"
"34504099999","48.6","34.9666666","143.0","2000-01-03","  14.5","101000","999.9","  20.8","   9.7"," 13.6"," 0.04","1024.5","  7.5","999.9","  17.1","  3.0","  6.3"
"34504099999","48.6","34.9666666","143.0","2000-01-04","  14.7","001000","999.9","  21.2","   9.7","  3.9"," 0.06","1024.4","  7.9","999.9","  17.3","  1.6","  1.5"
"34504099999","48.6","34.9666666","143.0","2000-01-05","  20.0","001000","999.9","  24.1","  17.4"," 13.6"," 0.00","1020.9","  7.5","999.9","  21.8","  1.1","  9.0"
"34504099999","48.6","34.9666666","143.0","2000-01-06","  24.0","001000","999.9","  28.9","  24.1","  9.7","99.99","1024.5","999.9","999.9","  26.5","  1.5","  4.3"
"34504099999","48.6","34.9666666","143.0","2000-01-07","  21.7","000000","999.9","  29.5","  24.6","  5.8"," 0.00","1028.8","  7.1","999.9","  26.2","  4.2","  2.7"
"34504099999","48.6","34.9666666","143.0","2000-01-08","  22.1","000000","999.9","  27.3","  23.9","  7.8"," 0.00","1029.3","  6.3","999.9","  25.6","  3.0","  3.9"
"34504099999","48.6","34.9666666","143.0","2000-01-09","  25.9","000000","999.9","  32.2","  25.9","  3.9"," 0.00","1028.9","999.9","999.9","  29.0","  1.2","  2.8"
"34504099999","48.6","34.9666666","143.0","2000-01-10","  27.6","000000","999.9","  33.4","  27.7","  7.8"," 0.00","1030.3","  5.5","999.9","  30.2","  1.2","  1.5"
"34504099999","48.6","34.9666666","143.0","2000-01-11","  24.0","000000","999.9","  31.8","  21.6"," 17.5"," 0.00","1033.9","  5.5","999.9","  27.6","  2.8","  8.7"
"34504099999","48.6","34.9666666","143.0","2000-01-12","  25.6","001000","999.9","  32.9","  25.5"," 11.7"," 0.03","1036.3","  4.3","999.9","  29.2","  4.1","  8.6"
"34504099999","48.6","34.9666666","143.0","2000-01-13","  20.8","000000","999.9","  30.7","  25.3","  5.8"," 0.39","1037.4","  4.3","999.9","  28.0","  5.1","  3.9"
"34504099999","48.6","34.9666666","143.0","2000-01-14","  19.4","000000","999.9","  28.9","  20.5","999.9"," 0.00","1036.4","  4.3","999.9","  24.1","  3.6","  0.0"
"34504099999","48.6","34.9666666","143.0","2000-01-15","  19.4","000000","999.9","  26.6","  20.8","  7.8"," 0.00","1029.4","999.9","999.9","  23.9","  2.5","  3.4"
"34504099999","48.6","34.9666666","143.0","2000-01-16","  22.4","001000","999.9","  28.4","  22.8","  7.8"," 0.03","1023.5","  4.3","999.9","  25.2","  1.8","  6.3"
"34504099999","48.6","34.9666666","143.0","2000-01-17","  18.4","001000","999.9","  26.2","  18.0"," 17.5"," 0.04","1008.6","  5.1","999.9","  21.4","  1.5","  9.3"
"34504099999","48.6","34.9666666","143.0","2000-01-18","  25.6","001000","999.9","  29.8","  24.3"," 17.5"," 0.10"," 986.8","  5.9","999.9","  27.8","  1.6"," 10.9"
"34504099999","48.6","34.9666666","143.0","2000-01-19","  23.9","101000","999.9","  30.6","  21.4"," 15.5"," 0.07"," 994.5","  6.3","999.9","  26.3","  2.5","  8.7"
"34504099999","48.6","34.9666666","143.0","2000-01-20","  13.3","001000","999.9","  25.9","   4.3"," 17.5"," 0.04","1004.2","  6.7","999.9","  17.5","  3.9"," 13.6"
"34504099999","48.6","34.9666666","143.0","2000-01-21","  19.3","001000","999.9","  28.9","   2.8"," 23.3"," 0.12"," 996.5","  7.9","999.9","  21.9","  1.1"," 17.8"
"34504099999","48.6","34.9666666","143.0","2000-01-22","   7.5","001000","999.9","  19.2","   4.5"," 19.4"," 0.11","1004.3","  9.1","999.9","  12.1","  4.0"," 14.1"
"34504099999","48.6","34.9666666","143.0","2000-01-23","   1.9","001000","999.9","  14.9","   1.2","  9.7"," 0.03","1018.6","  9.1","999.9","   5.6","  5.7","  7.3"
"34504099999","48.6","34.9666666","143.0","2000-01-24","  13.6","001000","999.9","  20.5","   2.3"," 23.3"," 0.78","1011.9","  9.1","999.9","  15.3","  1.3"," 14.1"
"34504099999","48.6","34.9666666","143.0","2000-01-25","   4.7","001000"," 36.9","  17.2","  -2.9"," 25.3"," 0.28","1011.3"," 15.0","999.9","   9.1","  3.7"," 19.4"
"34504099999","48.6","34.9666666","143.0","2000-01-26","  -4.7","001000","999.9","   5.9"," -13.2"," 11.7"," 0.04","1018.3"," 15.0","999.9","  -1.7","  2.1","  7.5"
"34504099999","48.6","34.9666666","143.0","2000-01-27","   7.4","101000","999.9","  25.9","  -7.6"," 11.7"," 0.04","1016.6"," 15.4","999.9","   9.0","  1.0","  4.7"
"34504099999","48.6","34.9666666","143.0","2000-01-28","  29.4","011000","999.9","  32.9","  22.1"," 11.7"," 0.07","1015.0"," 16.1","999.9","  31.4","  1.4","  8.5"
"34504099999","48.6","34.9666666","143.0","2000-01-29","  29.0","100000","999.9","  33.4","  29.3"," 13.6"," 0.03","1017.0"," 15.7","999.9","  31.4","  1.7","  9.5"
"34504099999","48.6","34.9666666","143.0","2000-01-30","  29.9","110000","999.9","  36.5","  23.7"," 21.4"," 0.02","1009.3"," 13.8","999.9","  32.5","  1.6"," 15.5"
"34504099999","48.6","34.9666666","143.0","2000-01-31","  28.8","001000","999.9","  37.0","  28.2"," 19.4"," 0.02","1008.6"," 13.4","999.9","  32.4","  3.7"," 11.7"
"34504099999","48.6","34.9666666","143.0","2000-02-01","  24.8","010000","999.9","  35.8","  16.7"," 25.3"," 0.12","1012.7"," 10.6","999.9","  29.6","  4.8"," 17.0"
"34504099999","48.6","34.9666666","143.0","2000-02-02","  23.9","000000","999.9","  35.6","  11.5"," 17.5"," 0.00","1016.0"," 10.2","999.9","  26.5","  3.9"," 12.4"
"34504099999","48.6","34.9666666","143.0","2000-02-03","  31.2","010000","999.9","  37.6","  30.9"," 15.5"," 0.02","1008.7","  9.8","999.9","  34.6","  2.0"," 11.9"
"34504099999","48.6","34.9666666","143.0","2000-02-04","  20.2","001000","999.9","  29.5","  16.3"," 21.4"," 0.03","1021.3","  9.4","999.9","  26.4","  5.7"," 16.5"
"34504099999","48.6","34.9666666","143.0","2000-02-05","  21.4","001000"," 35.0","  33.8","  11.8"," 23.3"," 0.39","1015.4","  8.3","999.9","  24.0","  3.5"," 17.5"
"34504099999","48.6","34.9666666","143.0","2000-02-06","  23.3","001000","999.9","  35.2","  18.7"," 13.6"," 0.03","1018.2"," 11.8","999.9","  30.3","  5.3"," 12.1"
"34504099999","48.6","34.9666666","143.0","2000-02-07","  27.2","100000","999.9","  34.2","  13.8","  7.8"," 0.00","1020.4"," 11.0","999.9","  27.5","  0.6","  4.6"
"34504099999","48.6","34.9666666","143.0","2000-02-08","  33.5","110000","999.9","  36.0","  32.4"," 17.5"," 0.02","1015.5","999.9","999.9","  33.5","  0.2"," 11.2"
"34504099999","48.6","34.9666666","143.0","2000-02-09","  33.7","100000","999.9","  36.3","  33.6"," 13.6"," 0.00","1009.0","  9.8","999.9","  34.5","  0.1"," 11.2"
"34504099999","48.6","34.9666666","143.0","2000-02-10","  32.2","100000","999.9","  40.8","  32.2","  9.7"," 0.00","1019.9","  8.3","999.9","  35.0","  3.1","  7.0"
"34504099999","48.6","34.9666666","143.0","2000-02-11","  28.1","100000","999.9","  41.7","  24.8","  5.8"," 0.00","1025.9","  7.5","999.9","  31.2","  3.1","  3.4"
"34504099999","48.6","34.9666666","143.0","2000-02-12","  27.7","100000","999.9","  34.5","  22.1","  3.9"," 0.00","1027.3","  7.1","999.9","  29.6","  1.3","  3.9"
"34504099999","48.6","34.9666666","143.0","2000-02-13","  22.9","000000","999.9","  31.1","  28.2","999.9"," 0.00","1024.6","  6.7","999.9","  29.9","  4.7","  0.0"
"34504099999","48.6","34.9666666","143.0","2000-02-14","  27.3","001000","999.9","  35.6","  27.9"," 11.7"," 0.04","1018.8","  6.7","999.9","  30.6","  2.6","  6.8"
"34504099999","48.6","34.9666666","143.0","2000-02-15","  29.8","001000","999.9","  34.5","  30.7","  9.7"," 0.06","1017.0","  6.7","999.9","  32.1","  1.3","  4.1"
"34504099999","48.6","34.9666666","143.0","2000-02-16","  22.7","100000","999.9","  30.7","  20.7","  7.8"," 0.00","1019.1","  6.7","999.9","  26.6","  3.4","  2.4"
"34504099999","48.6","34.9666666","143.0","2000-02-17","  26.2","000000","999.9","  35.6","  22.3"," 13.6"," 0.00","1018.3","  5.9","999.9","  30.4","  2.2"," 10.0"
"34504099999","48.6","34.9666666","143.0","2000-02-18","  34.4","000000","999.9","  42.6","  29.8"," 15.5"," 0.00","1013.1","  6.3","999.9","  37.3","  3.0"," 13.8"
"34504099999","48.6","34.9666666","143.0","2000-02-19","  35.4","010000","999.9","  47.1","  35.2"," 15.5","99.99","1006.7","  5.5","999.9","  40.5","  4.1"," 12.5"
"34504099999","48.6","34.9666666","143.0","2000-02-20","  30.7","101000","999.9","  39.0","  26.1"," 15.5"," 0.08","1011.7","  3.1","999.9","  32.1","  5.7"," 10.8"
"34504099999","48.6","34.9666666","143.0","2000-02-21","  28.0","001000","999.9","  31.6","  23.4"," 15.5"," 0.43","1013.8","  3.9","999.9","  29.4","  1.0","  8.0"
"34504099999","48.6","34.9666666","143.0","2000-02-22","  23.3","001000","999.9","  31.1","  21.9"," 23.3"," 0.70","1013.0"," 13.0","999.9","  26.6","  2.9"," 17.5"
"34504099999","48.6","34.9666666","143.0","2000-02-23","  15.6","001000","999.9","  28.9","  14.9"," 17.5"," 0.00","1022.1"," 13.0","999.9","  21.1","  5.3"," 10.2"
"34504099999","48.6","34.9666666","143.0","2000-02-24","  12.4","000000","999.9","  28.8","  10.4"," 17.5"," 0.03","1026.8"," 12.2","999.9","  18.3","  5.7","  8.3"
"34504099999","48.6","34.9666666","143.0","2000-02-25","  19.0","001000","999.9","  29.8","   9.5"," 13.6"," 0.03","1020.9"," 11.8","999.9","  22.0","  2.4","  9.2"
"34504099999","48.6","34.9666666","143.0","2000-02-26","  25.4","000000","999.9","  38.1","  25.9","  9.7"," 0.03","1016.7","999.9","999.9","  31.2","  3.6","  3.6"
"34504099999","48.6","34.9666666","143.0","2000-02-27","  23.5","001000","999.9","  36.3","  19.4"," 13.6"," 0.00","1025.5","  9.8","999.9","  28.5","  4.2"," 10.0"
"34504099999","48.6","34.9666666","143.0","2000-02-28","   4.0","000000","999.9","  29.3","  13.8"," 13.6"," 0.00","1038.6","999.9","999.9","  19.9","  6.2","  5.8"
"34504099999","48.6","34.9666666","143.0","2000-02-29","  20.4","000000","999.9","  38.1","  15.6"," 13.6"," 0.00","1032.7","  9.1","999.9","  26.9","  5.3"," 11.2"
"34504099999","48.6","34.9666666","143.0","2000-03-01","  26.6","000000","999.9","  37.4","  23.0"," 15.5"," 0.00","1025.2","  9.1","999.9","  29.4","  3.3"," 10.9"
"34504099999","48.6","34.9666666","143.0","2000-03-02","  27.0","000000","999.9","  41.4","  20.5","  9.7"," 0.00","1020.8","  7.9","999.9","  31.8","  3.6","  6.6"
"34504099999","48.6","34.9666666","143.0","2000-03-03","  32.6","010000","999.9","  40.6","  30.6"," 11.7","99.99","1016.8","  7.5","999.9","  35.5","  2.7","  8.3"
"34504099999","48.6","34.9666666","143.0","2000-03-04","  36.2","100000","999.9","  41.9","  35.4","  9.7"," 0.00","1013.7","  6.3","999.9","  37.4","  0.7","  7.5"
"34504099999","48.6","34.9666666","143.0","2000-03-05","  33.1","110000","999.9","  38.3","  33.3"," 15.5"," 0.20","1012.5","  5.9","999.9","  35.8","  1.9"," 10.4"
"34504099999","48.6","34.9666666","143.0","2000-03-06","  21.8","000000","999.9","  38.3","  29.1"," 17.5"," 0.00","1019.0","  3.5","999.9","  32.6","  6.2"," 13.8"
"34504099999","48.6","34.9666666","143.0","2000-03-07","  22.6","001000","999.9","  35.4","  23.4"," 17.5","99.99","1019.0","999.9","999.9","  31.5","  4.4"," 12.2"
"34504099999","48.6","34.9666666","143.0","2000-03-08","  36.1","011000","999.9","  45.3","  31.6"," 15.5"," 0.12","1010.1","  3.9","999.9","  40.0","  2.2"," 13.4"
"34504099999","48.6","34.9666666","143.0","2000-03-09","  40.0","010000","999.9","  48.7","  38.5"," 17.5"," 0.00","1000.4","999.9","999.9","  44.3","  3.9"," 12.2"
"34504099999","48.6","34.9666666","143.0","2000-03-10","  29.3","000000","999.9","  45.5","  26.6"," 21.4"," 0.05","1001.0","999.9","999.9","  35.9","  6.2"," 16.4"
"34504099999","48.6","34.9666666","143.0","2000-03-11","  24.5","010000","999.9","  34.9","  23.7"," 17.5"," 0.06","1014.0","999.9","999.9","  30.1","  5.7","  9.2"
"34504099999","48.6","34.9666666","143.0","2000-03-12","  28.5","001000","999.9","  38.3","  28.4"," 13.6"," 0.02","1013.6","999.9","999.9","  32.2","  2.3","  9.5"
"34504099999","48.6","34.9666666","143.0","2000-03-13","  19.1","000000","999.9","  30.4","  21.9"," 17.5"," 0.15","1023.2","  2.4","999.9","  26.7","  4.5"," 12.1"
"34504099999","48.6","34.9666666","143.0","2000-03-14","  21.5","000000","999.9","  40.5","  18.5"," 15.5"," 0.00","1029.3","  0.8","999.9","  29.6","  6.2"," 10.2"
"34504099999","48.6","34.9666666","143.0","2000-03-15","  26.4","000000","999.9","  42.4","  28.0"," 19.4"," 0.00","1019.6","999.9","999.9","  34.7","  6.2"," 16.3"
"34504099999","48.6","34.9666666","143.0","2000-03-16","  31.6","011000","999.9","  35.6","  31.8"," 17.5"," 0.29","1010.5","999.9","999.9","  33.4","  1.7","  9.7"
"34504099999","48.6","34.9666666","143.0","2000-03-17","  29.5","100000","999.9","  37.0","  27.0","  7.8"," 0.00","1012.5","  1.6","999.9","  31.5","  2.4","  5.8"
"34504099999","48.6","34.9666666","143.0","2000-03-18","  29.3","001000"," 35.0","  32.9","  29.7"," 23.3"," 0.59","1008.6","999.9","999.9","  30.8","  1.7"," 17.7"
"34504099999","48.6","34.9666666","143.0","2000-03-19","  28.3","011000","999.9","  33.1","  28.4"," 17.5"," 0.19","1008.0","  3.5","999.9","  30.9","  2.5"," 11.9"
"34504099999","48.6","34.9666666","143.0","2000-03-20","  27.3","001000","999.9","  36.7","  23.4"," 11.7"," 0.31","1019.5","  3.1","999.9","  30.1","  4.1","  8.0"
"34504099999","48.6","34.9666666","143.0","2000-03-21","  28.3","001000","999.9","  39.2","  30.4"," 17.5"," 0.46","1018.2","  6.3","999.9","  32.5","  4.2"," 10.0"
"34504099999","48.6","34.9666666","143.0","2000-03-22","  27.9","000000","999.9","  38.7","  27.7","  9.7"," 0.00","1018.7","  2.8","999.9","  32.7","  6.2","  5.3"
"34504099999","48.6","34.9666666","143.0","2000-03-23","  31.5","000000","999.9","  47.5","  26.1"," 15.5"," 0.00","1014.8","  2.4","999.9","  37.0","  4.8"," 10.7"
"34504099999","48.6","34.9666666","143.0","2000-03-24","  32.9","010000","999.9","  50.9","  33.1"," 21.4"," 0.01","1010.2","  0.4","999.9","  40.3","  3.9"," 14.6"
"34504099999","48.6","34.9666666","143.0","2000-03-25","  24.9","011000","999.9","  45.0","  28.8"," 15.5"," 0.00","1019.2","999.9","999.9","  36.3","  6.2"," 12.9"
"34504099999","48.6","34.9666666","143.0","2000-03-26","  27.7","010000","999.9","  53.1","  28.0"," 17.5"," 0.03","1022.0","999.9","999.9","  38.4","  6.2"," 10.7"
"34504099999","48.6","34.9666666","143.0","2000-03-27","  36.8","010000","999.9","  44.2","  36.3"," 17.5"," 0.03","1019.3","999.9","999.9","  41.4","  2.8","  7.8"
"34504099999","48.6","34.9666666","143.0","2000-03-28","  43.3","010000","999.9","  49.8","  40.6","  9.7"," 0.48","1015.7","999.9","999.9","  45.3","  1.1","  6.9"
"34504099999","48.6","34.9666666","143.0","2000-03-29","  38.1","111000","999.9","  45.0","  37.0"," 17.5"," 0.01","1019.5","999.9","999.9","  40.0","  1.6"," 12.1"
"34504099999","48.6","34.9666666","143.0","2000-03-30","  33.6","000000","999.9","  40.8","  34.7","  9.7"," 0.00","1024.6","999.9","999.9","  37.8","  5.0","  8.4"
"34504099999","48.6","34.9666666","143.0","2000-03-31","  37.8","010000","999.9","  44.8","  37.8"," 13.6","99.99","1015.6","999.9","999.9","  41.6","  2.3"," 10.0"
"34504099999","48.6","34.9666666","143.0","2000-04-01","  39.2","000000","999.9","  58.5","  42.4"," 11.7"," 0.00","1013.2","999.9","999.9","  48.9","  5.1","  6.7"
"34504099999","48.6","34.9666666","143.0","2000-04-02","  40.0","010000","999.9","  59.5","  41.4"," 15.5"," 0.01","1012.1","999.9","999.9","  51.7","  6.2"," 10.3"
"34504099999","48.6","34.9666666","143.0","2000-04-03","  45.1","010000","999.9","  57.6","  43.5"," 17.5"," 0.16","1009.7","999.9","999.9","  49.9","  4.4","  9.0"
"34504099999","48.6","34.9666666","143.0","2000-04-04","  40.8","000000","999.9","  61.5","  38.1"," 11.7"," 0.00","1014.7","999.9","999.9","  48.6","  6.2","  5.5"
"34504099999","48.6","34.9666666","143.0","2000-04-05","  42.7","010000","999.9","  71.8","  45.0"," 15.5"," 0.00","1008.6","999.9","999.9","  57.6","  5.7"," 12.1"
"34504099999","48.6","34.9666666","143.0","2000-04-06","  45.2","010000","999.9","  70.2","  50.9"," 25.3"," 0.08","1001.3","999.9","999.9","  58.8","  5.7"," 17.7"
"34504099999","48.6","34.9666666","143.0","2000-04-07","  35.0","000000","999.9","  55.6","  37.8"," 17.5"," 0.00","1004.6","999.9","999.9","  48.0","  6.2"," 11.2"
"34504099999","48.6","34.9666666","143.0","2000-04-08","  33.9","010000","999.9","  43.9","  36.9","  9.7"," 0.02","1008.9","999.9","999.9","  40.4","  5.7","  7.5"
"34504099999","48.6","34.9666666","143.0","2000-04-09","  36.6","010000","999.9","  47.7","  38.8","  7.8"," 0.03","1014.6","999.9","999.9","  43.1","  5.5","  4.6"
"34504099999","48.6","34.9666666","143.0","2000-04-10","  43.8","010000","999.9","  53.6","  42.4"," 11.7"," 0.13","1015.5","999.9","999.9","  47.4","  1.6","  4.9"
"34504099999","48.6","34.9666666","143.0","2000-04-11","  42.2","000000","999.9","  59.5","  44.6"," 15.5"," 0.00","1012.2","999.9","999.9","  48.8","  2.5","  8.7"
"34504099999","48.6","34.9666666","143.0","2000-04-12","  39.3","000000","999.9","  61.9","  41.9","  5.8"," 0.00","1009.9","999.9","999.9","  55.1","  4.8","  1.6"
"34504099999","48.6","34.9666666","143.0","2000-04-13","  36.5","000000","999.9","  67.6","  40.8","  5.8"," 0.00","1010.7","999.9","999.9","  54.2","  6.2","  1.7"
"34504099999","48.6","34.9666666","143.0","2000-04-14","  40.3","000000","999.9","  73.9","  46.9","  5.8"," 0.00","1011.2","999.9","999.9","  59.4","  5.4","  2.8"
"34504099999","48.6","34.9666666","143.0","2000-04-15","  46.9","010000","999.9","  67.6","  50.2","  9.7"," 0.11","1013.5","999.9","999.9","  57.5","  5.0","  6.1"
"34504099999","48.6","34.9666666","143.0","2000-04-16","  46.4","000000","999.9","  70.5","  46.8"," 11.7"," 0.00","1015.7","999.9","999.9","  58.8","  5.3","  7.3"
"34504099999","48.6","34.9666666","143.0","2000-04-17","  48.9","010000","999.9","  71.8","  51.3"," 11.7"," 0.03","1015.4","999.9","999.9","  61.6","  5.7","  7.5"
"34504099999","48.6","34.9666666","143.0","2000-04-18","  45.7","000000","999.9","  77.4","  49.3"," 11.7"," 0.00","1013.6","999.9","999.9","  63.4","  6.2","  7.8"
"34504099999","48.6","34.9666666","143.0","2000-04-19","  46.7","000000","999.9","  74.8","  50.4"," 17.5"," 0.00","1011.0","999.9","999.9","  64.4","  6.2"," 11.9"
"34504099999","48.6","34.9666666","143.0","2000-04-20","  49.2","010000","999.9","  66.4","  58.3"," 11.7"," 0.02","1007.3","999.9","999.9","  62.4","  6.2","  9.2"
"34504099999","48.6","34.9666666","143.0","2000-04-21","  51.3","010000","999.9","  67.1","  53.6"," 13.6"," 0.03","1004.8","999.9","999.9","  58.9","  5.0","  8.3"
"34504099999","48.6","34.9666666","143.0","2000-04-22","  51.8","100000","999.9","  61.3","  50.9","  7.8"," 0.08","1005.7","999.9","999.9","  53.4","  1.4","  3.9"
"34504099999","48.6","34.9666666","143.0","2000-04-23","  52.3","000000","999.9","  66.0","  52.3","  9.7"," 0.00","1008.7","999.9","999.9","  57.4","  3.8","  4.9"
"34504099999","48.6","34.9666666","143.0","2000-04-24","  52.2","100000","999.9","  68.0","  50.5","  7.8"," 0.00","1015.0","999.9","999.9","  56.6","  3.6","  3.6"
"34504099999","48.6","34.9666666","143.0","2000-04-25","  52.0","000000","999.9","  75.4","  52.5","  7.8"," 0.00","1014.8","999.9","999.9","  63.3","  5.3","  3.2"
"34504099999","48.6","34.9666666","143.0","2000-04-26","  48.5","000000","999.9","  74.7","  52.3","  9.7"," 0.00","1014.4","999.9","999.9","  61.2","  6.2","  3.6"
"34504099999","48.6","34.9666666","143.0","2000-04-27","  48.5","000000","999.9","  79.3","  51.8","  7.8"," 0.00","1017.8","999.9","999.9","  64.8","  4.5","  2.4"
"34504099999","48.6","34.9666666","143.0","2000-04-28","  50.3","010010","999.9","  78.8","  56.8","  9.7"," 0.12","1018.2","999.9","999.9","  67.4","  5.7","  5.8"
"34504099999","48.6","34.9666666","143.0","2000-04-29","  45.8","000000","999.9","  76.6","  55.2"," 15.5"," 0.00","1018.5","999.9","999.9","  65.1","  6.2"," 10.7"
"34504099999","48.6","34.9666666","143.0","2000-04-30","  45.3","000000","999.9","  80.1","  49.5"," 17.5"," 0.08","1016.0","999.9","999.9","  64.4","  6.2"," 10.4"
"34504099999","48.6","34.9666666","143.0","2000-05-01","  41.8","000000","999.9","  64.0","  48.0"," 11.7"," 0.00","1012.9","999.9","999.9","  57.0","  6.2","  8.7"
"34504099999","48.6","34.9666666","143.0","2000-05-02","  19.3","000000","999.9","  53.4","  38.8","  9.7"," 0.00","1017.8","999.9","999.9","  45.7","  6.2","  6.3"
"34504099999","48.6","34.9666666","143.0","2000-05-03","  22.1","000000","999.9","  57.9","  33.3","  7.8"," 0.00","1022.5","999.9","999.9","  46.4","  5.7","  2.7"
"34504099999","48.6","34.9666666","143.0","2000-05-04","  23.2","000000","999.9","  64.2","  35.1"," 13.6"," 0.00","1022.9","999.9","999.9","  51.3","  5.7","  6.8"
"34504099999","48.6","34.9666666","143.0","2000-05-05","  29.9","000000","999.9","  69.1","  40.3","  7.8"," 0.00","1019.4","999.9","999.9","  56.3","  6.2","  5.3"
"34504099999","48.6","34.9666666","143.0","2000-05-06","  35.6","000000","999.9","  74.1","  45.1"," 13.6"," 0.00","1015.8","999.9","999.9","  60.4","  6.2","  4.9"
"34504099999","48.6","34.9666666","143.0","2000-05-07","  33.8","000000","999.9","  66.9","  46.8"," 15.5"," 0.00","1014.3","999.9","999.9","  54.0","  6.2"," 11.1"
"34504099999","48.6","34.9666666","143.0","2000-05-08","  30.9","000000","999.9","  62.1","  41.7"," 17.5"," 0.00","1020.8","999.9","999.9","  52.4","  6.2"," 10.5"
"34504099999","48.6","34.9666666","143.0","2000-05-09","  35.6","000000","999.9","  71.1","  41.9"," 13.6"," 0.00","1018.4","999.9","999.9","  58.9","  6.2"," 10.4"
"34504099999","48.6","34.9666666","143.0","2000-05-10","  38.8","000000","999.9","  75.2","  52.2","  5.8"," 0.00","1016.1","999.9","999.9","  63.1","  6.2","  3.6"
"34504099999","48.6","34.9666666","143.0","2000-05-11","  44.1","000000","999.9","  74.7","  50.0","  9.7"," 0.00","1013.6","999.9","999.9","  62.1","  6.2","  4.7"
"34504099999","48.6","34.9666666","143.0","2000-05-12","  38.5","000000"," 35.0","  73.6","  43.7"," 25.3"," 0.03","1007.6","999.9","999.9","  57.2","  5.1"," 16.0"
"34504099999","48.6","34.9666666","143.0","2000-05-13","  20.5","000000","999.9","  53.4","  36.9"," 23.3"," 0.00","1016.8","999.9","999.9","  45.2","  6.2"," 15.8"
"34504099999","48.6","34.9666666","143.0","2000-05-14","  31.9","000000","999.9","  63.9","  35.6"," 19.4"," 0.00","1015.4","999.9","999.9","  52.8","  6.2"," 15.1"
"34504099999","48.6","34.9666666","143.0","2000-05-15","  35.5","000000","999.9","  68.7","  44.2"," 15.5"," 0.03","1015.3","999.9","999.9","  54.2","  6.2"," 10.3"
"34504099999","48.6","34.9666666","143.0","2000-05-16","  43.6","010010","999.9","  75.7","  43.2"," 13.6"," 0.08","1012.5","999.9","999.9","  58.1","  6.2","  9.5"
"34504099999","48.6","34.9666666","143.0","2000-05-17","  35.5","000000","999.9","  62.6","  44.6"," 13.6"," 0.00","1017.3","999.9","999.9","  54.2","  6.2","  5.1"
"34504099999","48.6","34.9666666","143.0","2000-05-18","  37.9","000000","999.9","  75.2","  43.3"," 11.7"," 0.00","1012.7","999.9","999.9","  59.8","  6.2","  5.6"
"34504099999","48.6","34.9666666","143.0","2000-05-19","  46.0","010000","999.9","  74.1","  48.9"," 15.5"," 0.08","1009.0","999.9","999.9","  62.2","  6.2","  8.3"
"34504099999","48.6","34.9666666","143.0","2000-05-20","  53.1","010000","999.9","  62.1","  52.3"," 13.6"," 0.34","1008.9","999.9","999.9","  56.9","  4.8","  9.0"
"34504099999","48.6","34.9666666","143.0","2000-05-21","  54.2","010000","999.9","  73.2","  54.3"," 13.6"," 0.10","1007.4","999.9","999.9","  60.9","  5.6"," 11.3"
"34504099999","48.6","34.9666666","143.0","2000-05-22","  48.7","010000","999.9","  60.1","  48.6"," 21.4"," 0.16","1007.8","999.9","999.9","  55.4","  5.7"," 16.0"
"34504099999","48.6","34.9666666","143.0","2000-05-23","  48.5","000000","999.9","  72.1","  50.2"," 13.6"," 0.00","1011.8","999.9","999.9","  62.7","  6.2","  9.7"
"34504099999","48.6","34.9666666","143.0","2000-05-24","  53.3","000000","999.9","  75.2","  57.2"," 11.7"," 0.00","1012.9","999.9","999.9","  65.0","  6.2","  6.8"
"34504099999","48.6","34.9666666","143.0","2000-05-25","  54.4","000000","999.9","  77.5","  57.2"," 13.6"," 0.00","1014.9","999.9","999.9","  66.9","  5.3","  6.1"
"34504099999","48.6","34.9666666","143.0","2000-05-26","  51.1","000000","999.9","  80.6","  57.2","  7.8"," 0.00","1016.6","999.9","999.9","  68.9","  6.2","  4.6"
"34504099999","48.6","34.9666666","143.0","2000-05-27","  52.9","000000","999.9","  83.8","  60.8","  3.9"," 0.00","1018.5","999.9","999.9","  72.8","  6.2","  3.4"
"34504099999","48.6","34.9666666","143.0","2000-05-28","  53.5","000000","999.9","  86.9","  62.6","  9.7"," 0.00","1018.1","999.9","999.9","  74.9","  6.2","  5.6"
"34504099999","48.6","34.9666666","143.0","2000-05-29","  48.3","000000","999.9","  85.3","  61.7"," 11.7"," 0.00","1014.3","999.9","999.9","  75.4","  6.2","  6.8"
"34504099999","48.6","34.9666666","143.0","2000-05-30","  56.8","010000","999.9","  76.5","  64.0"," 13.6"," 0.08","1011.1","999.9","999.9","  70.6","  6.2","  7.0"
"34504099999","48.6","34.9666666","143.0","2000-05-31","  59.2","000010","999.9","  78.4","  60.6"," 13.6"," 0.03","1009.9","999.9","999.9","  67.9","  6.2","  7.3"
"34504099999","48.6","34.9666666","143.0","2000-06-01","  57.6","010000","999.9","  71.6","  58.5"," 13.6","99.99","1012.9","999.9","999.9","  65.3","  6.2"," 10.4"
"34504099999","48.6","34.9666666","143.0","2000-06-02","  56.1","010010","999.9","  61.5","  57.2"," 13.6"," 0.77","1015.0","999.9","999.9","  59.3","  5.1"," 12.8"
"34504099999","48.6","34.9666666","143.0","2000-06-03","  56.8","000000","999.9","  70.2","  57.2"," 13.6"," 0.00","1017.8","999.9","999.9","  62.7","  3.9"," 11.4"
"34504099999","48.6","34.9666666","143.0","2000-06-04","  55.1","000000","999.9","  79.0","  59.0"," 17.5"," 0.00","1015.2","999.9","999.9","  69.5","  6.2"," 14.3"
"34504099999","48.6","34.9666666","143.0","2000-06-05","  54.8","000000","999.9","  84.9","  60.3"," 13.6"," 0.00","1016.3","999.9","999.9","  72.5","  6.2","  8.5"
"34504099999","48.6","34.9666666","143.0","2000-06-06","  49.9","000000","999.9","  88.5","  63.9","  7.8"," 0.00","1013.5","999.9","999.9","  77.0","  6.2","  1.9"
"34504099999","48.6","34.9666666","143.0","2000-06-07","  58.1","000000","999.9","  90.7","  66.2","  5.8"," 0.00","1010.4","999.9","999.9","  78.8","  6.2","  3.1"
"34504099999","48.6","34.9666666","143.0","2000-06-08","  56.5","000010","999.9","  85.1","  57.9"," 15.5"," 0.00","1011.4","999.9","999.9","  71.7","  6.2"," 11.9"
"34504099999","48.6","34.9666666","143.0","2000-06-09","  43.1","000000","999.9","  71.4","  55.8"," 17.5"," 0.00","1017.9","999.9","999.9","  63.4","  6.2"," 13.6"
"34504099999","48.6","34.9666666","143.0","2000-06-10","  45.3","000000","999.9","  76.3","  48.2"," 15.5"," 0.00","1021.0","999.9","999.9","  64.7","  6.2"," 10.7"
"34504099999","48.6","34.9666666","143.0","2000-06-11","  43.1","000000","999.9","  78.4","  52.3","  9.7"," 0.00","1023.3","999.9","999.9","  66.6","  6.2","  5.8"
"34504099999","48.6","34.9666666","143.0","2000-06-12","  46.6","000000","999.9","  84.2","  52.2","  5.8"," 0.00","1023.7","999.9","999.9","  70.9","  6.2","  3.4"
"34504099999","48.6","34.9666666","143.0","2000-06-13","  50.2","000000","999.9","  79.3","  57.6"," 29.1"," 0.00","1019.0","999.9","999.9","  70.3","  6.2"," 17.0"
"34504099999","48.6","34.9666666","143.0","2000-06-14","  47.7","000000","999.9","  81.3","  57.6"," 13.6"," 0.00","1019.9","999.9","999.9","  70.3","  6.2","  9.5"
"34504099999","48.6","34.9666666","143.0","2000-06-15","  56.0","010010","999.9","  90.0","  57.7"," 13.6"," 0.79","1013.6","999.9","999.9","  72.1","  5.7","  7.5"
"34504099999","48.6","34.9666666","143.0","2000-06-16","  62.1","010010","999.9","  78.3","  60.8"," 13.6"," 0.69","1008.6","999.9","999.9","  66.5","  5.1","  9.7"
"34504099999","48.6","34.9666666","143.0","2000-06-17","  51.5","010000","999.9","  67.3","  55.2"," 11.7"," 0.08","1011.5","999.9","999.9","  58.9","  6.2"," 10.0"
"34504099999","48.6","34.9666666","143.0","2000-06-18","  46.6","000010","999.9","  66.4","  50.4"," 11.7"," 0.20","1013.9","999.9","999.9","  56.8","  6.2","  9.0"
"34504099999","48.6","34.9666666","143.0","2000-06-19","  49.3","010010","999.9","  66.2","  47.3"," 13.6"," 0.47","1013.2","999.9","999.9","  54.1","  5.7"," 10.9"
"34504099999","48.6","34.9666666","143.0","2000-06-20","  46.8","010010","999.9","  60.8","  47.8"," 11.7"," 0.15","1014.6","999.9","999.9","  55.4","  6.2","  8.5"
"34504099999","48.6","34.9666666","143.0","2000-06-21","  49.8","010000","999.9","  60.8","  51.4"," 13.6"," 0.40","1007.5","999.9","999.9","  53.9","  6.2","  8.0"
"34504099999","48.6","34.9666666","143.0","2000-06-22","  50.4","000000","999.9","  63.3","  49.5"," 11.7"," 0.04","1009.0","999.9","999.9","  56.4","  5.6","  8.0"
"34504099999","48.6","34.9666666","143.0","2000-06-23","  53.6","000000","999.9","  73.4","  52.5"," 15.5"," 0.08","1012.7","999.9","999.9","  61.2","  5.7"," 11.4"
"34504099999","48.6","34.9666666","143.0","2000-06-24","  55.8","000000","999.9","  78.4","  51.8"," 13.6"," 0.00","1010.5","999.9","999.9","  65.7","  5.7","  9.5"
"34504099999","48.6","34.9666666","143.0","2000-06-25","  58.2","000000","999.9","  79.3","  57.9","  5.8"," 0.00","1009.0","999.9","999.9","  70.0","  6.2","  3.6"
"34504099999","48.6","34.9666666","143.0","2000-06-26","  60.4","000000","999.9","  84.2","  61.2"," 11.7"," 0.00","1009.2","999.9","999.9","  73.4","  6.2","  6.3"
"34504099999","48.6","34.9666666","143.0","2000-06-27","  55.8","010000","999.9","  71.6","  59.9"," 13.6"," 0.03","1009.6","999.9","999.9","  65.6","  6.2"," 10.4"
"34504099999","48.6","34.9666666","143.0","2000-06-28","  54.3","010000","999.9","  68.0","  54.3"," 17.5"," 0.43","1009.1","999.9","999.9","  60.4","  5.7","  9.7"
"34504099999","48.6","34.9666666","143.0","2000-06-29","  47.8","000000","999.9","  71.6","  48.9"," 13.6"," 0.00","1014.8","999.9","999.9","  60.9","  6.2","  7.8"
"34504099999","48.6","34.9666666","143.0","2000-06-30","  52.3","000000","999.9","  76.1","  54.9","  7.8"," 0.00","1017.2","999.9","999.9","  66.2","  6.2","  5.3"
"34504099999","48.6","34.9666666","143.0","2000-07-01","  58.1","000010","999.9","  78.1","  59.5"," 11.7"," 0.00","1013.6","999.9","999.9","  67.4","  6.2","  6.1"
"34504099999","48.6","34.9666666","143.0","2000-07-02","  55.0","100000","999.9","  81.1","  59.0","  7.8"," 0.00","1014.6","999.9","999.9","  69.2","  4.0","  2.9"
"34504099999","48.6","34.9666666","143.0","2000-07-03","  58.1","000000","999.9","  81.0","  60.8"," 13.6"," 0.03","1011.1","999.9","999.9","  70.7","  6.2","  8.5"
"34504099999","48.6","34.9666666","143.0","2000-07-04","  61.2","010000","999.9","  79.7","  61.9"," 11.7"," 0.08","1009.4","999.9","999.9","  70.9","  6.2","  7.2"
"34504099999","48.6","34.9666666","143.0","2000-07-05","  60.9","000010","999.9","  82.4","  61.2"," 11.7"," 0.03","1008.1","999.9","999.9","  72.1","  6.2","  5.3"
"34504099999","48.6","34.9666666","143.0","2000-07-06","  59.9","000010","999.9","  79.9","  62.1"," 15.5"," 0.04","1006.4","999.9","999.9","  70.1","  5.7"," 12.4"
"34504099999","48.6","34.9666666","143.0","2000-07-07","  57.1","010000","999.9","  75.2","  57.7"," 13.6"," 0.00","1005.8","999.9","999.9","  64.8","  6.2"," 10.0"
"34504099999","48.6","34.9666666","143.0","2000-07-08","  58.7","000000","999.9","  78.3","  56.3","  9.7"," 0.00","1006.8","999.9","999.9","  69.3","  6.2","  5.1"
"34504099999","48.6","34.9666666","143.0","2000-07-09","  59.9","000000","999.9","  81.1","  63.3"," 17.5"," 0.00","1003.9","999.9","999.9","  73.3","  6.2"," 11.4"
"34504099999","48.6","34.9666666","143.0","2000-07-10","  61.5","010000","999.9","  72.0","  61.9"," 15.5"," 0.15"," 999.9","999.9","999.9","  67.6","  6.2"," 12.4"
"34504099999","48.6","34.9666666","143.0","2000-07-11","  58.4","010000","999.9","  77.4","  57.9","  9.7"," 0.03","1008.5","999.9","999.9","  66.0","  6.2","  6.7"
"34504099999","48.6","34.9666666","143.0","2000-07-12","  58.1","000000","999.9","  83.1","  58.5"," 13.6"," 0.00","1011.4","999.9","999.9","  72.6","  7.0","  8.3"
"34504099999","48.6","34.9666666","143.0","2000-07-13","  61.2","000000","999.9","  86.7","  63.3"," 15.5"," 0.03","1007.4","999.9","999.9","  75.5","  6.2"," 10.0"
"34504099999","48.6","34.9666666","143.0","2000-07-14","  54.8","000000","999.9","  81.0","  59.7"," 23.3"," 0.00","1000.8","999.9","999.9","  72.4","  6.2"," 14.3"
"34504099999","48.6","34.9666666","143.0","2000-07-15","  48.2","000000","999.9","  78.1","  51.8","  9.7"," 0.00","1009.2","999.9","999.9","  66.4","  6.2","  6.4"
"34504099999","48.6","34.9666666","143.0","2000-07-16","  59.1","000000","999.9","  81.0","  61.0"," 11.7"," 0.00","1007.6","999.9","999.9","  70.2","  5.7","  7.3"
"34504099999","48.6","34.9666666","143.0","2000-07-17","  59.9","010010","999.9","  84.9","  62.2"," 17.5","99.99","1008.1","999.9","999.9","  72.7","  5.7"," 10.0"
"34504099999","48.6","34.9666666","143.0","2000-07-18","  53.4","000000","999.9","  79.7","  58.3"," 13.6"," 0.12","1008.8","999.9","999.9","  69.0","  6.2","  7.3"
"34504099999","48.6","34.9666666","143.0","2000-07-19","  57.7","000000","999.9","  81.0","  56.5","  7.8"," 0.00","1009.5","999.9","999.9","  70.6","  6.2","  5.6"
"34504099999","48.6","34.9666666","143.0","2000-07-20","  62.4","000000","999.9","  84.2","  63.0"," 11.7"," 0.00","1008.1","999.9","999.9","  72.9","  6.2","  7.8"
"34504099999","48.6","34.9666666","143.0","2000-07-21","  56.1","000000","999.9","  84.4","  58.1"," 13.6"," 0.00","1011.4","999.9","999.9","  71.1","  5.6","  7.8"
"34504099999","48.6","34.9666666","143.0","2000-07-22","  60.6","000010","999.9","  86.4","  62.1"," 13.6"," 0.00","1014.2","999.9","999.9","  74.9","  6.2"," 10.9"
"34504099999","48.6","34.9666666","143.0","2000-07-23","  66.0","011010"," 36.9","  85.8","  64.4"," 15.5"," 1.50","1007.2","999.9","999.9","  74.6","  6.2"," 11.9"
"34504099999","48.6","34.9666666","143.0","2000-07-24","  62.1","000000","999.9","  77.9","  62.8"," 15.5"," 0.00","1009.4","999.9","999.9","  69.9","  6.2","  8.9"
"34504099999","48.6","34.9666666","143.0","2000-07-25","  59.8","010000","999.9","  84.2","  63.0"," 15.5"," 0.04","1011.9","999.9","999.9","  73.1","  5.3","  9.0"
"34504099999","48.6","34.9666666","143.0","2000-07-26","  64.3","010010","999.9","  83.3","  66.2"," 13.6"," 0.05","1010.9","999.9","999.9","  72.3","  4.7","  8.5"
"34504099999","48.6","34.9666666","143.0","2000-07-27","  62.5","010010","999.9","  86.7","  62.1"," 15.5"," 0.55","1006.6","999.9","999.9","  71.2","  5.7","  7.3"
"34504099999","48.6","34.9666666","143.0","2000-07-28","  61.9","000000","999.9","  77.9","  61.0"," 15.5"," 0.03","1006.2","999.9","999.9","  68.4","  5.3"," 10.4"
"34504099999","48.6","34.9666666","143.0","2000-07-29","  60.6","000000","999.9","  82.0","  61.7","  5.8"," 0.00","1011.7","999.9","999.9","  71.7","  6.2","  2.7"
"34504099999","48.6","34.9666666","143.0","2000-07-30","  64.7","010000","999.9","  88.5","  65.8"," 13.6"," 0.03","1010.6","999.9","999.9","  77.1","  6.2","  9.5"
"34504099999","48.6","34.9666666","143.0","2000-07-31","  61.2","000000","999.9","  82.2","  68.7"," 11.7"," 0.00","1009.5","999.9","999.9","  73.5","  6.2"," 11.7"
"34504099999","48.6","34.9666666","143.0","2000-08-01","  60.4","000000","999.9","  79.5","  61.9"," 13.6"," 0.00","1009.9","999.9","999.9","  70.6","  6.2"," 10.9"
"34504099999","48.6","34.9666666","143.0","2000-08-02","  58.5","000000","999.9","  79.0","  61.5"," 15.5"," 0.00","1010.9","999.9","999.9","  70.1","  6.2"," 13.4"
"34504099999","48.6","34.9666666","143.0","2000-08-03","  54.7","000000","999.9","  82.8","  61.2"," 13.6"," 0.00","1015.5","999.9","999.9","  71.2","  6.2","  9.2"
"34504099999","48.6","34.9666666","143.0","2000-08-04","  60.3","000000","999.9","  84.9","  57.9"," 11.7"," 0.00","1018.0","999.9","999.9","  73.2","  6.2","  5.3"
"34504099999","48.6","34.9666666","143.0","2000-08-05","  61.7","000000","999.9","  91.4","  61.5"," 11.7"," 0.00","1017.1","999.9","999.9","  77.2","  5.7","  8.3"
"34504099999","48.6","34.9666666","143.0","2000-08-06","  57.1","000000","999.9","  82.9","  63.3","  9.7"," 0.00","1018.4","999.9","999.9","  73.6","  6.2","  6.3"
"34504099999","48.6","34.9666666","143.0","2000-08-07","  56.0","000000","999.9","  87.3","  62.2","  7.8"," 0.00","1017.3","999.9","999.9","  75.5","  6.2","  5.6"
"34504099999","48.6","34.9666666","143.0","2000-08-08","  57.5","000000","999.9","  89.6","  63.9","  9.7"," 0.00","1014.8","999.9","999.9","  76.9","  6.2","  6.8"
"34504099999","48.6","34.9666666","143.0","2000-08-09","  60.5","000010","999.9","  84.0","  64.4"," 17.5"," 0.00","1012.9","999.9","999.9","  72.4","  6.2"," 11.7"
"34504099999","48.6","34.9666666","143.0","2000-08-10","  50.5","000000","999.9","  78.1","  55.8"," 15.5"," 0.00","1018.1","999.9","999.9","  67.7","  6.2","  7.3"
"34504099999","48.6","34.9666666","143.0","2000-08-11","  52.8","000000","999.9","  81.7","  57.9","  7.8"," 0.00","1017.9","999.9","999.9","  70.8","  6.2","  3.6"
"34504099999","48.6","34.9666666","143.0","2000-08-12","  55.5","000000","999.9","  84.4","  61.2","  5.8"," 0.00","1016.6","999.9","999.9","  75.2","  6.2","  4.2"
"34504099999","48.6","34.9666666","143.0","2000-08-13","  57.1","000000","999.9","  87.8","  65.1","  5.8"," 0.00","1016.2","999.9","999.9","  74.9","  6.2","  1.9"
"34504099999","48.6","34.9666666","143.0","2000-08-14","  59.4","000000","999.9","  85.6","  64.4"," 17.5"," 0.00","1016.0","999.9","999.9","  70.6","  6.2","  8.0"
"34504099999","48.6","34.9666666","143.0","2000-08-15","  56.1","000000","999.9","  81.7","  57.2","  9.7"," 0.00","1017.9","999.9","999.9","  70.9","  6.2","  6.9"
"34504099999","48.6","34.9666666","143.0","2000-08-16","  55.3","000000","999.9","  82.8","  59.7","  7.8"," 0.00","1017.5","999.9","999.9","  71.7","  6.2","  5.0"
"34504099999","48.6","34.9666666","143.0","2000-08-17","  55.6","000000","999.9","  84.7","  63.3","  7.8"," 0.00","1015.7","999.9","999.9","  73.0","  6.2","  5.1"
"34504099999","48.6","34.9666666","143.0","2000-08-18","  55.8","000000","999.9","  86.5","  61.7","  3.9"," 0.00","1016.1","999.9","999.9","  73.2","  6.2","  0.8"
"34504099999","48.6","34.9666666","143.0","2000-08-19","  60.8","000000","999.9","  88.3","  63.5","  9.7"," 0.00","1017.9","999.9","999.9","  77.0","  6.2","  4.4"
"34504099999","48.6","34.9666666","143.0","2000-08-20","  60.1","000000","999.9","  91.8","  66.7","  7.8"," 0.00","1017.0","999.9","999.9","  79.0","  6.2","  2.4"
"34504099999","48.6","34.9666666","143.0","2000-08-21","  60.6","000000","999.9","  96.1","  68.9","  5.8"," 0.00","1015.5","999.9","999.9","  82.0","  6.2","  3.4"
"34504099999","48.6","34.9666666","143.0","2000-08-22","  57.9","000000","999.9"," 100.2","  68.9"," 13.6"," 0.00","1014.5","999.9","999.9","  83.8","  6.2","  6.1"
"34504099999","48.6","34.9666666","143.0","2000-08-23","  59.8","000000","999.9","  82.9","  66.6"," 17.5"," 0.00","1013.9","999.9","999.9","  74.4","  6.2"," 11.9"
"34504099999","48.6","34.9666666","143.0","2000-08-24","  49.6","000000","999.9","  77.2","  59.9"," 13.6"," 0.00","1015.2","999.9","999.9","  67.5","  6.2","  8.9"
"34504099999","48.6","34.9666666","143.0","2000-08-25","  46.2","000000","999.9","  76.1","  50.5"," 11.7"," 0.00","1013.4","999.9","999.9","  63.1","  6.2","  5.3"
"34504099999","48.6","34.9666666","143.0","2000-08-26","  47.6","000000","999.9","  81.5","  59.9"," 13.6"," 0.00","1009.7","999.9","999.9","  70.2","  6.2","  9.7"
"34504099999","48.6","34.9666666","143.0","2000-08-27","  52.8","010010","999.9","  72.9","  57.7"," 23.3"," 0.06","1011.9","999.9","999.9","  66.0","  6.2"," 19.9"
"34504099999","48.6","34.9666666","143.0","2000-08-28","  53.9","010000","999.9","  60.8","  57.2"," 17.5"," 0.11","1014.1","999.9","999.9","  59.4","  6.2"," 15.2"
"34504099999","48.6","34.9666666","143.0","2000-08-29","  54.9","010000","999.9","  62.4","  57.4"," 13.6"," 0.06","1014.2","999.9","999.9","  59.7","  6.2"," 12.1"
"34504099999","48.6","34.9666666","143.0","2000-08-30","  51.6","000000","999.9","  73.4","  34.3"," 13.6"," 0.03","1011.6","999.9","999.9","  62.7","  6.2","  8.9"
"34504099999","48.6","34.9666666","143.0","2000-08-31","  54.0","100000","999.9","  74.1","  51.8","  9.7"," 0.00","1010.2","999.9","999.9","  62.0","  4.4","  6.1"
"34504099999","48.6","34.9666666","143.0","2000-09-01","  54.9","000000","999.9","  76.5","  53.2","  9.7"," 0.00","1010.3","999.9","999.9","  65.2","  5.1","  6.6"
"34504099999","48.6","34.9666666","143.0","2000-09-02","  55.5","011000","999.9","  78.4","  57.7"," 15.5"," 0.00","1007.9","999.9","999.9","  68.0","  5.3","  8.3"
"34504099999","48.6","34.9666666","143.0","2000-09-03","  58.2","000000","999.9","  81.5","  53.6"," 15.5"," 0.01","1006.7","999.9","999.9","  70.1","  5.7"," 10.5"
"34504099999","48.6","34.9666666","143.0","2000-09-04","  59.5","010010","999.9","  81.5","  60.4"," 11.7"," 0.02","1008.5","999.9","999.9","  69.1","  4.4","  8.5"
"34504099999","48.6","34.9666666","143.0","2000-09-05","  57.7","000000","999.9","  76.1","  58.3","  7.8"," 0.08","1010.8","999.9","999.9","  66.8","  5.0","  5.5"
"34504099999","48.6","34.9666666","143.0","2000-09-06","  60.1","010010","999.9","  67.3","  59.4"," 13.6"," 0.04","1003.6","999.9","999.9","  63.8","  3.9","  8.7"
"34504099999","48.6","34.9666666","143.0","2000-09-07","  55.8","010000","999.9","  75.2","  54.7"," 19.4"," 0.85"," 998.5","999.9","999.9","  63.4","  4.2"," 12.4"
"34504099999","48.6","34.9666666","143.0","2000-09-08","  52.2","010000","999.9","  57.0","  52.3"," 17.5"," 0.11","1009.4","999.9","999.9","  54.7","  4.3"," 13.8"
"34504099999","48.6","34.9666666","143.0","2000-09-09","  54.6","000000","999.9","  65.1","  54.5"," 13.6"," 0.00","1021.4","999.9","999.9","  58.8","  6.2","  8.3"
"34504099999","48.6","34.9666666","143.0","2000-09-10","  53.2","100000","999.9","  74.8","  50.0","  7.8"," 0.00","1023.1","999.9","999.9","  63.0","  4.0","  5.8"
"34504099999","48.6","34.9666666","143.0","2000-09-11","  54.8","000000","999.9","  80.2","  52.7"," 13.6"," 0.00","1013.2","999.9","999.9","  70.4","  6.2"," 10.4"
"34504099999","48.6","34.9666666","143.0","2000-09-12","  50.8","000000","999.9","  70.0","  50.0"," 13.6"," 0.00","1011.2","999.9","999.9","  60.8","  6.2","  7.3"
"34504099999","48.6","34.9666666","143.0","2000-09-13","  45.6","000000","999.9","  68.5","  46.8"," 11.7"," 0.00","1014.8","999.9","999.9","  57.4","  6.2","  6.1"
"34504099999","48.6","34.9666666","143.0","2000-09-14","  49.2","000000","999.9","  75.4","  46.6"," 15.5"," 0.00","1014.3","999.9","999.9","  61.0","  6.2","  7.8"
"34504099999","48.6","34.9666666","143.0","2000-09-15","  56.4","010000","999.9","  64.0","  53.2"," 13.6"," 0.62","1010.5","999.9","999.9","  58.6","  2.3","  6.8"
"34504099999","48.6","34.9666666","143.0","2000-09-16","  44.6","000000","999.9","  61.0","  45.7"," 17.5"," 0.00","1015.8","999.9","999.9","  52.5","  6.2","  9.7"
"34504099999","48.6","34.9666666","143.0","2000-09-17","  42.3","000000","999.9","  60.8","  41.9","  9.7"," 0.00","1019.3","999.9","999.9","  51.4","  6.2","  3.9"
"34504099999","48.6","34.9666666","143.0","2000-09-18","  44.7","010000","999.9","  50.9","  45.9"," 15.5"," 0.37","1017.9","999.9","999.9","  48.5","  3.0"," 13.1"
"34504099999","48.6","34.9666666","143.0","2000-09-19","  53.7","010000","999.9","  63.3","  48.2","  7.8"," 0.16","1015.6","999.9","999.9","  55.9","  1.3","  5.8"
"34504099999","48.6","34.9666666","143.0","2000-09-20","  57.4","110010","999.9","  59.4","  55.9","  3.9"," 0.81","1013.0","999.9","999.9","  57.9","  0.5","  2.2"
"34504099999","48.6","34.9666666","143.0","2000-09-21","  54.0","010000","999.9","  59.4","  52.0"," 15.5"," 1.06","1011.3","999.9","999.9","  55.6","  1.9","  6.3"
"34504099999","48.6","34.9666666","143.0","2000-09-22","  42.4","000000","999.9","  51.1","  43.5"," 15.5"," 0.00","1019.2","999.9","999.9","  47.4","  6.2"," 12.1"
"34504099999","48.6","34.9666666","143.0","2000-09-23","  37.5","000000","999.9","  57.7","  41.2"," 13.6"," 0.00","1025.9","999.9","999.9","  47.8","  6.2"," 11.4"
"34504099999","48.6","34.9666666","143.0","2000-09-24","  35.6","000000","999.9","  57.9","  36.9"," 17.5"," 0.00","1026.6","999.9","999.9","  47.5","  6.2"," 12.4"
"34504099999","48.6","34.9666666","143.0","2000-09-25","  42.7","010000","999.9","  50.4","  45.7"," 11.7"," 0.28","1023.6","999.9","999.9","  47.5","  3.9","  9.5"
"34504099999","48.6","34.9666666","143.0","2000-09-26","  43.0","010000","999.9","  58.5","  46.0"," 11.7"," 0.03","1018.9","999.9","999.9","  49.3","  5.7","  9.5"
"34504099999","48.6","34.9666666","143.0","2000-09-27","  42.9","000000","999.9","  59.0","  43.0"," 15.5"," 0.00","1021.5","999.9","999.9","  50.3","  5.3","  8.3"
"34504099999","48.6","34.9666666","143.0","2000-09-28","  40.5","000000","999.9","  59.7","  39.4","  5.8"," 0.00","1024.3","999.9","999.9","  49.1","  4.4","  2.2"
"34504099999","48.6","34.9666666","143.0","2000-09-29","  40.7","000000","999.9","  63.3","  41.9"," 11.7"," 0.00","1023.8","999.9","999.9","  51.2","  5.7","  7.0"
"34504099999","48.6","34.9666666","143.0","2000-09-30","  40.0","000000","999.9","  65.8","  43.2"," 15.5"," 0.00","1027.0","999.9","999.9","  52.8","  5.7","  7.3"
"34504099999","48.6","34.9666666","143.0","2000-10-01","  40.9","000000","999.9","  71.4","  42.8"," 11.7"," 0.00","1029.3","999.9","999.9","  52.5","  5.7","  5.5"
"34504099999","48.6","34.9666666","143.0","2000-10-02","  45.2","000000","999.9","  71.2","  45.5","  5.8"," 0.00","1028.3","999.9","999.9","  57.4","  5.1","  4.4"
"34504099999","48.6","34.9666666","143.0","2000-10-03","  45.6","000000","999.9","  74.1","  49.1","  9.7"," 0.00","1028.3","999.9","999.9","  59.8","  5.7","  6.8"
"34504099999","48.6","34.9666666","143.0","2000-10-04","  44.9","000000","999.9","  71.6","  47.8","  9.7"," 0.00","1028.0","999.9","999.9","  58.3","  5.7","  6.8"
"34504099999","48.6","34.9666666","143.0","2000-10-05","  44.0","000000","999.9","  68.7","  45.9","  9.7"," 0.00","1025.4","999.9","999.9","  56.1","  6.2","  5.3"
"34504099999","48.6","34.9666666","143.0","2000-10-06","  45.2","000000","999.9","  72.5","  47.5"," 13.6"," 0.00","1024.9","999.9","999.9","  57.3","  6.2","  9.5"
"34504099999","48.6","34.9666666","143.0","2000-10-07","  41.9","000000","999.9","  68.5","  46.2"," 17.5"," 0.00","1026.2","999.9","999.9","  55.9","  6.2"," 14.3"
"34504099999","48.6","34.9666666","143.0","2000-10-08","  37.0","000000","999.9","  57.9","  43.2"," 19.4"," 0.00","1026.2","999.9","999.9","  50.0","  6.2"," 14.8"
"34504099999","48.6","34.9666666","143.0","2000-10-09","  38.9","010000","999.9","  44.2","  41.4"," 15.5"," 0.03","1019.0","999.9","999.9","  43.3","  3.8"," 13.4"
"34504099999","48.6","34.9666666","143.0","2000-10-10","  45.1","010000","999.9","  50.5","  41.4","  9.7"," 0.05","1015.3","999.9","999.9","  46.0","  0.6","  8.0"
"34504099999","48.6","34.9666666","143.0","2000-10-11","  47.2","110000","999.9","  51.6","  47.1","  9.7"," 0.20","1016.2","999.9","999.9","  48.7","  1.6","  7.8"
"34504099999","48.6","34.9666666","143.0","2000-10-12","  42.6","010000","999.9","  51.4","  45.7"," 15.5"," 0.04","1023.8","999.9","999.9","  47.7","  4.8"," 11.7"
"34504099999","48.6","34.9666666","143.0","2000-10-13","  36.0","000000","999.9","  60.8","  39.6","  9.7"," 0.00","1029.7","999.9","999.9","  46.9","  5.5","  6.8"
"34504099999","48.6","34.9666666","143.0","2000-10-14","  33.0","000000","999.9","  61.5","  34.7"," 11.7"," 0.00","1030.0","999.9","999.9","  48.3","  5.3","  7.0"
"34504099999","48.6","34.9666666","143.0","2000-10-15","  37.1","000000","999.9","  58.5","  37.4","  7.8"," 0.00","1025.5","999.9","999.9","  48.0","  5.7","  6.1"
"34504099999","48.6","34.9666666","143.0","2000-10-16","  41.7","000000","999.9","  58.3","  43.9","  7.8"," 0.00","1023.9","999.9","999.9","  50.5","  5.1","  6.1"
"34504099999","48.6","34.9666666","143.0","2000-10-17","  41.1","000000","999.9","  53.6","  41.7","  9.7"," 0.00","1028.0","999.9","999.9","  48.2","  5.4","  7.5"
"34504099999","48.6","34.9666666","143.0","2000-10-18","  36.7","000000","999.9","  48.2","  39.2"," 13.6"," 0.03","1029.5","999.9","999.9","  43.3","  3.0","  9.0"
"34504099999","48.6","34.9666666","143.0","2000-10-19","  35.4","000000","999.9","  47.1","  38.8"," 11.7"," 0.00","1032.5","999.9","999.9","  42.6","  4.1","  8.0"
"34504099999","48.6","34.9666666","143.0","2000-10-20","  35.0","000000","999.9","  54.1","  36.7"," 13.6"," 0.00","1035.5","999.9","999.9","  44.8","  5.7","  7.8"
"34504099999","48.6","34.9666666","143.0","2000-10-21","  30.6","000000","999.9","  45.9","  33.1"," 11.7"," 0.00","1036.1","999.9","999.9","  37.4","  5.6","  7.1"
"34504099999","48.6","34.9666666","143.0","2000-10-22","  39.0","000000","999.9","  47.8","  38.5"," 13.6"," 0.00","1034.3","999.9","999.9","  45.0","  2.5"," 10.2"
"34504099999","48.6","34.9666666","143.0","2000-10-23","  35.2","000000","999.9","  52.7","  36.0","  5.8"," 0.00","1030.1","999.9","999.9","  43.2","  2.3","  5.1"
"34504099999","48.6","34.9666666","143.0","2000-10-24","  35.6","100000","999.9","  59.4","  32.4","  5.8"," 0.00","1024.4","999.9","999.9","  42.2","  2.1","  3.1"
"34504099999","48.6","34.9666666","143.0","2000-10-25","  34.6","100000","999.9","  57.4","  32.9","  9.7"," 0.00","1020.7","999.9","999.9","  43.2","  3.8","  4.4"
"34504099999","48.6","34.9666666","143.0","2000-10-26","  38.5","100000","999.9","  52.9","  33.8"," 11.7"," 0.00","1019.5","999.9","999.9","  44.2","  3.7","  7.5"
"34504099999","48.6","34.9666666","143.0","2000-10-27","  45.1","100000","999.9","  59.0","  42.1"," 17.5"," 0.00","1017.3","999.9","999.9","  50.2","  3.4"," 11.1"
"34504099999","48.6","34.9666666","143.0","2000-10-28","  46.7","010000","999.9","  51.1","  42.1","  7.8","99.99","1016.9","999.9","999.9","  48.4","  2.6","  4.7"
"34504099999","48.6","34.9666666","143.0","2000-10-29","  38.4","000000","999.9","  54.3","  36.0","  7.8"," 0.00","1023.9","999.9","999.9","  43.4","  3.6","  3.2"
"34504099999","48.6","34.9666666","143.0","2000-10-30","  38.5","100000","999.9","  55.0","  34.9","  9.7"," 0.00","1024.4","999.9","999.9","  44.4","  2.3","  4.9"
"34504099999","48.6","34.9666666","143.0","2000-10-31","  44.7","100000","999.9","  52.9","  42.1","  9.7"," 0.00","1024.4","999.9","999.9","  46.4","  0.6","  8.0"
"34504099999","48.6","34.9666666","143.0","2000-11-01","  45.4","100000","999.9","  58.1","  42.3","  9.7"," 0.00","1023.4","999.9","999.9","  48.6","  1.0","  6.5"
"34504099999","48.6","34.9666666","143.0","2000-11-02","  46.2","110000","999.9","  48.4","  40.6","  5.8"," 0.00","1019.8","999.9","999.9","  46.4","  0.3","  5.5"
"34504099999","48.6","34.9666666","143.0","2000-11-03","  46.7","100000","999.9","  50.7","  45.5","  5.8"," 0.02","1021.4","999.9","999.9","  48.3","  1.3","  4.6"
"34504099999","48.6","34.9666666","143.0","2000-11-04","  46.7","100000","999.9","  55.8","  44.6","  7.8"," 0.00","1025.6","999.9","999.9","  48.8","  1.5","  5.8"
"34504099999","48.6","34.9666666","143.0","2000-11-05","  41.3","000000","999.9","  56.1","  39.9"," 13.6"," 0.00","1025.3","999.9","999.9","  46.2","  4.6"," 11.1"
"34504099999","48.6","34.9666666","143.0","2000-11-06","  40.7","010000","999.9","  51.8","  40.3"," 17.5"," 0.03","1021.2","999.9","999.9","  44.9","  3.3"," 15.3"
"34504099999","48.6","34.9666666","143.0","2000-11-07","  39.7","010000","999.9","  43.9","  39.9"," 19.4","99.99","1019.9","999.9","999.9","  41.9","  1.4"," 15.5"
"34504099999","48.6","34.9666666","143.0","2000-11-08","  33.5","010000","999.9","  41.9","  39.6"," 23.3"," 0.03","1023.9","999.9","999.9","  40.6","  6.2"," 22.3"
"34504099999","48.6","34.9666666","143.0","2000-11-09","  25.6","000000"," 36.9","  43.5","  33.1"," 27.2"," 0.03","1027.3","999.9","999.9","  37.4","  6.2"," 21.1"
"34504099999","48.6","34.9666666","143.0","2000-11-10","  28.1","000000","999.9","  38.7","  32.7"," 11.7"," 0.00","1025.0","999.9","999.9","  36.7","  5.5","  8.5"
"34504099999","48.6","34.9666666","143.0","2000-11-11","  32.5","000000","999.9","  41.5","  33.1","  7.8"," 0.00","1023.1","999.9","999.9","  38.0","  3.6","  4.7"
"34504099999","48.6","34.9666666","143.0","2000-11-12","  35.9","100000","999.9","  39.6","  34.9"," 13.6"," 0.04","1025.4","999.9","999.9","  37.9","  1.1","  5.5"
"34504099999","48.6","34.9666666","143.0","2000-11-13","  35.0","100000","999.9","  41.5","  30.9","  7.8"," 0.00","1028.0","999.9","999.9","  35.6","  0.3","  3.4"
"34504099999","48.6","34.9666666","143.0","2000-11-14","  36.1","000000","999.9","  46.0","  35.6"," 13.6"," 0.00","1027.1","999.9","999.9","  42.1","  2.4"," 12.0"
"34504099999","48.6","34.9666666","143.0","2000-11-15","  33.4","000000","999.9","  48.9","  35.6"," 13.6"," 0.00","1027.9","999.9","999.9","  41.5","  2.7"," 10.0"
"34504099999","48.6","34.9666666","143.0","2000-11-16","  32.9","000000","999.9","  50.9","  34.3"," 11.7"," 0.00","1026.6","999.9","999.9","  40.5","  4.0","  9.2"
"34504099999","48.6","34.9666666","143.0","2000-11-17","  41.4","110000","999.9","  45.3","  35.6"," 11.7"," 0.03","1023.7","999.9","999.9","  41.4","  0.2","  5.2"
"34504099999","48.6","34.9666666","143.0","2000-11-18","  36.9","000000","999.9","  43.9","  34.2"," 11.7"," 0.00","1027.3","999.9","999.9","  39.9","  1.6","  7.4"
"34504099999","48.6","34.9666666","143.0","2000-11-19","  33.5","000000","999.9","  50.0","  30.4","  9.7"," 0.00","1025.7","999.9","999.9","  38.4","  1.9","  8.0"
"34504099999","48.6","34.9666666","143.0","2000-11-20","  31.9","100000","999.9","  35.6","  28.0","  9.7"," 0.00","1022.7","999.9","999.9","  33.3","  1.2","  6.8"
"34504099999","48.6","34.9666666","143.0","2000-11-21","  37.1","100000","999.9","  39.2","  35.6","  5.8"," 0.03","1020.3","999.9","999.9","  37.7","  0.5","  2.3"
"34504099999","48.6","34.9666666","143.0","2000-11-22","  37.5","100000","999.9","  41.0","  38.1","  9.7"," 0.00","1023.6","999.9","999.9","  39.6","  1.4","  6.5"
"34504099999","48.6","34.9666666","143.0","2000-11-23","  29.3","010000","999.9","  36.1","  30.4"," 15.5"," 0.00","1028.3","999.9","999.9","  33.0","  2.9"," 12.2"
"34504099999","48.6","34.9666666","143.0","2000-11-24","  14.3","000000","999.9","  27.0","  19.8"," 11.7"," 0.00","1029.9","999.9","999.9","  22.6","  7.1","  9.2"
"34504099999","48.6","34.9666666","143.0","2000-11-25","  12.9","000000","999.9","  21.2","  14.9","  5.8"," 0.00","1028.3","999.9","999.9","  18.4","  6.2","  4.3"
"34504099999","48.6","34.9666666","143.0","2000-11-26","  16.3","000000","999.9","  26.2","  12.0"," 13.6"," 0.00","1029.6","999.9","999.9","  21.7","  6.2","  9.3"
"34504099999","48.6","34.9666666","143.0","2000-11-27","  11.2","000000","999.9","  29.5","  17.2"," 15.5"," 0.00","1024.2","999.9","999.9","  22.8","  6.2"," 13.4"
"34504099999","48.6","34.9666666","143.0","2000-11-28","  18.6","000000","999.9","  33.3","  21.2"," 15.5"," 0.00","1024.4","999.9","999.9","  26.3","  6.2"," 13.8"
"34504099999","48.6","34.9666666","143.0","2000-11-29","  21.3","000000","999.9","  29.3","  25.9"," 11.7"," 0.00","1025.0","999.9","999.9","  27.1","  6.2"," 10.7"
"34504099999","48.6","34.9666666","143.0","2000-11-30","  25.0","000000","999.9","  35.2","  29.5","999.9"," 0.00","1025.4","999.9","999.9","  31.3","  1.2","  0.0"
"34504099999","48.6","34.9666666","143.0","2000-12-01","  29.6","100000","999.9","  37.0","  27.7"," 11.7"," 0.00","1024.4","999.9","999.9","  33.2","  1.0","  8.9"
"34504099999","48.6","34.9666666","143.0","2000-12-02","  31.6","100000","999.9","  36.5","  27.7","  7.8"," 0.00","1022.8","999.9","999.9","  32.7","  1.0","  5.3"
"34504099999","48.6","34.9666666","143.0","2000-12-03","  29.9","000000","999.9","  34.9","  31.5","  9.7"," 0.00","1027.6","999.9","999.9","  33.6","  2.2","  5.3"
"34504099999","48.6","34.9666666","143.0","2000-12-04","  31.0","110000","999.9","  36.3","  29.1","  9.7"," 0.06","1027.0","999.9","999.9","  32.5","  1.3","  6.9"
"34504099999","48.6","34.9666666","143.0","2000-12-05","  34.4","000000","999.9","  38.7","  36.7","  9.7"," 0.00","1024.4","999.9","999.9","  37.5","  1.4","  7.8"
"34504099999","48.6","34.9666666","143.0","2000-12-06","  34.1","000000","999.9","  42.4","  34.0","  7.8"," 0.00","1028.3","999.9","999.9","  38.0","  3.4","  5.8"
"34504099999","48.6","34.9666666","143.0","2000-12-07","  26.7","000000","999.9","  38.8","  26.4","  9.7"," 0.00","1033.2","999.9","999.9","  32.2","  6.2","  7.2"
"34504099999","48.6","34.9666666","143.0","2000-12-08","  21.6","100000","999.9","  26.2","  19.8","  9.7"," 0.00","1034.8","999.9","999.9","  24.2","  3.1","  9.2"
"34504099999","48.6","34.9666666","143.0","2000-12-09","  22.7","000000","999.9","  28.4","  23.0","  9.7"," 0.03","1032.1","999.9","999.9","  25.9","  4.1","  8.9"
"34504099999","48.6","34.9666666","143.0","2000-12-10","  33.7","010000","999.9","  40.5","  26.4"," 15.5"," 0.03","1023.7","999.9","999.9","  36.0","  2.1"," 12.6"
"34504099999","48.6","34.9666666","143.0","2000-12-11","  39.3","110000","999.9","  41.4","  38.7","  7.8"," 0.55","1019.1","999.9","999.9","  40.0","  0.9","  4.4"
"34504099999","48.6","34.9666666","143.0","2000-12-12","  34.3","110000","999.9","  37.2","  32.7","  5.8"," 0.03","1024.0","999.9","999.9","  34.7","  0.9","  3.4"
"34504099999","48.6","34.9666666","143.0","2000-12-13","  34.8","110000","999.9","  37.2","  32.5"," 11.7"," 0.02","1022.2","999.9","999.9","  35.4","  0.5","  7.2"
"34504099999","48.6","34.9666666","143.0","2000-12-14","  39.3","110000","999.9","  42.3","  35.6"," 15.5"," 0.12","1012.1","999.9","999.9","  39.5","  0.3","  9.7"
"34504099999","48.6","34.9666666","143.0","2000-12-15","  39.7","110000","999.9","  43.2","  38.3"," 11.7"," 0.08","1008.9","999.9","999.9","  40.1","  0.4","  8.3"
"34504099999","48.6","34.9666666","143.0","2000-12-16","  45.2","110000","999.9","  49.8","  41.7"," 11.7"," 0.12","1001.0","999.9","999.9","  46.0","  0.8"," 10.0"
"34504099999","48.6","34.9666666","143.0","2000-12-17","  34.3","010000","999.9","  41.7","  32.0"," 15.5"," 0.16","1005.4","999.9","999.9","  37.8","  4.2"," 11.9"
"34504099999","48.6","34.9666666","143.0","2000-12-18","  29.1","000000","999.9","  38.1","  27.5","  7.8"," 0.00","1015.5","999.9","999.9","  31.5","  4.6","  6.7"
"34504099999","48.6","34.9666666","143.0","2000-12-19","  29.5","100000","999.9","  36.0","  28.0","  5.8"," 0.00","1015.7","999.9","999.9","  31.4","  2.9","  4.7"
"34504099999","48.6","34.9666666","143.0","2000-12-20","  23.9","000000","999.9","  30.9","  22.5"," 11.7"," 0.00","1019.5","999.9","999.9","  27.7","  2.8","  7.3"
"34504099999","48.6","34.9666666","143.0","2000-12-21","  17.7","001000","999.9","  24.4","  18.5"," 13.6"," 0.04","1024.0","999.9","999.9","  21.9","  4.3","  9.5"
"34504099999","48.6","34.9666666","143.0","2000-12-22","  17.2","001000","999.9","  27.0","  12.2","  7.8"," 0.08","1025.3","  1.2","999.9","  20.4","  4.3","  6.4"
"34504099999","48.6","34.9666666","143.0","2000-12-23","  13.8","001000","999.9","  25.5","  11.1"," 15.5"," 0.03","1021.8","  1.2","999.9","  18.0","  5.6","  8.7"
"34504099999","48.6","34.9666666","143.0","2000-12-24","  18.9","000000","999.9","  30.4","  15.8"," 15.5"," 0.00","1011.3","  0.8","999.9","  24.6","  6.2"," 12.6"
"34504099999","48.6","34.9666666","143.0","2000-12-25","  25.8","000000","999.9","  36.3","  18.7"," 11.7"," 0.00","1009.9","999.9","999.9","  29.9","  4.8","  8.3"
"34504099999","48.6","34.9666666","143.0","2000-12-26","  39.0","100000","999.9","  45.3","  34.0"," 15.5"," 0.00","1007.2","999.9","999.9","  41.4","  3.5"," 11.7"
"34504099999","48.6","34.9666666","143.0","2000-12-27","  42.3","000000","999.9","  49.8","  41.0"," 19.4"," 0.00","1005.7","999.9","999.9","  46.1","  5.7"," 15.3"
"34504099999","48.6","34.9666666","143.0","2000-12-28","  45.1","110000","999.9","  50.9","  40.1"," 13.6"," 0.04","1007.1","999.9","999.9","  47.0","  2.6","  9.5"
"34504099999","48.6","34.9666666","143.0","2000-12-29","  43.9","000000","999.9","  56.7","  35.6"," 17.5"," 0.00","1005.6","999.9","999.9","  50.2","  6.2"," 14.6"
"34504099999","48.6","34.9666666","143.0","2000-12-30","  38.0","000000","999.9","  48.9","  24.3","  7.8"," 0.00","1005.6","999.9","999.9","  38.7","  5.1","  5.1"
"34504099999","48.6","34.9666666","143.0","2000-12-31","  38.1","110000","999.9","  43.7","  34.0"," 11.7"," 0.08","1007.5","999.9","999.9","  38.9","  0.9","  6.6"
"34504099999","48.6","34.9666666","143.0","2001-01-01","  33.2","010000","999.9","  37.6","  33.1","  9.7"," 0.00","1017.8","999.9","999.9","  35.1","  1.6","  6.3"
"34504099999","48.6","34.9666666","143.0","2001-01-02","  34.7","110000","999.9","  36.1","  32.9","  7.8"," 0.11","1018.1","999.9","999.9","  34.7","  0.2","  4.1"
"34504099999","48.6","34.9666666","143.0","2001-01-03","  35.8","110000","999.9","  37.9","  34.2"," 15.5"," 0.00","1017.6","999.9","999.9","  36.3","  0.5","  9.5"
"34504099999","48.6","34.9666666","143.0","2001-01-04","  38.8","110000","999.9","  41.0","  37.2"," 11.7"," 0.09","1016.5","999.9","999.9","  39.4","  0.6","  9.2"
"34504099999","48.6","34.9666666","143.0","2001-01-05","  38.3","110000","999.9","  42.3","  34.7","  7.8"," 0.14","1017.2","999.9","999.9","  39.0","  0.4","  4.4"
"34504099999","48.6","34.9666666","143.0","2001-01-06","  34.6","110000","999.9","  39.6","  32.4","  9.7"," 0.03","1020.2","999.9","999.9","  35.8","  0.8","  7.5"
"34504099999","48.6","34.9666666","143.0","2001-01-07","  41.3","000000","999.9","  46.0","  38.7"," 13.6"," 0.00","1018.8","999.9","999.9","  43.9","  1.6"," 11.4"
"34504099999","48.6","34.9666666","143.0","2001-01-08","  41.5","100000","999.9","  46.4","  39.7"," 13.6"," 0.00","1018.9","999.9","999.9","  43.0","  0.7"," 10.0"
"34504099999","48.6","34.9666666","143.0","2001-01-09","  43.2","000000","999.9","  50.9","  41.9"," 17.5"," 0.00","1008.8","999.9","999.9","  48.0","  3.8"," 15.5"
"34504099999","48.6","34.9666666","143.0","2001-01-10","  36.1","010000","999.9","  46.9","  35.4"," 21.4"," 0.11","1006.2","999.9","999.9","  40.3","  5.1"," 16.4"
"34504099999","48.6","34.9666666","143.0","2001-01-11","  30.4","010000","999.9","  37.2","  29.8"," 13.6","99.99","1017.2","999.9","999.9","  33.6","  4.1"," 11.4"
"34504099999","48.6","34.9666666","143.0","2001-01-12","  24.7","001000","999.9","  33.8","  28.2"," 15.5"," 0.07","1012.2","999.9","999.9","  30.6","  3.7"," 10.4"
"34504099999","48.6","34.9666666","143.0","2001-01-13","  20.4","011000","999.9","  29.8","  18.7"," 15.5"," 0.02","1022.0","999.9","999.9","  25.4","  5.3"," 11.7"
"34504099999","48.6","34.9666666","143.0","2001-01-14","  15.8","011000","999.9","  25.9","  16.7"," 13.6"," 0.06","1030.1","  0.4","999.9","  22.9","  6.2"," 10.9"
"34504099999","48.6","34.9666666","143.0","2001-01-15","  22.9","001000","999.9","  29.5","  21.6","  7.8"," 0.03","1032.5","  0.4","999.9","  27.3","  6.2","  6.1"
"34504099999","48.6","34.9666666","143.0","2001-01-16","  24.7","000000","999.9","  30.9","  27.1","  9.7"," 0.00","1033.4","  0.4","999.9","  29.3","  6.2","  6.1"
"34504099999","48.6","34.9666666","143.0","2001-01-17","  24.0","001000","999.9","  30.7","  26.2"," 11.7"," 0.00","1030.4","  0.4","999.9","  29.0","  5.3","  9.5"
"34504099999","48.6","34.9666666","143.0","2001-01-18","  22.2","001000","999.9","  28.6","  24.4"," 11.7"," 0.02","1030.6","  0.8","999.9","  26.8","  4.3","  9.0"
"34504099999","48.6","34.9666666","143.0","2001-01-19","  20.7","000000","999.9","  28.2","  24.8"," 17.5"," 0.00","1035.2","  0.4","999.9","  26.5","  6.2"," 13.0"
"34504099999","48.6","34.9666666","143.0","2001-01-20","  16.0","000000","999.9","  28.0","  19.0"," 11.7"," 0.00","1036.3","  0.4","999.9","  23.7","  6.2","  9.0"
"34504099999","48.6","34.9666666","143.0","2001-01-21","  14.4","001000","999.9","  23.4","  15.6"," 11.7"," 0.03","1033.9","  0.4","999.9","  19.7","  6.2","  8.3"
"34504099999","48.6","34.9666666","143.0","2001-01-22","  15.6","001000","999.9","  25.3","  14.9"," 13.6"," 0.02","1036.4","  0.4","999.9","  21.1","  4.4","  9.7"
"34504099999","48.6","34.9666666","143.0","2001-01-23","   8.2","000000","999.9","  23.5","   8.8"," 13.6"," 0.00","1040.4","999.9","999.9","  15.3","  6.2"," 11.2"
"34504099999","48.6","34.9666666","143.0","2001-01-24","   7.3","000000","999.9","  27.0","   5.5"," 15.5"," 0.00","1039.4","  0.4","999.9","  15.4","  6.2"," 12.1"
"34504099999","48.6","34.9666666","143.0","2001-01-25","  12.1","000000","999.9","  34.7","  13.5"," 13.6"," 0.00","1037.8","999.9","999.9","  23.0","  6.2","  9.1"
"34504099999","48.6","34.9666666","143.0","2001-01-26","  16.7","000000","999.9","  33.8","  14.7"," 15.5"," 0.00","1031.1","999.9","999.9","  23.8","  6.2"," 12.4"
"34504099999","48.6","34.9666666","143.0","2001-01-27","  30.3","000000","999.9","  41.0","  24.4"," 17.5"," 0.00","1019.6","999.9","999.9","  34.7","  4.8"," 12.6"
"34504099999","48.6","34.9666666","143.0","2001-01-28","  37.1","000000","999.9","  44.6","  36.7"," 17.5"," 0.00","1012.6","999.9","999.9","  41.1","  5.6"," 10.8"
"34504099999","48.6","34.9666666","143.0","2001-01-29","  39.8","110000","999.9","  41.9","  39.7"," 11.7"," 0.03","1014.5","999.9","999.9","  40.6","  1.0","  4.1"
"34504099999","48.6","34.9666666","143.0","2001-01-30","  39.7","100000","999.9","  41.7","  37.9","  7.8"," 0.03","1017.9","999.9","999.9","  40.0","  0.3","  4.4"
"34504099999","48.6","34.9666666","143.0","2001-01-31","  37.8","110000","999.9","  47.5","  37.4"," 11.7"," 0.24","1011.2","999.9","999.9","  41.1","  1.2","  9.2"
"34504099999","48.6","34.9666666","143.0","2001-02-01","  34.1","110000","999.9","  41.4","  32.7"," 15.5"," 0.02","1003.6","999.9","999.9","  36.4","  3.1"," 13.3"
"34504099999","48.6","34.9666666","143.0","2001-02-02","  21.8","000000","999.9","  32.2","  27.0"," 15.5"," 0.00","1008.4","999.9","999.9","  29.0","  6.2"," 13.1"
"34504099999","48.6","34.9666666","143.0","2001-02-03","  21.2","001000","999.9","  25.9","  23.7"," 11.7"," 0.74","1011.4","  0.4","999.9","  24.7","  4.1"," 10.2"
"34504099999","48.6","34.9666666","143.0","2001-02-04","  16.3","001000","999.9","  23.9","  18.1"," 11.7","99.99","1018.9"," 10.6","999.9","  20.7","  5.5","  8.9"
"34504099999","48.6","34.9666666","143.0","2001-02-05","  22.8","101000","999.9","  34.7","  19.2"," 19.4"," 0.24","1015.3","  9.8","999.9","  27.0","  4.3"," 10.9"
"34504099999","48.6","34.9666666","143.0","2001-02-06","  23.7","001000","999.9","  30.4","  18.7"," 15.5"," 0.24","1019.2","  9.4","999.9","  26.0","  2.0"," 11.7"
"34504099999","48.6","34.9666666","143.0","2001-02-07","  16.5","011000","999.9","  22.8","  19.0"," 17.5"," 0.06","1030.0"," 10.2","999.9","  20.7","  5.0"," 11.4"
"34504099999","48.6","34.9666666","143.0","2001-02-08","  26.6","110000","999.9","  31.3","  19.8","  9.7"," 0.00","1029.1"," 10.2","999.9","  27.0","  0.3","  8.7"
"34504099999","48.6","34.9666666","143.0","2001-02-09","  33.4","110000","999.9","  34.5","  30.4"," 15.5"," 0.00","1025.0","  9.1","999.9","  33.4","  0.1"," 12.9"
"34504099999","48.6","34.9666666","143.0","2001-02-10","  31.8","100000","999.9","  33.4","  30.6"," 11.7"," 0.00","1027.3","  7.9","999.9","  31.8","  0.1","  5.1"
"34504099999","48.6","34.9666666","143.0","2001-02-11","  32.5","100000","999.9","  33.6","  30.9"," 13.6"," 0.00","1034.4","  6.7","999.9","  32.7","  0.5"," 10.2"
"34504099999","48.6","34.9666666","143.0","2001-02-12","  27.8","000000","999.9","  34.3","  30.4"," 11.7"," 0.00","1037.6","  3.9","999.9","  32.4","  4.6","  7.1"
"34504099999","48.6","34.9666666","143.0","2001-02-13","  26.2","000000","999.9","  29.5","  28.4"," 13.6"," 0.00","1022.3","  3.5","999.9","  29.1","  5.7"," 10.0"
"34504099999","48.6","34.9666666","143.0","2001-02-14","  31.1","011000","999.9","  35.2","  28.8"," 15.5"," 0.08","1016.4","  4.3","999.9","  32.5","  2.5","  8.5"
"34504099999","48.6","34.9666666","143.0","2001-02-15","  26.4","000000","999.9","  34.2","  29.3"," 13.6"," 0.00","1024.9","  3.9","999.9","  32.2","  6.2","  9.7"
"34504099999","48.6","34.9666666","143.0","2001-02-16","  27.9","000000","999.9","  34.5","  28.4"," 15.5"," 0.00","1020.6","  2.8","999.9","  31.3","  6.2"," 11.9"
"34504099999","48.6","34.9666666","143.0","2001-02-17","  24.1","000000","999.9","  36.9","  26.4"," 13.6"," 0.00","1026.4","  2.4","999.9","  31.6","  6.2","  8.7"
"34504099999","48.6","34.9666666","143.0","2001-02-18","  24.8","100000","999.9","  35.2","  19.8"," 13.6"," 0.00","1017.3","  2.4","999.9","  30.4","  5.5","  8.9"
"34504099999","48.6","34.9666666","143.0","2001-02-19","  29.0","001000","999.9","  32.0","  27.7"," 13.6"," 0.43","1004.0","  3.1","999.9","  30.2","  0.9"," 11.4"
"34504099999","48.6","34.9666666","143.0","2001-02-20","  11.2","001000","999.9","  23.9","   9.3"," 13.6"," 0.17","1008.1","  7.5","999.9","  16.4","  4.6"," 10.9"
"34504099999","48.6","34.9666666","143.0","2001-02-21","  12.5","001000","999.9","  31.6","   0.0"," 17.5"," 0.12","1005.1","  7.5","999.9","  17.1","  3.9"," 11.7"
"34504099999","48.6","34.9666666","143.0","2001-02-22","  26.1","001000","999.9","  34.0","  25.3"," 15.5"," 0.12"," 988.7","  7.9","999.9","  30.2","  5.3"," 13.9"
"34504099999","48.6","34.9666666","143.0","2001-02-23","  23.0","011000","999.9","  32.4","  19.4"," 13.6"," 0.04"," 992.0","  8.7","999.9","  26.4","  4.7"," 10.9"
"34504099999","48.6","34.9666666","143.0","2001-02-24","  19.2","100000","999.9","  29.8","  15.8","  9.7"," 0.00","1001.5","  8.3","999.9","  22.5","  5.2","  6.8"
"34504099999","48.6","34.9666666","143.0","2001-02-25","   8.3","000000","999.9","  24.1","  10.2"," 15.5"," 0.02","1013.8","  7.9","999.9","  17.6","  5.0","  8.5"
"34504099999","48.6","34.9666666","143.0","2001-02-26","   9.8","101000","999.9","  24.4","   6.8"," 19.4"," 0.03","1016.8","  7.5","999.9","  16.8","  4.3","  9.2"
"34504099999","48.6","34.9666666","143.0","2001-02-27","  25.5","011000","999.9","  37.6","  18.1"," 19.4"," 0.38","1000.3","  9.4","999.9","  28.0","  2.6"," 15.1"
"34504099999","48.6","34.9666666","143.0","2001-02-28","  14.6","000000","999.9","  28.4","  13.5"," 13.6"," 0.00","1020.5"," 68.9","999.9","  19.7","  6.2","  8.3"
"34504099999","48.6","34.9666666","143.0","2001-03-01","  21.5","000000","999.9","  34.5","  10.4"," 58.3"," 0.00","1022.4","999.9","999.9","  24.7","  4.6"," 19.4"
"34504099999","48.6","34.9666666","143.0","2001-03-02","  34.2","111000","999.9","  37.4","  32.0"," 15.5","99.99","1001.6","999.9","999.9","  35.1","  1.2"," 12.8"
"34504099999","48.6","34.9666666","143.0","2001-03-03","  32.7","010000","999.9","  41.9","  32.0"," 13.6"," 0.16","1010.1","  6.3","999.9","  35.6","  2.8"," 10.5"
"34504099999","48.6","34.9666666","143.0","2001-03-04","  41.3","110000","999.9","  52.3","  37.4"," 11.7","99.99","1007.4","  2.8","999.9","  43.4","  2.6","  8.6"
"34504099999","48.6","34.9666666","143.0","2001-03-05","  45.1","000000","999.9","  60.1","  40.8"," 13.6"," 0.03","1007.0","999.9","999.9","  51.0","  5.0","  9.7"
"34504099999","48.6","34.9666666","143.0","2001-03-06","  28.0","010000","999.9","  41.5","  30.7"," 19.4"," 0.04","1017.2","999.9","999.9","  35.4","  6.2"," 16.6"
"34504099999","48.6","34.9666666","143.0","2001-03-07","  20.7","000000","999.9","  47.3","  25.0"," 11.7"," 0.00","1023.7","999.9","999.9","  37.3","  6.2","  8.3"
"34504099999","48.6","34.9666666","143.0","2001-03-08","  19.8","000000","999.9","  40.6","  27.0"," 17.5"," 0.00","1021.6","999.9","999.9","  34.5","  6.2"," 12.4"
"34504099999","48.6","34.9666666","143.0","2001-03-09","  16.0","000000","999.9","  42.8","  23.9"," 13.6"," 0.00","1026.4","999.9","999.9","  32.5","  6.2"," 10.0"
"34504099999","48.6","34.9666666","143.0","2001-03-10","  20.2","000000","999.9","  47.7","  27.1"," 17.5"," 0.00","1024.2","999.9","999.9","  35.4","  6.2"," 13.6"
"34504099999","48.6","34.9666666","143.0","2001-03-11","  34.0","000000","999.9","  46.8","  33.6","  9.7"," 0.00","1017.2","999.9","999.9","  41.8","  5.7","  5.8"
"34504099999","48.6","34.9666666","143.0","2001-03-12","  38.3","000000","999.9","  55.8","  39.7","  3.9"," 0.00","1015.1","999.9","999.9","  47.9","  4.0","  0.5"
"34504099999","48.6","34.9666666","143.0","2001-03-13","  39.3","000000","999.9","  61.2","  38.5","  7.8"," 0.00","1013.5","999.9","999.9","  49.4","  3.9","  3.9"
"34504099999","48.6","34.9666666","143.0","2001-03-14","  39.2","000000","999.9","  60.6","  33.3"," 11.7"," 0.00","1010.1","999.9","999.9","  45.7","  4.6","  8.7"
"34504099999","48.6","34.9666666","143.0","2001-03-15","  42.7","110000","999.9","  59.0","  40.8"," 15.5"," 0.06","1005.0","999.9","999.9","  48.9","  3.0","  9.0"
"34504099999","48.6","34.9666666","143.0","2001-03-16","  37.2","010000","999.9","  44.4","  36.5"," 17.5"," 0.20","1006.0","999.9","999.9","  40.5","  3.7"," 12.9"
"34504099999","48.6","34.9666666","143.0","2001-03-17","  35.8","000000","999.9","  53.2","  33.4"," 21.4"," 0.00","1011.2","999.9","999.9","  43.2","  6.2"," 13.8"
"34504099999","48.6","34.9666666","143.0","2001-03-18","  42.7","000000","999.9","  65.1","  34.9"," 15.5"," 0.03","1003.2","999.9","999.9","  47.8","  6.2"," 11.7"
"34504099999","48.6","34.9666666","143.0","2001-03-19","  35.8","000000","999.9","  46.8","  36.1"," 13.6"," 0.00","1007.7","999.9","999.9","  42.0","  5.1"," 10.3"
"34504099999","48.6","34.9666666","143.0","2001-03-20","  40.8","010000","999.9","  51.4","  34.7"," 15.5"," 0.04","1006.0","999.9","999.9","  43.4","  3.9","  9.7"
"34504099999","48.6","34.9666666","143.0","2001-03-21","  25.8","000000","999.9","  39.6","  26.2"," 25.3"," 0.03","1007.6","999.9","999.9","  35.0","  6.2"," 15.8"
"34504099999","48.6","34.9666666","143.0","2001-03-22","  23.0","000000","999.9","  42.8","  24.8","  7.8"," 0.00","1006.7","999.9","999.9","  33.5","  6.2","  4.2"
"34504099999","48.6","34.9666666","143.0","2001-03-23","  22.4","000000","999.9","  43.9","  26.6","  9.7"," 0.00","1008.2","999.9","999.9","  35.2","  6.2","  6.1"
"34504099999","48.6","34.9666666","143.0","2001-03-24","  23.9","000000","999.9","  44.4","  25.5","  9.7"," 0.00","1011.8","999.9","999.9","  37.5","  6.2","  4.9"
"34504099999","48.6","34.9666666","143.0","2001-03-25","  31.5","010000","999.9","  52.0","  37.9"," 17.5"," 0.00","1010.2","999.9","999.9","  40.8","  6.2"," 12.0"
"34504099999","48.6","34.9666666","143.0","2001-03-26","  42.4","011010","999.9","  49.6","  38.5"," 17.5"," 0.24"," 996.8","999.9","999.9","  44.2","  2.1"," 10.9"
"34504099999","48.6","34.9666666","143.0","2001-03-27","  30.4","000000","999.9","  43.7","  33.1"," 17.5"," 0.51","1012.0","999.9","999.9","  37.4","  6.2"," 12.9"
"34504099999","48.6","34.9666666","143.0","2001-03-28","  22.2","011000","999.9","  32.0","  26.6"," 17.5"," 0.14","1017.4","  0.4","999.9","  29.4","  4.7"," 14.8"
"34504099999","48.6","34.9666666","143.0","2001-03-29","  21.6","000000","999.9","  41.2","  25.7"," 13.6"," 0.00","1025.2","  0.4","999.9","  32.9","  6.2","  5.5"
"34504099999","48.6","34.9666666","143.0","2001-03-30","  21.4","000000","999.9","  49.1","  25.2","  7.8"," 0.00","1025.3","999.9","999.9","  36.3","  5.7","  4.9"
"34504099999","48.6","34.9666666","143.0","2001-03-31","  19.9","000000","999.9","  48.2","  29.5"," 13.6"," 0.00","1029.8","999.9","999.9","  38.0","  6.2","  9.2"
"34504099999","48.6","34.9666666","143.0","2001-04-01","  23.4","000000","999.9","  52.3","  26.1"," 15.5"," 0.00","1030.0","999.9","999.9","  38.3","  6.2"," 11.7"
"34504099999","48.6","34.9666666","143.0","2001-04-02","  26.3","000000","999.9","  57.6","  32.4"," 15.5"," 0.00","1021.7","999.9","999.9","  44.5","  6.2"," 10.9"
"34504099999","48.6","34.9666666","143.0","2001-04-03","  27.9","000000","999.9","  61.0","  33.3","  7.8"," 0.00","1020.2","999.9","999.9","  48.8","  4.8","  3.4"
"34504099999","48.6","34.9666666","143.0","2001-04-04","  33.8","000000","999.9","  67.3","  39.6","  9.7"," 0.00","1022.6","999.9","999.9","  53.6","  5.3","  7.0"
"34504099999","48.6","34.9666666","143.0","2001-04-05","  36.2","000000","999.9","  56.5","  43.2"," 15.5"," 0.00","1016.5","999.9","999.9","  50.0","  6.2"," 11.2"
"34504099999","48.6","34.9666666","143.0","2001-04-06","  41.7","010000","999.9","  52.2","  41.7"," 11.7"," 0.31","1010.6","999.9","999.9","  46.4","  4.6","  8.3"
"34504099999","48.6","34.9666666","143.0","2001-04-07","  43.9","010010","999.9","  58.3","  40.5"," 11.7"," 0.44","1011.4","999.9","999.9","  46.4","  2.8","  5.8"
"34504099999","48.6","34.9666666","143.0","2001-04-08","  44.5","100000","999.9","  61.7","  41.0","  7.8"," 0.03","1018.0","999.9","999.9","  51.5","  5.1","  5.0"
"34504099999","48.6","34.9666666","143.0","2001-04-09","  46.1","000000","999.9","  67.3","  45.9"," 13.6"," 0.00","1018.7","999.9","999.9","  55.7","  4.8","  8.0"
"34504099999","48.6","34.9666666","143.0","2001-04-10","  39.1","000000","999.9","  66.6","  43.7"," 17.5"," 0.00","1016.1","999.9","999.9","  54.5","  6.2"," 13.0"
"34504099999","48.6","34.9666666","143.0","2001-04-11","  40.5","000000","999.9","  67.1","  43.9"," 15.5"," 0.00","1011.9","999.9","999.9","  54.8","  5.7"," 11.7"
"34504099999","48.6","34.9666666","143.0","2001-04-12","  42.4","000000","999.9","  69.3","  44.6"," 11.7"," 0.00","1008.8","999.9","999.9","  57.1","  9.3","  6.3"
"34504099999","48.6","34.9666666","143.0","2001-04-13","  43.2","000000","999.9","  70.2","  45.0"," 13.6"," 0.03","1008.6","999.9","999.9","  57.1","  6.2","  7.8"
"34504099999","48.6","34.9666666","143.0","2001-04-14","  44.2","010000","999.9","  52.3","  40.8"," 15.5"," 0.43","1008.4","999.9","999.9","  47.1","  3.0"," 12.4"
"34504099999","48.6","34.9666666","143.0","2001-04-15","  31.5","000000","999.9","  55.8","  35.1"," 13.6"," 0.01","1016.5","999.9","999.9","  45.9","  5.1","  9.4"
"34504099999","48.6","34.9666666","143.0","2001-04-16","  41.0","000000","999.9","  57.6","  41.4","  3.9"," 0.00","1013.3","999.9","999.9","  50.5","  6.2","  1.7"
"34504099999","48.6","34.9666666","143.0","2001-04-17","  43.1","010000","999.9","  59.4","  46.4","  5.8"," 0.04","1014.7","999.9","999.9","  51.8","  6.2","  3.6"
"34504099999","48.6","34.9666666","143.0","2001-04-18","  43.8","000000","999.9","  60.4","  44.6"," 11.7"," 0.00","1012.6","999.9","999.9","  51.8"," 10.5","  6.3"
"34504099999","48.6","34.9666666","143.0","2001-04-19","  47.2","010000","999.9","  53.6","  46.8","  7.8"," 0.08","1009.3","999.9","999.9","  50.4","  4.6","  4.7"
"34504099999","48.6","34.9666666","143.0","2001-04-20","  47.1","100000","999.9","  63.3","  43.3","  9.7"," 0.00","1013.2","999.9","999.9","  53.0","  4.0","  4.2"
"34504099999","48.6","34.9666666","143.0","2001-04-21","  45.4","000000","999.9","  63.7","  45.9"," 17.5"," 0.00","1013.7","999.9","999.9","  54.5","  4.6","  7.5"
"34504099999","48.6","34.9666666","143.0","2001-04-22","  47.1","010000","999.9","  71.2","  52.0"," 15.5"," 0.04","1006.8","999.9","999.9","  61.0","  5.7"," 13.1"
"34504099999","48.6","34.9666666","143.0","2001-04-23","  48.1","010000","999.9","  75.2","  53.4"," 23.3"," 0.01","1001.7","999.9","999.9","  62.5","  5.6"," 13.8"
"34504099999","48.6","34.9666666","143.0","2001-04-24","  46.7","010000","999.9","  65.1","  50.0"," 17.5","99.99","1009.1","999.9","999.9","  56.1","  5.7"," 11.1"
"34504099999","48.6","34.9666666","143.0","2001-04-25","  46.6","010000","999.9","  62.6","  49.1"," 13.6"," 0.08","1013.9","999.9","999.9","  54.1","  5.7","  9.7"
"34504099999","48.6","34.9666666","143.0","2001-04-26","  50.3","010000","999.9","  58.1","  49.3"," 13.6"," 0.15","1010.3","999.9","999.9","  54.3","  4.8"," 10.4"
"34504099999","48.6","34.9666666","143.0","2001-04-27","  52.4","010000","999.9","  62.1","  52.3"," 15.5"," 0.10","1012.2","999.9","999.9","  55.6","  3.5"," 11.7"
"34504099999","48.6","34.9666666","143.0","2001-04-28","  42.1","100000","999.9","  67.1","  44.1"," 19.4"," 0.03","1016.2","999.9","999.9","  55.5","  5.1"," 10.0"
"34504099999","48.6","34.9666666","143.0","2001-04-29","  47.7","000010","999.9","  65.7","  48.6"," 13.6"," 0.06","1018.3","999.9","999.9","  56.3","  6.2","  8.0"
"34504099999","48.6","34.9666666","143.0","2001-04-30","  46.6","000000","999.9","  72.7","  49.1","  7.8"," 0.00","1022.9","999.9","999.9","  62.8","  6.2","  6.4"
"34504099999","48.6","34.9666666","143.0","2001-05-01","  42.9","000000","999.9","  73.0","  53.6"," 13.6"," 0.00","1022.7","999.9","999.9","  66.7","  6.2"," 11.7"
"34504099999","48.6","34.9666666","143.0","2001-05-02","  48.0","000000","999.9","  78.8","  55.9","  9.7"," 0.00","1018.2","999.9","999.9","  67.7","  6.2","  3.6"
"34504099999","48.6","34.9666666","143.0","2001-05-03","  51.4","000010","999.9","  76.5","  54.9"," 13.6"," 0.12","1009.3","999.9","999.9","  65.1","  6.2","  9.0"
"34504099999","48.6","34.9666666","143.0","2001-05-04","  53.7","000010","999.9","  72.3","  53.4"," 13.6"," 0.10","1011.1","999.9","999.9","  61.5","  6.2","  8.7"
"34504099999","48.6","34.9666666","143.0","2001-05-05","  54.3","010000","999.9","  70.9","  54.1"," 11.7"," 0.03","1014.3","999.9","999.9","  61.9","  6.2","  7.3"
"34504099999","48.6","34.9666666","143.0","2001-05-06","  55.4","010010","999.9","  72.9","  55.8","  5.8"," 0.03","1011.8","999.9","999.9","  62.7","  5.7","  2.9"
"34504099999","48.6","34.9666666","143.0","2001-05-07","  51.8","000000","999.9","  77.5","  56.8"," 19.4"," 0.00","1006.7","999.9","999.9","  66.2","  6.2"," 10.2"
"34504099999","48.6","34.9666666","143.0","2001-05-08","  49.0","000010","999.9","  73.0","  53.4"," 15.5"," 0.00","1006.6","999.9","999.9","  62.5","  6.2"," 12.4"
"34504099999","48.6","34.9666666","143.0","2001-05-09","  32.8","000000","999.9","  61.5","  43.5"," 15.5"," 0.00","1012.5","999.9","999.9","  52.0","  6.2"," 11.4"
"34504099999","48.6","34.9666666","143.0","2001-05-10","  45.7","110000","999.9","  60.8","  44.8","  9.7"," 0.04","1011.1","999.9","999.9","  51.3","  5.4","  6.7"
"34504099999","48.6","34.9666666","143.0","2001-05-11","  44.3","110000","999.9","  60.8","  43.0"," 11.7","99.99","1007.6","999.9","999.9","  52.2","  4.0","  6.8"
"34504099999","48.6","34.9666666","143.0","2001-05-12","  47.4","010000","999.9","  57.4","  47.1"," 15.5"," 1.15","1004.6","999.9","999.9","  52.2","  6.2"," 10.9"
"34504099999","48.6","34.9666666","143.0","2001-05-13","  44.6","000000","999.9","  52.9","  44.4"," 15.5"," 0.00","1005.7","999.9","999.9","  48.9","  5.7"," 10.5"
"34504099999","48.6","34.9666666","143.0","2001-05-14","  37.6","000000","999.9","  58.1","  39.2","  7.8"," 0.00","1014.1","999.9","999.9","  48.4","  5.3","  6.8"
"34504099999","48.6","34.9666666","143.0","2001-05-15","  36.8","000000","999.9","  65.5","  37.0","  5.8"," 0.00","1017.9","999.9","999.9","  53.1","  6.2","  4.4"
"34504099999","48.6","34.9666666","143.0","2001-05-16","  42.1","000000","999.9","  70.5","  43.7"," 11.7"," 0.00","1020.0","999.9","999.9","  58.5","  6.2","  7.3"
"34504099999","48.6","34.9666666","143.0","2001-05-17","  42.7","000000","999.9","  73.4","  44.2"," 17.5"," 0.00","1022.3","999.9","999.9","  60.4","  6.2","  8.9"
"34504099999","48.6","34.9666666","143.0","2001-05-18","  45.6","000000","999.9","  74.7","  45.0","  9.7"," 0.00","1021.5","999.9","999.9","  62.4","  6.2","  7.0"
"34504099999","48.6","34.9666666","143.0","2001-05-19","  49.5","000000","999.9","  77.4","  51.1"," 17.5"," 0.00","1017.0","999.9","999.9","  65.0","  6.2","  9.5"
"34504099999","48.6","34.9666666","143.0","2001-05-20","  50.4","010000","999.9","  65.3","  46.8"," 11.7"," 0.02","1014.7","999.9","999.9","  56.3","  4.8","  8.0"
"34504099999","48.6","34.9666666","143.0","2001-05-21","  41.5","010000","999.9","  69.3","  42.3"," 11.7","99.99","1017.2","999.9","999.9","  58.4","  9.3","  8.7"
"34504099999","48.6","34.9666666","143.0","2001-05-22","  50.2","010010","999.9","  61.5","  50.2","  9.7"," 0.51","1015.3","999.9","999.9","  53.3","  4.3","  7.3"
"34504099999","48.6","34.9666666","143.0","2001-05-23","  41.3","011000","999.9","  58.3","  45.5"," 13.6"," 0.02","1018.6","999.9","999.9","  50.7","  5.7"," 10.8"
"34504099999","48.6","34.9666666","143.0","2001-05-24","  35.0","000000","999.9","  61.9","  38.8"," 11.7"," 0.00","1021.0","999.9","999.9","  54.0","  6.2","  9.4"
"34504099999","48.6","34.9666666","143.0","2001-05-25","  44.1","000000","999.9","  72.7","  46.6"," 17.5"," 0.00","1014.3","999.9","999.9","  60.1","  6.2"," 12.1"
"34504099999","48.6","34.9666666","143.0","2001-05-26","  46.2","010000","999.9","  66.6","  45.9"," 13.6"," 0.28","1012.9","999.9","999.9","  53.5","  5.6"," 10.0"
"34504099999","48.6","34.9666666","143.0","2001-05-27","  37.6","000000","999.9","  61.9","  38.5","  9.7"," 0.00","1020.9","999.9","999.9","  52.2","  6.2","  6.8"
"34504099999","48.6","34.9666666","143.0","2001-05-28","  43.9","010000","999.9","  70.5","  45.9"," 15.5"," 0.04","1013.5","999.9","999.9","  58.3","  5.3"," 10.0"
"34504099999","48.6","34.9666666","143.0","2001-05-29","  53.4","010010","999.9","  68.0","  50.4"," 11.7"," 0.51","1002.4","999.9","999.9","  58.6","  4.3","  8.5"
"34504099999","48.6","34.9666666","143.0","2001-05-30","  46.0","010000","999.9","  60.8","  46.0"," 15.5"," 0.32"," 999.7","999.9","999.9","  52.2","  5.7"," 11.2"
"34504099999","48.6","34.9666666","143.0","2001-05-31","  40.1","000000","999.9","  63.7","  46.0"," 19.4"," 0.00","1005.6","999.9","999.9","  54.0","  6.2"," 12.1"
"34504099999","48.6","34.9666666","143.0","2001-06-01","  44.7","010000","999.9","  64.4","  39.9","  9.7"," 0.03","1008.9","999.9","999.9","  54.7","  5.1","  7.2"
"34504099999","48.6","34.9666666","143.0","2001-06-02","  47.6","010000","999.9","  63.3","  48.6"," 13.6"," 0.08","1009.2","999.9","999.9","  54.6","  5.7","  9.4"
"34504099999","48.6","34.9666666","143.0","2001-06-03","  44.8","000000","999.9","  71.6","  43.9"," 13.6"," 0.00","1014.7","999.9","999.9","  59.7","  6.2","  8.3"
"34504099999","48.6","34.9666666","143.0","2001-06-04","  50.8","000000","999.9","  73.8","  48.6"," 13.6"," 0.00","1009.4","999.9","999.9","  62.6","  6.2","  8.5"
"34504099999","48.6","34.9666666","143.0","2001-06-05","  54.5","010000","999.9","  63.5","  54.0"," 17.5"," 0.50"," 998.5","999.9","999.9","  59.1","  5.4"," 11.7"
"34504099999","48.6","34.9666666","143.0","2001-06-06","  53.3","010000","999.9","  65.3","  52.9"," 11.7"," 0.04"," 998.7","999.9","981.8","  58.1","  6.2","  9.5"
"34504099999","48.6","34.9666666","143.0","2001-06-07","  54.6","010000","999.9","  66.9","  54.0","  9.7"," 0.19","1002.7","999.9","985.7","  57.8","  3.3","  8.0"
"34504099999","48.6","34.9666666","143.0","2001-06-08","  54.3","010110","999.9","  70.5","  52.0"," 13.6"," 0.01","1008.5","999.9","991.5","  59.7","  5.4","  8.0"
"34504099999","48.6","34.9666666","143.0","2001-06-09","  54.6","000000","999.9","  77.4","  51.8"," 15.5"," 0.00","1012.1","999.9","995.2","  66.3","  5.7","  8.3"
"34504099999","48.6","34.9666666","143.0","2001-06-10","  58.3","000000","999.9","  79.2","  55.9"," 11.7"," 0.03","1013.7","999.9","996.8","  67.7","  5.3","  7.5"
"34504099999","48.6","34.9666666","143.0","2001-06-11","  57.7","010000","999.9","  96.4","  59.4"," 38.9"," 0.55","1012.8","999.9","996.0","  71.4","  4.5"," 12.9"
"34504099999","48.6","34.9666666","143.0","2001-06-12","  55.4","010000","999.9","  79.7","  54.3"," 11.7"," 0.03","1012.4","999.9","995.4","  64.1","  5.7","  9.2"
"34504099999","48.6","34.9666666","143.0","2001-06-13","  46.3","000000","999.9","  71.6","  48.2"," 13.6"," 0.00","1016.9","999.9","999.8","  63.4","  6.2","  8.0"
"34504099999","48.6","34.9666666","143.0","2001-06-14","  50.8","000000","999.9","  74.7","  52.9"," 11.7"," 0.00","1016.9","999.9","999.8","  64.1","  6.2","  6.6"
"34504099999","48.6","34.9666666","143.0","2001-06-15","  51.5","000000","999.9","  77.5","  57.2"," 13.6"," 0.00","1013.1","999.9","996.2","  66.6","  6.2","  9.5"
"34504099999","48.6","34.9666666","143.0","2001-06-16","  54.2","000000","999.9","  73.9","  58.3"," 13.6"," 0.00","1009.9","999.9","993.0","  66.9","  6.2"," 10.5"
"34504099999","48.6","34.9666666","143.0","2001-06-17","  55.3","000000","999.9","  82.0","  56.1"," 13.6"," 0.00","1011.5","999.9","994.7","  70.3","  6.2","  8.6"
"34504099999","48.6","34.9666666","143.0","2001-06-18","  56.3","010000","999.9","  84.7","  61.0","  9.7"," 0.03","1012.2","999.9","995.5","  71.9","  6.2","  5.3"
"34504099999","48.6","34.9666666","143.0","2001-06-19","  53.0","000000","999.9","  82.8","  60.6"," 17.5"," 0.00","1013.8","999.9","997.0","  71.4","  6.2"," 10.0"
"34504099999","48.6","34.9666666","143.0","2001-06-20","  57.9","000000","999.9","  83.1","  63.1"," 13.6"," 0.00","1011.3","999.9","994.6","  73.7","  6.2","  9.7"
"34504099999","48.6","34.9666666","143.0","2001-06-21","  60.9","010010","999.9","  69.3","  60.8"," 13.6"," 1.50","1006.0","999.9","989.1","  63.7","  3.7","  8.5"
"34504099999","48.6","34.9666666","143.0","2001-06-22","  58.9","010010","999.9","  72.5","  57.4"," 25.3","99.99","1004.9","999.9","988.1","  66.3","  5.5"," 15.5"
"34504099999","48.6","34.9666666","143.0","2001-06-23","  60.4","000010","999.9","  75.0","  58.1"," 11.7"," 0.20","1006.5","999.9","989.7","  66.1","  6.2","  5.4"
"34504099999","48.6","34.9666666","143.0","2001-06-24","  52.6","010000","999.9","  68.5","  51.8"," 15.5"," 0.18","1007.1","999.9","990.1","  59.8","  5.7","  7.3"
"34504099999","48.6","34.9666666","143.0","2001-06-25","  53.7","000000","999.9","  73.4","  50.5"," 11.7"," 0.00","1008.2","999.9","991.3","  62.2","  5.7","  8.7"
"34504099999","48.6","34.9666666","143.0","2001-06-26","  58.9","010000","999.9","  77.7","  55.8","  5.8","99.99","1008.0","999.9","991.1","  64.7","  3.9","  4.4"
"34504099999","48.6","34.9666666","143.0","2001-06-27","  60.2","010010","999.9","  75.2","  59.4"," 11.7"," 0.54","1005.4","999.9","988.6","  64.5","  5.3","  8.3"
"34504099999","48.6","34.9666666","143.0","2001-06-28","  58.8","010000","999.9","  65.5","  58.5"," 13.6"," 0.52","1007.5","999.9","990.5","  60.7","  4.8","  9.7"
"34504099999","48.6","34.9666666","143.0","2001-06-29","  59.8","000000","999.9","  77.0","  58.3"," 11.7"," 0.16","1010.8","999.9","993.9","  65.9","  4.7","  8.0"
"34504099999","48.6","34.9666666","143.0","2001-06-30","  59.5","000000","999.9","  80.8","  58.3","  9.7"," 0.00","1016.7","999.9","999.8","  69.5","  5.7","  7.0"
"34504099999","48.6","34.9666666","143.0","2001-07-01","  58.6","000000","999.9","  82.4","  60.1","  9.7"," 0.00","1018.1","999.9","999.9","  70.8","  6.2","  6.7"
"34504099999","48.6","34.9666666","143.0","2001-07-02","  56.3","000000","999.9","  80.4","  61.5","  9.7"," 0.00","1018.3","999.9","999.9","  70.5","  6.2","  6.5"
"34504099999","48.6","34.9666666","143.0","2001-07-03","  59.7","000000","999.9","  85.1","  61.0","  9.7"," 0.00","1016.9","999.9","999.9","  74.8","  6.2","  7.5"
"34504099999","48.6","34.9666666","143.0","2001-07-04","  60.7","000000","999.9","  88.2","  65.5"," 11.7"," 0.00","1015.3","999.9","999.9","  76.7","  6.2","  9.2"
"34504099999","48.6","34.9666666","143.0","2001-07-05","  62.7","000000","999.9","  92.5","  65.8","  9.7"," 0.00","1014.9","999.9","999.9","  78.1","  6.2","  7.3"
"34504099999","48.6","34.9666666","143.0","2001-07-06","  63.9","000000","999.9","  87.8","  68.9","  7.8"," 0.00","1014.3","999.9","999.9","  78.1","  5.5","  5.6"
"34504099999","48.6","34.9666666","143.0","2001-07-07","  64.8","000000","999.9","  88.9","  67.8","  5.8"," 0.00","1014.9","999.9","999.9","  78.6","  6.2","  3.3"
"34504099999","48.6","34.9666666","143.0","2001-07-08","  58.3","000000","999.9","  90.3","  67.1","  5.8"," 0.00","1012.6","999.9","999.9","  79.6","  6.2","  2.8"
"34504099999","48.6","34.9666666","143.0","2001-07-09","  62.0","010010","999.9","  88.9","  66.4"," 11.7"," 0.02","1011.8","999.9","999.9","  75.2","  6.2","  6.6"
"34504099999","48.6","34.9666666","143.0","2001-07-10","  63.4","000000","999.9","  86.5","  66.6","  5.8"," 0.07","1014.2","999.9","999.9","  73.8","  6.2","  2.9"
"34504099999","48.6","34.9666666","143.0","2001-07-11","  64.9","010010","999.9","  80.1","  62.8","  7.8"," 0.47","1014.9","999.9","999.9","  70.9","  6.2","  4.9"
"34504099999","48.6","34.9666666","143.0","2001-07-12","  63.2","010010","999.9","  84.6","  65.5","  9.7"," 0.03","1014.3","999.9","999.9","  73.8","  6.2","  3.6"
"34504099999","48.6","34.9666666","143.0","2001-07-13","  66.0","000010","999.9","  86.9","  66.4"," 11.7"," 0.03","1014.0","999.9","999.9","  76.0","  5.3","  4.6"
"34504099999","48.6","34.9666666","143.0","2001-07-14","  65.3","000000","999.9","  90.0","  66.4","  7.8"," 0.00","1016.6","999.9","999.9","  78.7","  5.7","  5.0"
"34504099999","48.6","34.9666666","143.0","2001-07-15","  66.8","000000","999.9","  93.6","  68.9"," 13.6"," 0.00","1018.9","999.9","999.9","  83.0","  6.2","  8.3"
"34504099999","48.6","34.9666666","143.0","2001-07-16","  61.1","000000","999.9","  95.4","  73.0"," 13.6"," 0.00","1016.7","999.9","999.9","  83.4","  6.2"," 10.0"
"34504099999","48.6","34.9666666","143.0","2001-07-17","  64.0","000000","999.9","  93.2","  72.7"," 11.7"," 0.00","1012.0","999.9","999.9","  82.8","  6.2","  9.0"
"34504099999","48.6","34.9666666","143.0","2001-07-18","  62.9","000000","999.9","  94.5","  70.2"," 11.7"," 0.00","1006.4","999.9","999.9","  81.6","  6.2","  8.0"
"34504099999","48.6","34.9666666","143.0","2001-07-19","  61.5","000000","999.9","  92.1","  68.0"," 11.7"," 0.00","1006.9","999.9","999.9","  81.2","  6.2","  7.1"
"34504099999","48.6","34.9666666","143.0","2001-07-20","  60.2","000000","999.9","  96.1","  69.4","  9.7"," 0.00","1011.7","999.9","999.9","  81.8","  6.2","  6.6"
"34504099999","48.6","34.9666666","143.0","2001-07-21","  61.0","000000","999.9","  95.4","  70.9"," 13.6"," 0.00","1011.7","999.9","999.9","  82.7","  6.2","  8.7"
"34504099999","48.6","34.9666666","143.0","2001-07-22","  59.4","000000","999.9","  97.9","  74.3"," 15.5"," 0.00","1010.3","999.9","999.9","  84.4","  6.2","  9.7"
"34504099999","48.6","34.9666666","143.0","2001-07-23","  55.7","000000","999.9","  98.4","  73.0"," 15.5"," 0.00","1009.5","999.9","999.9","  85.1","  6.2"," 10.9"
"34504099999","48.6","34.9666666","143.0","2001-07-24","  59.3","000000","999.9","  99.3","  71.6","  9.7"," 0.00","1008.0","999.9","999.9","  84.6","  6.2","  7.5"
"34504099999","48.6","34.9666666","143.0","2001-07-25","  67.1","000000","999.9","  99.9","  70.9","  9.7"," 0.00","1007.7","999.9","999.9","  85.2","  6.2","  4.9"
"34504099999","48.6","34.9666666","143.0","2001-07-26","  65.5","000010","999.9"," 102.0","  74.8"," 15.5"," 0.00","1007.5","999.9","999.9","  85.5","  5.7","  8.7"
"34504099999","48.6","34.9666666","143.0","2001-07-27","  69.4","000010","999.9","  88.7","  53.4"," 15.5"," 0.16","1009.7","999.9","999.9","  76.4","  5.3","  8.7"
"34504099999","48.6","34.9666666","143.0","2001-07-28","  67.7","000010","999.9","  92.5","  68.5","  9.7"," 0.03","1009.0","999.9","999.9","  79.3","  5.3","  2.7"
"34504099999","48.6","34.9666666","143.0","2001-07-29","  65.2","000010","999.9","  88.9","  67.8","  7.8"," 0.00","1010.1","999.9","999.9","  79.8","  4.8","  4.9"
"34504099999","48.6","34.9666666","143.0","2001-07-30","  69.3","010010","999.9","  91.0","  69.6","  9.7"," 0.12","1010.1","999.9","999.9","  76.4","  5.1","  6.1"
"34504099999","48.6","34.9666666","143.0","2001-07-31","  66.7","000000","999.9","  84.6","  67.1","  9.7"," 0.00","1013.2","999.9","999.9","  75.9","  5.1","  8.0"
"34504099999","48.6","34.9666666","143.0","2001-08-01","  60.6","000000","999.9","  90.5","  66.7"," 13.6"," 0.00","1011.7","999.9","999.9","  77.5","  6.2","  6.1"
"34504099999","48.6","34.9666666","143.0","2001-08-02","  57.3","000000","999.9","  77.9","  62.1"," 17.5"," 0.00","1013.4","999.9","999.9","  69.6","  6.2"," 12.1"
"34504099999","48.6","34.9666666","143.0","2001-08-03","  51.9","000000","999.9","  79.7","  57.0","  7.8"," 0.00","1018.9","999.9","999.9","  69.1","  6.2","  6.8"
"34504099999","48.6","34.9666666","143.0","2001-08-04","  52.8","000000","999.9","  82.0","  58.5","  5.8"," 0.00","1021.9","999.9","999.9","  71.1","  6.2","  5.5"
"34504099999","48.6","34.9666666","143.0","2001-08-05","  54.0","000000","999.9","  89.6","  61.0","  9.7"," 0.00","1018.6","999.9","999.9","  76.2","  6.2","  5.1"
"34504099999","48.6","34.9666666","143.0","2001-08-06","  56.7","000000","999.9","  92.8","  63.5","  7.8"," 0.00","1012.3","999.9","999.9","  77.3","  5.0","  6.5"
"34504099999","48.6","34.9666666","143.0","2001-08-07","  64.7","000000","999.9","  84.0","  70.3"," 11.7"," 0.00","1012.7","999.9","999.9","  76.2","  5.7","  9.5"
"34504099999","48.6","34.9666666","143.0","2001-08-08","  57.7","000000","999.9","  88.9","  65.1"," 11.7"," 0.00","1014.3","999.9","999.9","  77.8","  6.2"," 10.2"
"34504099999","48.6","34.9666666","143.0","2001-08-09","  56.1","000000","999.9","  91.4","  66.6"," 11.7"," 0.00","1016.2","999.9","999.9","  78.8","  6.2","  7.8"
"34504099999","48.6","34.9666666","143.0","2001-08-10","  55.6","000000","999.9","  94.5","  65.5","  9.7"," 0.00","1020.5","999.9","999.9","  79.5","  6.2","  6.8"
"34504099999","48.6","34.9666666","143.0","2001-08-11","  55.3","000000","999.9","  93.7","  67.1"," 11.7"," 0.00","1018.2","999.9","999.9","  80.0","  5.6","  6.8"
"34504099999","48.6","34.9666666","143.0","2001-08-12","  51.3","000000","999.9","  93.6","  66.6"," 11.7"," 0.00","1011.5","999.9","999.9","  77.0","  6.2"," 10.0"
"34504099999","48.6","34.9666666","143.0","2001-08-13","  58.9","000000","999.9","  88.2","  68.7"," 15.5"," 0.03","1007.4","999.9","999.9","  75.4","  4.1"," 10.3"
"34504099999","48.6","34.9666666","143.0","2001-08-14","  62.1","010000","999.9","  76.5","  64.4"," 15.5","99.99","1010.3","999.9","999.9","  70.7","  3.1"," 12.4"
"34504099999","48.6","34.9666666","143.0","2001-08-15","  57.1","000000","999.9","  84.0","  64.4"," 11.7"," 0.00","1017.9","999.9","999.9","  73.2","  5.3","  9.0"
"34504099999","48.6","34.9666666","143.0","2001-08-16","  59.9","000000","999.9","  85.5","  61.9"," 11.7"," 0.00","1021.5","999.9","999.9","  74.1","  6.2","  6.3"
"34504099999","48.6","34.9666666","143.0","2001-08-17","  58.2","000000","999.9","  85.5","  65.1"," 11.7"," 0.00","1019.2","999.9","999.9","  76.7","  5.7","  8.3"
"34504099999","48.6","34.9666666","143.0","2001-08-18","  54.7","000000","999.9","  90.9","  64.6"," 13.6"," 0.00","1016.2","999.9","999.9","  76.9","  5.7","  8.7"
"34504099999","48.6","34.9666666","143.0","2001-08-19","  57.1","000000","999.9","  91.4","  67.1"," 11.7"," 0.00","1013.7","999.9","999.9","  78.8","  6.2","  7.5"
"34504099999","48.6","34.9666666","143.0","2001-08-20","  58.3","000000","999.9","  92.5","  66.2","  9.7"," 0.00","1012.3","999.9","999.9","  78.7","  6.2","  7.5"
"34504099999","48.6","34.9666666","143.0","2001-08-21","  58.8","000010","999.9","  94.6","  68.7"," 11.7"," 0.00","1013.9","999.9","999.9","  80.0","  5.7","  7.3"
"34504099999","48.6","34.9666666","143.0","2001-08-22","  60.5","000000","999.9","  88.7","  68.5"," 13.6"," 0.00","1014.6","999.9","999.9","  77.2","  6.2"," 10.2"
"34504099999","48.6","34.9666666","143.0","2001-08-23","  61.1","000000","999.9","  87.4","  64.4"," 13.6"," 0.03","1013.1","999.9","999.9","  76.1","  4.8","  9.5"
"34504099999","48.6","34.9666666","143.0","2001-08-24","  50.4","000000","999.9","  79.9","  60.6"," 13.6"," 0.00","1017.6","999.9","999.9","  69.0","  6.2"," 10.6"
"34504099999","48.6","34.9666666","143.0","2001-08-25","  47.7","000000","999.9","  81.1","  55.9","  7.8"," 0.00","1017.9","999.9","999.9","  67.3","  6.2","  4.2"
"34504099999","48.6","34.9666666","143.0","2001-08-26","  53.1","000000","999.9","  77.9","  57.4"," 11.7"," 0.00","1014.5","999.9","999.9","  65.5","  5.7","  5.3"
"34504099999","48.6","34.9666666","143.0","2001-08-27","  50.9","000000","999.9","  79.2","  53.8"," 13.6"," 0.00","1012.9","999.9","999.9","  65.7","  6.2","  6.1"
"34504099999","48.6","34.9666666","143.0","2001-08-28","  54.3","010000","999.9","  83.3","  56.3"," 13.6"," 0.04","1006.1","999.9","999.9","  66.9","  5.1","  8.9"
"34504099999","48.6","34.9666666","143.0","2001-08-29","  49.8","000000","999.9","  70.2","  54.0"," 11.7"," 0.35","1005.0","999.9","999.9","  59.8","  6.2","  6.9"
"34504099999","48.6","34.9666666","143.0","2001-08-30","  51.1","010010","999.9","  63.9","  52.5"," 17.5"," 0.12","1004.7","999.9","999.9","  55.3","  5.3"," 10.0"
"34504099999","48.6","34.9666666","143.0","2001-08-31","  46.3","000000","999.9","  68.9","  52.3"," 15.5"," 0.00","1010.6","999.9","999.9","  59.3","  5.7"," 11.4"
"34504099999","48.6","34.9666666","143.0","2001-09-01","  47.7","000000","999.9","  69.8","  46.9","  7.8"," 0.00","1015.0","999.9","999.9","  61.2","  6.2","  4.4"
"34504099999","48.6","34.9666666","143.0","2001-09-02","  51.1","000000","999.9","  77.9","  51.6"," 11.7"," 0.00","1012.9","999.9","999.9","  66.3","  6.2","  6.8"
"34504099999","48.6","34.9666666","143.0","2001-09-03","  58.8","010010","999.9","  65.7","  57.7"," 11.7"," 0.59","1007.1","999.9","999.9","  61.7","  2.5","  7.5"
"34504099999","48.6","34.9666666","143.0","2001-09-04","  55.6","010000","999.9","  58.6","  55.9"," 13.6"," 0.06","1008.6","999.9","999.9","  57.6","  3.6"," 10.9"
"34504099999","48.6","34.9666666","143.0","2001-09-05","  51.4","000000","999.9","  62.6","  52.0","  7.8"," 0.00","1014.0","999.9","999.9","  57.5","  6.2","  5.2"
"34504099999","48.6","34.9666666","143.0","2001-09-06","  51.1","000000","999.9","  72.5","  48.4"," 13.6"," 0.00","1009.6","999.9","999.9","  61.4","  5.1"," 10.8"
"34504099999","48.6","34.9666666","143.0","2001-09-07","  53.2","010000","999.9","  72.0","  54.9"," 15.5"," 0.05","1002.3","999.9","999.9","  62.0","  6.2"," 11.9"
"34504099999","48.6","34.9666666","143.0","2001-09-08","  58.2","000000","999.9","  73.4","  56.1"," 11.7"," 0.00","1002.0","999.9","999.9","  64.0","  4.3","  9.7"
"34504099999","48.6","34.9666666","143.0","2001-09-09","  52.6","000000","999.9","  77.0","  50.9"," 11.7"," 0.00","1008.9","999.9","999.9","  64.7","  5.7","  8.0"
"34504099999","48.6","34.9666666","143.0","2001-09-10","  58.2","000000","999.9","  81.5","  57.7"," 13.6"," 0.00","1010.3","999.9","999.9","  67.5","  5.1"," 10.7"
"34504099999","48.6","34.9666666","143.0","2001-09-11","  60.2","000000","999.9","  84.2","  63.5"," 13.6"," 0.00","1010.9","999.9","999.9","  71.2","  4.6"," 10.5"
"34504099999","48.6","34.9666666","143.0","2001-09-12","  56.8","010000","999.9","  75.2","  61.0","  7.8"," 0.03","1010.8","999.9","999.9","  66.1","  6.2","  6.7"
"34504099999","48.6","34.9666666","143.0","2001-09-13","  55.0","010000","999.9","  70.2","  55.8","  7.8"," 0.03","1014.6","999.9","999.9","  61.2","  3.9","  4.5"
"34504099999","48.6","34.9666666","143.0","2001-09-14","  50.8","100000","999.9","  71.1","  50.2","  9.7"," 0.00","1016.9","999.9","999.9","  59.7","  4.5","  7.0"
"34504099999","48.6","34.9666666","143.0","2001-09-15","  49.4","000000","999.9","  73.4","  46.4","  9.7"," 0.00","1018.3","999.9","999.9","  59.5","  3.4","  4.9"
"34504099999","48.6","34.9666666","143.0","2001-09-16","  50.5","000000","999.9","  77.2","  50.2"," 13.6"," 0.00","1015.2","999.9","999.9","  64.2","  5.1","  9.2"
"34504099999","48.6","34.9666666","143.0","2001-09-17","  55.7","000000","999.9","  81.1","  57.2"," 13.6"," 0.00","1015.7","999.9","998.1","  70.7","  6.2"," 11.3"
"34504099999","48.6","34.9666666","143.0","2001-09-18","  47.0","000000","999.9","  82.0","  55.6"," 15.5"," 0.00","1023.6","999.9","999.9","  65.7","  6.2"," 12.9"
"34504099999","48.6","34.9666666","143.0","2001-09-19","  39.2","000000","999.9","  75.6","  51.4"," 19.4"," 0.00","1027.8","999.9","999.9","  62.1","  6.2"," 14.6"
"34504099999","48.6","34.9666666","143.0","2001-09-20","  37.5","000000","999.9","  73.8","  46.2"," 19.4"," 0.00","1026.7","999.9","999.9","  58.4","  6.2"," 13.3"
"34504099999","48.6","34.9666666","143.0","2001-09-21","  38.6","000000","999.9","  73.9","  48.2"," 15.5"," 0.00","1023.3","999.9","999.9","  60.6","  6.2"," 11.4"
"34504099999","48.6","34.9666666","143.0","2001-09-22","  43.7","000000","999.9","  76.1","  51.8"," 15.5"," 0.00","1019.0","999.9","999.9","  64.6","  6.2"," 12.2"
"34504099999","48.6","34.9666666","143.0","2001-09-23","  49.3","000000","999.9","  77.0","  52.0","  9.7"," 0.00","1016.5","999.9","999.9","  63.1","  5.3","  6.8"
"34504099999","48.6","34.9666666","143.0","2001-09-24","  54.1","011000","999.9","  68.9","  58.1","  7.8"," 0.02","1013.7","999.9","999.9","  62.1","  3.5","  2.9"
"34504099999","48.6","34.9666666","143.0","2001-09-25","  58.0","000000","999.9","  78.8","  58.5"," 13.6"," 0.01","1005.3","999.9","999.9","  66.4","  5.0"," 12.9"
"34504099999","48.6","34.9666666","143.0","2001-09-26","  40.8","000000","999.9","  54.5","  45.5"," 13.6"," 0.00","1014.4","999.9","999.9","  49.6","  5.7"," 11.2"
"34504099999","48.6","34.9666666","143.0","2001-09-27","  39.7","000000","999.9","  55.0","  46.4"," 11.7"," 0.00","1020.2","999.9","999.9","  49.1","  6.2","  8.7"
"34504099999","48.6","34.9666666","143.0","2001-09-28","  42.4","000000","999.9","  54.1","  46.6"," 11.7"," 0.00","1015.8","999.9","999.9","  49.8","  5.3","  8.5"
"34504099999","48.6","34.9666666","143.0","2001-09-29","  39.2","000000","999.9","  58.6","  41.7"," 15.5"," 0.00","1015.9","999.9","999.9","  49.5","  6.2","  8.9"
"34504099999","48.6","34.9666666","143.0","2001-09-30","  38.5","000000","999.9","  57.6","  38.7"," 13.6"," 0.00","1021.6","999.9","999.9","  48.9","  6.2","  8.0"
"34504099999","48.6","34.9666666","143.0","2001-10-01","  26.9","000000","999.9","  59.4","  33.4","  9.7"," 0.00","1028.4","999.9","999.9","  48.5","  6.2","  5.3"
"34504099999","48.6","34.9666666","143.0","2001-10-02","  44.3","010000","999.9","  65.1","  46.4"," 17.5"," 0.02","1020.4","999.9","999.9","  56.2","  6.2"," 12.5"
"34504099999","48.6","34.9666666","143.0","2001-10-03","  53.2","000000","999.9","  79.7","  50.7"," 17.5"," 0.00","1016.5","999.9","999.9","  66.3","  4.6"," 12.4"
"34504099999","48.6","34.9666666","143.0","2001-10-04","  54.6","000000","999.9","  81.3","  56.5"," 15.5"," 0.00","1013.6","999.9","999.9","  67.4","  4.8"," 11.1"
"34504099999","48.6","34.9666666","143.0","2001-10-05","  54.4","000000","999.9","  79.9","  52.0"," 15.5"," 0.00","1009.9","999.9","999.9","  64.9","  5.3","  8.7"
"34504099999","48.6","34.9666666","143.0","2001-10-06","  50.2","000000","999.9","  65.3","  51.3"," 15.5"," 0.00","1014.8","999.9","999.9","  57.2","  5.7"," 10.8"
"34504099999","48.6","34.9666666","143.0","2001-10-07","  43.8","000000","999.9","  65.7","  44.2"," 11.7"," 0.00","1021.0","999.9","999.9","  54.1","  5.7","  7.3"
"34504099999","48.6","34.9666666","143.0","2001-10-08","  40.5","000000","999.9","  66.7","  42.3","  7.8"," 0.00","1026.6","999.9","999.9","  54.0","  6.2","  5.6"
"34504099999","48.6","34.9666666","143.0","2001-10-09","  39.9","000000","999.9","  69.1","  43.5"," 11.7"," 0.00","1027.1","999.9","999.9","  55.8","  6.2","  8.7"
"34504099999","48.6","34.9666666","143.0","2001-10-10","  40.5","000000","999.9","  69.4","  45.1","  9.7"," 0.00","1025.7","999.9","999.9","  55.9","  6.2","  4.1"
"34504099999","48.6","34.9666666","143.0","2001-10-11","  48.6","010000","999.9","  69.8","  45.0"," 15.5","99.99","1018.4","999.9","999.9","  58.5","  4.8","  7.5"
"34504099999","48.6","34.9666666","143.0","2001-10-12","  45.2","010000","999.9","  56.7","  47.1"," 15.5"," 0.12","1015.8","999.9","999.9","  52.0","  6.2"," 14.1"
"34504099999","48.6","34.9666666","143.0","2001-10-13","  45.1","010000","999.9","  60.1","  48.7"," 15.5","99.99","1019.5","999.9","999.9","  54.8","  6.2"," 12.9"
"34504099999","48.6","34.9666666","143.0","2001-10-14","  51.3","010000","999.9","  61.5","  53.1"," 13.6"," 0.05","1017.6","999.9","999.9","  57.0","  5.3"," 10.3"
"34504099999","48.6","34.9666666","143.0","2001-10-15","  46.1","000000","999.9","  60.6","  46.4","  9.7"," 0.00","1019.5","999.9","999.9","  52.3","  4.8","  6.6"
"34504099999","48.6","34.9666666","143.0","2001-10-16","  33.6","000000","999.9","  46.8","  33.6"," 13.6"," 0.00","1028.3","999.9","999.9","  41.9","  6.2","  9.5"
"34504099999","48.6","34.9666666","143.0","2001-10-17","  32.1","000000","999.9","  41.9","  32.7","  9.7"," 0.00","1030.0","999.9","999.9","  38.7","  3.4","  5.1"
"34504099999","48.6","34.9666666","143.0","2001-10-18","  34.3","100000","999.9","  52.5","  24.8","  3.9"," 0.00","1022.2","999.9","999.9","  39.1","  1.4","  1.5"
"34504099999","48.6","34.9666666","143.0","2001-10-19","  39.1","000000","999.9","  50.4","  40.8","  5.8"," 0.06","1017.2","999.9","999.9","  45.0","  2.0","  4.1"
"34504099999","48.6","34.9666666","143.0","2001-10-20","  41.7","000000","999.9","  52.5","  41.0"," 15.5"," 0.00","1015.1","999.9","999.9","  48.2","  5.7"," 10.7"
"34504099999","48.6","34.9666666","143.0","2001-10-21","  31.0","010000","999.9","  52.7","  30.2"," 15.5","99.99","1016.6","999.9","999.9","  40.1","  5.7","  7.3"
"34504099999","48.6","34.9666666","143.0","2001-10-22","  28.5","000000","999.9","  48.2","  29.1","  9.7"," 0.00","1016.3","999.9","999.9","  38.3","  5.7","  5.6"
"34504099999","48.6","34.9666666","143.0","2001-10-23","  42.7","010000","999.9","  54.3","  37.2"," 19.4"," 0.24","1009.0","999.9","999.9","  45.4","  1.4"," 10.0"
"34504099999","48.6","34.9666666","143.0","2001-10-24","  25.3","010000","999.9","  39.7","  31.8"," 19.4"," 0.08","1018.1","999.9","999.9","  35.0","  5.7"," 15.0"
"34504099999","48.6","34.9666666","143.0","2001-10-25","  18.4","000000","999.9","  39.4","  23.5"," 13.6"," 0.00","1031.1","999.9","999.9","  30.4","  6.2"," 10.0"
"34504099999","48.6","34.9666666","143.0","2001-10-26","  21.6","000000","999.9","  41.7","  17.6","  7.8"," 0.00","1033.8","999.9","999.9","  30.4","  6.2","  5.5"
"34504099999","48.6","34.9666666","143.0","2001-10-27","  26.4","000000","999.9","  49.8","  23.7","  7.8"," 0.00","1031.7","999.9","999.9","  36.0","  4.7","  5.8"
"34504099999","48.6","34.9666666","143.0","2001-10-28","  33.6","000000","999.9","  51.3","  35.8","  3.9"," 0.00","1029.1","999.9","999.9","  42.0","  2.3","  2.2"
"34504099999","48.6","34.9666666","143.0","2001-10-29","  34.1","100000","999.9","  51.3","  32.4","  9.7"," 0.00","1021.4","999.9","999.9","  39.9","  2.0","  6.3"
"34504099999","48.6","34.9666666","143.0","2001-10-30","  41.0","110000","999.9","  46.4","  39.7"," 11.7"," 0.11","1014.0","999.9","999.9","  43.4","  1.5","  8.3"
"34504099999","48.6","34.9666666","143.0","2001-10-31","  45.1","010000","999.9","  56.8","  44.1"," 17.5"," 0.15","1010.9","999.9","999.9","  50.8","  4.0"," 11.7"
"34504099999","48.6","34.9666666","143.0","2001-11-01","  46.9","000000","999.9","  68.5","  45.3"," 15.5"," 0.00","1012.8","999.9","999.9","  54.3","  4.2"," 11.7"
"34504099999","48.6","34.9666666","143.0","2001-11-02","  31.9","000000","999.9","  48.6","  36.3"," 17.5"," 0.00","1018.0","999.9","999.9","  43.0","  6.2"," 13.4"
"34504099999","48.6","34.9666666","143.0","2001-11-03","  32.0","000000","999.9","  41.4","  36.3","  7.8"," 0.00","1027.1","999.9","999.9","  38.7","  4.8","  4.6"
"34504099999","48.6","34.9666666","143.0","2001-11-04","  26.7","000000","999.9","  45.0","  25.5"," 13.6"," 0.00","1024.0","999.9","999.9","  36.5","  5.7","  7.8"
"34504099999","48.6","34.9666666","143.0","2001-11-05","  33.8","000000","999.9","  45.1","  37.6","  7.8"," 0.00","1017.9","999.9","999.9","  40.6","  6.2","  6.8"
"34504099999","48.6","34.9666666","143.0","2001-11-06","  31.2","000000","999.9","  48.7","  32.9"," 15.5"," 0.00","1017.8","999.9","999.9","  40.7","  5.7"," 10.0"
"34504099999","48.6","34.9666666","143.0","2001-11-07","  32.0","110000","999.9","  42.1","  26.6"," 13.6"," 0.16","1016.4","999.9","999.9","  35.9","  1.2","  7.2"
"34504099999","48.6","34.9666666","143.0","2001-11-08","  40.7","100000","999.9","  46.0","  37.4"," 15.5"," 0.16","1008.7","999.9","999.9","  42.2","  1.2"," 11.7"
"34504099999","48.6","34.9666666","143.0","2001-11-09","  48.3","000000","999.9","  56.7","  42.8"," 15.5"," 0.01","1009.9","999.9","999.9","  50.6","  1.6"," 12.1"
"34504099999","48.6","34.9666666","143.0","2001-11-10","  46.0","010000","999.9","  54.3","  36.9"," 15.5","99.99","1018.2","999.9","999.9","  48.3","  2.0"," 10.5"
"34504099999","48.6","34.9666666","143.0","2001-11-11","  27.1","000000","999.9","  45.0","  28.0"," 13.6"," 0.00","1025.7","999.9","999.9","  35.8","  5.1","  6.9"
"34504099999","48.6","34.9666666","143.0","2001-11-12","  30.2","010000","999.9","  46.4","  24.4"," 13.6"," 0.02","1018.5","999.9","999.9","  36.2","  4.7","  8.9"
"34504099999","48.6","34.9666666","143.0","2001-11-13","  45.6","010000","999.9","  52.7","  40.3"," 11.7"," 0.86","1005.9","999.9","999.9","  47.0","  3.1","  8.9"
"34504099999","48.6","34.9666666","143.0","2001-11-14","  36.5","010000","999.9","  41.4","  34.3"," 15.5"," 0.28","1009.7","999.9","999.9","  38.9","  3.6"," 13.3"
"34504099999","48.6","34.9666666","143.0","2001-11-15","  28.3","001000","999.9","  35.6","  30.0"," 15.5"," 0.03","1022.4","999.9","999.9","  32.8","  5.3"," 12.1"
"34504099999","48.6","34.9666666","143.0","2001-11-16","  26.6","001000","999.9","  35.6","  24.4"," 17.5"," 0.10","1009.9","999.9","999.9","  30.2","  5.1"," 15.1"
"34504099999","48.6","34.9666666","143.0","2001-11-17","  19.3","001000","999.9","  33.4","  21.2"," 23.3"," 0.06","1018.3","  0.8","999.9","  25.7","  5.5"," 16.1"
"34504099999","48.6","34.9666666","143.0","2001-11-18","  26.4","001000","999.9","  32.4","  19.4"," 13.6"," 0.06","1017.5","  0.8","999.9","  29.4","  5.7"," 10.8"
"34504099999","48.6","34.9666666","143.0","2001-11-19","  32.3","000000","999.9","  37.4","  31.6"," 11.7"," 0.00","1013.7","999.9","999.9","  33.7","  1.4","  9.1"
"34504099999","48.6","34.9666666","143.0","2001-11-20","  29.7","011000","999.9","  35.6","  30.9"," 13.6"," 0.08","1006.2","999.9","999.9","  33.0","  4.1","  9.0"
"34504099999","48.6","34.9666666","143.0","2001-11-21","  22.1","001000","999.9","  28.2","  23.5"," 15.5"," 0.04","1011.4","  0.4","999.9","  25.7","  3.9"," 12.5"
"34504099999","48.6","34.9666666","143.0","2001-11-22","  24.9","011000","999.9","  36.1","  16.2"," 15.5"," 0.09","1011.0","  1.2","999.9","  27.3","  3.7"," 12.4"
"34504099999","48.6","34.9666666","143.0","2001-11-23","  37.2","000000","999.9","  45.9","  35.2"," 17.5"," 0.02","1008.1","999.9","999.9","  40.5","  5.1"," 13.3"
"34504099999","48.6","34.9666666","143.0","2001-11-24","  36.4","000000","999.9","  44.6","  36.5"," 15.5"," 0.00","1005.9","999.9","999.9","  41.3","  6.2"," 13.8"
"34504099999","48.6","34.9666666","143.0","2001-11-25","  36.8","010000","999.9","  43.3","  33.6"," 23.3"," 0.59","1003.4","999.9","999.9","  40.1","  4.8"," 14.6"
"34504099999","48.6","34.9666666","143.0","2001-11-26","  32.8","011000","999.9","  36.0","  32.4"," 11.7"," 0.31","1011.3","999.9","999.9","  34.0","  1.9","  8.7"
"34504099999","48.6","34.9666666","143.0","2001-11-27","  32.6","111000","999.9","  35.6","  30.6"," 13.6"," 0.71","1014.3","  3.5","999.9","  33.0","  1.0","  7.2"
"34504099999","48.6","34.9666666","143.0","2001-11-28","  29.6","000000","999.9","  34.0","  28.6","  7.8"," 0.08","1022.0","  2.4","999.9","  31.4","  3.4","  5.5"
"34504099999","48.6","34.9666666","143.0","2001-11-29","  30.8","001000","999.9","  33.4","  15.6"," 15.5"," 0.14","1019.2","  3.1","999.9","  32.5","  1.8"," 10.7"
"34504099999","48.6","34.9666666","143.0","2001-11-30","  32.1","010000","999.9","  36.5","  31.6"," 15.5"," 0.08","1018.0","  3.1","999.9","  33.7","  2.9"," 13.4"
"34504099999","48.6","34.9666666","143.0","2001-12-01","  30.1","010000","999.9","  36.3","  31.1"," 21.4"," 0.11","1026.2","999.9","999.9","  33.2","  1.7"," 15.5"
"34504099999","48.6","34.9666666","143.0","2001-12-02","  19.3","000000","999.9","  28.6","  22.1"," 21.4"," 0.00","1032.8","999.9","999.9","  25.0","  6.2"," 16.3"
"34504099999","48.6","34.9666666","143.0","2001-12-03","  15.0","000000","999.9","  29.5","  19.4"," 17.5"," 0.00","1032.9","999.9","999.9","  24.3","  6.2"," 15.8"
"34504099999","48.6","34.9666666","143.0","2001-12-04","  12.7","000000","999.9","  31.6","  16.7"," 17.5"," 0.00","1031.2","999.9","999.9","  22.1","  6.2"," 14.7"
"34504099999","48.6","34.9666666","143.0","2001-12-05","  12.8","000000","999.9","  24.4","  14.5"," 15.5"," 0.03","1026.4","999.9","999.9","  19.0","  6.2"," 10.4"
"34504099999","48.6","34.9666666","143.0","2001-12-06","  11.4","001000","999.9","  19.0","  10.6","  9.7"," 0.03","1024.7","  0.4","999.9","  13.9","  2.3","  8.0"
"34504099999","48.6","34.9666666","143.0","2001-12-07","  12.6","001000","999.9","  20.1","   6.4"," 11.7"," 0.03","1031.6","  1.6","999.9","  15.0","  2.2","  8.3"
"34504099999","48.6","34.9666666","143.0","2001-12-08","  11.4","001000","999.9","  20.5","  11.3","  9.7"," 0.03","1034.5","  2.0","999.9","  14.4","  2.6","  7.8"
"34504099999","48.6","34.9666666","143.0","2001-12-09","   7.7","000000","999.9","  17.1","   5.0","  9.7"," 0.01","1035.7","  2.4","999.9","  10.4","  2.3","  5.8"
"34504099999","48.6","34.9666666","143.0","2001-12-10","   8.2","001000","999.9","  14.4","   6.4"," 11.7"," 0.01","1033.8","  2.4","999.9","  10.3","  1.9","  5.3"
"34504099999","48.6","34.9666666","143.0","2001-12-11","  14.0","001000","999.9","  22.6","   5.2","  7.8"," 0.02","1026.0","  1.6","999.9","  17.2","  2.2","  3.9"
"34504099999","48.6","34.9666666","143.0","2001-12-12","  17.5","001000","999.9","  22.3","  16.5","  7.8"," 0.06","1022.7","  2.0","999.9","  19.7","  1.2","  3.2"
"34504099999","48.6","34.9666666","143.0","2001-12-13","  13.2","001000","999.9","  22.6","  11.8"," 17.5"," 0.12","1025.4","999.9","999.9","  16.5","  2.5"," 14.6"
"34504099999","48.6","34.9666666","143.0","2001-12-14","  10.0","001000","999.9","  16.3","   5.7"," 17.5"," 0.20","1025.4","  3.5","999.9","  13.7","  3.0"," 12.8"
"34504099999","48.6","34.9666666","143.0","2001-12-15","   6.8","001000","999.9","  18.7","   2.3","  5.8"," 0.04","1022.5","  3.5","999.9","   9.9","  1.7","  5.0"
"34504099999","48.6","34.9666666","143.0","2001-12-16","  13.8","001000","999.9","  20.1","  11.1","  5.8"," 0.04","1023.4","  3.9","999.9","  15.4","  0.9","  1.7"
"34504099999","48.6","34.9666666","143.0","2001-12-17","   7.2","001000","999.9","  16.9","   1.6"," 11.7"," 0.09","1023.2","  3.9","999.9","  10.2","  2.7","  6.1"
"34504099999","48.6","34.9666666","143.0","2001-12-18","   0.7","001000","999.9","  14.0","  -5.8"," 11.7"," 0.00","1019.9","  4.7","999.9","   4.3","  1.9","  4.1"
"34504099999","48.6","34.9666666","143.0","2001-12-19","   4.6","000000","999.9","  16.3","   3.2","  7.8"," 0.00","1022.7","  4.3","999.9","   9.2","  2.5","  6.4"
"34504099999","48.6","34.9666666","143.0","2001-12-20","  11.9","001000","999.9","  25.3","   2.5"," 15.5"," 0.03","1017.7","  3.9","999.9","  14.9","  2.0"," 11.2"
"34504099999","48.6","34.9666666","143.0","2001-12-21","  13.4","001000","999.9","  25.9","   8.8"," 11.7"," 0.02","1017.4","  3.9","999.9","  18.0","  3.9","  6.4"
"34504099999","48.6","34.9666666","143.0","2001-12-22","  25.9","100000","999.9","  36.7","   7.9"," 17.5"," 0.03","1010.6","  3.9","999.9","  28.6","  2.6"," 12.6"
"34504099999","48.6","34.9666666","143.0","2001-12-23","  24.0","010000","999.9","  34.7","  18.3"," 13.6"," 0.02","1011.9","  3.5","999.9","  26.9","  1.6","  7.5"
"34504099999","48.6","34.9666666","143.0","2001-12-24","  21.8","001000","999.9","  36.1","  13.1"," 15.5"," 0.15","1008.1","  3.1","999.9","  25.4","  2.4"," 12.6"
"34504099999","48.6","34.9666666","143.0","2001-12-25","   7.1","000000","999.9","  18.3","   6.3"," 11.7"," 0.00","1014.1","  2.0","999.9","  12.0","  4.8","  7.0"
"34504099999","48.6","34.9666666","143.0","2001-12-26","  14.9","001000","999.9","  25.9","  10.2","  7.8","99.99","1009.7","  2.0","999.9","  18.7","  2.6","  6.3"
"34504099999","48.6","34.9666666","143.0","2001-12-27","  27.5","011000","999.9","  33.6","  19.8"," 13.6"," 0.03","1013.6","  2.0","999.9","  30.1","  2.6"," 10.2"
"34504099999","48.6","34.9666666","143.0","2001-12-28","  30.6","110000","999.9","  31.8","  29.5"," 11.7"," 0.05","1007.4","  2.0","999.9","  31.1","  0.5","  5.8"
"34504099999","48.6","34.9666666","143.0","2001-12-29","  30.8","100000","999.9","  33.1","  30.4"," 13.6"," 0.01","1006.0","  1.6","999.9","  31.8","  1.1","  8.3"
"34504099999","48.6","34.9666666","143.0","2001-12-30","  34.1","010000","999.9","  38.7","  31.5"," 17.5"," 0.20"," 998.2","  1.2","999.9","  36.1","  2.3"," 14.6"
"34504099999","48.6","34.9666666","143.0","2001-12-31","  23.6","001000","999.9","  32.5","  26.4"," 19.4"," 0.16","1007.0","  0.8","999.9","  29.4","  5.0"," 14.3"
"34504099999","48.6","34.9666666","143.0","2002-01-01","  15.5","001000","999.9","  27.0","  16.7"," 15.5","99.99","1019.3","999.9","999.9","  20.7","  4.5"," 10.1"
"34504099999","48.6","34.9666666","143.0","2002-01-02","  13.3","001000","999.9","  20.8","  15.1"," 15.5","99.99","1021.5","999.9","999.9","  17.8","  3.1"," 12.9"
"34504099999","48.6","34.9666666","143.0","2002-01-03","  13.2","001000","999.9","  18.9","  13.3"," 15.5"," 0.00","1027.2","  1.2","999.9","  16.4","  3.9"," 12.2"
"34504099999","48.6","34.9666666","143.0","2002-01-04","   5.6","001000","999.9","  12.9","   3.9"," 11.7"," 0.08","1029.9","  2.0","999.9","   9.2","  2.1","  9.2"
"34504099999","48.6","34.9666666","143.0","2002-01-05","   0.9","000000","999.9","  12.4","  -2.2","  7.8"," 0.00","1026.3","  1.6","999.9","   5.1","  1.7","  3.2"
"34504099999","48.6","34.9666666","143.0","2002-01-06","  11.4","001000","999.9","  20.5","   2.1"," 11.7"," 0.00","1020.0","  1.6","999.9","  13.0","  1.2","  8.7"
"34504099999","48.6","34.9666666","143.0","2002-01-07","  14.7","001000","999.9","  28.8","   4.8"," 15.5"," 0.03","1019.2","  1.6","999.9","  18.3","  3.5"," 10.2"
"34504099999","48.6","34.9666666","143.0","2002-01-08","  -7.8","000000","999.9","   2.8","  -4.0"," 11.7"," 0.00","1030.0","  1.6","999.9","  -0.6","  5.5","  7.5"
"34504099999","48.6","34.9666666","143.0","2002-01-09","   0.4","001000","999.9","  21.2","  -6.7"," 13.6"," 0.03","1031.1","  1.6","999.9","   5.9","  3.8","  9.5"
"34504099999","48.6","34.9666666","143.0","2002-01-10","  26.9","000000","999.9","  36.0","  15.1"," 11.7"," 0.00","1029.6","  2.0","999.9","  29.7","  5.0","  9.0"
"34504099999","48.6","34.9666666","143.0","2002-01-11","  26.6","000000","999.9","  32.7","  26.2"," 15.5"," 0.00","1028.1","999.9","999.9","  29.2","  5.3"," 11.9"
"34504099999","48.6","34.9666666","143.0","2002-01-12","  25.9","000000","999.9","  30.2","  28.2"," 11.7"," 0.00","1028.5","  1.6","999.9","  29.0","  6.2","  9.2"
"34504099999","48.6","34.9666666","143.0","2002-01-13","  24.8","000000","999.9","  29.3","  26.2","  9.7"," 0.00","1031.6","  1.6","999.9","  27.7","  4.8","  7.8"
"34504099999","48.6","34.9666666","143.0","2002-01-14","  22.5","011000","999.9","  26.6","  23.7","  7.8"," 0.03","1032.3","  1.6","999.9","  25.2","  1.9","  5.0"
"34504099999","48.6","34.9666666","143.0","2002-01-15","  22.3","000000","999.9","  28.4","  22.6","  7.8"," 0.00","1029.4","  1.6","999.9","  25.2","  4.3","  6.8"
"34504099999","48.6","34.9666666","143.0","2002-01-16","  25.1","110000","999.9","  27.0","  24.8","  5.8","99.99","1029.1","  1.6","999.9","  25.9","  1.8","  2.8"
"34504099999","48.6","34.9666666","143.0","2002-01-17","  23.9","011000","999.9","  27.1","  24.4","  7.8"," 0.03","1030.4","  1.6","999.9","  25.7","  2.5","  3.9"
"34504099999","48.6","34.9666666","143.0","2002-01-18","  26.1","011000","999.9","  31.5","  24.4","  9.7"," 0.03","1026.5","  2.0","999.9","  28.2","  2.0","  6.9"
"34504099999","48.6","34.9666666","143.0","2002-01-19","  19.2","100000","999.9","  24.8","  17.4","  7.8"," 0.03","1022.4","  1.6","999.9","  20.6","  0.8","  4.4"
"34504099999","48.6","34.9666666","143.0","2002-01-20","  23.6","101000","999.9","  28.6","  17.4","  7.8"," 0.06","1017.8","  1.6","999.9","  24.6","  1.1","  4.1"
"34504099999","48.6","34.9666666","143.0","2002-01-21","  27.5","001000","999.9","  32.2","  24.6"," 11.7"," 0.10","1011.1","  2.4","999.9","  28.8","  1.2","  8.0"
"34504099999","48.6","34.9666666","143.0","2002-01-22","  31.8","110000","999.9","  33.4","  29.3","  7.8"," 0.06","1012.1","  2.8","999.9","  32.2","  0.4","  6.4"
"34504099999","48.6","34.9666666","143.0","2002-01-23","  33.5","110000","999.9","  35.4","  32.4","  9.7"," 0.06","1016.8","  2.0","999.9","  34.0","  0.8","  8.0"
"34504099999","48.6","34.9666666","143.0","2002-01-24","  32.4","100000","999.9","  37.2","  30.2"," 15.5"," 0.01","1019.2","  0.8","999.9","  32.4","  0.1","  9.0"
"34504099999","48.6","34.9666666","143.0","2002-01-25","  38.5","100000","999.9","  41.5","  36.3"," 15.5"," 0.00","1014.7","999.9","999.9","  39.0","  0.6"," 13.9"
"34504099999","48.6","34.9666666","143.0","2002-01-26","  28.7","010000","999.9","  38.8","  31.8"," 15.5"," 0.02","1020.3","999.9","999.9","  34.4","  4.9"," 11.2"
"34504099999","48.6","34.9666666","143.0","2002-01-27","  32.3","100000","999.9","  36.9","  32.4"," 15.5"," 0.00","1015.5","999.9","999.9","  34.7","  2.4"," 11.9"
"34504099999","48.6","34.9666666","143.0","2002-01-28","  32.1","010000","999.9","  43.2","  29.1"," 13.6"," 0.04","1010.8","999.9","999.9","  36.8","  4.1","  9.7"
"34504099999","48.6","34.9666666","143.0","2002-01-29","  33.5","010000","999.9","  45.5","  27.1"," 17.5"," 0.04","1011.1","999.9","999.9","  37.5","  5.1"," 13.1"
"34504099999","48.6","34.9666666","143.0","2002-01-30","  30.5","010000","999.9","  44.4","  34.3"," 23.3"," 0.17","1008.1","999.9","999.9","  39.0","  4.8"," 15.3"
"34504099999","48.6","34.9666666","143.0","2002-01-31","  24.2","000000","999.9","  36.0","  29.3"," 19.4"," 0.08","1018.2","999.9","999.9","  32.5","  5.7"," 12.6"
"34504099999","48.6","34.9666666","143.0","2002-02-01","  31.6","000000","999.9","  45.3","  32.4"," 23.3"," 0.03","1013.1","999.9","999.9","  39.5","  5.6"," 16.3"
"34504099999","48.6","34.9666666","143.0","2002-02-02","  31.3","010000","999.9","  41.4","  33.1"," 15.5"," 0.39","1029.0","999.9","999.9","  36.2","  4.2","  7.0"
"34504099999","48.6","34.9666666","143.0","2002-02-03","  36.8","000000","999.9","  50.9","  32.5"," 11.7"," 0.00","1031.2","999.9","999.9","  40.3","  1.4","  8.5"
"34504099999","48.6","34.9666666","143.0","2002-02-04","  34.8","100000","999.9","  41.2","  30.6","  9.7"," 0.00","1028.9","999.9","999.9","  34.8","  0.1","  6.6"
"34504099999","48.6","34.9666666","143.0","2002-02-05","  31.6","100000","999.9","  32.9","  29.7","  9.7"," 0.00","1025.3","999.9","999.9","  31.8","  0.3","  7.0"
"34504099999","48.6","34.9666666","143.0","2002-02-06","9999.9","110000","999.9","  36.5","  29.5"," 11.7"," 0.06","1020.4","999.9","999.9","  32.9","  0.1","  8.0"
"34504099999","48.6","34.9666666","143.0","2002-02-07","  36.0","100000","999.9","  41.2","  33.6"," 11.7"," 0.00","1019.1","999.9","999.9","  36.6","  0.4","  8.7"
"34504099999","48.6","34.9666666","143.0","2002-02-08","  32.2","100000","999.9","  35.6","  30.2","  9.7"," 0.00","1018.5","999.9","999.9","  32.2","  0.1","  9.1"
"34504099999","48.6","34.9666666","143.0","2002-02-09","  37.2","110000","999.9","  43.5","  32.2"," 11.7"," 0.11","1012.3","999.9","999.9","  38.4","  1.1","  9.7"
"34504099999","48.6","34.9666666","143.0","2002-02-10","  35.3","000000","999.9","  49.3","  35.1"," 17.5"," 0.00","1011.1","999.9","999.9","  40.8","  3.4"," 11.9"
"34504099999","48.6","34.9666666","143.0","2002-02-11","  35.3","100000","999.9","  41.0","  32.2"," 13.6"," 0.00","1008.9","999.9","999.9","  36.9","  1.4","  6.8"
"34504099999","48.6","34.9666666","143.0","2002-02-12","  33.4","110000","999.9","  46.6","  27.7"," 17.5"," 0.04","1006.5","999.9","999.9","  38.0","  2.3"," 11.2"
"34504099999","48.6","34.9666666","143.0","2002-02-13","  35.9","010010","999.9","  50.9","  35.2"," 19.4"," 0.16"," 999.8","999.9","999.9","  41.3","  4.3"," 14.1"
"34504099999","48.6","34.9666666","143.0","2002-02-14","  26.8","011000","999.9","  36.1","  30.6"," 19.4"," 0.01","1009.6","999.9","999.9","  33.8","  4.7"," 15.1"
"34504099999","48.6","34.9666666","143.0","2002-02-15","  21.5","001000","999.9","  30.6","  26.1"," 19.4"," 0.02","1021.7","999.9","999.9","  28.9","  5.7"," 15.5"
"34504099999","48.6","34.9666666","143.0","2002-02-16","  23.2","000000","999.9","  35.6","  21.4"," 13.6"," 0.00","1029.3","999.9","999.9","  29.0","  4.8"," 11.2"
"34504099999","48.6","34.9666666","143.0","2002-02-17","  27.0","010000","999.9","  44.6","  26.6"," 13.6","99.99","1026.7","999.9","999.9","  35.2","  5.0"," 11.7"
"34504099999","48.6","34.9666666","143.0","2002-02-18","  25.6","000000","999.9","  48.6","  26.2"," 13.6"," 0.00","1025.8","999.9","999.9","  36.9","  6.2"," 10.4"
"34504099999","48.6","34.9666666","143.0","2002-02-19","  33.0","010000","999.9","  51.6","  33.8"," 15.5"," 0.03","1015.1","999.9","999.9","  41.8","  6.2"," 13.6"
"34504099999","48.6","34.9666666","143.0","2002-02-20","  31.0","000000","999.9","  43.7","  34.0"," 13.6"," 0.03","1010.1","999.9","999.9","  38.1","  4.8"," 11.9"
"34504099999","48.6","34.9666666","143.0","2002-02-21","  34.3","000000","999.9","  45.0","  31.8"," 15.5"," 0.00","1010.3","999.9","999.9","  38.2","  2.1"," 12.4"
"34504099999","48.6","34.9666666","143.0","2002-02-22","  37.3","010000","999.9","  52.0","  30.7"," 13.6"," 0.01","1008.1","999.9","999.9","  41.4","  3.3"," 11.4"
"34504099999","48.6","34.9666666","143.0","2002-02-23","  20.9","000000","999.9","  39.0","  22.6"," 13.6"," 0.02","1011.8","999.9","999.9","  32.3","  6.2","  9.2"
"34504099999","48.6","34.9666666","143.0","2002-02-24","  37.9","100000","999.9","  50.9","  36.1","  7.8"," 0.00","1003.3","999.9","999.9","  41.8","  3.1","  4.9"
"34504099999","48.6","34.9666666","143.0","2002-02-25","  36.0","111000","999.9","  41.9","  32.0"," 19.4"," 0.16"," 999.9","999.9","999.9","  36.6","  1.0"," 13.6"
"34504099999","48.6","34.9666666","143.0","2002-02-26","  26.8","001000","999.9","  39.7","  27.9"," 17.5"," 0.24","1011.5","  2.8","999.9","  32.6","  5.6"," 11.4"
"34504099999","48.6","34.9666666","143.0","2002-02-27","  28.8","000000","999.9","  40.1","  25.7"," 13.6"," 0.00","1015.3","999.9","999.9","  34.2","  6.2"," 10.0"
"34504099999","48.6","34.9666666","143.0","2002-02-28","  41.3","110000","999.9","  45.7","  36.7"," 13.6"," 0.11","1010.5","999.9","999.9","  42.2","  1.8","  9.2"
"34504099999","48.6","34.9666666","143.0","2002-03-01","  36.9","010000","999.9","  51.3","  34.3","  9.7"," 0.04","1011.3","999.9","999.9","  42.9","  2.9","  6.6"
"34504099999","48.6","34.9666666","143.0","2002-03-02","  38.2","110000","999.9","  44.1","  34.3"," 11.7"," 0.08","1012.6","999.9","999.9","  40.7","  2.0","  8.3"
"34504099999","48.6","34.9666666","143.0","2002-03-03","  30.5","111100","999.9","  39.0","  30.9"," 19.4"," 0.09","1006.8","999.9","999.9","  35.1","  2.3"," 10.4"
"34504099999","48.6","34.9666666","143.0","2002-03-04","  25.7","001000","999.9","  37.6","  27.3"," 13.6"," 0.04","1014.6","999.9","999.9","  31.5","  3.7","  9.5"
"34504099999","48.6","34.9666666","143.0","2002-03-05","  30.8","001000","999.9","  47.8","  31.6"," 15.5"," 0.01","1022.3","999.9","999.9","  38.3","  5.3"," 10.2"
"34504099999","48.6","34.9666666","143.0","2002-03-06","  33.2","000000","999.9","  55.8","  32.0"," 19.4"," 0.00","1017.7","999.9","999.9","  43.2","  5.6"," 13.6"
"34504099999","48.6","34.9666666","143.0","2002-03-07","  38.4","000000","999.9","  71.4","  40.8"," 19.4"," 0.00","1001.9","999.9","999.9","  53.4","  4.8"," 14.3"
"34504099999","48.6","34.9666666","143.0","2002-03-08","  29.3","000000"," 35.0","  54.9","  34.5"," 23.3"," 0.04","1004.6","999.9","999.9","  43.4","  6.2"," 19.4"
"34504099999","48.6","34.9666666","143.0","2002-03-09","  22.6","000000","999.9","  47.1","  28.4"," 21.4"," 0.00","1022.1","999.9","999.9","  37.4","  6.2"," 13.8"
"34504099999","48.6","34.9666666","143.0","2002-03-10","  30.5","000000","999.9","  50.0","  30.6"," 17.5"," 0.00","1016.7","999.9","999.9","  40.9","  6.2"," 12.9"
"34504099999","48.6","34.9666666","143.0","2002-03-11","  30.5","010000","999.9","  51.3","  39.6"," 15.5"," 0.02","1022.4","999.9","999.9","  43.6","  5.3"," 10.4"
"34504099999","48.6","34.9666666","143.0","2002-03-12","  24.1","000000","999.9","  55.0","  31.8","  7.8"," 0.00","1026.4","999.9","999.9","  43.6","  5.3","  4.4"
"34504099999","48.6","34.9666666","143.0","2002-03-13","  26.8","000000","999.9","  65.1","  34.0"," 13.6"," 0.00","1019.9","999.9","999.9","  49.7","  3.4","  8.7"
"34504099999","48.6","34.9666666","143.0","2002-03-14","  32.6","000000","999.9","  63.7","  35.2","  7.8"," 0.00","1015.1","999.9","999.9","  48.9","  5.3","  3.9"
"34504099999","48.6","34.9666666","143.0","2002-03-15","  34.1","010000","999.9","  60.4","  35.4"," 13.6","99.99","1015.7","999.9","999.9","  45.5","  3.1","  9.5"
"34504099999","48.6","34.9666666","143.0","2002-03-16","  21.0","000000","999.9","  46.4","  31.3"," 17.5"," 0.00","1026.3","999.9","999.9","  37.2","  6.2"," 12.1"
"34504099999","48.6","34.9666666","143.0","2002-03-17","  19.2","000000","999.9","  54.9","  28.2"," 11.7"," 0.00","1030.4","999.9","999.9","  38.0","  6.2","  8.3"
"34504099999","48.6","34.9666666","143.0","2002-03-18","  22.7","000000","999.9","  53.1","  26.8"," 17.5"," 0.00","1022.7","999.9","999.9","  41.5","  6.2"," 10.7"
"34504099999","48.6","34.9666666","143.0","2002-03-19","  31.6","010000","999.9","  41.7","  37.2"," 13.6"," 0.02","1015.6","999.9","999.9","  39.6","  5.3"," 10.9"
"34504099999","48.6","34.9666666","143.0","2002-03-20","  34.9","010000","999.9","  48.0","  35.6"," 11.7"," 0.02","1009.7","999.9","999.9","  40.3","  4.3","  7.5"
"34504099999","48.6","34.9666666","143.0","2002-03-21","  35.3","010000","999.9","  47.7","  34.7","  7.8"," 0.00","1010.4","999.9","999.9","  42.6","  5.1","  3.6"
"34504099999","48.6","34.9666666","143.0","2002-03-22","  36.0","010000","999.9","  52.5","  39.2","  5.8"," 0.03","1009.1","999.9","999.9","  43.8","  3.0","  3.4"
"34504099999","48.6","34.9666666","143.0","2002-03-23","  34.6","010000","999.9","  55.2","  38.3"," 11.7"," 0.03","1009.1","999.9","999.9","  46.0","  4.7","  8.5"
"34504099999","48.6","34.9666666","143.0","2002-03-24","  33.4","010000","999.9","  54.3","  40.1"," 21.4"," 0.03","1009.1","999.9","999.9","  46.4","  4.8"," 15.8"
"34504099999","48.6","34.9666666","143.0","2002-03-25","  32.1","010000"," 36.9","  52.7","  38.3"," 27.2"," 0.11","1009.1","999.9","999.9","  45.5","  5.3"," 20.6"
"34504099999","48.6","34.9666666","143.0","2002-03-26","  32.2","011000","999.9","  34.5","  32.0"," 19.4"," 0.99","1010.0","  3.1","999.9","  33.4","  1.8"," 16.5"
"34504099999","48.6","34.9666666","143.0","2002-03-27","  33.0","011000","999.9","  37.6","  33.4"," 17.5"," 0.47","1012.5","  0.4","999.9","  35.2","  1.8"," 13.3"
"34504099999","48.6","34.9666666","143.0","2002-03-28","  30.5","000000","999.9","  49.3","  32.7"," 13.6"," 0.03","1014.7","999.9","999.9","  40.9","  4.1","  8.3"
"34504099999","48.6","34.9666666","143.0","2002-03-29","  30.4","000000","999.9","  56.1","  38.7"," 13.6"," 0.00","1019.2","999.9","999.9","  45.6","  5.7","  8.7"
"34504099999","48.6","34.9666666","143.0","2002-03-30","  30.4","000000","999.9","  59.4","  32.4"," 15.5"," 0.00","1020.1","999.9","999.9","  46.8","  5.7"," 10.2"
"34504099999","48.6","34.9666666","143.0","2002-03-31","  33.8","000000","999.9","  62.8","  35.6"," 11.7"," 0.00","1017.8","999.9","999.9","  49.7","  6.2","  7.0"
"34504099999","48.6","34.9666666","143.0","2002-04-01","  32.7","000000","999.9","  66.2","  37.2","  7.8"," 0.00","1018.2","999.9","999.9","  51.7","  4.8","  1.7"
"34504099999","48.6","34.9666666","143.0","2002-04-02","  31.1","000000","999.9","  67.6","  41.9"," 11.7"," 0.00","1015.9","999.9","999.9","  54.2","  6.2","  6.3"
"34504099999","48.6","34.9666666","143.0","2002-04-03","  26.7","000000","999.9","  42.4","  32.4"," 13.6"," 0.00","1017.1","999.9","999.9","  35.9","  5.3"," 12.9"
"34504099999","48.6","34.9666666","143.0","2002-04-04","  12.8","000000","999.9","  57.9","  28.4"," 13.6"," 0.00","1015.5","999.9","999.9","  36.3","  6.2","  9.0"
"34504099999","48.6","34.9666666","143.0","2002-04-05","  16.4","000000","999.9","  48.6","  26.4"," 13.6"," 0.00","1013.0","999.9","999.9","  36.4","  6.2","  6.7"
"34504099999","48.6","34.9666666","143.0","2002-04-06","  28.6","011000","999.9","  37.6","  29.1"," 19.4"," 0.39","1008.0","  2.0","999.9","  32.2","  1.5"," 15.1"
"34504099999","48.6","34.9666666","143.0","2002-04-07","  31.9","101000","999.9","  38.3","  32.4","  9.7"," 0.04","1009.5","  1.6","999.9","  34.9","  3.8","  6.9"
"34504099999","48.6","34.9666666","143.0","2002-04-08","  35.2","010000","999.9","  44.2","  32.7"," 13.6"," 0.10","1014.2","999.9","999.9","  38.7","  2.1","  9.0"
"34504099999","48.6","34.9666666","143.0","2002-04-09","  36.0","010000","999.9","  42.8","  35.2"," 15.5"," 0.19","1015.6","999.9","999.9","  38.2","  3.6"," 10.0"
"34504099999","48.6","34.9666666","143.0","2002-04-10","  34.0","010000","999.9","  58.5","  33.6"," 13.6","99.99","1020.7","999.9","999.9","  44.7","  3.4","  7.3"
"34504099999","48.6","34.9666666","143.0","2002-04-11","  31.7","000000","999.9","  63.5","  41.0"," 11.7"," 0.00","1023.8","999.9","999.9","  48.5","  5.7","  8.0"
"34504099999","48.6","34.9666666","143.0","2002-04-12","  30.8","000000","999.9","  59.0","  40.3"," 13.6"," 0.00","1025.8","999.9","999.9","  47.9","  6.2","  7.5"
"34504099999","48.6","34.9666666","143.0","2002-04-13","  32.0","000000","999.9","  58.5","  33.3"," 13.6"," 0.00","1020.7","999.9","999.9","  46.0","  6.2"," 10.7"
"34504099999","48.6","34.9666666","143.0","2002-04-14","  35.5","000000","999.9","  65.3","  37.4"," 17.5"," 0.00","1014.8","999.9","999.9","  52.8","  6.2"," 12.1"
"34504099999","48.6","34.9666666","143.0","2002-04-15","  35.3","000000","999.9","  63.0","  41.2"," 13.6"," 0.00","1013.9","999.9","999.9","  54.7","  6.2","  9.2"
"34504099999","48.6","34.9666666","143.0","2002-04-16","  35.0","000000","999.9","  67.1","  50.5","  9.7"," 0.00","1013.7","999.9","999.9","  57.4","  6.2","  5.6"
"34504099999","48.6","34.9666666","143.0","2002-04-17","  34.8","000000","999.9","  67.1","  47.1"," 11.7"," 0.00","1013.1","999.9","999.9","  58.7","  6.2","  8.7"
"34504099999","48.6","34.9666666","143.0","2002-04-18","  34.3","000000","999.9","  70.5","  45.9"," 13.6"," 0.00","1015.3","999.9","999.9","  57.6","  6.2","  9.0"
"34504099999","48.6","34.9666666","143.0","2002-04-19","  37.8","000000","999.9","  73.2","  46.4"," 15.5"," 0.00","1018.2","999.9","999.9","  60.1","  6.2"," 11.1"
"34504099999","48.6","34.9666666","143.0","2002-04-20","  37.2","000000","999.9","  69.3","  46.9"," 15.5"," 0.00","1023.1","999.9","999.9","  58.1","  6.2"," 12.4"
"34504099999","48.6","34.9666666","143.0","2002-04-21","  25.5","000000","999.9","  64.6","  42.4"," 13.6"," 0.00","1025.6","999.9","999.9","  51.8","  6.2"," 11.1"
"34504099999","48.6","34.9666666","143.0","2002-04-22","  25.9","000000","999.9","  66.2","  42.8","  7.8"," 0.00","1022.3","999.9","999.9","  55.4","  6.2","  4.4"
"34504099999","48.6","34.9666666","143.0","2002-04-23","  40.2","000000","999.9","  65.7","  42.8"," 11.7"," 0.00","1018.8","999.9","999.9","  53.7","  6.2","  3.6"
"34504099999","48.6","34.9666666","143.0","2002-04-24","  33.9","000000","999.9","  66.2","  41.4","  9.7"," 0.00","1016.7","999.9","999.9","  55.2","  6.2","  6.6"
"34504099999","48.6","34.9666666","143.0","2002-04-25","  37.1","010000","999.9","  67.1","  43.9","  7.8"," 0.01","1014.7","999.9","999.9","  56.2","  5.7","  6.1"
"34504099999","48.6","34.9666666","143.0","2002-04-26","  37.8","010000","999.9","  69.4","  46.8"," 13.6"," 0.03","1013.6","999.9","999.9","  56.7","  4.8","  6.1"
"34504099999","48.6","34.9666666","143.0","2002-04-27","  40.7","000000","999.9","  66.2","  45.7"," 15.5"," 0.00","1014.1","999.9","999.9","  55.0","  6.2","  7.0"
"34504099999","48.6","34.9666666","143.0","2002-04-28","  41.3","000000","999.9","  67.6","  43.3"," 11.7"," 0.00","1017.1","999.9","999.9","  56.5","  5.6","  6.6"
"34504099999","48.6","34.9666666","143.0","2002-04-29","  37.2","000000","999.9","  70.3","  49.1","  7.8"," 0.00","1019.2","999.9","999.9","  60.0","  6.2","  6.1"
"34504099999","48.6","34.9666666","143.0","2002-04-30","  38.1","000000","999.9","  72.1","  46.4","  7.8"," 0.00","1019.0","999.9","999.9","  61.7","  6.2","  4.1"
"34504099999","48.6","34.9666666","143.0","2002-05-01","  43.4","010000","999.9","  73.4","  52.3","  9.7"," 0.00","1019.6","999.9","999.9","  61.9","  6.2","  6.3"
"34504099999","48.6","34.9666666","143.0","2002-05-02","  45.0","000000","999.9","  72.9","  51.8","  9.7"," 0.00","1020.2","999.9","999.9","  62.6","  6.2","  4.6"
"34504099999","48.6","34.9666666","143.0","2002-05-03","  38.4","010000","999.9","  71.4","  53.6"," 13.6"," 0.01","1023.7","999.9","999.9","  60.0","  6.2","  9.4"
"34504099999","48.6","34.9666666","143.0","2002-05-04","  34.0","000000","999.9","  76.5","  49.1"," 15.5"," 0.00","1024.2","999.9","999.9","  61.9","  6.2","  9.5"
"34504099999","48.6","34.9666666","143.0","2002-05-05","  42.1","010000","999.9","  68.9","  52.0"," 15.5"," 0.00","1020.6","999.9","999.9","  58.2","  6.2","  8.5"
"34504099999","48.6","34.9666666","143.0","2002-05-06","  46.6","000010","999.9","  72.0","  49.3"," 15.5"," 0.10","1021.8","999.9","999.9","  58.9","  6.2","  8.5"
"34504099999","48.6","34.9666666","143.0","2002-05-07","  46.5","000010","999.9","  79.7","  50.7"," 15.5"," 0.02","1020.9","999.9","999.9","  64.9","  6.2"," 10.7"
"34504099999","48.6","34.9666666","143.0","2002-05-08","  38.2","010000","999.9","  68.7","  50.0"," 17.5"," 0.04","1024.9","999.9","999.9","  59.9","  6.2","  9.7"
"34504099999","48.6","34.9666666","143.0","2002-05-09","  33.4","000000","999.9","  70.3","  46.2","  7.8"," 0.00","1024.7","999.9","999.9","  59.3","  6.2","  3.9"
"34504099999","48.6","34.9666666","143.0","2002-05-10","  35.8","000000","999.9","  73.6","  44.6","  5.8"," 0.00","1019.0","999.9","999.9","  60.9","  5.5","  2.8"
"34504099999","48.6","34.9666666","143.0","2002-05-11","  41.0","000000","999.9","  79.2","  48.6"," 11.7"," 0.00","1015.8","999.9","999.9","  64.4","  6.2","  6.3"
"34504099999","48.6","34.9666666","143.0","2002-05-12","  34.7","000000","999.9","  70.7","  50.7"," 13.6"," 0.00","1019.6","999.9","999.9","  61.6","  6.2"," 11.4"
"34504099999","48.6","34.9666666","143.0","2002-05-13","  30.8","000000","999.9","  72.7","  43.3","  7.8"," 0.00","1022.0","999.9","999.9","  59.8","  6.2","  4.1"
"34504099999","48.6","34.9666666","143.0","2002-05-14","  39.1","000000","999.9","  77.9","  46.4","  5.8"," 0.00","1018.3","999.9","999.9","  64.9","  6.2","  4.4"
"34504099999","48.6","34.9666666","143.0","2002-05-15","  43.0","000000","999.9","  80.8","  54.9","  7.8"," 0.00","1020.0","999.9","999.9","  68.2","  6.2","  5.8"
"34504099999","48.6","34.9666666","143.0","2002-05-16","  44.4","010010","999.9","  75.0","  52.7"," 13.6"," 0.01","1021.4","999.9","999.9","  62.8","  6.2","  7.3"
"34504099999","48.6","34.9666666","143.0","2002-05-17","  46.8","000000","999.9","  82.0","  51.8"," 11.7"," 0.01","1016.8","999.9","999.9","  62.9","  5.3","  6.8"
"34504099999","48.6","34.9666666","143.0","2002-05-18","  51.1","000010","999.9","  78.8","  50.0"," 19.4"," 0.12","1010.2","999.9","999.9","  60.6","  5.7"," 10.4"
"34504099999","48.6","34.9666666","143.0","2002-05-19","  41.3","010000","999.9","  67.3","  46.9"," 15.5","99.99","1013.5","999.9","999.9","  57.0","  6.2","  9.5"
"34504099999","48.6","34.9666666","143.0","2002-05-20","  32.3","000000","999.9","  63.0","  43.2"," 15.5"," 0.03","1018.5","999.9","999.9","  52.7","  6.2","  9.7"
"34504099999","48.6","34.9666666","143.0","2002-05-21","  33.0","000000","999.9","  64.2","  38.3"," 15.5"," 0.00","1021.7","999.9","999.9","  52.7","  6.2","  8.5"
"34504099999","48.6","34.9666666","143.0","2002-05-22","  31.2","000000","999.9","  68.9","  43.5","  5.8"," 0.00","1020.5","999.9","999.9","  57.7","  6.2","  2.2"
"34504099999","48.6","34.9666666","143.0","2002-05-23","  37.3","000000","999.9","  76.3","  44.6","  5.8"," 0.00","1015.9","999.9","999.9","  63.0","  6.2","  4.1"
"34504099999","48.6","34.9666666","143.0","2002-05-24","  38.3","000000","999.9","  80.1","  54.0","  5.8"," 0.00","1011.5","999.9","999.9","  67.9","  6.2","  2.9"
"34504099999","48.6","34.9666666","143.0","2002-05-25","  50.4","010000","999.9","  72.0","  51.8"," 11.7"," 0.12","1012.0","999.9","999.9","  61.6","  5.3","  6.6"
"34504099999","48.6","34.9666666","143.0","2002-05-26","  57.3","000000","999.9","  82.4","  56.3"," 11.7"," 0.00","1013.1","999.9","999.9","  70.1","  4.9","  6.3"
"34504099999","48.6","34.9666666","143.0","2002-05-27","  47.4","000000","999.9","  83.5","  58.8"," 11.7"," 0.00","1010.5","999.9","999.9","  71.6","  6.2","  8.3"
"34504099999","48.6","34.9666666","143.0","2002-05-28","  53.4","010000","999.9","  74.3","  61.5","  7.8"," 0.31","1006.2","999.9","999.9","  66.3","  6.2","  3.9"
"34504099999","48.6","34.9666666","143.0","2002-05-29","  59.3","100010","999.9","  77.9","  57.7"," 13.6"," 0.05","1005.1","999.9","999.9","  68.3","  4.3","  3.9"
"34504099999","48.6","34.9666666","143.0","2002-05-30","  59.3","000010","999.9","  81.0","  59.0"," 15.5"," 0.20","1005.5","999.9","999.9","  67.9","  4.0","  6.8"
"34504099999","48.6","34.9666666","143.0","2002-05-31","  59.4","000010","999.9","  73.4","  61.0"," 13.6"," 0.08","1009.0","999.9","999.9","  65.2","  4.8"," 10.2"
"34504099999","48.6","34.9666666","143.0","2002-06-01","  48.8","000000","999.9","  78.1","  57.6"," 13.6"," 0.00","1012.1","999.9","999.9","  67.1","  6.2"," 10.7"
"34504099999","48.6","34.9666666","143.0","2002-06-02","  51.5","000000","999.9","  76.1","  53.8"," 19.4"," 0.00","1012.4","999.9","999.9","  63.7","  6.2"," 10.0"
"34504099999","48.6","34.9666666","143.0","2002-06-03","  57.0","000000","999.9","  72.0","  56.3","  9.7"," 0.00","1013.5","999.9","999.9","  63.8","  6.2","  6.4"
"34504099999","48.6","34.9666666","143.0","2002-06-04","  56.1","010010","999.9","  70.5","  55.6","  7.8"," 0.24","1010.8","999.9","999.9","  61.5","  4.2","  4.9"
"34504099999","48.6","34.9666666","143.0","2002-06-05","  51.4","000000","999.9","  71.1","  54.3"," 13.6"," 0.16","1007.7","999.9","999.9","  62.6","  5.7","  8.3"
"34504099999","48.6","34.9666666","143.0","2002-06-06","  51.5","010010","999.9","  70.2","  49.8"," 11.7"," 0.08","1010.9","999.9","999.9","  57.3","  4.3","  5.8"
"34504099999","48.6","34.9666666","143.0","2002-06-07","  48.9","000000","999.9","  61.3","  49.5"," 11.7"," 0.03","1016.8","999.9","999.9","  54.4","  6.2","  8.6"
"34504099999","48.6","34.9666666","143.0","2002-06-08","  51.5","010010","999.9","  68.0","  48.9"," 13.6"," 0.00","1014.0","999.9","999.9","  59.6","  5.1","  9.0"
"34504099999","48.6","34.9666666","143.0","2002-06-09","  57.0","010010","999.9","  66.0","  56.3"," 17.5"," 0.08","1007.6","999.9","999.9","  60.4","  2.2","  9.5"
"34504099999","48.6","34.9666666","143.0","2002-06-10","  55.8","000000","999.9","  68.5","  57.2"," 11.7"," 0.00","1010.8","999.9","999.9","  61.8","  4.3","  6.8"
"34504099999","48.6","34.9666666","143.0","2002-06-11","  53.6","000000","999.9","  76.6","  56.8"," 13.6"," 0.01","1011.4","999.9","999.9","  65.5","  5.1"," 10.8"
"34504099999","48.6","34.9666666","143.0","2002-06-12","  49.5","000000","999.9","  83.5","  62.6"," 17.5"," 0.00","1013.8","999.9","999.9","  71.2","  6.2"," 12.4"
"34504099999","48.6","34.9666666","143.0","2002-06-13","  49.4","000000","999.9","  86.4","  60.1","  9.7"," 0.00","1016.5","999.9","999.9","  72.8","  6.2","  5.8"
"34504099999","48.6","34.9666666","143.0","2002-06-14","  55.9","010010","999.9","  85.8","  58.3"," 13.6"," 0.03","1013.8","999.9","999.9","  75.6","  5.6"," 10.7"
"34504099999","48.6","34.9666666","143.0","2002-06-15","  52.8","010000","999.9","  73.8","  58.6"," 15.5"," 0.20","1012.9","999.9","999.9","  66.5","  5.0"," 10.3"
"34504099999","48.6","34.9666666","143.0","2002-06-16","  53.2","010000","999.9","  79.0","  54.0"," 13.6","99.99","1013.1","999.9","999.9","  68.7","  6.2","  9.7"
"34504099999","48.6","34.9666666","143.0","2002-06-17","  55.6","000000","999.9","  77.9","  59.9"," 17.5"," 0.01","1011.0","999.9","999.9","  66.8","  5.1"," 11.1"
"34504099999","48.6","34.9666666","143.0","2002-06-18","  54.3","010000","999.9","  72.3","  56.5"," 19.4","99.99","1010.7","999.9","999.9","  64.8","  6.2"," 10.7"
"34504099999","48.6","34.9666666","143.0","2002-06-19","  53.3","000000","999.9","  78.8","  56.8"," 13.6"," 0.00","1016.8","999.9","999.9","  68.1","  6.2"," 10.7"
"34504099999","48.6","34.9666666","143.0","2002-06-20","  54.4","000000","999.9","  86.0","  59.5"," 15.5"," 0.00","1018.2","999.9","999.9","  75.8","  6.2"," 10.5"
"34504099999","48.6","34.9666666","143.0","2002-06-22","  60.4","000000","999.9","  94.5","  66.4"," 15.5"," 0.00","1015.1","999.9","999.9","  80.9","  6.2","  8.7"
"34504099999","48.6","34.9666666","143.0","2002-06-23","  54.9","000000","999.9","  82.0","  65.3"," 13.6"," 0.00","1017.9","999.9","999.9","  73.3","  6.2"," 10.2"
"34504099999","48.6","34.9666666","143.0","2002-06-24","  58.2","000000","999.9","  89.6","  61.5"," 15.5"," 0.00","1016.4","999.9","999.9","  78.1","  6.2"," 10.0"
"34504099999","48.6","34.9666666","143.0","2002-06-25","  60.1","010010","999.9","  77.0","  60.4"," 13.6"," 0.24","1015.5","999.9","999.9","  69.5","  5.7","  8.3"
"34504099999","48.6","34.9666666","143.0","2002-06-26","  49.6","000000","999.9","  79.2","  55.8","  9.7"," 0.00","1017.1","999.9","999.9","  66.8","  6.2","  7.5"
"34504099999","48.6","34.9666666","143.0","2002-06-27","  52.2","000000","999.9","  81.0","  59.2","  9.7"," 0.00","1017.0","999.9","999.9","  68.7","  6.2","  6.2"
"34504099999","48.6","34.9666666","143.0","2002-06-28","  50.5","000000","999.9","  82.6","  57.6","  5.8"," 0.00","1017.0","999.9","999.9","  71.1","  6.2","  4.6"
"34504099999","48.6","34.9666666","143.0","2002-06-29","  50.0","000000","999.9","  88.2","  59.2"," 13.6"," 0.00","1014.3","999.9","999.9","  76.1","  6.2","  8.3"
"34504099999","48.6","34.9666666","143.0","2002-06-30","  56.3","010000","999.9","  76.8","  62.1"," 13.6"," 0.28","1016.4","999.9","999.9","  67.2","  5.7","  6.8"
"34504099999","48.6","34.9666666","143.0","2002-07-01","  50.4","000000","999.9","  80.8","  56.8","  9.7"," 0.00","1018.3","999.9","999.9","  69.5","  6.2","  7.0"
"34504099999","48.6","34.9666666","143.0","2002-07-02","  51.4","000000","999.9","  85.6","  61.5"," 13.6"," 0.00","1018.7","999.9","999.9","  74.4","  6.2"," 10.2"
"34504099999","48.6","34.9666666","143.0","2002-07-03","  54.2","000000","999.9","  93.4","  63.9","  7.8"," 0.00","1019.1","999.9","999.9","  79.7","  6.2","  6.8"
"34504099999","48.6","34.9666666","143.0","2002-07-04","  53.7","010000","999.9","  94.1","  68.0"," 11.7","99.99","1017.2","999.9","999.9","  80.7","  6.2","  8.7"
"34504099999","48.6","34.9666666","143.0","2002-07-05","  53.8","000000","999.9","  94.8","  68.4","  7.8"," 0.00","1015.8","999.9","999.9","  82.2","  6.2","  5.1"
"34504099999","48.6","34.9666666","143.0","2002-07-06","  58.4","000000","999.9","  93.2","  67.1","  9.7"," 0.00","1017.8","999.9","999.9","  79.9","  5.7","  8.3"
"34504099999","48.6","34.9666666","143.0","2002-07-07","  57.2","000000","999.9","  95.9","  67.3","  9.7"," 0.00","1015.7","999.9","999.9","  82.4","  6.2","  8.5"
"34504099999","48.6","34.9666666","143.0","2002-07-08","  58.1","000000","999.9","  99.7","  71.2"," 11.7"," 0.00","1012.5","999.9","999.9","  85.6","  6.2","  8.7"
"34504099999","48.6","34.9666666","143.0","2002-07-09","  56.4","000000","999.9"," 103.6","  73.0"," 11.7"," 0.00","1011.7","999.9","999.9","  88.3","  6.2"," 10.0"
"34504099999","48.6","34.9666666","143.0","2002-07-10","  59.6","010010","999.9"," 103.6","  73.8"," 15.5"," 0.12","1011.9","999.9","999.9","  82.6","  6.2"," 10.0"
"34504099999","48.6","34.9666666","143.0","2002-07-11","  61.1","000000","999.9"," 100.8","  71.8"," 13.6"," 0.08","1011.3","999.9","999.9","  82.5","  6.2","  9.4"
"34504099999","48.6","34.9666666","143.0","2002-07-12","  62.0","010010","999.9","  97.0","  70.5"," 13.6"," 0.00","1010.6","999.9","999.9","  80.5","  6.2","  9.5"
"34504099999","48.6","34.9666666","143.0","2002-07-13","  64.6","010010","999.9","  93.9","  69.4"," 17.5"," 0.05","1010.8","999.9","999.9","  78.2","  5.7"," 12.4"
"34504099999","48.6","34.9666666","143.0","2002-07-14","  65.2","010010","999.9","  95.7","  67.5"," 13.6"," 0.20","1010.7","999.9","999.9","  75.8","  6.2"," 11.7"
"34504099999","48.6","34.9666666","143.0","2002-07-15","  65.9","010010","999.9","  92.7","  65.3"," 11.7"," 0.47","1011.7","999.9","999.9","  73.6","  5.0","  7.3"
"34504099999","48.6","34.9666666","143.0","2002-07-16","  67.8","000000","999.9","  89.2","  66.9","  9.7"," 0.03","1011.5","999.9","999.9","  77.1","  5.7","  7.5"
"34504099999","48.6","34.9666666","143.0","2002-07-17","  65.4","000000","999.9","  92.3","  71.4","  9.7"," 0.00","1009.7","999.9","999.9","  81.5","  6.2","  6.6"
"34504099999","48.6","34.9666666","143.0","2002-07-18","  58.2","000000","999.9","  92.8","  71.2"," 15.5"," 0.00","1011.3","999.9","999.9","  81.1","  6.2"," 11.9"
"34504099999","48.6","34.9666666","143.0","2002-07-19","  51.8","000000","999.9","  92.3","  68.2"," 13.6"," 0.00","1017.0","999.9","999.9","  78.8","  6.2"," 11.4"
"34504099999","48.6","34.9666666","143.0","2002-07-20","  47.2","000000","999.9","  90.5","  65.1"," 13.6"," 0.00","1017.6","999.9","999.9","  77.6","  6.2"," 10.7"
"34504099999","48.6","34.9666666","143.0","2002-07-21","  49.6","000000","999.9","  92.1","  66.0"," 15.5"," 0.00","1012.8","999.9","999.9","  79.2","  6.2"," 10.9"
"34504099999","48.6","34.9666666","143.0","2002-07-22","  57.8","010000","999.9","  90.5","  64.9"," 13.6"," 0.03","1007.2","999.9","999.9","  76.9","  6.2","  8.0"
"34504099999","48.6","34.9666666","143.0","2002-07-23","  63.8","010010","999.9","  87.4","  66.9"," 13.6"," 1.49","1002.3","999.9","999.9","  74.4","  5.0"," 10.7"
"34504099999","48.6","34.9666666","143.0","2002-07-24","  62.3","010000","999.9","  68.5","  59.4"," 17.5"," 0.08","1002.9","999.9","999.9","  65.2","  3.7","  9.7"
"34504099999","48.6","34.9666666","143.0","2002-07-25","  56.8","000000","999.9","  76.1","  56.7"," 13.6"," 0.00","1008.6","999.9","999.9","  66.4","  5.7","  6.6"
"34504099999","48.6","34.9666666","143.0","2002-07-26","  56.2","000000","999.9","  86.0","  61.0","  7.8"," 0.00","1013.6","999.9","999.9","  71.7","  6.2","  5.5"
"34504099999","48.6","34.9666666","143.0","2002-07-27","  60.4","000000","999.9","  86.7","  63.3"," 13.6"," 0.00","1015.4","999.9","999.9","  77.2","  6.2"," 11.4"
"34504099999","48.6","34.9666666","143.0","2002-07-28","  65.8","000010","999.9","  88.3","  68.7"," 13.6"," 0.08","1017.5","999.9","999.9","  75.3","  5.7"," 11.4"
"34504099999","48.6","34.9666666","143.0","2002-07-29","  62.8","000010","999.9","  97.9","  68.9"," 15.5"," 0.07","1017.4","999.9","999.9","  82.0","  6.2"," 12.0"
"34504099999","48.6","34.9666666","143.0","2002-07-30","  59.9","000010","999.9","  97.7","  76.1"," 17.5"," 0.00","1013.6","999.9","999.9","  86.1","  6.2"," 11.9"
"34504099999","48.6","34.9666666","143.0","2002-07-31","  62.2","010010","999.9","  95.9","  72.0"," 13.6"," 0.20","1012.2","999.9","999.9","  79.1","  5.7"," 10.9"
"34504099999","48.6","34.9666666","143.0","2002-08-01","  62.7","000010","999.9","  93.0","  68.0"," 13.6"," 0.00","1010.3","999.9","999.9","  78.3","  6.2"," 11.2"
"34504099999","48.6","34.9666666","143.0","2002-08-02","  63.6","010010"," 35.0","  89.1","  65.1"," 13.6"," 0.83","1009.7","999.9","999.9","  72.3","  6.2","  9.5"
"34504099999","48.6","34.9666666","143.0","2002-08-03","  63.8","000010","999.9","  88.3","  62.8","  9.7"," 0.02","1007.3","999.9","999.9","  74.0","  5.0","  5.0"
"34504099999","48.6","34.9666666","143.0","2002-08-04","  65.3","010010","999.9","  88.0","  66.7","  7.8"," 0.03","1006.3","999.9","999.9","  76.1","  6.2","  4.9"
"34504099999","48.6","34.9666666","143.0","2002-08-05","  65.5","000010","999.9","  86.9","  66.6","  9.7"," 0.01","1006.1","999.9","999.9","  72.5","  4.7","  4.1"
"34504099999","48.6","34.9666666","143.0","2002-08-06","  65.8","000000","999.9","  81.7","  64.6"," 13.6"," 0.00","1007.8","999.9","999.9","  72.3","  5.1","  8.0"
"34504099999","48.6","34.9666666","143.0","2002-08-07","  57.6","000000","999.9","  80.6","  59.5"," 15.5"," 0.00","1008.4","999.9","999.9","  69.9","  6.2"," 12.6"
"34504099999","48.6","34.9666666","143.0","2002-08-08","  47.9","000000","999.9","  77.7","  60.1"," 15.5"," 0.00","1008.1","999.9","999.9","  68.5","  6.2"," 13.6"
"34504099999","48.6","34.9666666","143.0","2002-08-09","  46.7","000000","999.9","  77.0","  52.9"," 17.5"," 0.00","1012.1","999.9","999.9","  64.9","  6.2"," 11.9"
"34504099999","48.6","34.9666666","143.0","2002-08-10","  53.4","000000","999.9","  80.6","  57.7","  9.7"," 0.00","1016.4","999.9","999.9","  69.1","  5.7","  7.8"
"34504099999","48.6","34.9666666","143.0","2002-08-11","  47.2","000000","999.9","  82.4","  60.3"," 15.5"," 0.00","1019.4","999.9","999.9","  70.3","  6.2"," 11.2"
"34504099999","48.6","34.9666666","143.0","2002-08-12","  48.6","000000","999.9","  87.4","  58.5"," 11.7"," 0.00","1015.1","999.9","999.9","  74.7","  6.2","  9.0"
"34504099999","48.6","34.9666666","143.0","2002-08-13","  62.5","010000","999.9","  84.4","  67.8"," 13.6"," 0.02","1006.4","999.9","999.9","  75.5","  6.2"," 10.0"
"34504099999","48.6","34.9666666","143.0","2002-08-14","  64.7","000010","999.9","  81.3","  67.5"," 13.6"," 0.05","1002.1","  7.1","999.9","  71.6","  6.2","  8.3"
"34504099999","48.6","34.9666666","143.0","2002-08-15","  63.6","010010","999.9","  81.3","  61.9"," 11.7"," 0.79","1003.9","999.9","999.9","  68.4","  5.1","  6.8"
"34504099999","48.6","34.9666666","143.0","2002-08-16","  64.4","010010","999.9","  70.3","  62.8"," 11.7"," 0.95","1006.7","999.9","999.9","  66.7","  4.5","  8.5"
"34504099999","48.6","34.9666666","143.0","2002-08-17","  59.5","010000","999.9","  73.0","  62.2"," 13.6"," 0.02","1008.2","999.9","999.9","  66.7","  6.2"," 10.0"
"34504099999","48.6","34.9666666","143.0","2002-08-18","  58.5","000000","999.9","  72.9","  61.9"," 15.5"," 0.08","1011.0","999.9","999.9","  67.2","  6.2"," 11.7"
"34504099999","48.6","34.9666666","143.0","2002-08-19","  46.9","000000","999.9","  75.6","  56.1"," 15.5"," 0.00","1019.2","999.9","999.9","  65.2","  6.2"," 12.6"
"34504099999","48.6","34.9666666","143.0","2002-08-20","  51.3","000000","999.9","  79.7","  54.7","  9.7"," 0.00","1020.6","999.9","999.9","  67.4","  6.2","  6.3"
"34504099999","48.6","34.9666666","143.0","2002-08-21","  55.1","000000","999.9","  83.1","  59.5","  7.8"," 0.00","1013.9","999.9","999.9","  69.5","  5.7","  6.7"
"34504099999","48.6","34.9666666","143.0","2002-08-22","  55.4","000000","999.9","  83.3","  61.3"," 11.7"," 0.00","1010.0","999.9","999.9","  71.1","  4.6","  9.2"
"34504099999","48.6","34.9666666","143.0","2002-08-23","  51.7","000000","999.9","  75.7","  57.7"," 13.6"," 0.00","1016.0","999.9","999.9","  66.9","  6.2","  5.6"
"34504099999","48.6","34.9666666","143.0","2002-08-24","  49.3","000000","999.9","  77.5","  59.4","  9.7"," 0.00","1020.1","999.9","999.9","  67.4","  5.7","  6.3"
"34504099999","48.6","34.9666666","143.0","2002-08-25","  49.3","000000","999.9","  75.9","  52.9","  9.7"," 0.00","1023.3","999.9","999.9","  65.4","  5.3","  7.0"
"34504099999","48.6","34.9666666","143.0","2002-08-26","  52.9","000000","999.9","  80.4","  57.0","  7.8"," 0.00","1021.9","999.9","999.9","  68.5","  2.2","  7.3"
"34504099999","48.6","34.9666666","143.0","2002-08-27","  48.5","000000","999.9","  80.6","  58.5","  9.7"," 0.00","1021.4","999.9","999.9","  67.2","  4.5","  7.8"
"34504099999","48.6","34.9666666","143.0","2002-08-28","  43.1","000000","999.9","  79.2","  54.7","  5.8"," 0.00","1021.3","999.9","999.9","  67.2","  5.3","  3.6"
"34504099999","48.6","34.9666666","143.0","2002-08-29","  47.8","000000","999.9","  80.6","  53.6","  7.8"," 0.00","1021.8","999.9","999.9","  68.5","  4.6","  3.6"
"34504099999","48.6","34.9666666","143.0","2002-08-30","  49.5","000000","999.9","  82.0","  56.8","  9.7"," 0.00","1022.1","999.9","999.9","  69.4","  4.3","  3.6"
"34504099999","48.6","34.9666666","143.0","2002-08-31","  51.4","000000","999.9","  85.3","  58.1"," 15.5"," 0.00","1020.9","999.9","999.9","  68.0","  3.7","  8.7"
"34504099999","48.6","34.9666666","143.0","2002-09-01","  50.0","000000","999.9","  87.4","  60.8"," 15.5"," 0.00","1019.4","999.9","999.9","  72.9","  4.3","  9.5"
"34504099999","48.6","34.9666666","143.0","2002-09-02","  49.3","000000","999.9","  88.0","  59.9"," 13.6"," 0.00","1019.2","999.9","999.9","  72.7","  4.8"," 10.4"
"34504099999","48.6","34.9666666","143.0","2002-09-03","  47.4","000000","999.9","  88.7","  65.3"," 19.4"," 0.00","1022.1","999.9","999.9","  75.1","  6.2"," 12.6"
"34504099999","48.6","34.9666666","143.0","2002-09-04","  49.4","000000","999.9","  85.6","  63.3"," 11.7"," 0.00","1020.5","999.9","999.9","  72.6","  5.3","  9.7"
"34504099999","48.6","34.9666666","143.0","2002-09-05","  53.3","010000","999.9","  78.3","  64.4"," 13.6"," 0.00","1016.5","999.9","999.9","  70.5","  3.1"," 10.4"
"34504099999","48.6","34.9666666","143.0","2002-09-06","  60.3","010010","999.9","  76.3","  59.9"," 11.7"," 0.79","1011.0","999.9","999.9","  65.9","  3.0","  9.7"
"34504099999","48.6","34.9666666","143.0","2002-09-07","  62.5","010010","999.9","  77.2","  57.2","  9.7"," 1.50","1011.0","999.9","999.9","  65.5","  4.3","  5.8"
"34504099999","48.6","34.9666666","143.0","2002-09-08","  61.8","110000","999.9","  75.0","  59.0","  7.8"," 0.08","1012.9","999.9","999.9","  66.0","  1.6","  6.1"
"34504099999","48.6","34.9666666","143.0","2002-09-09","  62.4","110010","999.9","  74.7","  59.7","  7.8"," 0.20","1012.5","999.9","999.9","  65.9","  1.4","  4.4"
"34504099999","48.6","34.9666666","143.0","2002-09-10","  59.2","100000","999.9","  67.8","  57.0","  9.7"," 0.08","1009.1","999.9","999.9","  62.2","  0.7","  5.3"
"34504099999","48.6","34.9666666","143.0","2002-09-11","  57.5","100000","999.9","  70.5","  57.2","  7.8"," 0.00","1006.7","999.9","999.9","  63.1","  1.2","  7.2"
"34504099999","48.6","34.9666666","143.0","2002-09-12","  53.1","010000","999.9","  60.1","  53.6"," 15.5"," 0.16","1014.6","999.9","999.9","  57.0","  3.1"," 13.6"
"34504099999","48.6","34.9666666","143.0","2002-09-13","  50.2","000000","999.9","  61.9","  51.8","  9.7"," 0.00","1020.1","999.9","999.9","  55.6","  5.3","  8.3"
"34504099999","48.6","34.9666666","143.0","2002-09-14","  55.0","110000","999.9","  61.2","  52.5","  7.8"," 0.47","1014.1","999.9","999.9","  56.6","  1.3","  5.6"
"34504099999","48.6","34.9666666","143.0","2002-09-15","  52.0","110000","999.9","  61.3","  51.3"," 15.5"," 0.20","1008.1","999.9","999.9","  55.6","  2.6","  8.5"
"34504099999","48.6","34.9666666","143.0","2002-09-16","  51.9","010000","999.9","  65.8","  48.9"," 11.7"," 0.08","1010.1","999.9","999.9","  57.4","  3.3","  6.8"
"34504099999","48.6","34.9666666","143.0","2002-09-17","  48.5","110000","999.9","  59.9","  49.8"," 19.4"," 0.12","1006.8","999.9","999.9","  54.8","  4.3"," 10.7"
"34504099999","48.6","34.9666666","143.0","2002-09-18","  43.5","000000","999.9","  63.5","  42.1"," 11.7"," 0.00","1010.8","999.9","999.9","  53.6","  5.7","  8.7"
"34504099999","48.6","34.9666666","143.0","2002-09-19","  46.8","000000","999.9","  62.6","  47.1"," 13.6"," 0.00","1012.6","999.9","999.9","  53.9","  6.2","  9.2"
"34504099999","48.6","34.9666666","143.0","2002-09-20","  47.4","000000","999.9","  68.2","  44.8","  7.8"," 0.00","1019.1","999.9","999.9","  56.6","  5.1","  5.8"
"34504099999","48.6","34.9666666","143.0","2002-09-21","  55.0","010000","999.9","  68.7","  51.8"," 15.5"," 0.03","1016.7","999.9","999.9","  60.8","  3.7","  7.3"
"34504099999","48.6","34.9666666","143.0","2002-09-22","  58.4","010000","999.9","  68.5","  58.5"," 11.7"," 0.08","1013.8","999.9","999.9","  63.4","  5.1","  8.3"
"34504099999","48.6","34.9666666","143.0","2002-09-23","  60.8","000000","999.9","  77.5","  61.7"," 15.5"," 0.00","1009.4","999.9","999.9","  68.3","  4.5"," 12.4"
"34504099999","48.6","34.9666666","143.0","2002-09-24","  60.9","110010","999.9","  73.6","  61.2"," 11.7"," 0.55","1010.6","999.9","999.9","  64.8","  1.6","  5.6"
"34504099999","48.6","34.9666666","143.0","2002-09-25","  61.2","100000","999.9","  68.9","  59.0","  5.8"," 0.03","1010.4","999.9","999.9","  62.7","  1.8","  2.9"
"34504099999","48.6","34.9666666","143.0","2002-09-26","  59.2","110000","999.9","  65.8","  59.0","  9.7"," 0.12","1007.9","999.9","999.9","  60.9","  0.9","  3.3"
"34504099999","48.6","34.9666666","143.0","2002-09-27","  60.7","110010","999.9","  68.9","  57.9"," 15.5"," 0.75","1005.4","999.9","999.9","  62.7","  2.6","  6.1"
"34504099999","48.6","34.9666666","143.0","2002-09-28","  48.9","000000","999.9","  59.0","  50.9"," 13.6"," 0.00","1016.2","999.9","999.9","  54.9","  5.3"," 10.7"
"34504099999","48.6","34.9666666","143.0","2002-09-29","  46.3","000000","999.9","  60.4","  45.1","  9.7"," 0.00","1026.6","999.9","999.9","  52.7","  2.2","  7.3"
"34504099999","48.6","34.9666666","143.0","2002-09-30","  39.5","000000","999.9","  59.4","  38.8"," 13.6"," 0.00","1027.4","999.9","999.9","  48.6","  5.3","  9.5"
"34504099999","48.6","34.9666666","143.0","2002-10-01","  42.5","000000","999.9","  61.2","  42.6","  9.7"," 0.00","1021.5","999.9","999.9","  50.4","  5.0","  6.8"
"34504099999","48.6","34.9666666","143.0","2002-10-02","  41.7","000000","999.9","  55.0","  42.6"," 13.6"," 0.02","1017.0","999.9","999.9","  48.0","  3.7","  8.7"
"34504099999","48.6","34.9666666","143.0","2002-10-03","  32.7","000000","999.9","  55.2","  33.8"," 11.7"," 0.00","1021.2","999.9","999.9","  45.1","  5.7","  7.8"
"34504099999","48.6","34.9666666","143.0","2002-10-04","  43.2","010000","999.9","  62.1","  40.8"," 13.6"," 0.01","1015.8","999.9","999.9","  50.7","  4.0","  9.7"
"34504099999","48.6","34.9666666","143.0","2002-10-05","  48.5","110010","999.9","  58.6","  43.2"," 11.7"," 0.00","1018.3","999.9","999.9","  51.2","  1.9","  7.0"
"34504099999","48.6","34.9666666","143.0","2002-10-06","  48.3","010010","999.9","  63.7","  50.2"," 11.7"," 0.31","1014.6","999.9","999.9","  55.6","  4.5","  4.9"
"34504099999","48.6","34.9666666","143.0","2002-10-07","  52.0","010000","999.9","  64.8","  48.2"," 13.6"," 0.01","1010.6","999.9","999.9","  57.1","  3.4","  9.7"
"34504099999","48.6","34.9666666","143.0","2002-10-08","  42.7","010000","999.9","  62.8","  39.2"," 23.3"," 0.00","1009.0","999.9","999.9","  52.8","  6.2"," 14.6"
"34504099999","48.6","34.9666666","143.0","2002-10-09","  37.6","000000","999.9","  56.8","  37.4"," 17.5"," 0.00","1015.4","999.9","999.9","  45.6","  5.7","  9.7"
"34504099999","48.6","34.9666666","143.0","2002-10-10","  38.1","010000","999.9","  48.2","  33.6"," 11.7"," 0.08","1023.6","999.9","999.9","  43.5","  5.3","  6.8"
"34504099999","48.6","34.9666666","143.0","2002-10-11","  42.4","010000","999.9","  48.2","  39.9"," 15.5"," 1.26","1019.3","999.9","999.9","  43.9","  1.9"," 11.2"
"34504099999","48.6","34.9666666","143.0","2002-10-12","  33.2","010000","999.9","  43.5","  35.1"," 17.5"," 0.02","1022.8","999.9","999.9","  38.8","  5.3"," 14.6"
"34504099999","48.6","34.9666666","143.0","2002-10-13","  32.8","010000","999.9","  37.2","  34.7"," 19.4"," 0.08","1023.8","999.9","999.9","  35.9","  3.0"," 15.3"
"34504099999","48.6","34.9666666","143.0","2002-10-14","  32.0","010000","999.9","  41.5","  33.1"," 19.4"," 0.20","1028.0","999.9","999.9","  37.9","  5.3"," 14.8"
"34504099999","48.6","34.9666666","143.0","2002-10-15","  32.5","010000","999.9","  40.6","  35.2"," 15.5"," 0.00","1022.8","999.9","999.9","  38.4","  5.7"," 12.6"
"34504099999","48.6","34.9666666","143.0","2002-10-16","  39.1","010000","999.9","  45.0","  38.7"," 13.6"," 0.02","1017.7","999.9","999.9","  41.9","  1.5","  6.1"
"34504099999","48.6","34.9666666","143.0","2002-10-17","  49.5","110110","999.9","  57.9","  41.5"," 13.6"," 0.00","1014.0","999.9","999.9","  51.1","  2.5"," 10.0"
"34504099999","48.6","34.9666666","143.0","2002-10-18","  54.5","000000","999.9","  68.9","  55.4"," 17.5"," 0.00","1009.8","999.9","999.9","  59.1","  4.0"," 11.2"
"34504099999","48.6","34.9666666","143.0","2002-10-19","  46.0","000000","999.9","  59.0","  45.1"," 15.5"," 0.00","1013.9","999.9","999.9","  53.1","  3.5","  9.2"
"34504099999","48.6","34.9666666","143.0","2002-10-20","  40.2","000000","999.9","  53.6","  41.2"," 15.5"," 0.00","1015.4","999.9","999.9","  45.8","  2.4","  7.8"
"34504099999","48.6","34.9666666","143.0","2002-10-21","  31.9","010000","999.9","  48.0","  32.2"," 13.6"," 0.03","1019.4","999.9","999.9","  39.3","  3.4"," 10.0"
"34504099999","48.6","34.9666666","143.0","2002-10-22","  38.8","010000","999.9","  48.9","  30.7"," 15.5"," 0.12","1017.5","999.9","999.9","  43.1","  2.5"," 10.4"
"34504099999","48.6","34.9666666","143.0","2002-10-23","  50.3","010000","999.9","  62.6","  48.0"," 15.5"," 0.00","1009.1","999.9","999.9","  54.6","  4.3"," 10.0"
"34504099999","48.6","34.9666666","143.0","2002-10-24","  51.6","100000","999.9","  55.2","  46.4","  5.8"," 0.00","1010.6","999.9","999.9","  51.7","  0.3","  4.1"
"34504099999","48.6","34.9666666","143.0","2002-10-25","  48.5","110000","999.9","  54.5","  44.6"," 13.6"," 0.12","1014.3","999.9","999.9","  49.7","  2.4","  9.5"
"34504099999","48.6","34.9666666","143.0","2002-10-26","  38.8","010000","999.9","  51.3","  43.3"," 11.7"," 0.00","1016.5","999.9","999.9","  46.3","  4.3"," 10.2"
"34504099999","48.6","34.9666666","143.0","2002-10-27","  42.4","010000","999.9","  54.0","  43.7"," 13.6"," 0.02","1014.0","999.9","999.9","  47.9","  4.2","  9.2"
"34504099999","48.6","34.9666666","143.0","2002-10-28","  43.1","010000","999.9","  49.8","  37.2"," 13.6"," 0.57","1007.9","999.9","999.9","  45.3","  1.7","  9.7"
"34504099999","48.6","34.9666666","143.0","2002-10-29","  37.3","010000","999.9","  44.6","  38.8"," 17.5"," 0.02","1005.7","999.9","999.9","  41.8","  4.6"," 13.9"
"34504099999","48.6","34.9666666","143.0","2002-10-30","  32.8","010000","999.9","  46.8","  32.9"," 17.5"," 0.08","1014.3","999.9","999.9","  39.2","  6.2"," 11.2"
"34504099999","48.6","34.9666666","143.0","2002-10-31","  32.1","000000","999.9","  43.0","  31.1","  7.8"," 0.00","1019.0","999.9","999.9","  36.8","  4.7","  4.3"
"34504099999","48.6","34.9666666","143.0","2002-11-01","  33.3","010000","999.9","  45.1","  29.3"," 11.7"," 0.08","1024.2","999.9","999.9","  37.3","  1.5","  7.0"
"34504099999","48.6","34.9666666","143.0","2002-11-02","  37.5","110000","999.9","  46.4","  37.4"," 15.5"," 0.12","1017.2","999.9","999.9","  42.6","  2.0"," 10.6"
"34504099999","48.6","34.9666666","143.0","2002-11-03","  38.2","010000","999.9","  50.4","  37.2"," 17.5"," 0.32","1006.4","999.9","999.9","  42.9","  3.6"," 14.1"
"34504099999","48.6","34.9666666","143.0","2002-11-04","  29.0","000000","999.9","  41.0","  28.4"," 11.7"," 0.00","1018.3","999.9","999.9","  34.5","  3.9","  6.8"
"34504099999","48.6","34.9666666","143.0","2002-11-05","  28.0","001000","999.9","  33.1","  29.3"," 15.5"," 0.00","1021.0","999.9","999.9","  31.3","  1.7"," 10.3"
"34504099999","48.6","34.9666666","143.0","2002-11-06","  21.6","000000","999.9","  32.4","  24.1"," 15.5"," 0.00","1029.9","  5.5","999.9","  27.4","  4.6"," 11.9"
"34504099999","48.6","34.9666666","143.0","2002-11-07","  20.1","001000","999.9","  34.0","  20.1"," 17.5"," 0.00","1027.4","  5.5","999.9","  26.3","  4.8"," 13.8"
"34504099999","48.6","34.9666666","143.0","2002-11-08","  31.9","101000","999.9","  34.3","  26.6"," 13.6"," 0.00","1017.5","  3.5","999.9","  32.2","  0.7","  9.5"
"34504099999","48.6","34.9666666","143.0","2002-11-09","  40.0","110000","999.9","  47.3","  33.3"," 11.7"," 0.04","1006.4","999.9","999.9","  40.1","  0.4","  8.7"
"34504099999","48.6","34.9666666","143.0","2002-11-10","  37.0","100000","999.9","  40.1","  37.0","  7.8"," 0.00","1003.7","999.9","999.9","  38.6","  1.5","  4.4"
"34504099999","48.6","34.9666666","143.0","2002-11-11","  33.4","010000","999.9","  40.1","  35.1"," 11.7"," 0.04","1007.6","999.9","999.9","  37.0","  3.7","  8.6"
"34504099999","48.6","34.9666666","143.0","2002-11-12","  31.1","011000","999.9","  34.0","  29.1"," 17.5"," 0.04","1012.4","999.9","999.9","  33.1","  2.1"," 10.0"
"34504099999","48.6","34.9666666","143.0","2002-11-13","  21.8","000000","999.9","  33.4","  22.8"," 13.6"," 0.00","1023.1","999.9","999.9","  28.2","  5.3","  8.5"
"34504099999","48.6","34.9666666","143.0","2002-11-14","  35.3","010000","999.9","  44.8","  26.4"," 15.5"," 0.08","1017.7","999.9","999.9","  39.1","  3.3"," 10.2"
"34504099999","48.6","34.9666666","143.0","2002-11-15","  48.5","100000","999.9","  53.2","  44.4"," 15.5"," 0.00","1016.7","999.9","999.9","  49.3","  0.7"," 10.7"
"34504099999","48.6","34.9666666","143.0","2002-11-16","  51.2","100000","999.9","  53.8","  50.0"," 13.6"," 0.00","1018.5","999.9","999.9","  51.8","  0.6"," 10.4"
"34504099999","48.6","34.9666666","143.0","2002-11-17","  50.9","100000","999.9","  55.6","  48.6"," 13.6"," 0.00","1019.4","999.9","999.9","  51.4","  0.4"," 10.2"
"34504099999","48.6","34.9666666","143.0","2002-11-18","  47.5","100000","999.9","  56.7","  43.7","  7.8"," 0.00","1024.4","999.9","999.9","  48.1","  0.3","  4.7"
"34504099999","48.6","34.9666666","143.0","2002-11-19","  43.3","100000","999.9","  51.4","  38.5"," 11.7"," 0.00","1022.1","999.9","999.9","  44.7","  0.9","  7.2"
"34504099999","48.6","34.9666666","143.0","2002-11-20","  45.6","100000","999.9","  49.8","  40.1"," 11.7"," 0.00","1016.2","999.9","999.9","  46.3","  0.5","  7.3"
"34504099999","48.6","34.9666666","143.0","2002-11-21","  42.8","110000","999.9","  44.4","  40.6","  7.8"," 0.00","1019.2","999.9","999.9","  42.9","  0.1","  4.1"
"34504099999","48.6","34.9666666","143.0","2002-11-22","  44.1","110000","999.9","  47.3","  40.6","  9.7"," 0.00","1019.6","999.9","999.9","  44.5","  0.4","  6.6"
"34504099999","48.6","34.9666666","143.0","2002-11-23","  42.8","000000","999.9","  46.2","  42.8","  9.7"," 0.00","1017.0","999.9","999.9","  44.8","  1.2","  8.0"
"34504099999","48.6","34.9666666","143.0","2002-11-24","  40.0","000000","999.9","  45.5","  40.6"," 13.6"," 0.00","1023.1","999.9","999.9","  42.8","  1.1"," 11.2"
"34504099999","48.6","34.9666666","143.0","2002-11-25","  36.6","000000","999.9","  41.7","  37.4"," 11.7"," 0.00","1029.3","999.9","999.9","  39.0","  1.2"," 10.9"
"34504099999","48.6","34.9666666","143.0","2002-11-26","  32.0","000000","999.9","  40.1","  28.2"," 11.7"," 0.00","1031.6","999.9","999.9","  35.7","  1.2","  8.5"
"34504099999","48.6","34.9666666","143.0","2002-11-27","  31.5","110000","999.9","  35.1","  27.0","  7.8"," 0.00","1030.3","999.9","999.9","  32.7","  0.8","  6.1"
"34504099999","48.6","34.9666666","143.0","2002-11-28","  36.6","110000","999.9","  40.1","  33.4","  9.7"," 0.01","1025.7","999.9","999.9","  37.6","  0.9","  7.0"
"34504099999","48.6","34.9666666","143.0","2002-11-29","  38.3","110000","999.9","  42.1","  35.2"," 11.7"," 0.05","1026.1","999.9","999.9","  39.8","  1.1","  5.1"
"34504099999","48.6","34.9666666","143.0","2002-11-30","  17.6","001000","999.9","  33.8","  16.5"," 21.4"," 0.00","1033.2","999.9","999.9","  23.9","  4.2"," 14.6"
"34504099999","48.6","34.9666666","143.0","2002-12-01","   2.8","000000","999.9","  20.5","   9.1"," 21.4"," 0.00","1040.4","999.9","999.9","  14.0","  6.2"," 17.0"
"34504099999","48.6","34.9666666","143.0","2002-12-02","  -1.5","000000","999.9","  25.0","   7.9"," 21.4"," 0.00","1035.8","999.9","999.9","  16.2","  6.2"," 19.4"
"34504099999","48.6","34.9666666","143.0","2002-12-03","  16.9","000000","999.9","  29.3","  14.5"," 17.5"," 0.00","1026.8","999.9","999.9","  23.4","  6.2"," 14.9"
"34504099999","48.6","34.9666666","143.0","2002-12-04","  26.3","100000","999.9","  32.4","  24.6"," 15.5"," 0.00","1023.5","999.9","999.9","  29.3","  3.7"," 11.2"
"34504099999","48.6","34.9666666","143.0","2002-12-05","  29.1","110000","999.9","  31.3","  28.0"," 13.6"," 0.02","1024.5","999.9","999.9","  29.8","  0.7"," 10.0"
"34504099999","48.6","34.9666666","143.0","2002-12-06","  20.8","011000","999.9","  29.3","  19.4"," 17.5"," 0.00","1028.2","999.9","999.9","  24.1","  5.3"," 14.3"
"34504099999","48.6","34.9666666","143.0","2002-12-07","  11.1","001000","999.9","  22.8","   7.7"," 17.5"," 0.02","1029.9","  0.8","999.9","  17.2","  4.3"," 13.1"
"34504099999","48.6","34.9666666","143.0","2002-12-08","  -0.7","000000","999.9","  15.6","   2.1"," 15.5"," 0.00","1034.9","999.9","999.9","   9.0","  6.2"," 13.6"
"34504099999","48.6","34.9666666","143.0","2002-12-09","  -2.9","000000","999.9","  13.3","  -0.8"," 11.7"," 0.00","1037.0","999.9","999.9","   6.0","  6.2","  9.7"
"34504099999","48.6","34.9666666","143.0","2002-12-10","   0.5","000000","999.9","  21.0","   2.1","  7.8"," 0.00","1034.0","999.9","999.9","   9.7","  5.7","  5.1"
"34504099999","48.6","34.9666666","143.0","2002-12-11","   9.5","001000","999.9","  19.0","   4.1"," 11.7"," 0.01","1029.3","  0.4","999.9","  13.4","  4.2","  6.8"
"34504099999","48.6","34.9666666","143.0","2002-12-12","  10.9","001000","999.9","  22.6","   8.2"," 11.7"," 0.00","1031.0","  0.4","999.9","  15.6","  4.3","  8.3"
"34504099999","48.6","34.9666666","143.0","2002-12-13","  15.5","001000","999.9","  21.6","  14.7","  7.8"," 0.00","1028.9","999.9","999.9","  19.4","  4.3","  6.5"
"34504099999","48.6","34.9666666","143.0","2002-12-14","  12.8","101000","999.9","  23.0","   6.1"," 13.6"," 0.04","1033.8","  0.8","999.9","  17.4","  4.5","  8.0"
"34504099999","48.6","34.9666666","143.0","2002-12-15","   2.5","001000","999.9","  14.4","   2.5"," 11.7"," 0.00","1041.1","  0.4","999.9","   7.4","  5.7","  9.7"
"34504099999","48.6","34.9666666","143.0","2002-12-16","   1.0","000000","999.9","  18.0","   0.1","  9.7"," 0.00","1042.7","999.9","999.9","   7.7","  6.2","  7.5"
"34504099999","48.6","34.9666666","143.0","2002-12-17","   2.9","000000","999.9","  18.5","   5.2"," 13.6"," 0.00","1035.9","999.9","999.9","  10.3","  5.0"," 11.1"
"34504099999","48.6","34.9666666","143.0","2002-12-18","   8.5","001000","999.9","  22.3","   6.3"," 11.7"," 0.00","1026.3","999.9","999.9","  14.2","  5.7","  8.7"
"34504099999","48.6","34.9666666","143.0","2002-12-19","   7.0","001000","999.9","  18.0","   6.3","  9.7"," 0.01","1021.1","  0.4","999.9","  11.1","  4.3","  5.6"
"34504099999","48.6","34.9666666","143.0","2002-12-20","   6.3","001000","999.9","  16.9","   5.0","  9.7"," 0.01","1023.0","  0.8","999.9","  11.6","  3.0","  7.5"
"34504099999","48.6","34.9666666","143.0","2002-12-21","  11.2","000000","999.9","  21.6","  13.1"," 13.6"," 0.00","1018.9","  0.8","999.9","  16.3","  4.3","  6.8"
"34504099999","48.6","34.9666666","143.0","2002-12-22","  17.7","001000","999.9","  26.6","  14.5"," 11.7"," 0.04","1012.4","999.9","999.9","  21.2","  3.7","  9.0"
"34504099999","48.6","34.9666666","143.0","2002-12-23","   8.5","001000","999.9","  21.6","  10.2"," 15.5"," 0.00","1016.8","  0.8","999.9","  14.4","  5.6"," 10.0"
"34504099999","48.6","34.9666666","143.0","2002-12-24","   3.8","001000","999.9","  13.3","  -1.5"," 11.7"," 0.00","1019.0","  0.8","999.9","   8.7","  3.7","  8.5"
"34504099999","48.6","34.9666666","143.0","2002-12-25","   2.5","001000","999.9","  12.9","   3.0"," 13.6"," 0.00","1023.7","  1.2","999.9","   7.2","  5.7"," 10.9"
"34504099999","48.6","34.9666666","143.0","2002-12-26","   6.9","000000","999.9","  21.2","   4.6"," 15.5"," 0.00","1025.0","  0.8","999.9","  12.9","  6.2"," 11.7"
"34504099999","48.6","34.9666666","143.0","2002-12-27","  14.8","000000","999.9","  27.0","  12.4"," 17.5"," 0.00","1020.8","  0.4","999.9","  20.2","  6.2","  8.0"
"34504099999","48.6","34.9666666","143.0","2002-12-28","  27.0","000000","999.9","  32.5","  23.0","  7.8"," 0.00","1014.6","  0.4","999.9","  28.9","  3.5","  6.1"
"34504099999","48.6","34.9666666","143.0","2002-12-29","  31.5","110000","999.9","  39.6","  25.9","  9.7"," 0.01","1012.5","  0.4","999.9","  32.3","  0.5","  6.6"
"34504099999","48.6","34.9666666","143.0","2002-12-30","  38.3","110000","999.9","  41.0","  35.4"," 13.6"," 0.14","1001.3","999.9","999.9","  38.4","  0.2","  9.3"
"34504099999","48.6","34.9666666","143.0","2002-12-31","  26.9","101000","999.9","  38.3","  15.6"," 15.5"," 0.08","1006.5","999.9","999.9","  30.4","  3.2"," 12.6"
"34504099999","48.6","34.9666666","143.0","2003-01-01","   3.3","000000","999.9","  16.3","   8.8"," 13.6"," 0.00","1023.8","999.9","999.9","  12.5","  6.2","  8.5"
"34504099999","48.6","34.9666666","143.0","2003-01-02","  10.0","001000","999.9","  22.8","   8.1"," 11.7"," 0.02","1016.3","999.9","999.9","  16.6","  5.6","  8.7"
"34504099999","48.6","34.9666666","143.0","2003-01-03","  32.0","110000","999.9","  37.2","  19.9"," 15.5"," 0.08","1001.2","  0.4","999.9","  33.4","  1.2"," 12.8"
"34504099999","48.6","34.9666666","143.0","2003-01-04","  33.1","100000","999.9","  35.1","  32.0","  9.7"," 0.02"," 999.2","999.9","999.9","  33.9","  0.9","  7.3"
"34504099999","48.6","34.9666666","143.0","2003-01-05","  26.7","000000","999.9","  34.5","  20.3"," 15.5"," 0.08","1006.6","999.9","999.9","  29.2","  3.9","  8.6"
"34504099999","48.6","34.9666666","143.0","2003-01-06","  12.0","001000","999.9","  19.6","  13.8"," 17.5"," 0.00","1010.7","  0.4","999.9","  17.2","  3.2"," 13.6"
"34504099999","48.6","34.9666666","143.0","2003-01-07","   3.8","000000","999.9","  16.3","   3.7","  9.7"," 0.08","1022.8","  2.4","999.9","  10.5","  6.2","  5.3"
"34504099999","48.6","34.9666666","143.0","2003-01-08","  17.2","011000","999.9","  28.4","  14.5"," 17.5"," 0.16","1006.0","999.9","999.9","  19.1","  1.9"," 13.2"
"34504099999","48.6","34.9666666","143.0","2003-01-09","   2.4","000000","999.9","  14.7","   3.2"," 13.6"," 0.04","1025.5","  5.1","999.9","   7.7","  6.2","  6.9"
"34504099999","48.6","34.9666666","143.0","2003-01-10","  20.4","011000","999.9","  36.0","   2.7","  9.7"," 0.59","1014.7","  4.7","999.9","  22.6","  2.9","  6.4"
"34504099999","48.6","34.9666666","143.0","2003-01-11","  11.2","001000","999.9","  21.2","   7.9"," 15.5"," 0.35","1022.1","  3.9","999.9","  15.6","  5.7","  8.3"
"34504099999","48.6","34.9666666","143.0","2003-01-12","   2.0","000000","999.9","  14.0","   1.0"," 13.6"," 0.00","1026.8","  3.9","999.9","   6.3","  4.7","  8.5"
"34504099999","48.6","34.9666666","143.0","2003-01-13","   3.6","001000","999.9","  18.5","  -3.5"," 11.7"," 0.00","1023.4","  3.9","999.9","  10.3","  3.6","  7.5"
"34504099999","48.6","34.9666666","143.0","2003-01-14","  19.9","001000","999.9","  26.2","  17.8","  9.7"," 0.02","1019.4","  3.9","999.9","  23.2","  4.3","  8.1"
"34504099999","48.6","34.9666666","143.0","2003-01-15","  28.4","001000","999.9","  38.3","  23.4"," 13.6"," 0.08","1012.3","  5.5","999.9","  31.0","  3.9"," 11.4"
"34504099999","48.6","34.9666666","143.0","2003-01-16","  32.2","010000","999.9","  35.6","  33.3","  9.7"," 0.00","1018.8","  4.3","999.9","  34.3","  3.3","  7.8"
"34504099999","48.6","34.9666666","143.0","2003-01-17","  28.3","001000","999.9","  50.0","  28.0"," 13.6"," 0.00","1021.8","  3.5","999.9","  34.5","  4.1","  9.4"
"34504099999","48.6","34.9666666","143.0","2003-01-18","  22.6","000000","999.9","  34.0","  20.3","  9.7"," 0.00","1029.5","  4.3","999.9","  25.8","  3.8","  5.3"
"34504099999","48.6","34.9666666","143.0","2003-01-19","  24.5","100000","999.9","  34.5","  20.1","  3.9"," 0.00","1027.3","  4.3","999.9","  24.5","  0.1","  1.9"
"34504099999","48.6","34.9666666","143.0","2003-01-20","  19.8","100000","999.9","  23.9","  18.7","  7.8"," 0.00","1024.9","  3.9","999.9","  20.4","  0.8","  5.0"
"34504099999","48.6","34.9666666","143.0","2003-01-21","  27.9","000000","999.9","  33.6","  20.1"," 11.7"," 0.00","1022.4","  3.5","999.9","  30.9","  5.0","  7.0"
"34504099999","48.6","34.9666666","143.0","2003-01-22","  28.4","000000","999.9","  33.1","  29.7"," 13.6"," 0.00","1023.8","  3.1","999.9","  31.8"," 10.5"," 12.1"
"34504099999","48.6","34.9666666","143.0","2003-01-23","  27.4","000000","999.9","  31.5","  27.5"," 13.6"," 0.00","1023.8","  3.1","999.9","  29.9","  5.1"," 11.1"
"34504099999","48.6","34.9666666","143.0","2003-01-24","  26.9","100000","999.9","  31.1","  25.7"," 13.6"," 0.00","1028.7","  3.1","999.9","  28.2","  1.6"," 10.7"
"34504099999","48.6","34.9666666","143.0","2003-01-25","  24.8","100000","999.9","  27.0","  22.1","  7.8"," 0.00","1033.5","  3.1","999.9","  24.8","  0.1","  5.3"
"34504099999","48.6","34.9666666","143.0","2003-01-26","  25.0","101000","999.9","  30.6","  21.9","  3.9"," 0.00","1031.2","  3.1","999.9","  26.4","  1.8","  1.0"
"34504099999","48.6","34.9666666","143.0","2003-01-27","  27.4","000000","999.9","  30.7","  27.0","  3.9"," 0.00","1022.1","  3.1","999.9","  29.2","  1.7","  0.6"
"34504099999","48.6","34.9666666","143.0","2003-01-28","  26.3","001000","999.9","  29.7","  27.3"," 13.6"," 0.02","1009.0","999.9","999.9","  28.6","  5.6","  8.1"
"34504099999","48.6","34.9666666","143.0","2003-01-29","  31.5","101000","999.9","  32.7","  27.1"," 11.7"," 0.12","1002.2","  5.1","999.9","  32.0","  1.0","  8.4"
"34504099999","48.6","34.9666666","143.0","2003-01-30","  30.7","001000","999.9","  35.4","  31.5"," 15.5"," 0.16","1000.9","  5.5","999.9","  33.1","  3.4"," 10.5"
"34504099999","48.6","34.9666666","143.0","2003-01-31","  31.0","101000","999.9","  37.0","  30.2"," 13.6"," 0.12","1008.0","  5.5","999.9","  32.5","  2.9","  4.2"
"34504099999","48.6","34.9666666","143.0","2003-02-01","  21.3","001000","999.9","  30.4","  14.5"," 19.4"," 0.70","1010.3"," 10.2","999.9","  24.3","  3.3"," 15.5"
"34504099999","48.6","34.9666666","143.0","2003-02-02","   6.8","000000","999.9","  19.0","   9.1"," 15.5"," 0.00","1017.9"," 12.6","999.9","  13.2","  6.2"," 13.4"
"34504099999","48.6","34.9666666","143.0","2003-02-03","   0.7","000000","999.9","  15.8","   1.4"," 15.5"," 0.00","1015.3"," 12.6","999.9","   7.6","  6.2"," 12.9"
"34504099999","48.6","34.9666666","143.0","2003-02-04","   6.4","001000","999.9","  16.5","   4.6","  9.7"," 0.01","1015.4"," 12.6","999.9","  12.0","  5.7","  3.3"
"34504099999","48.6","34.9666666","143.0","2003-02-05","  18.0","000000","999.9","  28.8","  10.9"," 15.5"," 0.00","1014.1"," 12.6","999.9","  22.2","  5.7"," 13.0"
"34504099999","48.6","34.9666666","143.0","2003-02-06","  30.2","010000","999.9","  34.9","  26.6"," 17.5"," 0.04","1008.1"," 10.6","999.9","  32.5","  5.7"," 14.4"
"34504099999","48.6","34.9666666","143.0","2003-02-07","  33.0","111000","999.9","  38.1","  32.7","  9.7"," 0.36","1013.5","  7.9","999.9","  33.2","  0.5","  5.5"
"34504099999","48.6","34.9666666","143.0","2003-02-08","  27.9","011000","999.9","  34.5","  24.1"," 19.4"," 0.28","1014.9","  6.7","999.9","  30.9","  4.9"," 17.2"
"34504099999","48.6","34.9666666","143.0","2003-02-09","  17.4","001000","999.9","  23.7","  14.5"," 19.4"," 0.12","1023.4","  6.7","999.9","  21.1","  4.3"," 17.5"
"34504099999","48.6","34.9666666","143.0","2003-02-10","   7.2","001000","999.9","  15.8","  10.2"," 13.6"," 0.05","1026.7","  6.7","999.9","  12.2","  3.5"," 12.6"
"34504099999","48.6","34.9666666","143.0","2003-02-11","   2.4","001000","999.9","  14.7","   4.6"," 11.7"," 0.00","1031.3","  7.5","999.9","   8.8","  5.5","  9.3"
"34504099999","48.6","34.9666666","143.0","2003-02-12","   0.2","000000","999.9","  15.1","  -0.4","  9.7"," 0.00","1035.0","  7.5","999.9","   6.8","  6.2","  8.3"
"34504099999","48.6","34.9666666","143.0","2003-02-13","   0.5","000000","999.9","  20.5","   2.5","  9.7"," 0.00","1030.2","  7.1","999.9","  11.8","  6.2","  6.8"
"34504099999","48.6","34.9666666","143.0","2003-02-14","  16.3","011000","999.9","  27.0","  16.7"," 11.7"," 0.00","1023.5","  7.1","999.9","  21.0","  5.1","  6.7"
"34504099999","48.6","34.9666666","143.0","2003-02-15","  17.8","001000","999.9","  23.9","  18.0","  5.8"," 0.02","1023.0","  7.1","999.9","  20.2","  3.6","  3.3"
"34504099999","48.6","34.9666666","143.0","2003-02-16","   3.3","001000","999.9","  19.6","   2.5"," 15.5"," 0.01","1036.4","  8.3","999.9","  10.3","  5.0"," 12.3"
"34504099999","48.6","34.9666666","143.0","2003-02-17","  -0.4","000000","999.9","  15.8","  -6.9"," 13.6"," 0.00","1030.6","  8.3","999.9","   8.1","  5.7","  9.5"
"34504099999","48.6","34.9666666","143.0","2003-02-18","  15.4","001000","999.9","  25.9","   9.7"," 11.7"," 0.00","1018.6","  7.9","999.9","  19.6","  5.7","  7.8"
"34504099999","48.6","34.9666666","143.0","2003-02-19","  15.4","001000","999.9","  30.7","  17.1","  7.8"," 0.02","1011.9","999.9","999.9","  23.4","  5.7","  5.8"
"34504099999","48.6","34.9666666","143.0","2003-02-20","  23.5","001000","999.9","  31.5","  19.4"," 13.6"," 0.04","1009.7","  8.3","999.9","  26.5","  3.4","  9.4"
"34504099999","48.6","34.9666666","143.0","2003-02-21","  17.7","001000","999.9","  32.0","  13.8"," 15.5"," 0.03","1024.9","  7.5","999.9","  21.6","  2.4"," 14.0"
"34504099999","48.6","34.9666666","143.0","2003-02-22","  13.2","000000","999.9","  27.9","  14.7","  9.7"," 0.00","1036.1","  7.5","999.9","  19.2","  6.2","  9.1"
"34504099999","48.6","34.9666666","143.0","2003-02-23","   9.7","000000","999.9","  26.4","   6.8","  7.8"," 0.00","1034.6","  7.5","999.9","  15.4","  5.7","  3.6"
"34504099999","48.6","34.9666666","143.0","2003-02-24","  14.4","000000","999.9","  30.2","  11.3"," 11.7"," 0.00","1032.1","  7.5","999.9","  20.8","  4.8","  7.3"
"34504099999","48.6","34.9666666","143.0","2003-02-25","  15.1","001000","999.9","  25.2","  16.5"," 15.5"," 0.00","1030.7","  7.5","999.9","  20.6","  5.7"," 13.3"
"34504099999","48.6","34.9666666","143.0","2003-02-26","  15.0","001000","999.9","  22.1","  12.7","  7.8"," 0.05","1029.6","  7.5","999.9","  17.0","  1.4","  7.2"
"34504099999","48.6","34.9666666","143.0","2003-02-27","  18.1","001000","999.9","  26.2","  16.7","  7.8"," 0.03","1031.2","  8.3","999.9","  21.2","  3.7","  5.5"
"34504099999","48.6","34.9666666","143.0","2003-02-28","  15.4","001000","999.9","  25.2","  12.7","  5.8"," 0.00","1033.1","  8.3","999.9","  19.6","  4.0","  5.1"
"34504099999","48.6","34.9666666","143.0","2003-03-01","  20.9","011000","999.9","  26.6","  20.7"," 11.7"," 0.00","1030.6","  8.3","999.9","  24.2","  4.1","  8.1"
"34504099999","48.6","34.9666666","143.0","2003-03-02","  23.6","000000","999.9","  31.6","  25.3"," 11.7"," 0.00","1027.3","  8.3","999.9","  28.8","  4.3","  8.0"
"34504099999","48.6","34.9666666","143.0","2003-03-03","  18.4","010000","999.9","  30.7","  16.9"," 15.5"," 0.00","1026.6","  7.1","999.9","  23.1","  3.4"," 11.7"
"34504099999","48.6","34.9666666","143.0","2003-03-04","  28.4","100000","999.9","  35.2","  21.2"," 15.5"," 0.00","1027.7","  7.1","999.9","  30.1","  1.9"," 12.4"
"34504099999","48.6","34.9666666","143.0","2003-03-05","  22.1","000000","999.9","  35.2","  22.3"," 15.5"," 0.00","1026.3","  6.7","999.9","  29.2","  4.6"," 14.1"
"34504099999","48.6","34.9666666","143.0","2003-03-06","  22.8","000000","999.9","  34.9","  25.5"," 17.5"," 0.00","1024.2","  5.9","999.9","  29.4","  6.2"," 14.3"
"34504099999","48.6","34.9666666","143.0","2003-03-07","  18.5","000000","999.9","  34.3","  20.3"," 19.4"," 0.00","1023.5","  5.1","999.9","  27.0","  6.2"," 14.2"
"34504099999","48.6","34.9666666","143.0","2003-03-08","  27.4","001000","999.9","  32.7","  22.6"," 15.5"," 0.32","1023.4","  6.7","999.9","  28.0","  1.0"," 10.9"
"34504099999","48.6","34.9666666","143.0","2003-03-09","  28.0","001000","999.9","  33.3","  29.1","  7.8"," 0.31","1021.5"," 10.6","999.9","  29.6","  2.0","  5.5"
"34504099999","48.6","34.9666666","143.0","2003-03-10","  24.7","001000","999.9","  31.8","  27.5","  3.9"," 0.00","1028.2"," 11.0","999.9","  29.6","  4.6","  0.8"
"34504099999","48.6","34.9666666","143.0","2003-03-11","  23.1","000000","999.9","  34.9","  25.9","  5.8"," 0.00","1028.5","  9.1","999.9","  29.0","  5.7","  2.4"
"34504099999","48.6","34.9666666","143.0","2003-03-12","  25.7","001000","999.9","  29.7","  23.9"," 13.6"," 0.00","1019.0","  8.3","999.9","  27.8","  2.6"," 10.0"
"34504099999","48.6","34.9666666","143.0","2003-03-13","  33.9","111000","999.9","  38.5","  28.4"," 13.6"," 0.28","1010.3"," 11.4","999.9","  34.5","  1.6","  4.4"
"34504099999","48.6","34.9666666","143.0","2003-03-14","  32.0","111000","999.9","  35.6","  32.0"," 15.5"," 0.08","1021.4","  7.9","999.9","  33.4","  3.2"," 11.4"
"34504099999","48.6","34.9666666","143.0","2003-03-15","  25.3","000000","999.9","  32.9","  25.7"," 17.5"," 0.00","1026.4","  7.1","999.9","  30.2","  6.2"," 11.9"
"34504099999","48.6","34.9666666","143.0","2003-03-16","  23.2","000000","999.9","  39.9","  26.6"," 11.7"," 0.00","1028.0","  7.9","999.9","  32.0","  6.2"," 10.0"
"34504099999","48.6","34.9666666","143.0","2003-03-17","  23.8","000000","999.9","  38.3","  23.4","  7.8"," 0.00","1023.9","  6.7","999.9","  31.6","  6.2","  4.9"
"34504099999","48.6","34.9666666","143.0","2003-03-18","  30.7","011000","999.9","  34.9","  29.3","  7.8"," 0.04","1013.6","  6.3","999.9","  31.8","  1.8","  5.8"
"34504099999","48.6","34.9666666","143.0","2003-03-19","  30.4","011000","999.9","  37.9","  31.3","  7.8"," 0.20","1011.9","  7.5","999.9","  33.1","  1.4","  7.1"
"34504099999","48.6","34.9666666","143.0","2003-03-20","  29.5","001000","999.9","  39.2","  28.4"," 13.6"," 0.08","1005.6","  6.7","999.9","  32.8","  3.3","  8.0"
"34504099999","48.6","34.9666666","143.0","2003-03-21","  19.0","001000","999.9","  37.9","  17.2"," 17.5"," 0.08","1006.3","  5.9","999.9","  24.5","  3.4"," 15.2"
"34504099999","48.6","34.9666666","143.0","2003-03-22","  17.0","001000","999.9","  24.4","  16.7"," 13.6"," 0.12","1018.7","  7.5","999.9","  19.9","  1.6"," 13.0"
"34504099999","48.6","34.9666666","143.0","2003-03-23","  13.6","011000","999.9","  25.7","  12.7","  7.8"," 0.06","1025.7","  8.3","999.9","  18.3","  5.6","  4.2"
"34504099999","48.6","34.9666666","143.0","2003-03-24","  19.6","100000","999.9","  33.4","  12.7"," 15.5"," 0.00","1025.3","  7.5","999.9","  24.2","  4.2","  8.3"
"34504099999","48.6","34.9666666","143.0","2003-03-25","  25.4","000000","999.9","  43.2","  25.3","  9.7"," 0.00","1015.8","  6.7","999.9","  33.3","  6.2","  7.0"
"34504099999","48.6","34.9666666","143.0","2003-03-26","  28.0","000000","999.9","  42.8","  28.8"," 13.6"," 0.00","1018.6","  3.9","999.9","  35.6","  6.2","  9.7"
"34504099999","48.6","34.9666666","143.0","2003-03-27","  24.8","000000","999.9","  40.3","  27.3"," 15.5"," 0.00","1028.8","  1.2","999.9","  33.4","  6.2","  9.7"
"34504099999","48.6","34.9666666","143.0","2003-03-28","  24.4","000000","999.9","  39.9","  26.2","  5.8"," 0.00","1027.2","999.9","999.9","  33.2","  5.7","  2.4"
"34504099999","48.6","34.9666666","143.0","2003-03-29","  26.3","000000","999.9","  42.6","  27.9"," 11.7"," 0.00","1024.1","  0.4","999.9","  35.3","  6.2","  7.5"
"34504099999","48.6","34.9666666","143.0","2003-03-30","  30.7","000000","999.9","  45.0","  28.6","  7.8"," 0.00","1022.5","999.9","999.9","  37.1","  5.7","  6.1"
"34504099999","48.6","34.9666666","143.0","2003-03-31","  31.5","000000","999.9","  49.5","  29.3"," 15.5"," 0.00","1015.6","999.9","999.9","  39.6","  6.2"," 10.0"
"34504099999","48.6","34.9666666","143.0","2003-04-01","  28.9","011000","999.9","  38.1","  28.0"," 13.6"," 0.20","1012.1","999.9","999.9","  33.1","  4.1","  8.6"
"34504099999","48.6","34.9666666","143.0","2003-04-02","  22.2","001000","999.9","  40.6","  22.3"," 11.7"," 0.02","1016.5","999.9","999.9","  32.7","  6.2","  8.4"
"34504099999","48.6","34.9666666","143.0","2003-04-03","  30.1","100000","999.9","  45.0","  28.2","  9.7"," 0.00","1017.9","999.9","999.9","  36.6","  4.7","  8.0"
"34504099999","48.6","34.9666666","143.0","2003-04-04","  33.2","000000","999.9","  51.6","  17.2","  9.7"," 0.00","1014.9","999.9","999.9","  35.7","  4.4","  6.8"
"34504099999","48.6","34.9666666","143.0","2003-04-05","  35.7","100000","999.9","  45.0","  30.2","  9.7"," 0.00","1006.0","999.9","999.9","  37.7","  1.1","  5.3"
"34504099999","48.6","34.9666666","143.0","2003-04-06","  34.5","111000","999.9","  39.0","  33.4"," 13.6"," 0.56"," 994.6","999.9","999.9","  35.5","  1.8","  9.7"
"34504099999","48.6","34.9666666","143.0","2003-04-07","  27.2","001000"," 35.0","  45.0","  29.3"," 25.3"," 0.28","1009.8","  1.2","999.9","  36.6","  5.0"," 14.6"
"34504099999","48.6","34.9666666","143.0","2003-04-08","  34.6","011000","999.9","  49.1","  33.4"," 19.4"," 0.03","1008.2","999.9","999.9","  40.4","  4.0"," 14.2"
"34504099999","48.6","34.9666666","143.0","2003-04-09","  31.2","011000","999.9","  43.7","  32.0"," 11.7"," 0.16","1019.3","  0.4","999.9","  36.3","  4.3","  6.4"
"34504099999","48.6","34.9666666","143.0","2003-04-10","  31.0","100000","999.9","  49.6","  28.9","  7.8"," 0.00","1029.0","999.9","999.9","  39.6","  4.4","  4.9"
"34504099999","48.6","34.9666666","143.0","2003-04-11","  32.4","000000","999.9","  52.9","  32.7","  9.7"," 0.00","1028.2","999.9","999.9","  44.3","  6.2","  6.6"
"34504099999","48.6","34.9666666","143.0","2003-04-12","  35.2","010000","999.9","  54.9","  40.6"," 13.6"," 0.00","1023.7","999.9","999.9","  48.4","  6.2","  7.8"
"34504099999","48.6","34.9666666","143.0","2003-04-13","  38.1","000000","999.9","  62.8","  44.6"," 13.6"," 0.00","1022.7","999.9","999.9","  54.2","  6.2","  7.8"
"34504099999","48.6","34.9666666","143.0","2003-04-14","  40.6","000000","999.9","  57.6","  41.4"," 17.5"," 0.00","1024.4","999.9","999.9","  50.0","  5.7"," 12.9"
"34504099999","48.6","34.9666666","143.0","2003-04-15","  37.4","000000","999.9","  61.7","  42.6"," 15.5"," 0.00","1027.1","999.9","999.9","  51.1","  5.7"," 12.9"
"34504099999","48.6","34.9666666","143.0","2003-04-16","  31.2","000000","999.9","  59.5","  37.9"," 21.4"," 0.00","1029.1","999.9","999.9","  47.6","  6.2"," 15.1"
"34504099999","48.6","34.9666666","143.0","2003-04-17","  28.1","000000","999.9","  59.4","  35.2"," 19.4"," 0.00","1028.2","999.9","999.9","  47.1","  6.2"," 15.1"
"34504099999","48.6","34.9666666","143.0","2003-04-18","  27.5","000000","999.9","  57.2","  33.8"," 25.3"," 0.00","1026.4","999.9","999.9","  46.0","  6.2"," 18.5"
"34504099999","48.6","34.9666666","143.0","2003-04-19","  20.8","000000"," 38.9","  60.1","  36.1"," 29.1"," 0.00","1023.3","999.9","999.9","  47.8","  6.2"," 19.9"
"34504099999","48.6","34.9666666","143.0","2003-04-20","  28.7","000000","999.9","  63.9","  37.4"," 15.5"," 0.00","1020.6","999.9","999.9","  50.5","  6.2"," 12.9"
"34504099999","48.6","34.9666666","143.0","2003-04-21","  32.9","000000","999.9","  62.1","  46.0"," 11.7"," 0.00","1019.0","999.9","999.9","  52.2","  6.2","  7.8"
"34504099999","48.6","34.9666666","143.0","2003-04-22","  34.5","000000","999.9","  59.5","  36.9","  9.7"," 0.00","1017.9","999.9","999.9","  49.2","  6.2","  7.0"
"34504099999","48.6","34.9666666","143.0","2003-04-23","  41.5","010000","999.9","  55.6","  41.9","  7.8"," 0.00","1016.3","999.9","999.9","  49.3","  5.7","  3.1"
"34504099999","48.6","34.9666666","143.0","2003-04-24","  40.5","000000","999.9","  64.8","  46.6","  7.8"," 0.00","1012.6","999.9","999.9","  54.3","  5.7","  5.3"
"34504099999","48.6","34.9666666","143.0","2003-04-25","  38.8","000000","999.9","  65.8","  32.9"," 15.5"," 0.00","1012.0","999.9","999.9","  52.1","  6.2","  8.7"
"34504099999","48.6","34.9666666","143.0","2003-04-26","  22.9","000000","999.9","  47.7","  32.7"," 15.5"," 0.00","1019.7","999.9","999.9","  40.4","  6.2"," 11.7"
"34504099999","48.6","34.9666666","143.0","2003-04-27","  18.2","010000","999.9","  50.0","  25.5"," 13.6"," 0.00","1024.5","999.9","999.9","  40.0","  6.2","  5.6"
"34504099999","48.6","34.9666666","143.0","2003-04-28","  31.0","000000","999.9","  54.9","  39.4"," 19.4"," 0.00","1020.3","999.9","999.9","  48.3","  6.2"," 15.1"
"34504099999","48.6","34.9666666","143.0","2003-04-29","  38.0","010000","999.9","  64.9","  43.3","  9.7"," 0.00","1021.3","999.9","999.9","  53.3","  5.7","  5.8"
"34504099999","48.6","34.9666666","143.0","2003-04-30","  44.7","000000","999.9","  72.3","  44.8"," 15.5"," 0.00","1024.0","999.9","999.9","  60.7","  6.2"," 10.8"
"34504099999","48.6","34.9666666","143.0","2003-05-01","  40.4","000000","999.9","  76.6","  48.0"," 21.4"," 0.00","1021.9","999.9","999.9","  61.8","  6.2"," 14.6"
"34504099999","48.6","34.9666666","143.0","2003-05-02","  47.4","010000","999.9","  78.4","  48.7"," 11.7"," 0.08","1019.9","999.9","999.9","  64.6","  6.2","  5.5"
"34504099999","48.6","34.9666666","143.0","2003-05-03","  50.5","000000","999.9","  67.1","  50.9"," 11.7"," 0.00","1018.3","999.9","999.9","  60.7","  6.2","  6.4"
"34504099999","48.6","34.9666666","143.0","2003-05-04","  45.1","010000","999.9","  70.2","  53.4"," 19.4"," 0.00","1017.1","999.9","999.9","  60.2","  6.2"," 11.7"
"34504099999","48.6","34.9666666","143.0","2003-05-05","  38.3","000000","999.9","  64.2","  46.0"," 23.3"," 0.00","1019.2","999.9","999.9","  54.8","  6.2"," 15.5"
"34504099999","48.6","34.9666666","143.0","2003-05-06","  36.7","000000","999.9","  68.4","  45.0"," 19.4"," 0.00","1025.1","999.9","999.9","  56.7","  6.2"," 13.1"
"34504099999","48.6","34.9666666","143.0","2003-05-07","  39.7","000000","999.9","  74.8","  47.7","  7.8"," 0.00","1024.2","999.9","999.9","  60.9","  6.2","  4.7"
"34504099999","48.6","34.9666666","143.0","2003-05-08","  43.1","000000","999.9","  82.2","  50.4"," 15.5"," 0.00","1016.8","999.9","999.9","  67.7","  6.2"," 12.4"
"34504099999","48.6","34.9666666","143.0","2003-05-09","  41.4","000000","999.9","  74.7","  50.0","  9.7"," 0.00","1018.4","999.9","999.9","  62.9","  6.2","  5.0"
"34504099999","48.6","34.9666666","143.0","2003-05-10","  41.8","000000","999.9","  84.9","  51.8"," 11.7"," 0.00","1020.1","999.9","999.9","  68.8","  6.2","  8.3"
"34504099999","48.6","34.9666666","143.0","2003-05-11","  51.8","000000","999.9","  87.8","  55.9","  9.7"," 0.00","1021.1","999.9","999.9","  71.3","  6.2","  8.3"
"34504099999","48.6","34.9666666","143.0","2003-05-12","  53.6","000000","999.9","  85.1","  61.3","  9.7"," 0.00","1020.0","999.9","999.9","  70.6","  6.2","  7.8"
"34504099999","48.6","34.9666666","143.0","2003-05-13","  52.0","010010","999.9","  88.9","  63.0"," 11.7"," 0.02","1017.8","999.9","999.9","  74.2","  6.2","  8.5"
"34504099999","48.6","34.9666666","143.0","2003-05-14","  51.2","000000","999.9","  88.2","  61.2","  7.8"," 0.00","1016.4","999.9","999.6","  75.0","  6.2","  4.1"
"34504099999","48.6","34.9666666","143.0","2003-05-15","  54.1","000000","999.9","  88.0","  61.9"," 11.7"," 0.00","1013.5","999.9","995.8","  73.1","  6.2","  9.0"
"34504099999","48.6","34.9666666","143.0","2003-05-16","  52.6","000010","999.9","  86.2","  62.4"," 19.4"," 0.02","1009.6","999.9","992.8","  72.6","  6.2"," 11.2"
"34504099999","48.6","34.9666666","143.0","2003-05-17","  41.9","000000","999.9","  68.9","  54.9"," 15.5"," 0.01","1018.2","999.9","000.9","  59.4","  6.2"," 12.8"
"34504099999","48.6","34.9666666","143.0","2003-05-18","  38.6","000000","999.9","  71.6","  45.5","  5.8"," 0.00","1022.7","999.9","005.4","  61.6","  6.2","  5.5"
"34504099999","48.6","34.9666666","143.0","2003-05-19","  41.7","000000","999.9","  76.8","  51.8","  9.7"," 0.00","1019.6","999.9","002.4","  65.7","  6.2","  5.1"
"34504099999","48.6","34.9666666","143.0","2003-05-20","  45.5","000000","999.9","  81.5","  55.0","  7.8"," 0.00","1018.7","999.9","999.9","  70.5","  6.2","  4.1"
"34504099999","48.6","34.9666666","143.0","2003-05-21","  52.0","000000","999.9","  82.4","  56.3"," 13.6"," 0.00","1019.1","999.9","002.1","  70.2","  6.2","  7.5"
"34504099999","48.6","34.9666666","143.0","2003-05-22","  48.6","000000","999.9","  84.9","  60.3"," 19.4"," 0.00","1014.8","999.9","997.9","  72.6","  6.2"," 11.4"
"34504099999","48.6","34.9666666","143.0","2003-05-23","  52.5","000000","999.9","  87.8","  63.7"," 13.6"," 0.00","1013.6","999.9","996.8","  74.5","  6.2","  8.7"
"34504099999","48.6","34.9666666","143.0","2003-05-24","  48.9","000000","999.9","  89.6","  64.0"," 13.6"," 0.00","1015.2","999.9","998.4","  76.6","  6.2","  9.7"
"34504099999","48.6","34.9666666","143.0","2003-05-25","  45.8","000000","999.9","  90.1","  64.9"," 25.3"," 0.00","1014.4","999.9","997.6","  77.1","  6.2"," 15.3"
"34504099999","48.6","34.9666666","143.0","2003-05-26","  47.9","000000","999.9","  93.4","  62.4"," 21.4"," 0.00","1015.0","999.9","998.4","  79.6","  6.2"," 12.9"
"34504099999","48.6","34.9666666","143.0","2003-05-27","  56.4","010010","999.9","  91.4","  65.5"," 17.5"," 0.03","1015.9","999.9","999.0","  74.2","  6.2"," 12.2"
"34504099999","48.6","34.9666666","143.0","2003-05-28","  48.5","000000","999.9","  86.9","  61.7"," 13.6"," 0.00","1012.6","999.9","995.9","  75.7","  6.2"," 10.5"
"34504099999","48.6","34.9666666","143.0","2003-05-29","  51.0","000010","999.9","  86.9","  59.2"," 15.5"," 0.00","1008.3","999.9","991.5","  72.6","  6.2","  8.0"
"34504099999","48.6","34.9666666","143.0","2003-05-30","  37.5","000000","999.9","  73.8","  53.1"," 19.4"," 0.00","1014.0","999.9","996.8","  64.0","  6.2"," 13.4"
"34504099999","48.6","34.9666666","143.0","2003-05-31","  39.7","000000","999.9","  75.2","  49.1","  9.7"," 0.00","1016.2","999.9","999.0","  63.2","  6.2","  5.1"
"34504099999","48.6","34.9666666","143.0","2003-06-01","  41.0","010000","999.9","  81.9","  51.8"," 13.6"," 0.00","1011.9","999.9","995.0","  69.4","  6.2","  7.0"
"34504099999","48.6","34.9666666","143.0","2003-06-02","  44.1","000000","999.9","  71.2","  56.1"," 13.6"," 0.04","1013.3","999.9","996.1","  60.8","  6.2"," 10.5"
"34504099999","48.6","34.9666666","143.0","2003-06-03","  36.4","000000","999.9","  68.9","  48.2"," 15.5"," 0.00","1016.5","999.9","999.1","  58.2","  6.2","  9.2"
"34504099999","48.6","34.9666666","143.0","2003-06-04","  33.2","000000","999.9","  65.3","  41.0"," 11.7"," 0.00","1022.1","999.9","004.5","  53.9","  6.2","  8.7"
"34504099999","48.6","34.9666666","143.0","2003-06-05","  35.8","000000","999.9","  74.5","  44.8"," 15.5"," 0.00","1022.2","999.9","004.8","  60.5","  6.2"," 10.9"
"34504099999","48.6","34.9666666","143.0","2003-06-06","  48.1","000000","999.9","  86.2","  53.2"," 19.4"," 0.00","1014.4","999.9","997.5","  71.8","  6.2"," 12.6"
"34504099999","48.6","34.9666666","143.0","2003-06-07","  54.3","010000","999.9","  81.1","  62.2"," 19.4"," 0.04","1010.8","999.9","994.0","  73.2","  5.7"," 12.8"
"34504099999","48.6","34.9666666","143.0","2003-06-08","  49.8","000000","999.9","  83.1","  54.0"," 15.5"," 0.00","1015.7","999.9","998.7","  70.8","  6.2"," 10.0"
"34504099999","48.6","34.9666666","143.0","2003-06-09","  51.4","000000","999.9","  83.7","  58.8","  7.8"," 0.00","1018.1","999.9","001.1","  69.1","  6.2","  5.5"
"34504099999","48.6","34.9666666","143.0","2003-06-10","  51.8","000010","999.9","  91.4","  62.6","  9.7"," 0.04","1015.8","999.9","999.0","  75.8","  5.3","  5.3"
"34504099999","48.6","34.9666666","143.0","2003-06-11","  51.0","000000","999.9","  81.9","  64.0","  9.7"," 0.00","1015.3","999.9","998.4","  72.7","  5.9","  7.8"
"34504099999","48.6","34.9666666","143.0","2003-06-12","  49.5","000000","999.9","  86.7","  59.7"," 19.4"," 0.00","1011.3","999.9","994.5","  73.2","  6.2"," 11.2"
"34504099999","48.6","34.9666666","143.0","2003-06-13","  48.4","000000","999.9","  81.0","  58.8"," 13.6"," 0.00","1014.0","999.9","997.1","  69.1","  6.2","  8.9"
"34504099999","48.6","34.9666666","143.0","2003-06-14","  49.3","000000","999.9","  82.8","  61.9"," 21.4"," 0.00","1011.9","999.9","995.0","  71.5","  6.2"," 11.4"
"34504099999","48.6","34.9666666","143.0","2003-06-15","  46.0","000000","999.9","  78.1","  51.3"," 13.6"," 0.00","1013.0","999.9","995.9","  66.8","  6.2","  7.5"
"34504099999","48.6","34.9666666","143.0","2003-06-16","  49.2","010000","999.9","  80.2","  58.3","  9.7"," 0.00","1009.6","999.9","992.6","  67.3","  5.7","  5.3"
"34504099999","48.6","34.9666666","143.0","2003-06-17","  51.9","010000","999.9","  59.2","  53.6"," 21.4"," 1.14","1005.4","999.9","988.2","  56.0","  4.8"," 12.5"
"34504099999","48.6","34.9666666","143.0","2003-06-18","  46.2","000000","999.9","  70.5","  47.3"," 17.5"," 0.00","1014.7","999.9","997.5","  60.5","  6.2"," 11.7"
"34504099999","48.6","34.9666666","143.0","2003-06-19","  43.0","000000","999.9","  74.8","  47.7","  7.8"," 0.00","1016.3","999.9","999.1","  63.3","  6.2","  5.3"
"34504099999","48.6","34.9666666","143.0","2003-06-20","  49.2","000000","999.9","  77.7","  55.4"," 13.6"," 0.00","1011.1","999.9","994.2","  67.9","  6.2","  6.9"
"34504099999","48.6","34.9666666","143.0","2003-06-21","  56.3","010010","999.9","  71.1","  55.8","  9.7"," 0.12","1005.2","999.9","988.1","  59.4","  5.3","  5.8"
"34504099999","48.6","34.9666666","143.0","2003-06-22","  48.5","000000","999.9","  71.6","  48.4"," 13.6"," 0.00","1007.2","999.9","990.0","  60.8","  6.2","  8.7"
"34504099999","48.6","34.9666666","143.0","2003-06-23","  49.2","010000","999.9","  70.2","  48.4"," 15.5"," 0.24","1010.9","999.9","993.6","  58.5","  6.2","  9.7"
"34504099999","48.6","34.9666666","143.0","2003-06-24","  48.4","000000","999.9","  75.6","  49.1"," 11.7"," 0.00","1014.7","999.9","997.6","  65.2","  6.2","  7.3"
"34504099999","48.6","34.9666666","143.0","2003-06-25","  54.3","010000","999.9","  79.0","  61.5"," 13.6"," 0.08","1010.3","999.9","993.3","  67.2","  6.2","  8.0"
"34504099999","48.6","34.9666666","143.0","2003-06-26","  54.2","010010","999.9","  67.1","  55.8","  9.7"," 0.20","1005.3","999.9","988.2","  60.9","  5.7","  6.9"
"34504099999","48.6","34.9666666","143.0","2003-06-27","  54.4","100000","999.9","  75.0","  50.9"," 11.7"," 0.00","1006.8","999.9","989.8","  64.8","  5.3","  8.9"
"34504099999","48.6","34.9666666","143.0","2003-06-28","  54.2","000000","999.9","  74.7","  52.2"," 11.7"," 0.02","1009.5","999.9","992.4","  63.7","  6.2","  6.4"
"34504099999","48.6","34.9666666","143.0","2003-06-29","  55.5","000010","999.9","  77.9","  54.9"," 15.5"," 0.08","1010.7","999.9","993.6","  63.4","  6.2","  6.6"
"34504099999","48.6","34.9666666","143.0","2003-06-30","  52.7","000000","999.9","  78.8","  52.2"," 11.7"," 0.00","1010.0","999.9","993.0","  66.5","  5.7","  5.8"
"34504099999","48.6","34.9666666","143.0","2003-07-01","  57.0","010000","999.9","  69.3","  58.1","  7.8"," 0.28","1006.1","999.9","989.1","  62.7","  5.0","  3.9"
"34504099999","48.6","34.9666666","143.0","2003-07-02","  59.3","100000","999.9","  77.0","  56.7","  7.8"," 0.00","1007.5","999.9","990.6","  66.9","  4.3","  3.2"
"34504099999","48.6","34.9666666","143.0","2003-07-03","  64.8","000000","999.9","  83.5","  64.6","  7.8"," 0.00","1011.4","999.9","994.7","  73.6","  5.3","  4.9"
"34504099999","48.6","34.9666666","143.0","2003-07-04","  64.2","010010","999.9","  80.1","  63.0"," 15.5"," 0.51","1011.1","999.9","994.2","  68.2","  4.8","  8.4"
"34504099999","48.6","34.9666666","143.0","2003-07-05","  65.9","000010","999.9","  81.5","  64.8","  9.7"," 0.04","1004.7","999.9","988.1","  72.9","  5.7","  4.4"
"34504099999","48.6","34.9666666","143.0","2003-07-06","  65.0","110010","999.9","  78.4","  62.6","  9.7"," 0.39","1003.7","999.9","986.8","  67.0","  3.8","  4.4"
"34504099999","48.6","34.9666666","143.0","2003-07-07","  60.9","010000","999.9","  74.8","  62.4"," 11.7"," 0.24","1003.7","999.9","986.8","  66.9","  4.6","  8.1"
"34504099999","48.6","34.9666666","143.0","2003-07-08","  57.4","000010","999.9","  76.1","  57.4"," 15.5"," 0.00","1002.0","999.9","985.2","  66.9","  6.2","  8.5"
"34504099999","48.6","34.9666666","143.0","2003-07-09","  59.3","010000","999.9","  66.7","  59.0"," 11.7"," 0.24","1001.4","999.9","984.4","  62.0","  6.2","  7.5"
"34504099999","48.6","34.9666666","143.0","2003-07-10","  60.9","010000","999.9","  73.8","  58.1","  9.7"," 0.28","1004.8","999.9","987.9","  66.7","  4.5","  7.8"
"34504099999","48.6","34.9666666","143.0","2003-07-11","  57.3","010000","999.9","  77.2","  61.3"," 13.6"," 0.00","1010.0","999.9","993.1","  68.7","  5.5","  7.8"
"34504099999","48.6","34.9666666","143.0","2003-07-12","  59.5","010010","999.9","  79.2","  58.8"," 11.7"," 0.01","1010.9","999.9","993.9","  67.5","  5.7","  4.9"
"34504099999","48.6","34.9666666","143.0","2003-07-13","  61.2","010010","999.9","  78.3","  59.9","  7.8"," 0.59","1011.2","999.9","994.2","  65.5","  4.6","  2.8"
"34504099999","48.6","34.9666666","143.0","2003-07-14","  58.3","000000","999.9","  80.8","  58.6","  5.8"," 0.00","1012.4","999.9","995.5","  71.3","  5.7","  4.4"
"34504099999","48.6","34.9666666","143.0","2003-07-15","  62.7","000010","999.9","  75.7","  61.3","  7.8"," 0.28","1012.1","999.9","995.1","  67.9","  4.8","  3.9"
"34504099999","48.6","34.9666666","143.0","2003-07-16","  61.2","110010","999.9","  74.8","  59.9"," 13.6"," 0.24","1010.4","999.9","993.3","  65.3","  3.8","  4.4"
"34504099999","48.6","34.9666666","143.0","2003-07-17","  60.8","100010","999.9","  76.8","  58.5","  7.8"," 0.00","1010.6","999.9","993.7","  67.1","  3.9","  4.1"
"34504099999","48.6","34.9666666","143.0","2003-07-18","  62.9","000010","999.9","  71.1","  62.4"," 13.6"," 0.08","1012.8","999.9","995.8","  66.7","  4.7","  9.7"
"34504099999","48.6","34.9666666","143.0","2003-07-19","  59.6","000000","999.9","  81.0","  59.4"," 11.7"," 0.00","1015.4","999.9","998.5","  72.1","  5.7","  8.3"
"34504099999","48.6","34.9666666","143.0","2003-07-20","  61.1","000000","999.9","  82.9","  61.0","  7.8"," 0.00","1016.4","999.9","999.5","  72.2","  5.3","  3.2"
"34504099999","48.6","34.9666666","143.0","2003-07-21","  62.8","000010","999.9","  84.2","  61.7"," 11.7"," 0.03","1017.9","999.9","001.1","  72.1","  5.3","  5.8"
"34504099999","48.6","34.9666666","143.0","2003-07-22","  61.6","000010","999.9","  82.8","  60.8"," 11.7"," 0.00","1019.2","999.9","002.2","  71.2","  5.3","  7.8"
"34504099999","48.6","34.9666666","143.0","2003-07-23","  60.6","010000","999.9","  81.5","  59.5"," 11.7"," 0.00","1017.9","999.9","000.9","  69.7","  5.7","  7.8"
"34504099999","48.6","34.9666666","143.0","2003-07-24","  59.2","000000","999.9","  81.3","  62.4"," 13.6"," 0.00","1016.7","999.9","999.8","  71.1","  5.3","  8.7"
"34504099999","48.6","34.9666666","143.0","2003-07-25","  59.4","000000","999.9","  81.7","  59.0","  9.7"," 0.00","1016.5","999.9","999.6","  70.4","  6.2","  5.8"
"34504099999","48.6","34.9666666","143.0","2003-07-26","  58.7","000000","999.9","  83.1","  63.1"," 13.6"," 0.00","1014.4","999.9","997.5","  72.5","  6.2","  9.7"
"34504099999","48.6","34.9666666","143.0","2003-07-27","  62.1","010010","999.9","  84.6","  61.3"," 13.6"," 0.12","1015.6","999.9","998.6","  67.1","  5.7","  8.0"
"34504099999","48.6","34.9666666","143.0","2003-07-28","  61.9","000000","999.9","  80.2","  61.7"," 15.5"," 0.00","1015.6","999.9","998.7","  70.5","  6.2"," 11.2"
"34504099999","48.6","34.9666666","143.0","2003-07-29","  61.6","010000","999.9","  78.8","  65.3"," 15.5"," 0.02","1014.3","999.9","997.4","  71.8","  6.2"," 13.3"
"34504099999","48.6","34.9666666","143.0","2003-07-30","  60.4","000000","999.9","  89.2","  70.0"," 15.5"," 0.00","1012.3","999.9","995.6","  78.8","  6.2","  9.7"
"34504099999","48.6","34.9666666","143.0","2003-07-31","  63.1","000000","999.9","  87.8","  63.1","  9.7"," 0.47","1011.4","999.9","994.5","  71.3","  6.2","  7.8"
"34504099999","48.6","34.9666666","143.0","2003-08-01","  63.9","010000","999.9","  80.6","  63.7"," 11.7"," 0.02","1014.1","999.9","997.1","  69.5","  4.6","  8.9"
"34504099999","48.6","34.9666666","143.0","2003-08-02","  65.3","010010","999.9","  84.9","  61.0","  7.8"," 0.08","1017.6","999.9","000.6","  69.0","  4.3","  5.5"
"34504099999","48.6","34.9666666","143.0","2003-08-03","  66.4","000010","999.9","  82.0","  64.6","  7.8"," 0.07","1016.8","999.9","999.8","  71.2","  3.5","  4.5"
"34504099999","48.6","34.9666666","143.0","2003-08-04","  63.0","010010","999.9","  72.5","  62.6"," 11.7"," 0.03","1016.0","999.9","998.9","  65.6","  4.1","  8.3"
"34504099999","48.6","34.9666666","143.0","2003-08-05","  63.2","000010","999.9","  81.7","  63.3"," 13.6"," 0.01","1013.9","999.9","997.0","  71.7","  5.7","  8.9"
"34504099999","48.6","34.9666666","143.0","2003-08-06","  60.8","000000","999.9","  86.0","  59.9"," 11.7"," 0.00","1013.8","999.9","996.9","  73.6","  5.7","  6.9"
"34504099999","48.6","34.9666666","143.0","2003-08-07","  50.3","000000","999.9","  79.9","  57.9"," 11.7"," 0.00","1016.3","999.9","999.3","  69.0","  6.2","  7.3"
"34504099999","48.6","34.9666666","143.0","2003-08-08","  54.6","000000","999.9","  79.2","  55.9","  5.8"," 0.00","1016.5","999.9","999.5","  68.3","  6.2","  4.1"
"34504099999","48.6","34.9666666","143.0","2003-08-09","  54.3","000000","999.9","  81.0","  56.8","  9.7"," 0.00","1014.5","999.9","997.5","  69.3","  5.3","  4.9"
"34504099999","48.6","34.9666666","143.0","2003-08-10","  54.2","010000","999.9","  83.5","  55.9"," 11.7"," 0.00","1011.1","999.9","994.2","  68.4","  5.7","  5.8"
"34504099999","48.6","34.9666666","143.0","2003-08-11","  54.3","010000","999.9","  71.4","  55.4"," 11.7"," 0.55","1008.7","999.9","991.5","  61.2","  4.7","  7.1"
"34504099999","48.6","34.9666666","143.0","2003-08-12","  51.2","000000","999.9","  68.9","  52.3"," 13.6"," 0.00","1009.1","999.9","991.8","  57.5","  5.7"," 10.5"
"34504099999","48.6","34.9666666","143.0","2003-08-13","  53.8","010000","999.9","  73.4","  55.4"," 17.5"," 0.24","1008.9","999.9","991.9","  64.0","  5.7"," 12.2"
"34504099999","48.6","34.9666666","143.0","2003-08-14","  55.5","000000","999.9","  80.2","  54.0"," 13.6"," 0.00","1010.6","999.9","993.6","  67.2","  6.2","  7.0"
"34504099999","48.6","34.9666666","143.0","2003-08-15","  59.2","000000","999.9","  86.5","  57.6","  5.8"," 0.00","1012.8","999.9","996.0","  75.4","  6.2","  4.2"
"34504099999","48.6","34.9666666","143.0","2003-08-16","  60.7","000000","999.9","  80.1","  62.6","  9.7"," 0.00","1014.1","999.9","997.1","  70.0","  6.2","  7.8"
"34504099999","48.6","34.9666666","143.0","2003-08-17","  53.5","000000","999.9","  81.3","  55.9","  5.8"," 0.00","1018.6","999.9","001.6","  69.1","  6.2","  3.9"
"34504099999","48.6","34.9666666","143.0","2003-08-18","  53.2","000000","999.9","  82.6","  56.1","  9.7"," 0.00","1020.3","999.9","003.2","  68.1","  6.2","  4.4"
"34504099999","48.6","34.9666666","143.0","2003-08-19","  53.2","000000","999.9","  84.2","  57.2","  3.9"," 0.00","1019.3","999.9","002.3","  71.5","  5.3","  3.4"
"34504099999","48.6","34.9666666","143.0","2003-08-20","  57.1","000000","999.9","  82.0","  59.7","  7.8"," 0.00","1014.8","999.9","997.9","  72.5","  6.2","  6.3"
"34504099999","48.6","34.9666666","143.0","2003-08-21","  59.2","000000","999.9","  81.0","  61.3","  9.7"," 0.00","1013.7","999.9","996.7","  69.4","  6.2","  7.0"
"34504099999","48.6","34.9666666","143.0","2003-08-22","  54.7","000000","999.9","  81.0","  57.2","  7.8"," 0.00","1015.5","999.9","998.5","  68.8","  6.2","  5.3"
"34504099999","48.6","34.9666666","143.0","2003-08-23","  53.2","000000","999.9","  82.9","  57.9","  5.8"," 0.00","1014.2","999.9","997.3","  71.7","  6.2","  3.3"
"34504099999","48.6","34.9666666","143.0","2003-08-24","  61.6","010010","999.9","  79.0","  61.7","  5.8"," 0.12","1008.9","999.9","991.9","  66.3","  5.7","  4.2"
"34504099999","48.6","34.9666666","143.0","2003-08-25","  54.3","010000","999.9","  76.1","  53.8"," 11.7"," 0.00","1008.7","999.9","991.7","  64.5","  5.3","  6.8"
"34504099999","48.6","34.9666666","143.0","2003-08-26","  54.1","000000","999.9","  77.5","  56.5","  7.8"," 0.01","1008.9","999.9","991.9","  66.6","  6.2","  5.8"
"34504099999","48.6","34.9666666","143.0","2003-08-27","  51.0","000000","999.9","  82.0","  54.9"," 11.7"," 0.00","1010.3","999.9","993.3","  68.2","  6.2","  6.3"
"34504099999","48.6","34.9666666","143.0","2003-08-28","  58.4","000000","999.9","  83.8","  61.5"," 15.5"," 0.08","1010.9","999.9","994.0","  68.1","  6.2","  7.5"
"34504099999","48.6","34.9666666","143.0","2003-08-29","  49.1","000000","999.9","  79.3","  53.8","  7.8"," 0.00","1018.6","999.9","001.5","  65.9","  6.2","  5.8"
"34504099999","48.6","34.9666666","143.0","2003-08-30","  53.3","000000","999.9","  86.5","  59.7"," 17.5"," 0.00","1014.5","999.9","997.7","  74.4","  6.2"," 10.9"
"34504099999","48.6","34.9666666","143.0","2003-08-31","  62.6","000010","999.9","  88.7","  67.1","  7.8"," 0.00","1009.4","999.9","992.7","  76.5","  6.2","  6.1"
"34504099999","48.6","34.9666666","143.0","2003-09-01","  62.6","000010","999.9","  82.9","  60.3"," 19.4"," 0.24","1004.8","999.9","988.1","  71.2","  5.6"," 12.6"
"34504099999","48.6","34.9666666","143.0","2003-09-02","  49.4","000000","999.9","  72.3","  53.4"," 15.5"," 0.00","1013.8","999.9","996.5","  60.4","  6.2","  8.7"
"34504099999","48.6","34.9666666","143.0","2003-09-03","  51.6","010000","999.9","  73.4","  49.3","  9.7"," 0.02","1016.6","999.9","999.3","  59.4","  4.9","  4.6"
"34504099999","48.6","34.9666666","143.0","2003-09-04","  46.1","100000","999.9","  65.8","  46.8"," 11.7"," 0.00","1017.8","999.9","000.3","  54.6","  5.0","  7.8"
"34504099999","48.6","34.9666666","143.0","2003-09-05","  41.8","000000","999.9","  64.4","  40.3"," 11.7"," 0.00","1018.4","999.9","000.8","  52.5","  6.2","  7.5"
"34504099999","48.6","34.9666666","143.0","2003-09-06","  46.6","000000","999.9","  63.0","  44.1","  9.7"," 0.00","1019.2","999.9","001.7","  54.1","  5.7","  7.0"
"34504099999","48.6","34.9666666","143.0","2003-09-07","  45.5","000000","999.9","  64.9","  45.0","  9.7"," 0.00","1020.2","999.9","002.5","  51.9","  6.2","  6.4"
"34504099999","48.6","34.9666666","143.0","2003-09-08","  43.4","000000","999.9","  69.1","  43.3"," 19.4"," 0.00","1014.1","999.9","996.7","  56.0","  6.2"," 11.9"
"34504099999","48.6","34.9666666","143.0","2003-09-09","  46.1","000000","999.9","  63.7","  47.5"," 11.7"," 0.00","1011.2","999.9","993.8","  55.3","  6.2","  7.8"
"34504099999","48.6","34.9666666","143.0","2003-09-10","  46.5","000000","999.9","  66.7","  48.9","  9.7"," 0.00","1017.4","999.9","000.0","  56.5","  6.2","  6.6"
"34504099999","48.6","34.9666666","143.0","2003-09-11","  43.0","000000","999.9","  63.0","  44.8"," 15.5"," 0.00","1019.5","999.9","001.9","  53.1","  5.3"," 10.7"
"34504099999","48.6","34.9666666","143.0","2003-09-12","  40.7","000000","999.9","  68.0","  44.8"," 17.5"," 0.00","1019.2","999.9","001.6","  54.2","  6.2"," 12.8"
"34504099999","48.6","34.9666666","143.0","2003-09-13","  38.6","000000","999.9","  73.0","  46.9"," 17.5"," 0.00","1021.7","999.9","004.3","  58.5","  6.2"," 13.8"
"34504099999","48.6","34.9666666","143.0","2003-09-14","  43.7","000000","999.9","  76.3","  49.3"," 21.4"," 0.00","1023.8","999.9","006.5","  63.0","  6.2"," 14.4"
"34504099999","48.6","34.9666666","143.0","2003-09-15","  43.3","000000","999.9","  77.0","  48.6"," 13.6"," 0.00","1024.5","999.9","007.1","  61.6","  6.2"," 10.2"
"34504099999","48.6","34.9666666","143.0","2003-09-16","  47.6","000000","999.9","  68.9","  51.6","  9.7"," 0.00","1020.9","999.9","003.5","  60.1","  6.2","  7.3"
"34504099999","48.6","34.9666666","143.0","2003-09-17","  50.0","000000","999.9","  72.9","  56.1","  5.8"," 0.00","1015.4","999.9","998.2","  63.6","  6.2","  5.3"
"34504099999","48.6","34.9666666","143.0","2003-09-18","  50.7","010000","999.9","  72.0","  49.3"," 13.6"," 0.02","1017.3","999.9","000.0","  58.9","  5.3","  7.5"
"34504099999","48.6","34.9666666","143.0","2003-09-19","  53.4","000000","999.9","  72.0","  49.5"," 11.7"," 0.00","1023.9","999.9","006.5","  59.5","  4.1","  6.8"
"34504099999","48.6","34.9666666","143.0","2003-09-20","  46.3","100000","999.9","  75.9","  47.8"," 13.6"," 0.00","1024.2","999.9","006.9","  62.8","  5.3","  6.1"
"34504099999","48.6","34.9666666","143.0","2003-09-21","  37.8","000000","999.9","  67.1","  45.3"," 13.6"," 0.00","1027.0","999.9","009.4","  58.0","  6.2","  9.2"
"34504099999","48.6","34.9666666","143.0","2003-09-22","  41.8","000000","999.9","  71.1","  43.7","  9.7"," 0.00","1026.7","999.9","009.1","  58.0","  6.2","  7.5"
"34504099999","48.6","34.9666666","143.0","2003-09-23","  45.6","000000","999.9","  76.1","  47.7","  7.8"," 0.00","1022.7","999.9","005.3","  61.2","  5.7","  4.6"
"34504099999","48.6","34.9666666","143.0","2003-09-24","  46.7","000000","999.9","  76.5","  49.6","  7.8"," 0.00","1022.2","999.9","004.8","  62.3","  6.2","  6.3"
"34504099999","48.6","34.9666666","143.0","2003-09-25","  46.2","000000","999.9","  78.4","  50.0","  9.7"," 0.00","1023.3","999.9","005.9","  62.4","  6.2","  7.0"
"34504099999","48.6","34.9666666","143.0","2003-09-26","  46.4","000000","999.9","  76.5","  50.0","  9.7"," 0.00","1024.0","999.9","006.6","  61.4","  5.1","  7.8"
"34504099999","48.6","34.9666666","143.0","2003-09-27","  45.7","000000","999.9","  76.5","  50.4","  9.7"," 0.00","1019.4","999.9","002.1","  63.0","  6.2","  6.6"
"34504099999","48.6","34.9666666","143.0","2003-09-28","  44.3","000000","999.9","  71.8","  48.9","  7.8"," 0.00","1017.4","999.9","000.0","  58.5","  5.7","  4.4"
"34504099999","48.6","34.9666666","143.0","2003-09-29","  44.6","000000","999.9","  74.7","  47.5","  5.8"," 0.00","1018.4","999.9","001.1","  60.9","  5.1","  2.4"
"34504099999","48.6","34.9666666","143.0","2003-09-30","  43.7","000000","999.9","  73.9","  49.5","  9.7"," 0.00","1019.1","999.9","001.8","  60.5","  5.7","  6.3"
"34504099999","48.6","34.9666666","143.0","2003-10-01","  44.5","000000","999.9","  75.7","  48.9","  5.8"," 0.00","1018.8","999.9","001.5","  61.7","  6.2","  5.3"
"34504099999","48.6","34.9666666","143.0","2003-10-02","  40.2","000000","999.9","  74.8","  49.3"," 11.7"," 0.00","1018.5","999.9","001.2","  62.2","  6.2","  7.0"
"34504099999","48.6","34.9666666","143.0","2003-10-03","  44.0","000000","999.9","  70.3","  46.8","  9.7"," 0.00","1013.7","999.9","996.4","  59.4","  5.7","  6.1"
"34504099999","48.6","34.9666666","143.0","2003-10-04","  58.1","110000","999.9","  66.0","  53.6","  9.7"," 0.40","1009.4","999.9","992.2","  60.0","  1.0","  5.6"
"34504099999","48.6","34.9666666","143.0","2003-10-05","  58.2","000000","999.9","  70.7","  58.5"," 11.7"," 0.01","1007.8","999.9","990.7","  63.9","  5.0","  7.8"
"34504099999","48.6","34.9666666","143.0","2003-10-06","  60.2","110000","999.9","  78.8","  59.7"," 15.5"," 0.00","1003.3","999.9","986.5","  67.3","  3.6"," 10.0"
"34504099999","48.6","34.9666666","143.0","2003-10-07","  41.0","000000","999.9","  60.8","  46.6"," 17.5"," 0.20","1013.4","999.9","996.0","  53.0","  6.2"," 10.8"
"34504099999","48.6","34.9666666","143.0","2003-10-08","  44.8","000000","999.9","  66.9","  43.0"," 11.7"," 0.00","1009.1","999.9","991.8","  55.6","  6.2","  8.0"
"34504099999","48.6","34.9666666","143.0","2003-10-09","  52.1","110010"," 42.7","  69.8","  46.4"," 38.9"," 0.00"," 998.1","999.9","980.9","  55.1","  4.2"," 18.3"
"34504099999","48.6","34.9666666","143.0","2003-10-10","  39.4","000000"," 44.7","  59.9","  41.7"," 35.0"," 0.00","1011.8","999.9","994.3","  49.8","  6.2"," 17.5"
"34504099999","48.6","34.9666666","143.0","2003-10-11","  40.2","000000","999.9","  62.1","  38.5","  9.7"," 0.00","1020.7","999.9","002.9","  50.2","  5.7","  5.3"
"34504099999","48.6","34.9666666","143.0","2003-10-12","  46.2","000000","999.9","  63.0","  47.1","  9.7"," 0.00","1018.1","999.9","000.6","  55.6","  6.2","  6.7"
"34504099999","48.6","34.9666666","143.0","2003-10-13","  45.0","010000","999.9","  57.6","  43.0","  5.8"," 0.08","1018.5","999.9","000.8","  48.4","  5.5","  5.0"
"34504099999","48.6","34.9666666","143.0","2003-10-14","  36.0","000000","999.9","  55.9","  38.1","  9.7"," 0.00","1024.3","999.9","006.4","  45.5","  4.7","  4.1"
"34504099999","48.6","34.9666666","143.0","2003-10-15","  36.0","000000","999.9","  53.6","  35.8","  9.7"," 0.00","1026.8","999.9","008.7","  43.2","  5.3","  4.9"
"34504099999","48.6","34.9666666","143.0","2003-10-16","  35.3","100000","999.9","  54.5","  31.1","  7.8"," 0.00","1026.6","999.9","008.5","  42.5","  4.2","  4.4"
"34504099999","48.6","34.9666666","143.0","2003-10-17","  35.6","100000","999.9","  53.8","  32.4"," 11.7"," 0.00","1027.9","999.9","009.7","  41.3","  5.1","  8.5"
"34504099999","48.6","34.9666666","143.0","2003-10-18","  33.0","000000","999.9","  48.4","  33.1"," 11.7"," 0.00","1024.6","999.9","006.4","  39.1","  5.7","  8.5"
"34504099999","48.6","34.9666666","143.0","2003-10-19","  32.4","000000","999.9","  46.9","  30.0","  9.7"," 0.00","1023.0","999.9","004.8","  38.6","  4.8","  3.2"
"34504099999","48.6","34.9666666","143.0","2003-10-20","  36.5","000000","999.9","  50.9","  34.3","  9.7"," 0.00","1017.4","999.9","999.5","  43.9","  5.3","  6.6"
"34504099999","48.6","34.9666666","143.0","2003-10-21","  50.6","010000","999.9","  58.6","  45.5"," 11.7"," 0.03","1006.2","999.9","988.9","  53.8","  2.1"," 10.0"
"34504099999","48.6","34.9666666","143.0","2003-10-22","  50.2","010000","999.9","  63.0","  52.5","  9.7"," 0.02","1009.5","999.9","992.2","  56.1","  3.7","  7.1"
"34504099999","48.6","34.9666666","143.0","2003-10-23","  44.5","010000","999.9","  48.2","  41.5"," 13.6"," 0.28","1006.2","999.9","988.5","  45.3","  1.7"," 11.3"
"34504099999","48.6","34.9666666","143.0","2003-10-24","  39.0","010000","999.9","  43.3","  36.3"," 13.6"," 0.03","1008.8","999.9","991.0","  41.2","  4.0","  6.2"
"34504099999","48.6","34.9666666","143.0","2003-10-25","  24.3","000000","999.9","  40.3","  27.5"," 17.5"," 0.00","1014.9","999.9","996.7","  32.7","  6.2"," 10.9"
"34504099999","48.6","34.9666666","143.0","2003-10-26","  24.6","000000","999.9","  43.5","  23.4"," 15.5"," 0.00","1013.3","999.9","995.1","  32.0","  6.2","  9.7"
"34504099999","48.6","34.9666666","143.0","2003-10-27","  28.9","101000","999.9","  37.9","  23.4","  7.8"," 0.04","1012.8","999.9","994.6","  31.1","  1.9","  5.2"
"34504099999","48.6","34.9666666","143.0","2003-10-28","  24.3","101000","999.9","  36.1","  23.4"," 11.7"," 0.00","1021.4","999.9","002.9","  29.0","  4.4","  7.3"
"34504099999","48.6","34.9666666","143.0","2003-10-29","  21.3","000000","999.9","  41.9","  21.0","  5.8"," 0.00","1025.9","999.9","007.4","  30.0","  6.2","  2.9"
"34504099999","48.6","34.9666666","143.0","2003-10-30","  22.1","000000","999.9","  47.5","  27.1"," 11.7"," 0.00","1018.3","999.9","000.0","  35.5","  5.7","  9.5"
"34504099999","48.6","34.9666666","143.0","2003-10-31","  30.5","110000","999.9","  39.4","  30.6"," 15.5"," 0.20","1011.1","999.9","993.1","  35.3","  4.3"," 11.4"
"34504099999","48.6","34.9666666","143.0","2003-11-01","  39.4","100000","999.9","  44.2","  36.3","  9.7"," 0.00","1013.2","999.9","995.3","  41.1","  2.2","  5.6"
"34504099999","48.6","34.9666666","143.0","2003-11-02","  36.9","000000","999.9","  41.7","  37.9","  9.7"," 0.00","1022.2","999.9","004.1","  40.1","  2.8","  5.6"
"34504099999","48.6","34.9666666","143.0","2003-11-03","  40.4","000000","999.9","  52.7","  38.7"," 15.5"," 0.00","1022.5","999.9","004.6","  44.8","  3.9"," 10.9"
"34504099999","48.6","34.9666666","143.0","2003-11-04","  45.9","110000","999.9","  48.7","  43.3","  5.8"," 0.02","1024.5","999.9","006.6","  46.2","  0.4","  3.3"
"34504099999","48.6","34.9666666","143.0","2003-11-05","  42.4","110000","999.9","  45.9","  41.2"," 11.7"," 0.04","1027.2","999.9","009.1","  43.6","  1.9"," 10.2"
"34504099999","48.6","34.9666666","143.0","2003-11-06","  38.8","010000","999.9","  42.1","  37.8"," 17.5"," 0.33","1032.3","999.9","014.0","  40.1","  1.3"," 15.2"
"34504099999","48.6","34.9666666","143.0","2003-11-07","  33.3","000000","999.9","  50.7","  35.1"," 17.5"," 0.00","1035.2","999.9","016.9","  40.6","  5.1"," 13.6"
"34504099999","48.6","34.9666666","143.0","2003-11-08","  32.5","110000","999.9","  46.0","  30.6"," 15.5"," 0.00","1027.8","999.9","009.4","  35.2","  2.7","  9.2"
"34504099999","48.6","34.9666666","143.0","2003-11-09","  34.2","010000","999.9","  42.3","  35.6"," 15.5"," 0.04","1022.4","999.9","004.2","  38.9","  5.0"," 12.6"
"34504099999","48.6","34.9666666","143.0","2003-11-10","  27.9","011000","999.9","  36.5","  32.7"," 15.5"," 0.00","1029.8","999.9","011.4","  34.1","  5.0"," 13.9"
"34504099999","48.6","34.9666666","143.0","2003-11-11","  27.7","000000","999.9","  34.9","  31.3"," 17.5"," 0.00","1029.1","999.9","010.6","  33.3","  6.2"," 15.1"
"34504099999","48.6","34.9666666","143.0","2003-11-12","  27.0","100000","999.9","  39.2","  27.3"," 13.6"," 0.00","1028.4","999.9","009.9","  30.9","  5.0"," 10.0"
"34504099999","48.6","34.9666666","143.0","2003-11-13","  27.9","100000","999.9","  30.2","  26.6","  7.8"," 0.00","1029.2","999.9","010.6","  28.8","  1.4","  5.1"
"34504099999","48.6","34.9666666","143.0","2003-11-14","  26.3","000000","999.9","  30.0","  27.1","  7.8"," 0.00","1033.2","999.9","014.5","  28.8","  4.1","  4.4"
"34504099999","48.6","34.9666666","143.0","2003-11-15","  27.9","000000","999.9","  34.0","  27.9","  5.8"," 0.00","1031.1","999.9","012.5","  31.5","  2.5","  2.9"
"34504099999","48.6","34.9666666","143.0","2003-11-16","  32.8","110000","999.9","  36.5","  30.9","  7.8"," 0.00","1025.7","999.9","007.3","  34.0","  1.1","  4.2"
"34504099999","48.6","34.9666666","143.0","2003-11-17","  31.5","011000","999.9","  37.0","  31.6"," 15.5"," 0.01","1025.4","999.9","007.0","  34.2","  1.9","  2.3"
"34504099999","48.6","34.9666666","143.0","2003-11-18","  37.9","010000","999.9","  42.1","  30.6"," 15.5"," 0.28","1013.0","999.9","995.0","  39.2","  4.1","  7.4"
"34504099999","48.6","34.9666666","143.0","2003-11-19","  34.4","010000","999.9","  42.1","  34.7"," 13.6"," 0.00","1012.9","999.9","999.9","  37.5","  5.7","  7.5"
"34504099999","48.6","34.9666666","143.0","2003-11-20","  42.3","010000","999.9","  50.2","  33.6"," 19.4"," 0.20","1003.1","999.9","999.9","  44.3","  4.8"," 14.2"
"34504099999","48.6","34.9666666","143.0","2003-11-21","  32.7","000000","999.9","  41.2","  33.4"," 17.5"," 0.01","1022.5","999.9","004.3","  38.4","  6.2","  8.9"
"34504099999","48.6","34.9666666","143.0","2003-11-22","  37.0","000000","999.9","  44.4","  31.8"," 13.6"," 0.00","1023.0","999.9","004.8","  38.9","  4.3","  8.9"
"34504099999","48.6","34.9666666","143.0","2003-11-23","  42.5","110000","999.9","  46.0","  39.6","  9.7"," 0.00","1021.5","999.9","003.5","  43.2","  1.3","  5.3"
"34504099999","48.6","34.9666666","143.0","2003-11-24","  42.5","110000","999.9","  45.0","  41.7"," 11.7"," 0.00","1022.6","999.9","004.6","  43.4","  1.9","  8.0"
"34504099999","48.6","34.9666666","143.0","2003-11-25","  42.5","010000","999.9","  45.1","  42.4","  7.8"," 0.01","1026.4","999.9","008.3","  44.1","  1.5","  5.3"
"34504099999","48.6","34.9666666","143.0","2003-11-26","  38.1","100000","999.9","  40.8","  35.8","  5.8"," 0.00","1027.9","999.9","009.7","  39.0","  1.1","  2.8"
"34504099999","48.6","34.9666666","143.0","2003-11-27","  34.1","110000","999.9","  38.3","  31.3","  7.8"," 0.00","1026.0","999.9","007.6","  34.6","  0.9","  5.1"
"34504099999","48.6","34.9666666","143.0","2003-11-28","  36.1","010000","999.9","  42.4","  34.0"," 11.7"," 0.00","1026.6","999.9","008.4","  39.5","  2.5","  8.9"
"34504099999","48.6","34.9666666","143.0","2003-11-29","  32.9","000000","999.9","  37.2","  32.4"," 11.7"," 0.00","1029.9","999.9","011.5","  35.8","  2.5"," 11.1"
"34504099999","48.6","34.9666666","143.0","2003-11-30","  33.1","000000","999.9","  38.7","  36.0"," 13.6"," 0.00","1031.0","999.9","012.7","  37.1","  2.5"," 10.4"
"34504099999","48.6","34.9666666","143.0","2003-12-01","  28.6","000000","999.9","  38.3","  26.2"," 13.6"," 0.00","1033.3","999.9","014.7","  32.9","  2.8"," 11.2"
"34504099999","48.6","34.9666666","143.0","2003-12-02","  24.2","000000","999.9","  40.1","  23.7"," 11.7"," 0.00","1034.8","999.9","016.2","  30.9","  4.3","  9.0"
"34504099999","48.6","34.9666666","143.0","2003-12-03","  27.0","100000","999.9","  41.4","  24.1"," 11.7"," 0.00","1033.4","999.9","014.8","  31.8","  3.1","  8.3"
"34504099999","48.6","34.9666666","143.0","2003-12-04","  24.5","100000","999.9","  27.0","  22.5","  5.8"," 0.00","1028.6","999.9","009.7","  24.6","  0.2","  2.4"
"34504099999","48.6","34.9666666","143.0","2003-12-05","  29.0","110000","999.9","  31.5","  25.5","  5.8"," 0.00","1015.1","999.9","996.7","  29.2","  0.4","  4.9"
"34504099999","48.6","34.9666666","143.0","2003-12-06","  34.4","111000","999.9","  38.5","  30.6"," 15.5"," 0.31"," 997.4","999.9","979.5","  35.2","  1.0"," 10.4"
"34504099999","48.6","34.9666666","143.0","2003-12-07","  23.0","001000","999.9","  33.4","  26.6"," 21.4"," 0.06","1010.2","999.9","991.9","  29.4","  5.6"," 14.6"
"34504099999","48.6","34.9666666","143.0","2003-12-08","  23.5","001000","999.9","  31.5","  26.1"," 17.5"," 0.00","1015.2","999.9","996.8","  29.5","  4.8"," 13.9"
"34504099999","48.6","34.9666666","143.0","2003-12-09","  26.1","000000","999.9","  36.9","  30.7"," 15.5"," 0.02","1021.6","  0.4","003.2","  32.8","  6.2"," 13.0"
"34504099999","48.6","34.9666666","143.0","2003-12-10","  19.7","000000","999.9","  33.8","  21.9","  9.7"," 0.00","1037.5","999.9","018.7","  26.9","  5.7","  3.6"
"34504099999","48.6","34.9666666","143.0","2003-12-11","  21.1","000000","999.9","  33.4","  17.8","  9.7"," 0.00","1037.4","999.9","018.5","  25.0","  3.4","  7.0"
"34504099999","48.6","34.9666666","143.0","2003-12-12","  27.2","100000","999.9","  32.7","  24.6","  9.7"," 0.00","1026.4","999.9","007.8","  28.9","  1.9","  7.0"
"34504099999","48.6","34.9666666","143.0","2003-12-13","  31.2","010000","999.9","  34.9","  31.6","  7.8"," 0.00","1023.7","999.9","005.3","  33.2","  2.3","  4.2"
"34504099999","48.6","34.9666666","143.0","2003-12-14","  34.4","100000","999.9","  39.0","  32.0"," 13.6"," 0.00","1012.2","999.9","994.1","  35.3","  0.9"," 10.4"
"34504099999","48.6","34.9666666","143.0","2003-12-15","  38.4","010000","999.9","  42.8","  38.1"," 15.5"," 0.07","1001.4","999.9","983.7","  39.8","  1.6","  9.4"
"34504099999","48.6","34.9666666","143.0","2003-12-16","  32.8","011000","999.9","  36.1","  30.6","  9.7"," 0.70","1002.1","999.9","984.1","  33.3","  1.0","  5.5"
"34504099999","48.6","34.9666666","143.0","2003-12-17","  23.8","000000","999.9","  32.4","  23.7","  7.8"," 0.00","1013.9","  0.4","995.4","  27.3","  4.3","  4.4"
"34504099999","48.6","34.9666666","143.0","2003-12-18","  22.3","001000","999.9","  28.4","  22.1"," 11.7"," 0.00","1016.8","  0.4","998.2","  25.5","  4.1","  7.8"
"34504099999","48.6","34.9666666","143.0","2003-12-19","  27.9","100000","999.9","  35.8","  24.8","  7.8"," 0.02","1020.4","  0.4","002.0","  30.5","  2.7","  3.6"
"34504099999","48.6","34.9666666","143.0","2003-12-20","  27.4","001000","999.9","  31.3","  24.6","  7.8"," 0.02","1023.5","999.9","005.0","  28.8","  2.1","  4.5"
"34504099999","48.6","34.9666666","143.0","2003-12-21","  31.2","110000","999.9","  33.3","  30.2","  7.8"," 0.02","1021.1","999.9","002.7","  32.2","  1.2","  6.9"
"34504099999","48.6","34.9666666","143.0","2003-12-22","  38.7","100000","999.9","  44.8","  31.6"," 15.5"," 0.00","1014.5","999.9","996.6","  40.9","  4.3"," 13.1"
"34504099999","48.6","34.9666666","143.0","2003-12-23","  39.6","010000","999.9","  46.0","  40.8"," 15.5"," 0.00","1014.7","999.9","996.9","  42.9","  5.7"," 11.9"
"34504099999","48.6","34.9666666","143.0","2003-12-24","  27.3","111000","999.9","  35.6","  24.6"," 17.5"," 0.08","1028.3","999.9","009.7","  29.0","  2.7"," 12.9"
"34504099999","48.6","34.9666666","143.0","2003-12-25","  19.9","001000","999.9","  25.9","  23.2"," 13.6"," 0.04","1031.5","  1.6","012.7","  24.4","  6.2"," 10.5"
"34504099999","48.6","34.9666666","143.0","2003-12-26","  26.7","110000","999.9","  30.2","  24.3","  9.7"," 0.01","1022.4","  1.6","003.8","  27.6","  1.4","  6.4"
"34504099999","48.6","34.9666666","143.0","2003-12-27","  27.2","001000","999.9","  31.3","  28.8","  7.8"," 0.00","1021.3","  1.2","002.8","  29.4","  2.3","  2.2"
"34504099999","48.6","34.9666666","143.0","2003-12-28","  29.4","011000","999.9","  33.3","  29.3","  9.7"," 0.00","1025.7","  0.8","007.2","  31.4","  3.6","  6.9"
"34504099999","48.6","34.9666666","143.0","2003-12-29","  31.1","100000","999.9","  33.1","  28.8","  9.7"," 0.00","1031.0","  0.4","012.4","  31.4","  1.8","  6.9"
"34504099999","48.6","34.9666666","143.0","2003-12-30","  31.3","100000","999.9","  39.9","  29.7"," 11.7"," 0.00","1031.8","999.9","013.3","  32.7","  3.1","  9.4"
"34504099999","48.6","34.9666666","143.0","2003-12-31","  27.1","100000","999.9","  30.4","  24.6","  9.7"," 0.00","1027.7","999.9","009.0","  27.4","  0.7","  6.7"
"34504099999","48.6","34.9666666","143.0","2004-01-01","  26.3","000000","999.9","  27.7","  26.2","  3.9"," 0.00","1019.2","999.9","999.9","  26.9","  3.3","  3.6"
"34504099999","48.6","34.9666666","143.0","2004-01-02","  29.1","100000","999.9","  32.5","  26.1","  7.8"," 0.00","1013.2","999.9","999.9","  30.0","  2.0","  5.8"
"34504099999","48.6","34.9666666","143.0","2004-01-03","  31.1","111000","999.9","  33.8","  28.4","  7.8"," 0.02","1012.3","999.9","999.9","  31.5","  1.1","  3.9"
"34504099999","48.6","34.9666666","143.0","2004-01-04","  19.5","001000","999.9","  23.5","  21.2"," 13.6"," 0.04","1014.5","  0.4","999.9","  22.0","  5.0"," 11.9"
"34504099999","48.6","34.9666666","143.0","2004-01-05","  19.3","001000","999.9","  22.6","  18.9"," 11.7"," 0.04","1011.6","  0.8","999.9","  20.8","  2.3"," 11.7"
"34504099999","48.6","34.9666666","143.0","2004-01-06","  17.7","001000","999.9","  24.4","  16.9"," 11.7"," 0.02","1013.8","  0.8","999.9","  20.8","  5.0"," 10.0"
"34504099999","48.6","34.9666666","143.0","2004-01-07","  22.9","001000","999.9","  32.2","  14.4"," 19.4"," 0.65","1011.6","999.9","999.9","  24.2","  0.7"," 15.9"
"34504099999","48.6","34.9666666","143.0","2004-01-08","  28.2","011000","999.9","  32.4","  26.2"," 11.7"," 0.08","1015.1","  4.3","999.9","  29.3","  2.2","  8.7"
"34504099999","48.6","34.9666666","143.0","2004-01-09","  23.4","001000","999.9","  27.1","  23.0","  7.8"," 0.04","1018.1","  4.7","999.9","  25.3","  3.6","  3.3"
"34504099999","48.6","34.9666666","143.0","2004-01-10","  27.2","101000","999.9","  30.9","  25.7","  7.8"," 0.00","1020.4","  4.3","001.8","  27.6","  1.1","  5.8"
"34504099999","48.6","34.9666666","143.0","2004-01-11","  23.9","000000","999.9","  28.9","  22.8"," 13.6"," 0.00","1024.2","  4.7","005.4","  25.3","  4.8","  9.5"
"34504099999","48.6","34.9666666","143.0","2004-01-12","  22.7","000000","999.9","  27.0","  21.6"," 15.5"," 0.00","1019.4","  4.7","000.8","  25.3","  6.2","  9.5"
"34504099999","48.6","34.9666666","143.0","2004-01-13","  28.9","110000","999.9","  31.8","  26.4","  9.7"," 0.01","1011.1","  4.3","992.8","  29.3","  1.7","  5.5"
"34504099999","48.6","34.9666666","143.0","2004-01-14","  30.2","011000","999.9","  35.1","  28.4"," 15.5"," 0.02","1003.6","  3.9","985.5","  31.4","  4.0"," 12.9"
"34504099999","48.6","34.9666666","143.0","2004-01-15","  31.3","100000","999.9","  38.5","  30.4","  9.7"," 0.20","1002.1","  2.0","984.1","  33.4","  3.4","  7.2"
"34504099999","48.6","34.9666666","143.0","2004-01-16","  30.4","111000","999.9","  35.8","  29.1"," 17.5"," 0.40","1000.3","  3.9","982.4","  31.5","  2.2"," 11.7"
"34504099999","48.6","34.9666666","143.0","2004-01-17","  25.3","000000","999.9","  34.7","  21.7"," 13.6"," 0.00","1016.3","  2.4","997.9","  29.7","  6.2"," 10.0"
"34504099999","48.6","34.9666666","143.0","2004-01-18","  32.7","010000","999.9","  37.9","  32.2"," 15.5"," 0.01","1014.6","  2.8","996.9","  36.1","  6.2"," 13.6"
"34504099999","48.6","34.9666666","143.0","2004-01-19","  26.6","000000","999.9","  34.9","  25.5"," 11.7"," 0.01","1017.2","  1.2","998.5","  31.1","  5.1","  8.0"
"34504099999","48.6","34.9666666","143.0","2004-01-20","  29.1","011000","999.9","  34.0","  25.0"," 11.7"," 0.16","1005.1","  2.0","986.9","  29.8","  1.9","  6.8"
"34504099999","48.6","34.9666666","143.0","2004-01-21","  30.7","111000","999.9","  34.5","  29.3","  7.8"," 0.11","1001.4","  0.8","983.4","  31.6","  2.0","  5.5"
"34504099999","48.6","34.9666666","143.0","2004-01-22","  23.5","000000","999.9","  28.8","  26.4"," 13.6"," 0.00","1005.1","  0.8","986.9","  27.8","  4.7"," 10.1"
"34504099999","48.6","34.9666666","143.0","2004-01-23","  28.5","010000","999.9","  32.7","  20.8"," 19.4"," 0.71"," 998.7","  4.3","980.6","  29.2","  1.9"," 15.5"
"34504099999","48.6","34.9666666","143.0","2004-01-24","  28.9","001000","999.9","  36.0","  25.3","  9.7"," 0.43","1009.9","  4.7","991.6","  29.8","  3.5","  4.5"
"34504099999","48.6","34.9666666","143.0","2004-01-25","  28.4","001000","999.9","  34.9","  25.3","  5.8"," 0.13","1017.7","  5.1","999.2","  29.2","  1.9","  2.5"
"34504099999","48.6","34.9666666","143.0","2004-01-26","  30.1","111000","999.9","  34.2","  28.8"," 15.5"," 0.12","1016.8","  7.1","998.5","  30.7","  1.0","  9.7"
"34504099999","48.6","34.9666666","143.0","2004-01-27","  29.8","011000","999.9","  32.2","  29.3","  9.7"," 0.03","1014.6","  7.1","996.3","  30.6","  2.0","  8.1"
"34504099999","48.6","34.9666666","143.0","2004-01-28","  29.8","010000","999.9","  35.2","  28.8"," 15.5"," 0.04","1012.5","  6.3","994.3","  31.5","  2.7"," 10.7"
"34504099999","48.6","34.9666666","143.0","2004-01-29","  38.2","110000","999.9","  43.7","  34.3"," 15.5"," 0.39","1007.7","  2.8","989.8","  39.7","  3.6"," 12.3"
"34504099999","48.6","34.9666666","143.0","2004-01-30","  35.2","010000","999.9","  42.6","  32.7"," 13.6"," 0.24","1011.9","999.9","993.9","  37.8","  4.6","  8.9"
"34504099999","48.6","34.9666666","143.0","2004-01-31","  23.6","000000","999.9","  36.0","  21.7"," 13.6"," 0.12","1023.5","999.9","004.9","  28.5","  3.9"," 10.5"
"34504099999","48.6","34.9666666","143.0","2004-02-01","  22.6","001000","999.9","  28.8","  19.8","  7.8"," 0.12","1024.7","999.9","005.9","  24.1","  1.2","  5.3"
"34504099999","48.6","34.9666666","143.0","2004-02-02","  24.6","001000","999.9","  31.8","  19.4"," 17.5"," 0.10","1018.7","  1.6","000.1","  26.2","  2.4"," 12.2"
"34504099999","48.6","34.9666666","143.0","2004-02-03","  24.4","011000","999.9","  31.3","  25.3"," 17.5"," 0.00","1022.6","  2.8","004.0","  27.2","  5.6"," 14.2"
"34504099999","48.6","34.9666666","143.0","2004-02-04","  22.2","000000","999.9","  35.6","  23.0","  9.7"," 0.00","1028.0","  2.8","009.3","  27.0","  5.7","  4.6"
"34504099999","48.6","34.9666666","143.0","2004-02-05","  29.6","011000","999.9","  34.9","  23.0"," 15.5"," 0.03","1012.4","  2.4","994.2","  30.4","  1.0"," 12.2"
"34504099999","48.6","34.9666666","143.0","2004-02-06","  37.3","010000","999.9","  40.6","  33.1"," 17.5"," 0.24","1006.8","999.9","988.3","  38.5","  2.2"," 13.0"
"34504099999","48.6","34.9666666","143.0","2004-02-07","  38.2","010000","999.9","  45.0","  34.7"," 11.7"," 0.02","1008.5","999.9","990.6","  40.6","  4.7"," 10.9"
"34504099999","48.6","34.9666666","143.0","2004-02-08","  33.6","000000","999.9","  43.9","  32.7"," 17.5"," 0.00","1006.4","999.9","987.9","  38.9","  5.1"," 11.7"
"34504099999","48.6","34.9666666","143.0","2004-02-09","  33.4","010010","999.9","  44.2","  31.5"," 13.6"," 0.94","1006.5","999.9","988.5","  35.2","  3.2","  8.9"
"34504099999","48.6","34.9666666","143.0","2004-02-10","  26.0","001000","999.9","  36.3","  23.5"," 17.5"," 0.00","1008.8","999.9","990.9","  30.0","  4.3"," 14.2"
"34504099999","48.6","34.9666666","143.0","2004-02-11","  19.9","001000","999.9","  32.9","  19.6"," 15.5"," 0.03","1010.7","  0.8","992.2","  26.2","  5.3"," 13.6"
"34504099999","48.6","34.9666666","143.0","2004-02-12","  11.7","001000","999.9","  22.1","   8.4"," 19.4"," 0.30","1012.0","  4.7","993.1","  15.3","  3.7"," 16.8"
"34504099999","48.6","34.9666666","143.0","2004-02-13","   3.4","001000","999.9","  14.2","   3.0"," 15.5"," 0.02","1013.9","  3.1","994.7","   9.1","  4.6"," 13.0"
"34504099999","48.6","34.9666666","143.0","2004-02-14","  16.6","000000","999.9","  24.4","  11.3"," 13.6"," 0.02","1006.0","  3.9","986.9","  19.8","  4.6","  9.2"
"34504099999","48.6","34.9666666","143.0","2004-02-15","  12.1","001000","999.9","  19.8","   8.1","  9.7"," 0.08","1010.0","999.9","991.2","  15.3","  3.4","  7.0"
"34504099999","48.6","34.9666666","143.0","2004-02-16","  16.9","101000","999.9","  24.4","   8.4","  7.8"," 0.02","1014.9","  3.9","996.1","  18.8","  1.0","  4.5"
"34504099999","48.6","34.9666666","143.0","2004-02-17","  22.3","011000","999.9","  32.2","  20.3","999.9"," 0.06","1017.2","  4.7","998.7","  27.4","  4.5","  8.5"
"34504099999","48.6","34.9666666","143.0","2004-02-18","  23.0","001000","999.9","  30.9","  12.0"," 11.7"," 0.02","1014.5","999.9","996.0","  25.9","  5.4","  8.1"
"34504099999","48.6","34.9666666","143.0","2004-02-19","  28.0","001000","999.9","  36.1","  23.5"," 15.5"," 0.28","1012.0","  4.7","993.7","  30.1","  4.3"," 11.7"
"34504099999","48.6","34.9666666","143.0","2004-02-20","   8.8","001000","999.9","  16.5","   9.0"," 13.6"," 0.13","1022.3","  5.1","003.2","  12.9","  3.2"," 11.3"
"34504099999","48.6","34.9666666","143.0","2004-02-21","   2.4","000000","999.9","  17.6","   3.9"," 15.5"," 0.03","1035.8","  5.5","016.3","  10.1","  5.7"," 13.0"
"34504099999","48.6","34.9666666","143.0","2004-02-22","   4.3","000000","999.9","  28.6","   0.7","  9.7"," 0.00","1032.4","  5.5","013.0","  12.3","  6.2","  7.3"
"34504099999","48.6","34.9666666","143.0","2004-02-23","  12.0","000000","999.9","  27.1","   7.5","  9.7"," 0.00","1024.2","  4.3","005.2","  18.6","  5.5","  6.8"
"34504099999","48.6","34.9666666","143.0","2004-02-24","  28.3","111000","999.9","  33.8","  19.4","  7.8"," 0.08","1016.7","  3.9","998.3","  28.7","  1.5","  7.0"
"34504099999","48.6","34.9666666","143.0","2004-02-25","  34.2","110000","999.9","  37.6","  32.5","  7.8"," 0.03","1012.2","  3.1","994.0","  34.2","  0.1","  4.5"
"34504099999","48.6","34.9666666","143.0","2004-02-26","  33.1","110000","999.9","  36.1","  32.4"," 11.7"," 0.31","1012.4","  1.2","994.2","  34.0","  1.3","  6.7"
"34504099999","48.6","34.9666666","143.0","2004-02-27","  39.3","010000","999.9","  44.1","  32.0"," 17.5"," 0.24","1004.8","  0.4","987.0","  40.4","  1.9"," 12.0"
"34504099999","48.6","34.9666666","143.0","2004-02-28","  44.0","100000","999.9","  46.0","  42.6"," 11.7"," 0.16","1005.7","999.9","988.0","  44.7","  1.4","  6.8"
"34504099999","48.6","34.9666666","143.0","2004-02-29","  45.0","100000","999.9","  54.9","  41.7","  9.7"," 0.00","1012.1","999.9","994.4","  45.9","  1.1","  7.3"
"34504099999","48.6","34.9666666","143.0","2004-03-01","  39.6","110010","999.9","  49.6","  34.7","  9.7"," 0.39","1014.7","999.9","996.8","  40.5","  2.8","  3.9"
"34504099999","48.6","34.9666666","143.0","2004-03-02","  30.0","010000","999.9","  42.8","  28.8","  9.7"," 0.00","1021.2","999.9","003.0","  35.3","  6.7","  5.1"
"34504099999","48.6","34.9666666","143.0","2004-03-03","  29.4","101000","999.9","  39.9","  30.2"," 11.7"," 0.14","1017.8","999.9","999.5","  32.6","  3.4","  5.2"
"34504099999","48.6","34.9666666","143.0","2004-03-04","  24.3","101000","999.9","  38.1","  27.1","  9.7"," 0.00","1015.0","999.9","996.8","  31.6","  4.6","  6.1"
"34504099999","48.6","34.9666666","143.0","2004-03-05","  19.4","001000","999.9","  28.8","  21.0"," 11.7"," 0.00","1012.1","999.9","993.6","  25.9","  5.3"," 10.0"
"34504099999","48.6","34.9666666","143.0","2004-03-06","  14.7","001000","999.9","  26.4","  15.8","  9.7"," 0.00","1020.5","  0.4","001.7","  21.8","  5.3","  8.4"
"34504099999","48.6","34.9666666","143.0","2004-03-07","  19.6","001000","999.9","  36.5","  20.7"," 13.6"," 0.00","1029.1","999.9","010.4","  26.9","  6.2"," 10.3"
"34504099999","48.6","34.9666666","143.0","2004-03-08","  25.2","000000","999.9","  41.4","  21.4"," 13.6"," 0.00","1036.1","999.9","017.4","  30.8","  6.2","  7.3"
"34504099999","48.6","34.9666666","143.0","2004-03-09","  27.6","000000","999.9","  47.3","  26.4"," 13.6"," 0.00","1032.4","999.9","014.0","  36.2","  6.2","  9.5"
"34504099999","48.6","34.9666666","143.0","2004-03-10","  28.1","000000","999.9","  44.8","  28.9"," 19.4"," 0.00","1028.7","999.9","010.3","  36.5","  5.7"," 14.8"
"34504099999","48.6","34.9666666","143.0","2004-03-11","  27.5","000000","999.9","  38.8","  29.8"," 15.5"," 0.00","1030.3","999.9","011.8","  34.0","  6.2"," 14.3"
"34504099999","48.6","34.9666666","143.0","2004-03-12","  23.1","000000","999.9","  38.5","  28.4"," 11.7"," 0.00","1033.3","999.9","014.6","  30.6","  6.2","  8.4"
"34504099999","48.6","34.9666666","143.0","2004-03-13","  28.1","000000","999.9","  44.6","  27.5","  9.7"," 0.00","1034.2","999.9","015.8","  36.1","  5.7","  7.5"
"34504099999","48.6","34.9666666","143.0","2004-03-14","  28.0","000000","999.9","  43.7","  34.2","  9.7"," 0.00","1037.8","999.9","019.3","  38.3","  6.2","  6.1"
"34504099999","48.6","34.9666666","143.0","2004-03-15","  24.1","000000","999.9","  39.9","  33.8","  7.8"," 0.00","1036.0","999.9","017.5","  36.6","  6.2","  1.7"
"34504099999","48.6","34.9666666","143.0","2004-03-16","  26.1","000000","999.9","  43.2","  28.4","  3.9"," 0.00","1031.9","999.9","013.4","  35.4","  3.7","  1.9"
"34504099999","48.6","34.9666666","143.0","2004-03-17","  30.2","101000","999.9","  34.5","  27.0"," 11.7"," 0.47","1024.2","999.9","005.8","  31.6","  1.2","  7.8"
"34504099999","48.6","34.9666666","143.0","2004-03-18","  35.6","100000","999.9","  42.8","  32.0","  5.8"," 0.00","1024.9","  1.6","006.6","  37.1","  1.8","  1.5"
"34504099999","48.6","34.9666666","143.0","2004-03-19","  38.4","000000","999.9","  57.9","  43.2"," 13.6"," 0.00","1020.9","999.9","003.2","  50.5","  4.2","  6.6"
"34504099999","48.6","34.9666666","143.0","2004-03-20","  44.7","000000","999.9","  56.3","  40.1"," 13.6"," 0.03","1013.2","999.9","995.6","  47.2","  2.8","  9.7"
"34504099999","48.6","34.9666666","143.0","2004-03-21","  44.0","000000","999.9","  60.6","  41.7"," 13.6"," 0.02","1006.3","999.9","990.4","  53.0","  4.9"," 10.3"
"34504099999","48.6","34.9666666","143.0","2004-03-22","  40.3","010000","999.9","  60.4","  45.3","  7.8"," 0.00","1010.8","999.9","993.3","  51.8","  6.2","  5.6"
"34504099999","48.6","34.9666666","143.0","2004-03-23","  37.7","000000","999.9","  64.4","  41.2","  9.7"," 0.01","1019.6","999.9","002.0","  53.8","  5.7","  6.4"
"34504099999","48.6","34.9666666","143.0","2004-03-24","  43.8","000000","999.9","  72.7","  39.7"," 17.5"," 0.00","1015.4","999.9","998.0","  56.7","  4.7"," 11.2"
"34504099999","48.6","34.9666666","143.0","2004-03-25","  43.0","010010","999.9","  61.2","  45.3"," 15.5"," 0.02","1006.7","999.9","989.2","  50.1","  6.2"," 10.5"
"34504099999","48.6","34.9666666","143.0","2004-03-26","  37.8","010000","999.9","  59.7","  42.4"," 23.3"," 0.02","1005.8","999.9","988.3","  49.6","  6.2"," 14.2"
"34504099999","48.6","34.9666666","143.0","2004-03-27","  36.0","000000","999.9","  58.1","  36.0"," 15.5"," 0.00","1011.2","999.9","993.5","  46.3","  6.2"," 10.0"
"34504099999","48.6","34.9666666","143.0","2004-03-28","  42.6","010000","999.9","  52.5","  41.9"," 17.5"," 0.12","1011.4","999.9","993.7","  45.1","  5.5"," 10.5"
"34504099999","48.6","34.9666666","143.0","2004-03-29","  38.7","010000","999.9","  48.6","  34.7"," 13.6"," 0.01","1015.7","999.9","997.8","  43.0","  5.1","  9.2"
"34504099999","48.6","34.9666666","143.0","2004-03-30","  38.2","010000","999.9","  51.8","  40.1","  9.7"," 0.20","1020.7","999.9","002.8","  44.8","  6.2","  7.4"
"34504099999","48.6","34.9666666","143.0","2004-03-31","  33.2","000000","999.9","  54.9","  35.6"," 48.6"," 0.00","1020.0","999.9","002.0","  43.4","  6.2","  8.9"
"34504099999","48.6","34.9666666","143.0","2004-04-01","  33.7","010000","999.9","  46.6","  34.5"," 17.5"," 0.03","1014.1","999.9","996.1","  39.7","  6.2","  9.7"
"34504099999","48.6","34.9666666","143.0","2004-04-02","  13.2","001000","999.9","  33.1","  25.7"," 17.5"," 0.00","1020.6","999.9","002.1","  28.4","  6.2"," 15.1"
"34504099999","48.6","34.9666666","143.0","2004-04-03","   9.2","001000","999.9","  32.0","  20.3"," 15.5"," 0.01","1028.2","999.9","009.0","  24.5","  5.4"," 11.0"
"34504099999","48.6","34.9666666","143.0","2004-04-04","  12.5","000000","999.9","  43.9","  17.6"," 17.5"," 0.00","1025.9","999.9","007.5","  33.1","  6.2"," 10.7"
"34504099999","48.6","34.9666666","143.0","2004-04-05","  29.2","000000","999.9","  56.5","  28.4"," 19.4"," 0.00","1017.0","999.9","999.1","  42.0","  6.2"," 13.8"
"34504099999","48.6","34.9666666","143.0","2004-04-06","  36.3","010000","999.9","  62.8","  36.1"," 13.6"," 0.00","1010.8","999.9","993.2","  48.5","  6.2"," 10.9"
"34504099999","48.6","34.9666666","143.0","2004-04-07","  46.1","110010","999.9","  64.2","  42.1"," 13.6"," 0.27","1010.6","999.9","993.0","  47.4","  2.9","  7.4"
"34504099999","48.6","34.9666666","143.0","2004-04-08","  45.3","000000","999.9","  68.9","  43.7"," 17.5"," 0.00","1009.2","999.9","991.9","  55.9","  5.3"," 12.1"
"34504099999","48.6","34.9666666","143.0","2004-04-09","  36.1","000000","999.9","  62.1","  41.9"," 15.5"," 0.00","1015.4","999.9","997.8","  52.0","  5.7","  7.5"
"34504099999","48.6","34.9666666","143.0","2004-04-10","  40.3","000000","999.9","  55.9","  41.0","  7.8"," 0.01","1014.5","999.9","996.7","  47.5","  5.7","  5.5"
"34504099999","48.6","34.9666666","143.0","2004-04-11","  47.1","000000","999.9","  61.7","  43.9","  9.7"," 0.00","1014.7","999.9","997.2","  52.1","  3.9","  5.0"
"34504099999","48.6","34.9666666","143.0","2004-04-12","  47.6","010000","999.9","  65.5","  47.3"," 11.7"," 0.02","1012.0","999.9","994.5","  54.0","  5.1","  8.5"
"34504099999","48.6","34.9666666","143.0","2004-04-13","  32.3","000000","999.9","  60.8","  41.7","  9.7"," 0.00","1018.1","999.9","000.5","  51.6","  6.2","  7.8"
"34504099999","48.6","34.9666666","143.0","2004-04-14","  22.3","000000","999.9","  59.0","  43.0"," 17.5"," 0.00","1016.0","999.9","998.3","  49.1","  6.2"," 13.1"
"34504099999","48.6","34.9666666","143.0","2004-04-15","  24.0","000000","999.9","  60.3","  36.0"," 13.6"," 0.00","1024.1","999.9","006.2","  48.0","  6.2","  9.0"
"34504099999","48.6","34.9666666","143.0","2004-04-16","  34.6","000000","999.9","  64.4","  34.9"," 17.5"," 0.00","1020.6","999.9","003.0","  52.8","  6.2","  9.5"
"34504099999","48.6","34.9666666","143.0","2004-04-17","  30.5","000000","999.9","  60.3","  42.8"," 11.7"," 0.00","1018.3","999.9","000.6","  51.7","  6.2","  8.7"
"34504099999","48.6","34.9666666","143.0","2004-04-18","  28.8","000000","999.9","  60.4","  32.4"," 13.6"," 0.00","1017.0","999.9","999.2","  48.3","  6.2"," 10.0"
"34504099999","48.6","34.9666666","143.0","2004-04-19","  32.0","000000","999.9","  65.1","  38.1"," 15.5"," 0.00","1015.0","999.9","997.4","  51.5","  6.2"," 11.7"
"34504099999","48.6","34.9666666","143.0","2004-04-20","  31.6","000000","999.9","  65.8","  39.2"," 19.4"," 0.00","1017.4","999.9","999.8","  52.5","  6.2"," 12.4"
"34504099999","48.6","34.9666666","143.0","2004-04-21","  32.8","000000","999.9","  67.6","  43.7"," 19.4"," 0.00","1018.9","999.9","001.4","  54.9","  6.2"," 10.7"
"34504099999","48.6","34.9666666","143.0","2004-04-22","  31.6","000000","999.9","  71.4","  44.2","  9.7"," 0.00","1013.8","999.9","996.5","  57.9","  6.2","  5.6"
"34504099999","48.6","34.9666666","143.0","2004-04-23","  33.4","000000","999.9","  67.1","  51.8"," 11.7"," 0.00","1010.0","999.9","992.8","  57.7","  6.2","  5.0"
"34504099999","48.6","34.9666666","143.0","2004-04-24","  38.7","010000","999.9","  72.3","  46.4"," 13.6"," 0.00","1014.1","999.9","996.7","  56.4","  6.2","  7.5"
"34504099999","48.6","34.9666666","143.0","2004-04-25","  39.7","000000","999.9","  66.6","  45.0","  9.7"," 0.00","1019.7","999.9","002.3","  56.8","  5.5","  6.9"
"34504099999","48.6","34.9666666","143.0","2004-04-26","  45.3","010000","999.9","  63.9","  43.5"," 13.6"," 0.00","1018.0","999.9","000.4","  52.5","  5.7","  9.5"
"34504099999","48.6","34.9666666","143.0","2004-04-27","  36.3","000000","999.9","  59.5","  42.1"," 15.5"," 0.04","1019.5","999.9","001.8","  48.7","  6.2","  7.5"
"34504099999","48.6","34.9666666","143.0","2004-04-28","  39.3","010000","999.9","  57.6","  40.6"," 17.5"," 0.02","1015.0","999.9","997.3","  47.6","  5.7"," 13.6"
"34504099999","48.6","34.9666666","143.0","2004-04-29","  45.7","000000","999.9","  63.7","  46.2"," 13.6"," 0.08","1012.8","999.9","995.3","  54.3","  5.1","  8.9"
"34504099999","48.6","34.9666666","143.0","2004-04-30","  46.2","010000","999.9","  67.6","  45.5","  9.7"," 0.00","1013.5","999.9","996.2","  55.1","  4.3","  5.8"
"34504099999","48.6","34.9666666","143.0","2004-05-01","  41.3","000000","999.9","  64.9","  44.6","  9.7"," 0.05","1013.4","999.9","995.9","  52.8","  6.2","  7.4"
"34504099999","48.6","34.9666666","143.0","2004-05-02","  36.8","000000","999.9","  67.3","  39.2","  7.8"," 0.00","1016.4","999.9","998.9","  54.5","  6.2","  5.3"
"34504099999","48.6","34.9666666","143.0","2004-05-03","  37.3","000000","999.9","  72.0","  44.2","  9.7"," 0.00","1016.4","999.9","999.1","  59.8","  6.2","  5.3"
"34504099999","48.6","34.9666666","143.0","2004-05-04","  40.4","000000","999.9","  72.9","  46.6"," 11.7"," 0.00","1017.3","999.9","000.0","  61.7","  6.2","  7.8"
"34504099999","48.6","34.9666666","143.0","2004-05-05","  44.2","000000","999.9","  76.5","  57.4"," 13.6"," 0.00","1016.0","999.9","999.0","  65.8","  6.2"," 11.2"
"34504099999","48.6","34.9666666","143.0","2004-05-06","  48.0","010000","999.9","  65.1","  53.8"," 17.5"," 0.24","1009.6","999.9","992.3","  58.0","  5.1"," 12.5"
"34504099999","48.6","34.9666666","143.0","2004-05-07","  54.8","010010","999.9","  63.9","  51.6"," 15.5"," 0.71","1003.2","999.9","986.0","  57.1","  4.3"," 10.3"
"34504099999","48.6","34.9666666","143.0","2004-05-08","  52.8","000000","999.9","  71.1","  53.8"," 13.6"," 0.04","1006.8","999.9","989.7","  60.3","  5.5","  8.0"
"34504099999","48.6","34.9666666","143.0","2004-05-09","  46.6","000000","999.9","  72.7","  46.8"," 15.5"," 0.00","1010.8","999.9","993.6","  61.5","  6.2","  8.3"
"34504099999","48.6","34.9666666","143.0","2004-05-10","  49.8","010010","999.9","  74.3","  51.6","  9.7"," 0.00","1007.5","999.9","990.5","  63.7","  6.2","  5.3"
"34504099999","48.6","34.9666666","143.0","2004-05-11","  55.9","010000","999.9","  67.1","  55.8"," 11.7"," 0.47","1001.7","999.9","984.6","  58.5","  5.6","  9.4"
"34504099999","48.6","34.9666666","143.0","2004-05-12","  53.5","010000","999.9","  57.6","  54.0"," 15.5"," 2.68","1000.3","999.9","983.1","  55.1","  3.1"," 12.6"
"34504099999","48.6","34.9666666","143.0","2004-05-13","  46.0","000000","999.9","  59.9","  44.1"," 13.6"," 0.08","1008.0","999.9","990.6","  52.7","  6.2","  9.4"
"34504099999","48.6","34.9666666","143.0","2004-05-14","  41.1","000000","999.9","  59.4","  41.0"," 15.5"," 0.00","1013.0","999.9","995.5","  50.7","  5.7"," 11.2"
"34504099999","48.6","34.9666666","143.0","2004-05-15","  33.8","000000","999.9","  59.4","  40.6"," 15.5"," 0.00","1018.3","999.9","000.6","  49.7","  6.2"," 12.1"
"34504099999","48.6","34.9666666","143.0","2004-05-16","  33.2","000000","999.9","  63.7","  39.2","  7.8"," 0.00","1014.9","999.9","997.4","  52.5","  6.2","  5.6"
"34504099999","48.6","34.9666666","143.0","2004-05-17","  37.2","000000","999.9","  67.3","  43.5"," 11.7"," 0.00","1014.9","999.9","997.5","  56.7","  5.9","  3.4"
"34504099999","48.6","34.9666666","143.0","2004-05-18","  40.2","000000","999.9","  64.2","  44.1"," 13.6"," 0.00","1017.4","999.9","999.8","  51.6","  6.2"," 10.0"
"34504099999","48.6","34.9666666","143.0","2004-05-19","  36.4","000000","999.9","  64.8","  37.2"," 11.7"," 0.00","1013.4","999.9","995.8","  53.2","  6.2","  7.3"
"34504099999","48.6","34.9666666","143.0","2004-05-20","  45.1","010000","999.9","  69.8","  45.0"," 19.4"," 0.02","1008.4","999.9","991.1","  55.5","  6.2"," 10.7"
"34504099999","48.6","34.9666666","143.0","2004-05-21","  39.4","000000","999.9","  68.0","  41.5"," 13.6"," 0.00","1015.4","999.9","998.0","  55.8","  6.2","  8.7"
"34504099999","48.6","34.9666666","143.0","2004-05-22","  46.8","010000","999.9","  79.3","  50.2"," 19.4"," 0.02","1013.6","999.9","996.6","  64.8","  6.2"," 10.0"
"34504099999","48.6","34.9666666","143.0","2004-05-23","  52.4","000010","999.9","  72.9","  50.9"," 11.7"," 0.02","1011.3","999.9","994.2","  61.0","  5.5","  7.5"
"34504099999","48.6","34.9666666","143.0","2004-05-24","  56.1","010010","999.9","  68.7","  53.1"," 13.6"," 0.09","1010.7","999.9","993.6","  61.1","  5.2"," 10.9"
"34504099999","48.6","34.9666666","143.0","2004-05-25","  47.9","010000","999.9","  52.3","  46.6"," 15.5"," 0.59","1009.7","999.9","992.1","  49.2","  3.8"," 11.3"
"34504099999","48.6","34.9666666","143.0","2004-05-26","  45.5","010000","999.9","  66.2","  46.2"," 15.5"," 0.39","1019.6","999.9","002.2","  57.9","  6.2","  9.4"
"34504099999","48.6","34.9666666","143.0","2004-05-27","  45.9","000000","999.9","  71.6","  45.0","  3.9"," 0.00","1023.2","999.9","005.8","  58.8","  6.2","  0.7"
"34504099999","48.6","34.9666666","143.0","2004-05-28","  47.7","000000","999.9","  75.2","  52.5","  7.8"," 0.00","1024.0","999.9","006.7","  63.0","  5.6","  6.6"
"34504099999","48.6","34.9666666","143.0","2004-05-29","  51.8","010000","999.9","  73.4","  53.4"," 19.4"," 0.02","1020.2","999.9","002.9","  61.4","  5.1"," 12.9"
"34504099999","48.6","34.9666666","143.0","2004-05-30","  59.1","010000","999.9","  75.7","  58.8"," 13.6"," 0.20","1013.5","999.9","996.4","  65.6","  5.4","  9.1"
"34504099999","48.6","34.9666666","143.0","2004-05-31","  58.5","000000","999.9","  66.2","  57.6","  9.7"," 0.12","1010.1","999.9","993.0","  61.4","  6.2","  4.4"
"34504099999","48.6","34.9666666","143.0","2004-06-01","  57.5","100000","999.9","  73.2","  54.3"," 13.6"," 0.00","1011.0","999.9","993.8","  61.3","  4.1","  7.5"
"34504099999","48.6","34.9666666","143.0","2004-06-02","  47.8","000000","999.9","  69.3","  51.6"," 19.4"," 0.00","1014.0","999.9","996.8","  60.7","  6.2"," 13.3"
"34504099999","48.6","34.9666666","143.0","2004-06-03","  44.4","000000","999.9","  68.0","  46.8"," 11.7"," 0.00","1019.5","999.9","002.1","  56.9","  6.2","  8.0"
"34504099999","48.6","34.9666666","143.0","2004-06-04","  41.8","000000","999.9","  71.6","  45.1","  7.8"," 0.00","1022.2","999.9","004.8","  59.5","  6.2","  3.6"
"34504099999","48.6","34.9666666","143.0","2004-06-05","  44.6","000000","999.9","  71.4","  48.0","  7.8"," 0.00","1021.6","999.9","004.2","  61.2","  6.2","  5.1"
"34504099999","48.6","34.9666666","143.0","2004-06-06","  49.2","000000","999.9","  71.2","  50.9"," 15.5"," 0.00","1017.0","999.9","999.7","  59.8","  6.2","  8.6"
"34504099999","48.6","34.9666666","143.0","2004-06-07","  57.0","000000","999.9","  74.8","  55.2","  9.7"," 0.00","1013.7","999.9","996.6","  62.7","  5.7","  6.9"
"34504099999","48.6","34.9666666","143.0","2004-06-08","  58.0","100000","999.9","  73.8","  55.0","  7.8"," 0.12","1013.0","999.9","995.9","  64.4","  4.5","  4.4"
"34504099999","48.6","34.9666666","143.0","2004-06-09","  50.9","000000","999.9","  75.4","  49.5"," 19.4"," 0.00","1009.9","999.9","992.8","  62.0","  5.3"," 11.2"
"34504099999","48.6","34.9666666","143.0","2004-06-10","  36.8","000000","999.9","  59.9","  46.9"," 23.3"," 0.00","1014.6","999.9","997.1","  52.8","  6.2"," 14.3"
"34504099999","48.6","34.9666666","143.0","2004-06-11","  40.5","000000","999.9","  69.8","  41.9"," 11.7"," 0.00","1016.3","999.9","998.9","  58.5","  6.2","  8.5"
"34504099999","48.6","34.9666666","143.0","2004-06-12","  58.1","010000","999.9","  71.2","  54.0"," 11.7"," 0.16","1015.3","999.9","998.1","  63.4","  5.7","  9.2"
"34504099999","48.6","34.9666666","143.0","2004-06-13","  58.9","000000","999.9","  73.0","  56.3","  9.7"," 0.08","1015.2","999.9","998.1","  65.2","  6.2","  5.5"
"34504099999","48.6","34.9666666","143.0","2004-06-14","  53.6","010000","999.9","  77.7","  57.0"," 11.7"," 0.04","1016.0","999.9","998.9","  64.9","  5.7","  4.6"
"34504099999","48.6","34.9666666","143.0","2004-06-15","  51.1","000000","999.9","  77.4","  52.2"," 19.4"," 0.00","1009.3","999.9","992.3","  64.4","  6.2"," 10.7"
"34504099999","48.6","34.9666666","143.0","2004-06-16","  57.5","010010","999.9","  82.4","  54.7"," 17.5"," 0.20","1004.7","999.9","987.8","  66.7","  6.2"," 10.4"
"34504099999","48.6","34.9666666","143.0","2004-06-17","  46.2","000000","999.9","  68.5","  50.0"," 13.6"," 0.00","1009.8","999.9","992.6","  59.8","  5.7","  8.9"
"34504099999","48.6","34.9666666","143.0","2004-06-18","  43.5","000000","999.9","  72.5","  44.8"," 11.7"," 0.00","1013.0","999.9","995.7","  61.2","  5.9","  7.0"
"34504099999","48.6","34.9666666","143.0","2004-06-19","  54.2","010000","999.9","  72.9","  55.2"," 13.6"," 0.24","1010.0","999.9","992.8","  59.7","  3.9","  6.1"
"34504099999","48.6","34.9666666","143.0","2004-06-20","  60.5","000000","999.9","  77.7","  57.0","  9.7"," 0.00","1012.0","999.9","995.1","  66.8","  4.9","  7.2"
"34504099999","48.6","34.9666666","143.0","2004-06-21","  60.6","000000","999.9","  86.5","  59.2","  7.8"," 0.00","1012.7","999.9","996.0","  74.3","  5.3","  5.3"
"34504099999","48.6","34.9666666","143.0","2004-06-22","  62.6","010000","999.9","  69.4","  64.2"," 11.7"," 0.75","1012.9","999.9","996.0","  66.3","  6.2","  7.8"
"34504099999","48.6","34.9666666","143.0","2004-06-23","  64.2","000010","999.9","  78.6","  63.0","  9.7"," 1.10","1009.4","999.9","992.5","  66.7","  5.6","  8.7"
"34504099999","48.6","34.9666666","143.0","2004-06-24","  64.4","010010","999.9","  73.8","  63.0"," 13.6"," 0.87","1007.8","999.9","990.9","  66.2","  4.5","  7.8"
"34504099999","48.6","34.9666666","143.0","2004-06-25","  63.8","100010","999.9","  76.3","  62.6","  7.8"," 0.00","1009.9","999.9","993.0","  67.2","  3.4","  5.3"
"34504099999","48.6","34.9666666","143.0","2004-06-26","  62.5","000000","999.9","  83.7","  62.6"," 11.7"," 0.00","1012.6","999.9","995.8","  72.4","  5.1","  4.9"
"34504099999","48.6","34.9666666","143.0","2004-06-27","  58.1","000000","999.9","  70.2","  59.4"," 11.7"," 0.00","1014.8","999.9","997.6","  63.3","  6.2","  6.6"
"34504099999","48.6","34.9666666","143.0","2004-06-28","  54.2","010000","999.9","  70.9","  55.0"," 11.7"," 0.16","1015.2","999.9","997.9","  61.9","  5.7","  5.5"
"34504099999","48.6","34.9666666","143.0","2004-06-29","  56.1","010000","999.9","  69.1","  51.8","  5.8"," 0.00","1013.9","999.9","996.7","  60.6","  6.2","  3.6"
"34504099999","48.6","34.9666666","143.0","2004-06-30","  54.2","010000","999.9","  69.8","  55.6"," 11.7"," 0.03","1011.7","999.9","994.5","  61.0","  5.0","  6.4"
"34504099999","48.6","34.9666666","143.0","2004-07-01","  48.8","000000","999.9","  73.4","  49.6"," 15.5"," 0.00","1012.9","999.9","995.7","  61.6","  6.2"," 10.9"
"34504099999","48.6","34.9666666","143.0","2004-07-02","  50.0","000000","999.9","  76.8","  52.3","  7.8"," 0.00","1014.1","999.9","996.8","  57.5","  6.2","  5.8"
"34504099999","48.6","34.9666666","143.0","2004-07-03","  57.7","010000","999.9","  74.8","  56.7","  9.7"," 0.32","1013.4","999.9","996.2","  60.1","  3.7","  6.2"
"34504099999","48.6","34.9666666","143.0","2004-07-04","  56.3","000000","999.9","  76.5","  55.2"," 11.7"," 0.08","1016.3","999.9","999.3","  66.6","  5.7","  7.8"
"34504099999","48.6","34.9666666","143.0","2004-07-05","  53.0","000000","999.9","  75.9","  54.0","  9.7"," 0.00","1019.9","999.9","002.7","  66.0","  6.2","  6.9"
"34504099999","48.6","34.9666666","143.0","2004-07-06","  56.5","000000","999.9","  82.4","  57.2"," 15.5"," 0.00","1018.4","999.9","001.4","  70.6","  6.2","  8.0"
"34504099999","48.6","34.9666666","143.0","2004-07-07","  58.0","000000","999.9","  75.7","  59.7","  9.7"," 0.20","1018.0","999.9","000.9","  65.1","  5.7","  6.4"
"34504099999","48.6","34.9666666","143.0","2004-07-08","  52.9","000000","999.9","  75.6","  54.3","  7.8"," 0.00","1020.7","999.9","003.6","  65.5","  6.2","  6.1"
"34504099999","48.6","34.9666666","143.0","2004-07-09","  50.9","000000","999.9","  79.0","  52.3","  9.7"," 0.00","1018.3","999.9","001.2","  66.2","  5.7","  6.3"
"34504099999","48.6","34.9666666","143.0","2004-07-10","  54.9","000000","999.9","  77.7","  53.8"," 13.6"," 0.00","1014.1","999.9","997.1","  67.5","  5.7","  3.4"
"34504099999","48.6","34.9666666","143.0","2004-07-11","  63.3","010000","999.9","  76.6","  62.1","  7.8"," 0.47","1008.6","999.9","991.7","  67.8","  5.5","  3.9"
"34504099999","48.6","34.9666666","143.0","2004-07-12","  63.1","010010","999.9","  73.2","  61.0","  7.8"," 0.59","1005.6","999.9","988.7","  65.8","  5.6","  4.5"
"34504099999","48.6","34.9666666","143.0","2004-07-13","  63.9","000010","999.9","  78.1","  64.0","  5.8"," 0.00","1006.4","999.9","989.6","  69.6","  5.0","  3.9"
"34504099999","48.6","34.9666666","143.0","2004-07-14","  63.2","010010","999.9","  74.1","  60.8"," 15.5"," 0.24","1000.7","999.9","983.9","  66.0","  6.2"," 10.4"
"34504099999","48.6","34.9666666","143.0","2004-07-15","  56.8","010000","999.9","  66.6","  52.5"," 13.6"," 0.12","1003.3","999.9","986.3","  59.4","  5.4","  9.1"
"34504099999","48.6","34.9666666","143.0","2004-07-16","  51.8","000000","999.9","  69.1","  50.2","  7.8"," 0.00","1014.3","999.9","997.1","  60.2","  6.2","  5.1"
"34504099999","48.6","34.9666666","143.0","2004-07-17","  55.2","000000","999.9","  76.5","  53.8","  7.8"," 0.00","1018.9","999.9","001.8","  65.9","  5.3","  4.6"
"34504099999","48.6","34.9666666","143.0","2004-07-18","  57.7","011010","999.9","  79.2","  57.4"," 13.6"," 0.24","1020.9","999.9","003.7","  67.2","  5.7","  6.6"
"34504099999","48.6","34.9666666","143.0","2004-07-19","  55.9","000000","999.9","  78.8","  57.4","  9.7"," 0.00","1021.2","999.9","004.0","  66.9","  6.2","  6.1"
"34504099999","48.6","34.9666666","143.0","2004-07-20","  55.2","000000","999.9","  80.4","  56.8"," 11.7"," 0.00","1020.0","999.9","003.0","  70.1","  6.2","  5.4"
"34504099999","48.6","34.9666666","143.0","2004-07-21","  57.4","000000","999.9","  81.7","  57.4"," 11.7"," 0.00","1016.9","999.9","000.0","  69.6","  5.7","  5.8"
"34504099999","48.6","34.9666666","143.0","2004-07-22","  57.3","000000","999.9","  77.4","  59.2"," 11.7"," 0.00","1013.1","999.9","996.1","  68.1","  5.4","  7.8"
"34504099999","48.6","34.9666666","143.0","2004-07-23","  61.4","000000","999.9","  77.0","  59.0"," 11.7"," 0.39","1012.2","999.9","995.3","  67.2","  6.2","  7.8"
"34504099999","48.6","34.9666666","143.0","2004-07-24","  61.8","000010","999.9","  82.8","  62.8","  7.8"," 0.00","1010.4","999.9","993.5","  70.8","  6.2","  4.4"
"34504099999","48.6","34.9666666","143.0","2004-07-25","  63.8","000000","999.9","  82.9","  59.9","  7.8"," 0.31","1010.0","999.9","993.1","  68.1","  6.2","  6.2"
"34504099999","48.6","34.9666666","143.0","2004-07-26","  64.0","000000","999.9","  87.1","  62.4","  7.8"," 0.00","1010.5","999.9","993.9","  75.3","  5.1","  3.9"
"34504099999","48.6","34.9666666","143.0","2004-07-27","  64.7","000000","999.9","  87.6","  66.0","  5.8"," 0.00","1012.2","999.9","995.5","  76.9","  5.7","  3.6"
"34504099999","48.6","34.9666666","143.0","2004-07-28","  64.4","010010","999.9","  89.2","  65.5","  7.8"," 0.00","1013.3","999.9","996.7","  76.3","  6.2","  4.4"
"34504099999","48.6","34.9666666","143.0","2004-07-29","  64.6","000010","999.9","  89.8","  66.7","  9.7"," 0.00","1013.3","999.9","996.8","  78.5","  6.2","  3.4"
"34504099999","48.6","34.9666666","143.0","2004-07-30","  66.2","000000","999.9","  91.6","  67.1","  9.7"," 0.00","1013.8","999.9","997.2","  78.6","  6.2","  5.1"
"34504099999","48.6","34.9666666","143.0","2004-07-31","  67.1","000000","999.9","  91.4","  68.5","  9.7"," 0.00","1014.1","999.9","997.5","  78.5","  5.7","  7.3"
"34504099999","48.6","34.9666666","143.0","2004-08-01","  63.9","000000","999.9","  90.3","  66.4","  9.7"," 0.00","1012.5","999.9","995.9","  77.8","  6.2","  8.0"
"34504099999","48.6","34.9666666","143.0","2004-08-02","  63.4","000000","999.9","  88.2","  64.6"," 11.7"," 0.00","1008.9","999.9","992.3","  75.9","  6.2","  9.2"
"34504099999","48.6","34.9666666","143.0","2004-08-03","  62.6","010010","999.9","  87.8","  62.8"," 15.5"," 0.87","1005.3","999.9","988.7","  72.0","  5.7"," 12.1"
"34504099999","48.6","34.9666666","143.0","2004-08-04","  62.2","010010","999.9","  66.4","  61.2"," 15.5"," 1.22","1010.5","999.9","993.4","  63.9","  6.2"," 11.7"
"34504099999","48.6","34.9666666","143.0","2004-08-05","  59.4","010000","999.9","  73.2","  60.1"," 15.5"," 0.49","1014.5","999.9","997.4","  64.4","  6.2"," 13.2"
"34504099999","48.6","34.9666666","143.0","2004-08-06","  58.4","010010","999.9","  69.3","  59.4"," 13.6"," 0.14","1017.4","999.9","000.2","  61.5","  5.0"," 11.7"
"34504099999","48.6","34.9666666","143.0","2004-08-07","  63.4","010010","999.9","  75.4","  57.9"," 15.5"," 1.26","1015.4","999.9","998.4","  67.2","  5.7"," 11.4"
"34504099999","48.6","34.9666666","143.0","2004-08-08","  63.0","000010","999.9","  80.6","  62.2"," 11.7"," 0.00","1012.2","999.9","995.3","  68.6","  6.2","  7.8"
"34504099999","48.6","34.9666666","143.0","2004-08-09","  62.3","000010","999.9","  81.5","  60.3","  9.7"," 0.00","1010.0","999.9","993.2","  71.7","  6.2","  4.2"
"34504099999","48.6","34.9666666","143.0","2004-08-10","  64.7","000010","999.9","  80.6","  62.8","  5.8"," 0.00","1007.3","999.9","990.6","  70.1","  4.7","  3.3"
"34504099999","48.6","34.9666666","143.0","2004-08-11","  63.5","010010","999.9","  79.9","  62.8","  9.7"," 0.16","1005.8","999.9","989.0","  67.4","  3.6","  7.0"
"34504099999","48.6","34.9666666","143.0","2004-08-12","  58.4","000000","999.9","  73.4","  59.0"," 13.6"," 0.00","1009.7","999.9","992.7","  65.5","  4.5","  7.5"
"34504099999","48.6","34.9666666","143.0","2004-08-13","  57.2","100000","999.9","  78.3","  56.1","  9.7"," 0.00","1010.4","999.9","993.4","  67.0","  4.7","  5.3"
"34504099999","48.6","34.9666666","143.0","2004-08-14","  65.4","010010","999.9","  73.4","  62.2"," 11.7"," 1.93","1005.5","999.9","988.7","  67.6","  2.0","  8.6"
"34504099999","48.6","34.9666666","143.0","2004-08-15","  54.6","110000","999.9","  72.1","  53.2"," 11.7"," 0.00","1009.0","999.9","992.0","  63.4","  4.4","  8.3"
"34504099999","48.6","34.9666666","143.0","2004-08-16","  49.8","000000","999.9","  72.7","  49.8","  7.8"," 0.00","1019.6","999.9","002.2","  61.2","  6.2","  5.3"
"34504099999","48.6","34.9666666","143.0","2004-08-17","  53.9","000010","999.9","  77.7","  53.2"," 11.7"," 0.00","1019.1","999.9","002.0","  65.6","  6.2","  8.5"
"34504099999","48.6","34.9666666","143.0","2004-08-18","  59.2","000010","999.9","  76.8","  58.3"," 13.6"," 0.08","1017.2","999.9","000.1","  67.3","  6.2"," 10.8"
"34504099999","48.6","34.9666666","143.0","2004-08-19","  60.3","010000","999.9","  73.9","  61.7"," 11.7"," 0.03","1013.3","999.9","996.3","  66.5","  6.2","  9.7"
"34504099999","48.6","34.9666666","143.0","2004-08-20","  63.7","010010","999.9","  83.8","  62.2","  7.8"," 0.00","1009.2","999.9","992.4","  71.1","  6.2","  5.5"
"34504099999","48.6","34.9666666","143.0","2004-08-21","  65.7","100010","999.9","  82.8","  62.1","  5.8"," 0.00","1010.6","999.9","993.8","  71.9","  4.5","  2.4"
"34504099999","48.6","34.9666666","143.0","2004-08-22","  65.0","100000","999.9","  82.2","  63.1","  5.8"," 0.00","1012.8","999.9","996.1","  72.5","  4.3","  2.8"
"34504099999","48.6","34.9666666","143.0","2004-08-23","  65.4","000000","999.9","  84.0","  63.9"," 11.7"," 0.00","1012.4","999.9","995.6","  73.2","  4.3","  5.3"
"34504099999","48.6","34.9666666","143.0","2004-08-24","  64.1","010010","999.9","  69.3","  63.0"," 13.6"," 0.40","1014.0","999.9","996.9","  65.4","  2.3","  9.4"
"34504099999","48.6","34.9666666","143.0","2004-08-25","  56.1","000000","999.9","  75.2","  58.3"," 11.7"," 0.00","1015.9","999.9","998.8","  65.7","  5.6","  8.4"
"34504099999","48.6","34.9666666","143.0","2004-08-26","  54.7","000000","999.9","  77.9","  53.4","  5.8"," 0.00","1016.0","999.9","999.0","  65.9","  5.7","  1.7"
"34504099999","48.6","34.9666666","143.0","2004-08-27","  57.8","000000","999.9","  78.8","  56.5","  9.7"," 0.00","1014.0","999.9","997.0","  66.8","  5.7","  6.3"
"34504099999","48.6","34.9666666","143.0","2004-08-28","  59.7","000000","999.9","  85.3","  57.7"," 11.7"," 0.00","1013.4","999.9","996.6","  71.2","  6.2","  6.6"
"34504099999","48.6","34.9666666","143.0","2004-08-29","  60.6","000000","999.9","  86.9","  62.8"," 13.6"," 0.00","1015.2","999.9","998.4","  73.9","  6.2"," 10.0"
"34504099999","48.6","34.9666666","143.0","2004-08-30","  59.0","000000","999.9","  85.3","  63.0","  9.7"," 0.00","1015.8","999.9","998.9","  72.2","  5.7","  8.0"
"34504099999","48.6","34.9666666","143.0","2004-08-31","  63.1","000000","999.9","  82.4","  63.5"," 11.7"," 0.00","1013.5","999.9","996.7","  71.7","  5.7","  6.8"
"34504099999","48.6","34.9666666","143.0","2004-09-01","  63.9","000010","999.9","  84.2","  63.5","  5.8"," 0.00","1013.2","999.9","996.4","  71.7","  5.7","  2.4"
"34504099999","48.6","34.9666666","143.0","2004-09-02","  61.7","000010","999.9","  82.0","  60.4"," 11.7"," 0.00","1016.5","999.9","999.5","  70.0","  5.0","  5.1"
"34504099999","48.6","34.9666666","143.0","2004-09-03","  54.0","010000","999.9","  75.4","  56.3"," 13.6"," 0.00","1020.3","999.9","003.1","  64.6","  6.2","  8.5"
"34504099999","48.6","34.9666666","143.0","2004-09-04","  52.9","010010","999.9","  71.1","  50.7"," 19.4"," 0.00","1018.5","999.9","001.2","  57.6","  6.2","  8.1"
"34504099999","48.6","34.9666666","143.0","2004-09-05","  48.4","000000","999.9","  60.8","  52.2"," 13.6"," 0.00","1020.1","999.9","002.6","  55.5","  6.2"," 10.8"
"34504099999","48.6","34.9666666","143.0","2004-09-06","  42.5","000000","999.9","  67.8","  42.8"," 13.6"," 0.00","1029.3","999.9","011.6","  54.7","  5.7","  6.4"
"34504099999","48.6","34.9666666","143.0","2004-09-07","  46.3","000000","999.9","  72.9","  45.0"," 11.7"," 0.00","1025.5","999.9","008.0","  58.0","  5.7","  5.3"
"34504099999","48.6","34.9666666","143.0","2004-09-08","  49.2","010010","999.9","  74.7","  48.0"," 13.6"," 0.00","1015.1","999.9","997.8","  58.5","  5.7","  7.5"
"34504099999","48.6","34.9666666","143.0","2004-09-09","  48.0","110000","999.9","  59.7","  43.2","  7.8"," 0.08","1011.5","999.9","994.0","  52.1","  5.5","  6.1"
"34504099999","48.6","34.9666666","143.0","2004-09-10","  44.4","110000","999.9","  51.1","  39.2"," 11.7"," 0.43","1016.0","999.9","998.1","  45.5","  4.0","  8.0"
"34504099999","48.6","34.9666666","143.0","2004-09-11","  41.2","000000","999.9","  63.3","  40.3"," 11.7"," 0.00","1024.8","999.9","007.0","  48.0","  6.2","  8.0"
"34504099999","48.6","34.9666666","143.0","2004-09-12","  41.8","000000","999.9","  67.3","  41.0","  7.8"," 0.00","1023.5","999.9","005.9","  53.9","  6.2","  7.3"
"34504099999","48.6","34.9666666","143.0","2004-09-13","  47.0","000000","999.9","  69.4","  45.3","  9.7"," 0.00","1021.4","999.9","004.0","  58.9","  5.7","  6.8"
"34504099999","48.6","34.9666666","143.0","2004-09-14","  49.3","000000","999.9","  73.2","  47.3","  7.8"," 0.00","1024.2","999.9","006.8","  59.9","  6.2","  4.1"
"34504099999","48.6","34.9666666","143.0","2004-09-15","  48.8","000000","999.9","  76.5","  50.5","  7.8"," 0.00","1023.0","999.9","005.7","  62.3","  5.7","  2.7"
"34504099999","48.6","34.9666666","143.0","2004-09-16","  51.6","000000","999.9","  77.4","  51.8","  5.8"," 0.00","1018.7","999.9","001.7","  65.2","  6.2","  2.4"
"34504099999","48.6","34.9666666","143.0","2004-09-17","  54.6","000000","999.9","  77.2","  53.8"," 15.5"," 0.00","1020.3","999.9","003.1","  63.1","  5.7"," 10.0"
"34504099999","48.6","34.9666666","143.0","2004-09-18","  50.4","000000","999.9","  73.4","  53.6"," 15.5"," 0.00","1025.9","999.9","008.5","  61.0","  6.2"," 12.9"
"34504099999","48.6","34.9666666","143.0","2004-09-19","  50.0","000000","999.9","  78.1","  49.8","  9.7"," 0.00","1025.4","999.9","008.0","  62.6","  6.2","  7.3"
"34504099999","48.6","34.9666666","143.0","2004-09-20","  48.8","000000","999.9","  78.1","  52.5","  9.7"," 0.00","1021.9","999.9","004.7","  63.7","  6.2","  6.3"
"34504099999","48.6","34.9666666","143.0","2004-09-21","  50.2","000000","999.9","  78.8","  57.4","  7.8"," 0.00","1014.9","999.9","997.7","  66.3","  6.2","  4.9"
"34504099999","48.6","34.9666666","143.0","2004-09-22","  54.3","010010","999.9","  66.2","  50.7"," 11.7"," 0.39","1008.9","999.9","991.7","  57.1","  5.1","  5.8"
"34504099999","48.6","34.9666666","143.0","2004-09-23","  46.8","000000","999.9","  62.1","  49.6"," 13.6"," 0.01","1008.1","999.9","990.7","  54.6","  5.0","  8.9"
"34504099999","48.6","34.9666666","143.0","2004-09-24","  52.9","000000","999.9","  62.1","  49.8","  7.8"," 0.28","1007.5","999.9","991.2","  53.8","  2.7","  6.2"
"34504099999","48.6","34.9666666","143.0","2004-09-25","  58.5","000000","999.9","  71.1","  52.3","  9.7"," 0.00","1013.9","999.9","996.7","  60.6","  2.3","  6.6"
"34504099999","48.6","34.9666666","143.0","2004-09-26","  61.2","000000","999.9","  80.8","  60.6","  7.8"," 0.00","1016.3","999.9","999.3","  69.7","  4.3","  5.6"
"34504099999","48.6","34.9666666","143.0","2004-09-27","  61.9","000000","999.9","  77.0","  59.7","  7.8"," 0.00","1019.9","999.9","002.7","  65.8","  3.5","  5.6"
"34504099999","48.6","34.9666666","143.0","2004-09-28","  61.9","000010","999.9","  70.7","  59.9","  7.8"," 0.20","1018.0","999.9","000.8","  64.5","  8.2","  5.1"
"34504099999","48.6","34.9666666","143.0","2004-09-29","  52.3","000000","999.9","  70.0","  52.2","  7.8"," 0.00","1020.4","999.9","003.0","  59.5","  5.3","  3.4"
"34504099999","48.6","34.9666666","143.0","2004-09-30","  56.9","010000","999.9","  70.5","  54.7"," 15.5"," 0.11","1014.6","999.9","997.4","  60.0","  2.5","  9.1"
"34504099999","48.6","34.9666666","143.0","2004-10-01","  51.3","100000","999.9","  67.8","  47.8"," 15.5"," 0.00","1015.5","999.9","998.0","  56.1","  4.4","  6.8"
"34504099999","48.6","34.9666666","143.0","2004-10-02","  48.8","010000","999.9","  59.7","  47.7"," 15.5"," 0.08","1015.5","999.9","998.1","  51.7","  5.1"," 10.0"
"34504099999","48.6","34.9666666","143.0","2004-10-03","  42.2","000000","999.9","  56.8","  42.4","  9.7"," 0.00","1021.9","999.9","003.8","  47.0","  6.2","  5.8"
"34504099999","48.6","34.9666666","143.0","2004-10-04","  38.8","000000","999.9","  54.9","  40.1","  5.8"," 0.00","1027.8","999.9","009.9","  47.2","  4.8","  1.5"
"34504099999","48.6","34.9666666","143.0","2004-10-05","  40.8","000000","999.9","  55.8","  44.6","  5.8"," 0.00","1031.1","999.9","013.3","  50.0","  5.7","  2.7"
"34504099999","48.6","34.9666666","143.0","2004-10-06","  39.5","000000","999.9","  59.0","  42.8","  7.8"," 0.00","1031.9","999.9","014.0","  49.9","  5.7","  4.6"
"34504099999","48.6","34.9666666","143.0","2004-10-07","  35.2","000000","999.9","  64.9","  35.6","  9.7"," 0.00","1026.9","999.9","009.0","  46.6","  5.1","  6.9"
"34504099999","48.6","34.9666666","143.0","2004-10-08","  42.3","000000","999.9","  64.0","  37.4","  9.7"," 0.00","1019.0","999.9","001.3","  50.5","  5.3","  6.1"
"34504099999","48.6","34.9666666","143.0","2004-10-09","  46.6","100000","999.9","  64.4","  41.5","  3.9"," 0.00","1013.3","999.9","995.7","  51.0","  1.4","  1.7"
"34504099999","48.6","34.9666666","143.0","2004-10-10","  46.8","110000","999.9","  52.0","  41.7","  7.8"," 0.08","1012.7","999.9","995.0","  47.8","  2.3","  3.3"
"34504099999","48.6","34.9666666","143.0","2004-10-11","  41.6","010000","999.9","  47.8","  36.1"," 13.6"," 0.51","1015.6","999.9","997.8","  43.3","  4.8","  9.7"
"34504099999","48.6","34.9666666","143.0","2004-10-12","  28.4","000000","999.9","  43.9","  31.3"," 11.7"," 0.00","1032.0","999.9","013.6","  36.6","  6.2","  9.2"
"34504099999","48.6","34.9666666","143.0","2004-10-13","  27.0","000000","999.9","  47.8","  27.5","  7.8"," 0.00","1039.8","999.9","021.3","  37.0","  6.2","  4.6"
"34504099999","48.6","34.9666666","143.0","2004-10-14","  29.7","100000","999.9","  51.1","  27.5","  5.8"," 0.00","1035.8","999.9","017.4","  38.7","  4.8","  3.9"
"34504099999","48.6","34.9666666","143.0","2004-10-15","  30.8","000000","999.9","  54.5","  29.5"," 11.7"," 0.00","1029.8","999.9","011.6","  40.1","  5.7","  7.5"
"34504099999","48.6","34.9666666","143.0","2004-10-16","  37.1","000000","999.9","  56.8","  35.8"," 13.6"," 0.00","1024.6","999.9","006.6","  44.4","  6.2","  9.3"
"34504099999","48.6","34.9666666","143.0","2004-10-17","  46.4","110000","999.9","  53.6","  42.6"," 17.5"," 0.51","1015.7","999.9","998.1","  49.1","  2.9"," 12.2"
"34504099999","48.6","34.9666666","143.0","2004-10-18","  47.5","100000","999.9","  59.7","  42.1"," 13.6"," 0.02","1014.1","999.9","996.7","  52.1","  4.1","  8.0"
"34504099999","48.6","34.9666666","143.0","2004-10-19","  41.8","100000","999.9","  60.4","  39.6"," 13.6"," 0.00","1018.0","999.9","000.3","  48.3","  5.5","  8.0"
"34504099999","48.6","34.9666666","143.0","2004-10-20","  45.2","110000","999.9","  54.9","  41.9","  9.7"," 0.00","1012.8","999.9","995.2","  46.6","  3.8","  6.4"
"34504099999","48.6","34.9666666","143.0","2004-10-21","  37.3","000000","999.9","  45.3","  40.8"," 13.6"," 0.00","1016.4","999.9","998.5","  42.8","  5.3"," 10.9"
"34504099999","48.6","34.9666666","143.0","2004-10-22","  36.2","000000","999.9","  50.5","  35.6","  9.7"," 0.00","1024.0","999.9","005.9","  41.9","  5.1","  5.5"
"34504099999","48.6","34.9666666","143.0","2004-10-23","  41.7","010000","999.9","  51.1","  31.6"," 13.6"," 0.02","1022.9","999.9","004.9","  43.0","  1.6","  6.7"
"34504099999","48.6","34.9666666","143.0","2004-10-24","  51.8","000000","999.9","  59.0","  45.3"," 17.5"," 0.00","1015.1","999.9","997.7","  54.3","  2.5"," 14.1"
"34504099999","48.6","34.9666666","143.0","2004-10-25","  49.8","000000","999.9","  69.1","  48.4"," 15.5"," 0.00","1017.3","999.9","999.9","  56.5","  4.3","  8.7"
"34504099999","48.6","34.9666666","143.0","2004-10-26","  49.2","110000","999.9","  52.9","  43.5","  9.7"," 0.00","1022.2","999.9","004.5","  50.0","  1.0","  7.3"
"34504099999","48.6","34.9666666","143.0","2004-10-27","  48.5","100000","999.9","  53.6","  46.9","  9.7"," 0.00","1019.2","999.9","001.6","  49.9","  1.3","  5.8"
"34504099999","48.6","34.9666666","143.0","2004-10-28","  48.3","110000","999.9","  50.2","  46.0","  7.8"," 0.00","1017.1","999.9","999.4","  48.6","  0.5","  3.3"
"34504099999","48.6","34.9666666","143.0","2004-10-29","  48.3","010000","999.9","  54.5","  49.1","  9.7"," 0.00","1019.8","999.9","002.1","  51.0","  1.8","  6.2"
"34504099999","48.6","34.9666666","143.0","2004-10-30","  46.0","000000","999.9","  49.6","  46.0","  5.8"," 0.00","1019.0","999.9","001.2","  47.6","  1.9","  1.7"
"34504099999","48.6","34.9666666","143.0","2004-10-31","  48.7","010000","999.9","  52.5","  47.1","  7.8"," 0.00","1019.8","999.9","002.2","  50.4","  2.0","  5.8"
"34504099999","48.6","34.9666666","143.0","2004-11-01","  52.0","110000","999.9","  55.8","  48.7"," 27.2"," 0.35","1018.8","999.9","001.2","  52.4","  1.0","  5.8"
"34504099999","48.6","34.9666666","143.0","2004-11-02","  39.5","000000","999.9","  46.4","  42.6","  9.7"," 0.35","1024.1","999.9","006.1","  44.2","  5.7","  6.7"
"34504099999","48.6","34.9666666","143.0","2004-11-03","  34.3","000000","999.9","  49.3","  32.7"," 11.7"," 0.00","1030.2","999.9","012.0","  41.3","  5.3","  7.3"
"34504099999","48.6","34.9666666","143.0","2004-11-04","  32.6","000000","999.9","  50.4","  29.1","  9.7"," 0.00","1032.2","999.9","013.8","  38.3","  3.9","  5.1"
"34504099999","48.6","34.9666666","143.0","2004-11-05","  34.2","100000","999.9","  53.6","  27.0","  5.8"," 0.00","1027.6","999.9","009.4","  38.5","  2.0","  3.9"
"34504099999","48.6","34.9666666","143.0","2004-11-06","  40.3","100000","999.9","  50.0","  36.0","  9.7"," 0.00","1020.2","999.9","002.2","  42.6","  2.2","  6.6"
"34504099999","48.6","34.9666666","143.0","2004-11-07","  37.6","100000","999.9","  44.6","  34.5","  7.8"," 0.00","1018.0","999.9","999.9","  38.7","  0.6","  5.1"
"34504099999","48.6","34.9666666","143.0","2004-11-08","  35.7","100000","999.9","  38.3","  32.0","  9.7"," 0.00","1021.6","999.9","003.3","  35.8","  0.2","  6.1"
"34504099999","48.6","34.9666666","143.0","2004-11-09","  44.0","110000","999.9","  49.6","  35.4"," 11.7"," 0.00","1022.0","999.9","004.2","  45.2","  1.3","  9.4"
"34504099999","48.6","34.9666666","143.0","2004-11-10","  44.0","000000","999.9","  55.4","  41.9"," 13.6"," 0.00","1023.7","999.9","005.9","  47.8","  2.2"," 11.9"
"34504099999","48.6","34.9666666","143.0","2004-11-11","  39.4","000000","999.9","  49.1","  37.4"," 13.6"," 0.00","1026.4","999.9","008.3","  43.2","  2.2"," 10.0"
"34504099999","48.6","34.9666666","143.0","2004-11-12","  39.7","000000","999.9","  49.1","  36.5","  7.8"," 0.00","1027.1","999.9","009.0","  42.8","  3.2","  2.2"
"34504099999","48.6","34.9666666","143.0","2004-11-13","  43.8","010000","999.9","  47.1","  41.5","  7.8"," 0.00","1021.3","999.9","003.4","  45.1","  1.3","  4.4"
"34504099999","48.6","34.9666666","143.0","2004-11-14","  49.8","110000","999.9","  53.2","  46.2"," 11.7"," 0.02","1016.4","999.9","998.7","  50.5","  1.1","  7.4"
"34504099999","48.6","34.9666666","143.0","2004-11-15","  40.3","010000","999.9","  41.9","  39.2"," 19.4"," 0.78","1016.0","999.9","998.1","  40.9","  2.9"," 13.9"
"34504099999","48.6","34.9666666","143.0","2004-11-16","  39.7","010000","999.9","  44.6","  37.6"," 15.5"," 0.16","1005.4","999.9","987.6","  40.5","  1.8"," 10.0"
"34504099999","48.6","34.9666666","143.0","2004-11-17","  32.1","000000","999.9","  41.4","  30.0"," 13.6"," 0.00","1011.1","999.9","993.0","  35.7","  3.4","  9.7"
"34504099999","48.6","34.9666666","143.0","2004-11-18","  34.6","010000","999.9","  48.6","  24.6"," 17.5"," 0.00","1009.1","999.9","991.2","  38.2","  4.8"," 11.9"
"34504099999","48.6","34.9666666","143.0","2004-11-19","  43.6","000000","999.9","  48.0","  43.5"," 11.7"," 0.04","1002.0","999.9","984.5","  45.9","  4.0","  7.8"
"34504099999","48.6","34.9666666","143.0","2004-11-20","  38.6","011000","999.9","  51.1","  30.4"," 21.4"," 0.39"," 992.5","999.9","975.0","  40.6","  5.0"," 19.1"
"34504099999","48.6","34.9666666","143.0","2004-11-21","  20.7","001000","999.9","  33.1","  22.5"," 13.6"," 0.00","1013.7","999.9","995.2","  27.3","  5.7"," 10.0"
"34504099999","48.6","34.9666666","143.0","2004-11-22","  22.7","001000","999.9","  33.6","  21.0","  5.8"," 0.02","1022.8","999.9","004.1","  25.5","  4.2","  2.8"
"34504099999","48.6","34.9666666","143.0","2004-11-23","  21.1","100000","999.9","  34.2","  17.6"," 13.6"," 0.00","1022.1","999.9","003.4","  25.5","  4.1","  6.6"
"34504099999","48.6","34.9666666","143.0","2004-11-24","  18.2","001000","999.9","  29.5","  25.2"," 19.4"," 0.02","1014.8","999.9","996.2","  26.8","  4.6"," 16.1"
"34504099999","48.6","34.9666666","143.0","2004-11-25","  11.7","001000","999.9","  28.2","  17.6"," 11.7"," 0.08","1018.6","  0.4","999.9","  21.5","  5.0"," 10.0"
"34504099999","48.6","34.9666666","143.0","2004-11-26","  12.3","001000","999.9","  28.6","  12.6","  7.8"," 0.00","1018.7","  0.4","999.9","  20.7","  5.1","  7.3"
"34504099999","48.6","34.9666666","143.0","2004-11-27","  30.3","001000","999.9","  34.0","  20.5","  5.8"," 0.04","1013.9","  0.8","995.7","  30.9","  1.1","  5.2"
"34504099999","48.6","34.9666666","143.0","2004-11-28","  29.7","101000","999.9","  33.1","  29.7","  9.7"," 0.03","1016.5","999.9","998.2","  31.4","  1.0","  7.0"
"34504099999","48.6","34.9666666","143.0","2004-11-29","  32.2","100000","999.9","  35.8","  31.8","  7.8"," 0.01","1021.1","  0.4","002.6","  33.6","  0.8","  3.6"
"34504099999","48.6","34.9666666","143.0","2004-11-30","  28.2","001000","999.9","  34.0","  21.7","  9.7"," 0.32","1019.1","  0.4","000.7","  29.2","  1.8","  8.1"
"34504099999","48.6","34.9666666","143.0","2004-12-01","  18.4","000000","999.9","  23.2","  15.3","  7.8"," 0.00","1029.9","  0.8","011.0","  20.2","  1.9","  4.9"
"34504099999","48.6","34.9666666","143.0","2004-12-02","  30.1","010000","999.9","  40.5","  21.4"," 13.6"," 0.00","1023.6","  0.8","005.1","  30.9","  1.2"," 10.3"
"34504099999","48.6","34.9666666","143.0","2004-12-03","  39.7","110000","999.9","  41.7","  36.5","  7.8"," 0.04","1015.6","999.9","997.7","  39.7","  0.1","  4.9"
"34504099999","48.6","34.9666666","143.0","2004-12-04","  33.8","010000","999.9","  37.2","  34.2"," 15.5"," 0.02","1021.5","999.9","003.2","  35.2","  1.4","  8.9"
"34504099999","48.6","34.9666666","143.0","2004-12-05","  30.4","000000","999.9","  37.0","  31.5"," 13.6"," 0.00","1027.3","999.9","008.8","  34.3","  4.5","  9.0"
"34504099999","48.6","34.9666666","143.0","2004-12-06","  33.2","010000","999.9","  40.3","  30.4"," 11.7"," 0.01","1020.9","999.9","002.6","  35.6","  2.4","  9.2"
"34504099999","48.6","34.9666666","143.0","2004-12-07","  33.7","110000","999.9","  37.0","  31.6","  9.7"," 0.14","1019.7","  0.4","001.5","  34.4","  1.2","  7.2"
"34504099999","48.6","34.9666666","143.0","2004-12-08","  33.1","010000","999.9","  37.6","  30.9"," 11.7"," 0.03","1022.5","999.9","004.2","  34.6","  2.3","  9.1"
"34504099999","48.6","34.9666666","143.0","2004-12-09","  33.2","010000","999.9","  37.4","  32.0"," 13.6"," 0.04","1017.8","999.9","999.5","  34.3","  1.2"," 10.3"
"34504099999","48.6","34.9666666","143.0","2004-12-10","  28.7","001000","999.9","  34.7","  28.4"," 11.7"," 0.10","1021.3","999.9","002.8","  31.0","  3.7","  7.8"
"34504099999","48.6","34.9666666","143.0","2004-12-11","  23.4","001000","999.9","  30.9","  25.9","  7.8"," 0.01","1023.7","  0.8","005.2","  28.5","  5.1","  5.0"
"34504099999","48.6","34.9666666","143.0","2004-12-12","  30.7","011000","999.9","  34.3","  25.5"," 15.5"," 0.01","1019.8","  0.4","001.4","  31.8","  1.4","  8.3"
"34504099999","48.6","34.9666666","143.0","2004-12-13","  25.3","001000","999.9","  36.3","  29.5"," 21.4"," 0.00","1017.2","999.9","999.0","  33.1","  3.9"," 15.8"
"34504099999","48.6","34.9666666","143.0","2004-12-14","  14.6","001000","999.9","  27.9","  19.4"," 15.5"," 0.02","1026.8","  0.4","008.0","  22.6","  6.2"," 14.0"
"34504099999","48.6","34.9666666","143.0","2004-12-15","  11.1","001000","999.9","  23.2","  13.1"," 13.6"," 0.00","1032.3","999.9","013.0","  17.1","  4.4","  7.5"
"34504099999","48.6","34.9666666","143.0","2004-12-16","  15.1","000000","999.9","  28.0","  10.9"," 11.7"," 0.00","1027.7","999.9","008.7","  18.9","  3.6","  7.3"
"34504099999","48.6","34.9666666","143.0","2004-12-17","  26.2","000000","999.9","  36.1","  19.6"," 13.6"," 0.00","1021.1","999.9","002.6","  29.8","  5.3","  9.5"
"34504099999","48.6","34.9666666","143.0","2004-12-18","  31.7","000000","999.9","  42.3","  34.2"," 17.5"," 0.00","1014.8","999.9","996.9","  37.9","  6.2"," 12.4"
"34504099999","48.6","34.9666666","143.0","2004-12-19","  29.9","010000","999.9","  44.6","  31.6"," 15.5"," 0.00","1010.0","999.9","992.0","  36.9","  6.2"," 12.4"
"34504099999","48.6","34.9666666","143.0","2004-12-20","  30.4","011000","999.9","  34.7","  31.3"," 11.7"," 1.85","1010.8","999.9","992.6","  32.7","  3.2","  6.1"
"34504099999","48.6","34.9666666","143.0","2004-12-21","  28.5","001000","999.9","  31.3","  27.9"," 13.6"," 0.28","1020.0","  2.8","001.6","  29.5","  2.7"," 10.4"
"34504099999","48.6","34.9666666","143.0","2004-12-22","  20.7","000000","999.9","  30.7","  16.3","  7.8"," 0.00","1026.4","999.9","007.5","  23.0","  4.8","  7.0"
"34504099999","48.6","34.9666666","143.0","2004-12-23","  16.1","001000","999.9","  23.9","  15.4","  7.8"," 0.00","1019.2","  2.8","000.4","  19.6","  5.7","  4.2"
"34504099999","48.6","34.9666666","143.0","2004-12-24","  23.4","001000","999.9","  32.4","  17.8"," 11.7"," 0.00","1012.6","  2.8","994.1","  25.7","  3.6","  9.4"
"34504099999","48.6","34.9666666","143.0","2004-12-25","  30.8","000000","999.9","  37.0","  29.7"," 15.5"," 0.01","1016.4","  2.4","998.1","  32.5","  2.6","  8.9"
"34504099999","48.6","34.9666666","143.0","2004-12-26","  35.4","100000","999.9","  41.9","  29.7"," 11.7"," 0.00","1023.7","  1.6","005.4","  36.2","  1.5"," 10.0"
"34504099999","48.6","34.9666666","143.0","2004-12-27","  38.5","100000","999.9","  48.6","  35.6"," 15.5"," 0.00","1019.3","999.9","001.3","  41.1","  3.2"," 10.0"
"34504099999","48.6","34.9666666","143.0","2004-12-28","  41.9","110000","999.9","  45.5","  40.5"," 11.7"," 0.00","1014.6","999.9","996.8","  42.1","  0.3","  8.0"
"34504099999","48.6","34.9666666","143.0","2004-12-29","  43.0","110000","999.9","  46.0","  40.5","  7.8"," 0.14","1012.6","999.9","994.8","  43.0","  0.2","  4.2"
"34504099999","48.6","34.9666666","143.0","2004-12-30","  34.8","010000","999.9","  40.8","  33.8"," 15.5"," 0.20","1021.1","999.9","002.8","  36.3","  5.4"," 13.0"
"34504099999","48.6","34.9666666","143.0","2004-12-31","  30.2","001000","999.9","  34.7","  31.1","  5.8"," 0.01","1027.3","  0.4","008.8","  32.2","  4.8","  3.2"
"34504099999","48.6","34.9666666","143.0","2005-01-01","  31.6","000000","999.9","  35.4","  30.2","  7.8"," 0.00","1022.9","999.9","004.5","  33.1","  2.6","  5.1"
"34504099999","48.6","34.9666666","143.0","2005-01-02","  31.9","011000","999.9","  33.4","  31.8","  9.7"," 0.04","1014.4","999.9","996.1","  32.7","  0.7","  6.8"
"34504099999","48.6","34.9666666","143.0","2005-01-03","  32.2","101000","999.9","  36.3","  29.7","  7.8"," 0.05","1013.7","999.9","995.5","  33.2","  1.3","  6.2"
"34504099999","48.6","34.9666666","143.0","2005-01-04","  28.3","000000","999.9","  36.0","  25.9","  7.8"," 0.00","1015.7","999.9","997.4","  31.1","  4.7","  6.3"
"34504099999","48.6","34.9666666","143.0","2005-01-05","  30.6","001000","999.9","  33.8","  29.8"," 11.7"," 0.08","1016.4","999.9","998.0","  32.0","  3.3","  7.4"
"34504099999","48.6","34.9666666","143.0","2005-01-06","  31.3","000000","999.9","  36.9","  29.8"," 13.6"," 0.03","1018.0","  0.8","999.7","  33.9","  6.2"," 10.5"
"34504099999","48.6","34.9666666","143.0","2005-01-07","  30.8","000000","999.9","  39.0","  31.1","  9.7"," 0.00","1024.3","999.9","005.9","  34.5","  5.0","  7.3"
"34504099999","48.6","34.9666666","143.0","2005-01-08","  34.4","011000","999.9","  41.0","  32.4"," 17.5"," 0.01","1021.3","999.9","003.1","  37.6","  4.8"," 11.9"
"34504099999","48.6","34.9666666","143.0","2005-01-09","  34.1","000000","999.9","  46.6","  33.3"," 13.6"," 0.00","1017.9","999.9","999.8","  38.5","  5.1"," 11.4"
"34504099999","48.6","34.9666666","143.0","2005-01-10","  29.7","000000","999.9","  46.2","  32.2"," 19.4"," 0.00","1019.0","999.9","000.9","  37.6","  6.2"," 12.9"
"34504099999","48.6","34.9666666","143.0","2005-01-11","  37.6","000000","999.9","  50.4","  32.2"," 15.5"," 0.00","1019.6","999.9","001.6","  42.7","  6.2"," 10.7"
"34504099999","48.6","34.9666666","143.0","2005-01-12","  37.9","000000","999.9","  54.1","  38.1"," 13.6"," 0.00","1024.5","999.9","006.5","  43.0","  4.8","  9.5"
"34504099999","48.6","34.9666666","143.0","2005-01-13","  35.0","100000","999.9","  41.5","  33.3","  5.8"," 0.00","1025.0","999.9","006.8","  37.7","  3.3","  3.2"
"34504099999","48.6","34.9666666","143.0","2005-01-14","  32.5","010000","999.9","  40.5","  28.8","  7.8"," 0.00","1019.5","999.9","001.3","  35.6","  3.6","  4.6"
"34504099999","48.6","34.9666666","143.0","2005-01-15","  34.9","110000","999.9","  37.8","  34.7","  7.8"," 0.06","1018.0","999.9","999.7","  35.9","  1.4","  4.5"
"34504099999","48.6","34.9666666","143.0","2005-01-16","  30.8","001000","999.9","  36.5","  32.0","  9.7"," 0.00","1026.3","999.9","007.9","  34.1","  4.3","  8.0"
"34504099999","48.6","34.9666666","143.0","2005-01-17","  23.7","000000","999.9","  35.6","  25.9","  9.7"," 0.00","1031.0","999.9","012.3","  29.7","  5.9","  7.8"
"34504099999","48.6","34.9666666","143.0","2005-01-18","  25.6","000000","999.9","  35.1","  22.1"," 11.7"," 0.00","1024.2","999.9","005.7","  30.4","  5.7","  8.0"
"34504099999","48.6","34.9666666","143.0","2005-01-19","  29.2","011000","999.9","  33.3","  30.6"," 15.5"," 0.00","1018.8","999.9","000.5","  32.4","  6.2"," 11.1"
"34504099999","48.6","34.9666666","143.0","2005-01-20","  29.7","011000","999.9","  33.1","  30.2"," 11.7"," 0.00","1017.2","999.9","998.9","  31.6","  3.3","  9.2"
"34504099999","48.6","34.9666666","143.0","2005-01-21","  38.8","010000","999.9","  44.2","  32.4"," 17.5"," 0.32","1000.9","999.9","983.1","  40.5","  2.5"," 14.6"
"34504099999","48.6","34.9666666","143.0","2005-01-22","  36.1","010000","999.9","  42.1","  32.2"," 13.6"," 0.55","1000.8","999.9","983.0","  37.7","  3.5","  6.5"
"34504099999","48.6","34.9666666","143.0","2005-01-23","  29.8","100000","999.9","  37.8","  26.2","  7.8"," 0.00","1007.5","999.9","989.3","  31.1","  1.7","  2.8"
"34504099999","48.6","34.9666666","143.0","2005-01-24","  25.9","101000","999.9","  32.0","  22.5","  5.8"," 0.00","1015.3","999.9","996.8","  26.0","  0.3","  1.0"
"34504099999","48.6","34.9666666","143.0","2005-01-25","  24.0","100000","999.9","  27.3","  23.0"," 13.6"," 0.00","1023.3","999.9","004.6","  24.8","  1.5","  5.6"
"34504099999","48.6","34.9666666","143.0","2005-01-26","  22.3","011000","999.9","  25.9","  23.4"," 21.4"," 0.24","1021.2","999.9","002.5","  24.9","  2.5"," 16.8"
"34504099999","48.6","34.9666666","143.0","2005-01-27","  23.2","010000","999.9","  30.6","  21.6"," 21.4"," 0.12","1010.9","999.9","992.5","  26.4","  4.6"," 16.1"
"34504099999","48.6","34.9666666","143.0","2005-01-28","  29.0","110000","999.9","  32.7","  27.0","  5.8"," 0.16","1016.2","  2.0","997.8","  29.3","  0.4","  1.9"
"34504099999","48.6","34.9666666","143.0","2005-01-29","  22.1","001000","999.9","  28.0","  17.6","  9.7"," 0.01","1016.9","  2.0","998.2","  23.3","  2.5","  6.1"
"34504099999","48.6","34.9666666","143.0","2005-01-30","  14.3","001000","999.9","  22.3","  14.9"," 13.6"," 0.00","1015.4","  2.0","996.7","  17.4","  4.8"," 11.0"
"34504099999","48.6","34.9666666","143.0","2005-01-31","  12.4","001000","999.9","  21.4","   8.6","  9.7"," 0.59","1008.6","999.9","989.7","  14.6","  2.6","  6.5"
"34504099999","48.6","34.9666666","143.0","2005-02-01","  12.6","001000","999.9","  23.4","   6.1","  7.8"," 0.00","1014.6","  5.9","995.7","  15.5","  5.1","  4.2"
"34504099999","48.6","34.9666666","143.0","2005-02-02","  20.1","101000","999.9","  25.7","  14.5","  7.8"," 0.04","1020.0","  5.9","001.2","  21.8","  2.1","  5.8"
"34504099999","48.6","34.9666666","143.0","2005-02-03","  12.8","001000","999.9","  25.2","  10.2"," 15.5"," 0.02","1025.9","  6.3","006.8","  17.2","  4.3"," 10.7"
"34504099999","48.6","34.9666666","143.0","2005-02-04","   4.0","000000","999.9","  23.7","   7.9"," 19.4"," 0.00","1031.0","  5.9","011.8","  14.1","  6.2"," 15.8"
"34504099999","48.6","34.9666666","143.0","2005-02-05","   1.5","000000","999.9","  17.1","   3.0"," 17.5"," 0.00","1035.1","  5.9","015.6","   8.9","  6.2"," 13.8"
"34504099999","48.6","34.9666666","143.0","2005-02-06","   0.7","000000","999.9","  18.1","   1.6"," 17.5"," 0.00","1038.5","  5.9","018.8","   8.6","  6.2"," 15.5"
"34504099999","48.6","34.9666666","143.0","2005-02-07","   0.0","000000","999.9","  21.6","   0.5"," 13.6"," 0.00","1040.7","  5.9","021.1","   9.7","  6.2"," 10.7"
"34504099999","48.6","34.9666666","143.0","2005-02-08","   9.0","000000","999.9","  23.2","   6.8"," 11.7"," 0.00","1037.9","  5.1","018.5","  15.8","  6.2","  8.7"
"34504099999","48.6","34.9666666","143.0","2005-02-09","  16.5","001000","999.9","  28.0","  15.8","  9.7"," 0.00","1038.1","  3.9","018.9","  19.2","  3.1","  6.1"
"34504099999","48.6","34.9666666","143.0","2005-02-10","  12.6","001000","999.9","  22.3","  14.4","  5.8"," 0.08","1034.4","  5.5","015.2","  16.5","  4.6","  2.6"
"34504099999","48.6","34.9666666","143.0","2005-02-11","   8.1","001000","999.9","  17.8","   5.4","  5.8"," 0.00","1030.4","  5.5","011.1","  12.0","  4.6","  3.3"
"34504099999","48.6","34.9666666","143.0","2005-02-12","   8.5","001000","999.9","  17.6","   4.6","  9.7"," 0.00","1023.0","  5.5","003.8","  12.2","  5.1","  5.8"
"34504099999","48.6","34.9666666","143.0","2005-02-13","  22.5","001000","999.9","  32.0","  13.8"," 17.5"," 0.20","1010.5","  6.7","992.0","  24.3","  2.2"," 13.9"
"34504099999","48.6","34.9666666","143.0","2005-02-14","  35.1","011000","999.9","  39.0","  29.3"," 19.4"," 0.87","1004.4","  5.5","986.4","  35.9","  2.5"," 15.5"
"34504099999","48.6","34.9666666","143.0","2005-02-15","  35.4","010000","999.9","  43.0","  34.5"," 11.7"," 0.20","1015.2","  1.2","997.2","  38.5","  5.7"," 10.3"
"34504099999","48.6","34.9666666","143.0","2005-02-16","  32.2","000000","999.9","  38.5","  32.4"," 15.5"," 0.00","1017.3","999.9","999.0","  34.6","  6.2"," 12.1"
"34504099999","48.6","34.9666666","143.0","2005-02-17","  35.2","110000","999.9","  40.8","  32.7"," 11.7"," 0.47","1011.1","999.9","993.1","  35.7","  2.9","  8.6"
"34504099999","48.6","34.9666666","143.0","2005-02-18","  37.6","110000","999.9","  40.5","  35.8","  7.8"," 0.08","1008.1","999.9","990.1","  37.8","  0.7","  4.5"
"34504099999","48.6","34.9666666","143.0","2005-02-19","  33.0","111000","999.9","  35.6","  31.1","  9.7"," 0.06","1006.2","999.9","988.1","  33.6","  2.9","  6.4"
"34504099999","48.6","34.9666666","143.0","2005-02-20","  28.1","001000","999.9","  31.3","  28.4","  7.8"," 0.01","1008.7","  0.4","990.4","  29.8","  3.7","  5.8"
"34504099999","48.6","34.9666666","143.0","2005-02-21","  25.2","001000","999.9","  34.9","  25.5","  5.8"," 0.00","1016.7","999.9","998.3","  30.0","  6.2","  3.6"
"34504099999","48.6","34.9666666","143.0","2005-02-22","  28.6","000000","999.9","  41.5","  25.5","  5.8"," 0.00","1024.7","999.9","006.3","  33.4","  6.2","  4.4"
"34504099999","48.6","34.9666666","143.0","2005-02-23","  26.4","000000","999.9","  37.0","  25.3"," 15.5"," 0.00","1029.2","999.9","010.5","  29.0","  3.3"," 11.7"
"34504099999","48.6","34.9666666","143.0","2005-02-24","  22.2","001000","999.9","  31.3","  23.7"," 15.5"," 0.00","1026.0","999.9","007.3","  26.7","  4.1"," 12.8"
"34504099999","48.6","34.9666666","143.0","2005-02-25","  24.4","001000","999.9","  29.7","  25.0"," 13.6"," 0.08","1018.4","999.9","999.9","  26.7","  3.4","  7.8"
"34504099999","48.6","34.9666666","143.0","2005-02-26","  27.7","001000","999.9","  31.8","  24.3","  5.8"," 0.16","1011.1","  0.4","992.8","  28.5","  2.6","  3.6"
"34504099999","48.6","34.9666666","143.0","2005-02-27","  31.5","111000","999.9","  33.6","  29.3"," 13.6"," 0.59"," 997.1","  4.3","979.2","  31.8","  1.3","  9.4"
"34504099999","48.6","34.9666666","143.0","2005-02-28","  19.4","011000","999.9","  40.5","  14.2"," 27.2"," 0.32"," 990.4","  1.6","972.2","  23.7","  4.0"," 17.8"
"34504099999","48.6","34.9666666","143.0","2005-03-01","   6.5","000000","999.9","  18.1","   6.3"," 13.6"," 0.00","1012.8","  0.4","993.7","  12.2","  6.2"," 10.7"
"34504099999","48.6","34.9666666","143.0","2005-03-02","  11.6","000000","999.9","  30.9","   7.0","  7.8"," 0.00","1020.5","  0.4","001.7","  19.2","  6.2","  5.1"
"34504099999","48.6","34.9666666","143.0","2005-03-03","  15.0","000000","999.9","  36.9","  14.9"," 15.5"," 0.00","1022.4","  0.4","003.6","  25.0","  5.7"," 12.4"
"34504099999","48.6","34.9666666","143.0","2005-03-04","  19.7","001000","999.9","  29.5","  20.5"," 11.7"," 0.02","1024.4","  1.6","005.7","  24.0","  3.9","  8.6"
"34504099999","48.6","34.9666666","143.0","2005-03-05","  20.6","001000","999.9","  28.0","  15.8"," 13.6"," 0.00","1019.8","  1.2","001.1","  24.5","  6.2"," 11.7"
"34504099999","48.6","34.9666666","143.0","2005-03-06","  27.9","011000","999.9","  35.1","  27.5"," 17.5"," 0.08","1006.5","  1.2","988.3","  30.9","  4.7"," 13.3"
"34504099999","48.6","34.9666666","143.0","2005-03-07","  30.9","001000","999.9","  38.1","  29.5","  7.8"," 0.12","1008.7","  2.0","990.5","  32.1","  3.8","  5.2"
"34504099999","48.6","34.9666666","143.0","2005-03-08","  26.1","000000","999.9","  36.9","  25.7","  7.8"," 0.00","1006.4","  0.4","988.2","  30.9","  3.9","  5.8"
"34504099999","48.6","34.9666666","143.0","2005-03-09","  22.3","011000","999.9","  32.0","  20.1"," 15.5"," 0.04","1005.9","999.9","987.5","  25.0","  4.9","  8.6"
"34504099999","48.6","34.9666666","143.0","2005-03-10","  14.4","001000","999.9","  27.0","  14.7"," 13.6"," 0.00","1013.0","  0.4","994.3","  20.3","  5.6","  9.1"
"34504099999","48.6","34.9666666","143.0","2005-03-11","  11.7","001000","999.9","  21.9","  12.7"," 13.6"," 0.02","1012.9","  0.8","994.2","  18.3","  3.4"," 10.4"
"34504099999","48.6","34.9666666","143.0","2005-03-12","  25.7","001000","999.9","  36.9","  19.2"," 15.5"," 0.00","1004.6","999.9","986.4","  30.6","  5.6"," 12.3"
"34504099999","48.6","34.9666666","143.0","2005-03-13","  34.2","010000","999.9","  51.8","  30.9"," 19.4"," 0.12","1005.8","999.9","987.9","  38.9","  5.7"," 10.8"
"34504099999","48.6","34.9666666","143.0","2005-03-14","  22.4","000000","999.9","  36.1","  24.6"," 15.5"," 0.00","1020.6","999.9","002.2","  29.9","  6.2"," 10.0"
"34504099999","48.6","34.9666666","143.0","2005-03-15","  28.7","000000","999.9","  45.0","  22.5"," 15.5"," 0.00","1023.7","999.9","005.3","  33.7","  6.2","  9.2"
"34504099999","48.6","34.9666666","143.0","2005-03-16","  28.9","100000","999.9","  45.1","  29.8"," 15.5"," 0.00","1023.1","999.9","004.8","  35.4","  4.9","  7.8"
"34504099999","48.6","34.9666666","143.0","2005-03-17","  35.9","011000","999.9","  43.7","  28.4"," 11.7"," 0.28","1016.1","  1.6","998.1","  37.3","  2.2","  9.2"
"34504099999","48.6","34.9666666","143.0","2005-03-18","  40.6","010000","999.9","  48.0","  40.5"," 13.6"," 0.08","1004.4","999.9","986.8","  43.6","  5.7"," 11.1"
"34504099999","48.6","34.9666666","143.0","2005-03-19","  24.4","011000","999.9","  41.9","  20.5"," 19.4"," 0.31","1001.2","999.9","983.1","  30.3","  3.7"," 16.2"
"34504099999","48.6","34.9666666","143.0","2005-03-20","  17.6","001000","999.9","  27.3","  16.2"," 17.5"," 0.12","1013.4","  1.6","994.8","  21.3","  3.2"," 14.2"
"34504099999","48.6","34.9666666","143.0","2005-03-21","  19.0","001000","999.9","  32.0","  16.0","  9.7"," 0.04","1017.4","  2.0","998.7","  23.2","  5.6","  9.4"
"34504099999","48.6","34.9666666","143.0","2005-03-22","  16.2","000000","999.9","  31.3","  15.4"," 13.6"," 0.00","1021.2","  2.0","002.5","  25.1","  6.2","  8.3"
"34504099999","48.6","34.9666666","143.0","2005-03-23","  20.8","011000","999.9","  36.5","  19.0","  9.7"," 0.01","1022.4","  0.8","003.8","  26.9","  6.2","  5.8"
"34504099999","48.6","34.9666666","143.0","2005-03-24","  19.9","000000","999.9","  41.0","  20.5"," 13.6"," 0.00","1024.4","999.9","005.9","  30.6","  5.7","  8.0"
"34504099999","48.6","34.9666666","143.0","2005-03-25","  22.3","000000","999.9","  43.0","  21.6"," 11.7"," 0.00","1024.3","999.9","005.8","  33.5","  5.7","  6.6"
"34504099999","48.6","34.9666666","143.0","2005-03-26","  34.5","000000","999.9","  48.0","  35.1"," 13.6"," 0.00","1014.5","999.9","996.5","  38.5","  5.0"," 10.2"
"34504099999","48.6","34.9666666","143.0","2005-03-27","  36.0","000000","999.9","  53.1","  32.7","  9.7"," 0.00","1014.4","999.9","996.5","  42.2","  4.8","  6.6"
"34504099999","48.6","34.9666666","143.0","2005-03-28","  33.0","010000","999.9","  49.1","  33.1","  7.8"," 0.04","1012.4","999.9","994.4","  38.5","  4.6","  4.4"
"34504099999","48.6","34.9666666","143.0","2005-03-29","  19.5","000000","999.9","  39.9","  22.6"," 15.5"," 0.00","1020.0","999.9","001.6","  31.3","  6.2"," 10.4"
"34504099999","48.6","34.9666666","143.0","2005-03-30","  16.9","000000","999.9","  39.6","  19.0","  5.8"," 0.00","1024.4","999.9","005.9","  29.2","  6.2","  4.9"
"34504099999","48.6","34.9666666","143.0","2005-03-31","  19.7","000000","999.9","  42.4","  23.0","  9.7"," 0.00","1026.7","999.9","008.2","  32.8","  6.2","  6.3"
"34504099999","48.6","34.9666666","143.0","2005-04-01","  22.2","000000","999.9","  44.6","  22.5"," 11.7"," 0.00","1028.3","999.9","009.8","  33.7","  6.2","  7.3"
"34504099999","48.6","34.9666666","143.0","2005-04-02","  22.1","000000","999.9","  46.4","  23.5","  9.7"," 0.00","1030.9","999.9","012.4","  35.2","  5.5","  6.8"
"34504099999","48.6","34.9666666","143.0","2005-04-03","  21.4","000000","999.9","  48.0","  24.8","  5.8"," 0.00","1030.7","999.9","012.3","  36.8","  4.7","  4.4"
"34504099999","48.6","34.9666666","143.0","2005-04-04","  27.0","000000","999.9","  61.7","  27.5"," 15.5"," 0.00","1029.2","999.9","011.1","  44.2","  3.8","  9.7"
"34504099999","48.6","34.9666666","143.0","2005-04-05","  32.7","000000","999.9","  64.8","  34.7","  7.8"," 0.00","1029.5","999.9","011.6","  50.7","  1.6","  2.2"
"34504099999","48.6","34.9666666","143.0","2005-04-06","  27.3","000000","999.9","  65.1","  37.8"," 13.6"," 0.00","1027.5","999.9","009.6","  49.8","  4.7","  9.5"
"34504099999","48.6","34.9666666","143.0","2005-04-07","  28.3","000000","999.9","  65.8","  34.0"," 13.6"," 0.00","1024.3","999.9","006.5","  49.8","  5.7","  9.2"
"34504099999","48.6","34.9666666","143.0","2005-04-08","  30.0","000000","999.9","  67.1","  37.9","  7.8"," 0.00","1021.0","999.9","003.4","  54.4","  5.7","  5.1"
"34504099999","48.6","34.9666666","143.0","2005-04-09","  34.8","000000","999.9","  72.0","  42.4"," 11.7"," 0.00","1017.5","999.9","000.1","  56.6","  5.3","  8.3"
"34504099999","48.6","34.9666666","143.0","2005-04-10","  38.9","000000","999.9","  73.4","  41.4"," 11.7"," 0.00","1019.3","999.9","001.9","  57.7","  5.3","  7.0"
"34504099999","48.6","34.9666666","143.0","2005-04-11","  41.1","000000","999.9","  73.2","  45.7"," 11.7"," 0.00","1020.4","999.9","003.0","  59.7","  5.3","  5.8"
"34504099999","48.6","34.9666666","143.0","2005-04-12","  37.3","000000","999.9","  58.5","  45.9"," 13.6"," 0.00","1021.7","999.9","004.0","  51.2","  5.3","  7.8"
"34504099999","48.6","34.9666666","143.0","2005-04-13","  36.2","000000","999.9","  73.0","  43.7"," 11.7"," 0.00","1017.0","999.9","999.7","  59.0","  5.3","  9.5"
"34504099999","48.6","34.9666666","143.0","2005-04-14","  40.7","000000","999.9","  73.2","  53.4"," 15.5"," 0.00","1008.1","999.9","990.9","  59.1","  6.2","  9.4"
"34504099999","48.6","34.9666666","143.0","2005-04-15","  46.9","010000","999.9","  70.2","  45.3","  9.7"," 0.08","1008.5","999.9","991.2","  55.6","  5.3","  3.4"
"34504099999","48.6","34.9666666","143.0","2005-04-16","  49.3","010000","999.9","  65.5","  48.7"," 13.6"," 0.24","1005.8","999.9","988.5","  55.2","  5.1","  7.8"
"34504099999","48.6","34.9666666","143.0","2005-04-17","  48.7","010000","999.9","  55.6","  46.0","  7.8"," 0.27","1002.4","999.9","985.0","  49.9","  2.4","  6.2"
"34504099999","48.6","34.9666666","143.0","2005-04-18","  50.1","100000","999.9","  69.8","  42.1","  9.7"," 0.00","1002.5","999.9","985.3","  55.8","  4.7","  4.6"
"34504099999","48.6","34.9666666","143.0","2005-04-19","  51.2","010000","999.9","  57.0","  49.8","  9.7"," 0.16"," 998.6","999.9","981.4","  53.1","  3.3","  6.2"
"34504099999","48.6","34.9666666","143.0","2005-04-20","  45.6","000000","999.9","  64.2","  43.0"," 13.6"," 0.01","1006.2","999.9","988.9","  52.9","  6.2","  9.1"
"34504099999","48.6","34.9666666","143.0","2005-04-21","  47.2","000000","999.9","  71.2","  42.4"," 17.5"," 0.00","1009.3","999.9","992.1","  58.1","  5.6"," 11.7"
"34504099999","48.6","34.9666666","143.0","2005-04-22","  49.4","010000","999.9","  70.2","  47.5"," 11.7"," 0.04","1008.8","999.9","991.0","  54.6","  6.2","  8.9"
"34504099999","48.6","34.9666666","143.0","2005-04-23","  33.9","000000","999.9","  45.1","  36.3"," 15.5"," 0.00","1013.7","999.9","995.7","  40.7","  6.2"," 10.9"
"34504099999","48.6","34.9666666","143.0","2005-04-24","  31.7","000000","999.9","  58.6","  33.1"," 15.5"," 0.00","1022.3","999.9","004.5","  46.6","  5.7","  8.7"
"34504099999","48.6","34.9666666","143.0","2005-04-25","  34.3","000000","999.9","  62.6","  40.5","  9.7"," 0.00","1024.0","999.9","006.3","  51.9","  6.2","  6.6"
"34504099999","48.6","34.9666666","143.0","2005-04-26","  38.2","000000","999.9","  64.2","  41.0"," 11.7"," 0.00","1020.4","999.9","002.8","  52.8","  6.2","  7.8"
"34504099999","48.6","34.9666666","143.0","2005-04-27","  38.4","000000","999.9","  69.1","  41.7"," 15.5"," 0.00","1016.6","999.9","999.1","  55.9","  6.2"," 10.4"
"34504099999","48.6","34.9666666","143.0","2005-04-28","  37.0","000000","999.9","  70.5","  42.8","  9.7"," 0.00","1014.9","999.9","997.1","  58.2","  6.2","  7.8"
"34504099999","48.6","34.9666666","143.0","2005-04-29","  40.1","000000","999.9","  68.2","  46.6"," 13.6"," 0.00","1010.4","999.9","993.1","  57.2","  6.2","  8.5"
"34504099999","48.6","34.9666666","143.0","2005-04-30","  43.1","010000","999.9","  61.2","  44.6","  9.7"," 0.00","1011.3","999.9","993.8","  50.6","  6.2","  4.2"
"34504099999","48.6","34.9666666","143.0","2005-05-01","  40.9","000000","999.9","  72.0","  48.2","  9.7"," 0.00","1011.1","999.9","993.8","  59.8","  6.2","  5.8"
"34504099999","48.6","34.9666666","143.0","2005-05-02","  39.9","010000","999.9","  69.8","  46.6"," 15.5"," 0.28","1012.5","999.9","995.1","  55.6","  6.2","  5.8"
"34504099999","48.6","34.9666666","143.0","2005-05-03","  43.1","000000","999.9","  60.8","  44.4"," 13.6"," 0.00","1014.3","999.9","996.7","  50.7","  6.2"," 12.3"
"34504099999","48.6","34.9666666","143.0","2005-05-04","  45.6","000000","999.9","  68.5","  44.6","  7.8"," 0.00","1012.7","999.9","995.3","  56.9","  4.8","  2.2"
"34504099999","48.6","34.9666666","143.0","2005-05-05","  44.1","010000","999.9","  70.2","  42.8"," 11.7"," 0.00","1007.3","999.9","990.1","  58.1","  5.7","  6.3"
"34504099999","48.6","34.9666666","143.0","2005-05-06","  50.5","010010","999.9","  68.2","  50.4","  9.7"," 0.20","1006.1","999.9","988.9","  57.7","  5.7","  7.0"
"34504099999","48.6","34.9666666","143.0","2005-05-07","  54.0","110000","999.9","  67.1","  51.8","  7.8"," 0.03","1006.4","999.9","989.3","  60.2","  4.8","  4.7"
"34504099999","48.6","34.9666666","143.0","2005-05-08","  52.0","010000","999.9","  73.0","  49.8"," 17.5"," 0.00","1002.4","999.9","985.3","  62.3","  6.2"," 11.4"
"34504099999","48.6","34.9666666","143.0","2005-05-09","  44.3","000000","999.9","  66.6","  43.2"," 15.5"," 0.04","1011.5","999.9","994.0","  52.4","  6.2","  8.0"
"34504099999","48.6","34.9666666","143.0","2005-05-10","  42.8","010000","999.9","  63.0","  39.2","  9.7"," 0.04","1018.6","999.9","001.0","  51.2","  5.7","  5.6"
"34504099999","48.6","34.9666666","143.0","2005-05-11","  49.1","100000","999.9","  73.2","  43.2"," 13.6"," 0.00","1018.5","999.9","001.1","  57.4","  4.8","  5.8"
"34504099999","48.6","34.9666666","143.0","2005-05-12","  51.4","000010","999.9","  73.0","  52.9","  9.7"," 0.00","1015.8","999.9","998.5","  60.1","  6.2","  5.3"
"34504099999","48.6","34.9666666","143.0","2005-05-13","  40.8","000000","999.9","  67.1","  46.9"," 13.6"," 0.02","1019.0","999.9","001.5","  56.3","  6.2","  9.2"
"34504099999","48.6","34.9666666","143.0","2005-05-14","  37.7","000000","999.9","  68.2","  40.1"," 15.5"," 0.00","1022.6","999.9","005.1","  55.8","  5.7","  7.0"
"34504099999","48.6","34.9666666","143.0","2005-05-15","  39.7","000000","999.9","  71.1","  47.1","  5.8"," 0.00","1023.6","999.9","006.2","  60.4","  6.2","  2.9"
"34504099999","48.6","34.9666666","143.0","2005-05-16","  42.3","000000","999.9","  72.3","  46.6","  5.8"," 0.00","1022.9","999.9","005.6","  61.7","  6.2","  2.4"
"34504099999","48.6","34.9666666","143.0","2005-05-17","  43.7","000000","999.9","  77.2","  48.4","  7.8"," 0.00","1022.4","999.9","005.2","  64.2","  6.2","  2.7"
"34504099999","48.6","34.9666666","143.0","2005-05-18","  47.9","000000","999.9","  81.5","  51.6","  5.8"," 0.00","1021.8","999.9","004.7","  68.3","  6.2","  4.1"
"34504099999","48.6","34.9666666","143.0","2005-05-19","  52.5","000000","999.9","  82.4","  57.0"," 11.7"," 0.00","1017.3","999.9","000.4","  70.7","  6.2","  6.1"
"34504099999","48.6","34.9666666","143.0","2005-05-20","  55.9","000000","999.9","  83.5","  59.0","  7.8"," 0.00","1014.9","999.9","998.0","  71.7","  6.2","  4.9"
"34504099999","48.6","34.9666666","143.0","2005-05-21","  55.6","010000","999.9","  78.1","  60.6","  9.7"," 0.00","1015.2","999.9","998.2","  70.3","  6.2","  5.5"
"34504099999","48.6","34.9666666","143.0","2005-05-22","  53.0","000000","999.9","  90.3","  58.3","  9.7"," 0.00","1014.5","999.9","997.7","  74.5","  6.2","  6.6"
"34504099999","48.6","34.9666666","143.0","2005-05-23","  51.8","000000","999.9","  91.2","  60.8"," 15.5"," 0.00","1016.2","999.9","999.5","  76.6","  6.2"," 10.2"
"34504099999","48.6","34.9666666","143.0","2005-05-24","  51.2","000000","999.9","  89.2","  64.4"," 19.4"," 0.00","1017.4","999.9","000.6","  76.7","  6.2"," 11.7"
"34504099999","48.6","34.9666666","143.0","2005-05-25","  55.0","000000","999.9","  90.5","  62.8"," 13.6"," 0.00","1017.2","999.9","000.5","  75.8","  6.2","  9.5"
"34504099999","48.6","34.9666666","143.0","2005-05-26","  59.7","010000","999.9","  85.6","  62.6"," 11.7"," 0.00","1017.4","999.9","000.4","  71.1","  6.2","  9.2"
"34504099999","48.6","34.9666666","143.0","2005-05-27","  59.1","000000","999.9","  86.5","  63.1"," 13.6"," 0.00","1018.4","999.9","001.6","  73.6","  6.2"," 10.2"
"34504099999","48.6","34.9666666","143.0","2005-05-28","  54.1","000000","999.9","  87.4","  59.2","  7.8"," 0.00","1018.0","999.9","001.1","  72.7","  6.2","  6.8"
"34504099999","48.6","34.9666666","143.0","2005-05-29","  56.7","000000","999.9","  89.2","  61.5","  5.8"," 0.00","1016.7","999.9","000.0","  77.1","  6.2","  4.6"
"34504099999","48.6","34.9666666","143.0","2005-05-30","  61.2","000000","999.9","  92.1","  65.5","  5.8"," 0.00","1014.5","999.9","997.9","  80.2","  6.2","  2.2"
"34504099999","48.6","34.9666666","143.0","2005-05-31","  58.1","000010","999.9","  93.2","  66.6","  7.8"," 0.00","1009.9","999.9","993.4","  82.1","  6.2","  3.3"
"34504099999","48.6","34.9666666","143.0","2005-06-01","  62.9","010010","999.9","  84.2","  59.5"," 15.5"," 0.87","1006.5","999.9","989.7","  70.0","  5.7","  9.7"
"34504099999","48.6","34.9666666","143.0","2005-06-02","  51.1","010000","999.9","  64.4","  52.3"," 15.5"," 0.24","1010.8","999.9","993.5","  55.9","  6.2"," 11.1"
"34504099999","48.6","34.9666666","143.0","2005-06-03","  46.9","000000","999.9","  66.9","  50.2"," 11.7"," 0.01","1018.0","999.9","000.6","  58.0","  6.2","  7.1"
"34504099999","48.6","34.9666666","143.0","2005-06-04","  47.5","000000","999.9","  71.4","  46.9","  5.8"," 0.00","1020.0","999.9","002.7","  60.0","  6.2","  1.2"
"34504099999","48.6","34.9666666","143.0","2005-06-05","  49.2","000000","999.9","  75.0","  52.9","  7.8"," 0.00","1019.4","999.9","002.2","  65.1","  6.2","  4.1"
"34504099999","48.6","34.9666666","143.0","2005-06-06","  50.3","000000","999.9","  75.7","  54.3","  9.7"," 0.00","1018.6","999.9","001.5","  66.5","  6.2","  4.4"
"34504099999","48.6","34.9666666","143.0","2005-06-07","  53.1","000000","999.9","  78.8","  55.4"," 13.6"," 0.00","1017.5","999.9","000.5","  68.5","  6.2","  7.8"
"34504099999","48.6","34.9666666","143.0","2005-06-08","  57.5","010000","999.9","  75.9","  58.6","  9.7"," 0.02","1016.3","999.9","999.2","  66.3","  6.2","  5.8"
"34504099999","48.6","34.9666666","143.0","2005-06-09","  59.6","010010","999.9","  79.5","  61.9","  9.7"," 0.00","1014.3","999.9","997.5","  70.5","  6.2","  8.3"
"34504099999","48.6","34.9666666","143.0","2005-06-10","  60.7","000010","999.9","  87.4","  61.9"," 15.5"," 0.01","1008.7","999.9","992.1","  74.8","  6.2","  9.4"
"34504099999","48.6","34.9666666","143.0","2005-06-11","  62.2","010010","999.9","  79.0","  61.5"," 11.7"," 0.24","1004.9","999.9","988.0","  66.4","  5.7","  7.5"
"34504099999","48.6","34.9666666","143.0","2005-06-12","  55.2","010000","999.9","  71.2","  57.0"," 15.5"," 0.59","1007.2","999.9","990.1","  60.7","  4.4"," 12.2"
"34504099999","48.6","34.9666666","143.0","2005-06-13","  54.9","010010","999.9","  73.4","  53.8"," 11.7"," 0.24","1013.7","999.9","996.5","  60.3","  6.2","  6.8"
"34504099999","48.6","34.9666666","143.0","2005-06-14","  51.3","000000","999.9","  73.9","  53.8"," 13.6"," 0.00","1015.8","999.9","998.6","  63.1","  5.6","  7.3"
"34504099999","48.6","34.9666666","143.0","2005-06-15","  55.5","010000","999.9","  73.4","  53.4","  7.8"," 0.08","1014.8","999.9","997.7","  61.7","  6.2","  3.6"
"34504099999","48.6","34.9666666","143.0","2005-06-16","  58.9","100000","999.9","  77.2","  55.9"," 11.7"," 0.00","1013.9","999.9","996.9","  65.1","  5.0","  6.1"
"34504099999","48.6","34.9666666","143.0","2005-06-17","  58.8","010010","999.9","  82.4","  57.7","  9.7"," 0.00","1015.4","999.9","998.5","  70.0","  6.2","  4.9"
"34504099999","48.6","34.9666666","143.0","2005-06-18","  59.2","010010","999.9","  77.9","  61.7"," 15.5"," 0.01","1006.2","999.9","989.4","  69.9","  5.4"," 11.4"
"34504099999","48.6","34.9666666","143.0","2005-06-19","  58.3","010000","999.9","  67.6","  59.0"," 15.5"," 1.14"," 996.3","999.9","979.4","  61.6","  5.6"," 12.3"
"34504099999","48.6","34.9666666","143.0","2005-06-20","  55.9","000000","999.9","  73.4","  54.0"," 13.6"," 0.26","1004.2","999.9","987.2","  61.0","  6.2","  7.8"
"34504099999","48.6","34.9666666","143.0","2005-06-21","  48.8","010000","999.9","  64.4","  49.8"," 15.5"," 0.12","1006.7","999.9","989.3","  53.1","  6.2"," 11.7"
"34504099999","48.6","34.9666666","143.0","2005-06-22","  50.9","010000","999.9","  62.6","  49.3"," 15.5"," 0.05","1009.4","999.9","992.1","  55.0","  6.2"," 11.7"
"34504099999","48.6","34.9666666","143.0","2005-06-23","  50.8","000000","999.9","  75.6","  52.7","  7.8"," 0.00","1015.2","999.9","998.1","  64.4","  6.2","  6.1"
"34504099999","48.6","34.9666666","143.0","2005-06-24","  53.7","000000","999.9","  78.8","  53.1","  7.8"," 0.00","1017.5","999.9","000.5","  67.3","  6.2","  4.9"
"34504099999","48.6","34.9666666","143.0","2005-06-25","  56.0","000000","999.9","  81.1","  55.0","  7.8"," 0.00","1017.0","999.9","000.0","  68.6","  6.2","  4.1"
"34504099999","48.6","34.9666666","143.0","2005-06-26","  58.4","000000","999.9","  83.7","  58.8","  9.7"," 0.00","1014.1","999.9","997.2","  71.4","  6.2","  5.8"
"34504099999","48.6","34.9666666","143.0","2005-06-27","  59.4","010010","999.9","  71.2","  56.8"," 11.7"," 0.16","1011.6","999.9","994.5","  63.2","  5.6","  7.1"
"34504099999","48.6","34.9666666","143.0","2005-06-28","  51.6","000000","999.9","  75.9","  52.5","  7.8"," 0.00","1011.5","999.9","994.5","  64.8","  6.2","  5.1"
"34504099999","48.6","34.9666666","143.0","2005-06-29","  56.0","010010","999.9","  78.8","  53.4"," 11.7"," 0.02","1008.1","999.9","991.1","  65.3","  6.2","  6.1"
"34504099999","48.6","34.9666666","143.0","2005-06-30","  60.7","010000","999.9","  66.9","  59.7"," 11.7"," 0.03","1007.2","999.9","990.2","  63.3","  5.0","  7.1"
"34504099999","48.6","34.9666666","143.0","2005-07-01","  53.3","000000","999.9","  76.5","  56.8","  5.8"," 0.03","1011.4","999.9","994.4","  65.8","  6.2","  4.2"
"34504099999","48.6","34.9666666","143.0","2005-07-02","  52.8","000000","999.9","  77.9","  52.2","  7.8"," 0.00","1013.3","999.9","996.4","  67.3","  6.2","  5.3"
"34504099999","48.6","34.9666666","143.0","2005-07-03","  53.9","000000","999.9","  81.5","  57.9"," 13.6"," 0.00","1012.8","999.9","995.9","  70.0","  6.2","  9.2"
"34504099999","48.6","34.9666666","143.0","2005-07-04","  57.9","010010","999.9","  80.6","  60.8"," 17.5"," 0.47","1009.9","999.9","993.0","  68.3","  5.7"," 12.6"
"34504099999","48.6","34.9666666","143.0","2005-07-05","  58.3","010000","999.9","  63.0","  59.5"," 13.6"," 0.34","1007.0","999.9","989.9","  60.7","  5.6"," 12.0"
"34504099999","48.6","34.9666666","143.0","2005-07-06","  54.8","010000","999.9","  72.5","  56.3","  9.7"," 0.00","1008.0","999.9","990.9","  61.8","  6.2","  8.1"
"34504099999","48.6","34.9666666","143.0","2005-07-07","  55.0","000000","999.9","  78.6","  52.3","  9.7"," 0.00","1012.0","999.9","995.1","  66.7","  6.2","  4.9"
"34504099999","48.6","34.9666666","143.0","2005-07-08","  61.5","100010","999.9","  71.8","  60.1"," 11.7"," 0.00","1014.0","999.9","997.0","  65.5","  5.3","  6.9"
"34504099999","48.6","34.9666666","143.0","2005-07-09","  61.7","100000","999.9","  81.9","  62.1","  7.8"," 0.00","1016.7","999.9","999.7","  70.5","  4.8","  5.3"
"34504099999","48.6","34.9666666","143.0","2005-07-10","  59.7","000000","999.9","  81.5","  59.5","  7.8"," 0.00","1017.2","999.9","000.3","  71.6","  5.7","  3.6"
"34504099999","48.6","34.9666666","143.0","2005-07-11","  58.0","010000","999.9","  77.4","  62.6","  9.7"," 0.00","1019.8","999.9","002.8","  69.0","  6.2","  6.8"
"34504099999","48.6","34.9666666","143.0","2005-07-12","  52.1","000000","999.9","  78.1","  55.4"," 11.7"," 0.00","1021.5","999.9","004.3","  66.4","  6.2","  7.5"
"34504099999","48.6","34.9666666","143.0","2005-07-13","  53.5","000000","999.9","  79.5","  53.6","  9.7"," 0.00","1016.8","999.9","999.8","  68.0","  6.2","  6.6"
"34504099999","48.6","34.9666666","143.0","2005-07-14","  56.3","000000","999.9","  84.2","  53.6","  9.7"," 0.00","1015.1","999.9","998.2","  71.4","  6.2","  7.3"
"34504099999","48.6","34.9666666","143.0","2005-07-15","  57.7","000000","999.9","  88.3","  61.0"," 11.7"," 0.00","1014.9","999.9","998.1","  73.9","  6.2","  8.0"
"34504099999","48.6","34.9666666","143.0","2005-07-16","  59.5","010000","999.9","  82.0","  65.3"," 11.7"," 0.00","1011.6","999.9","994.7","  70.4","  6.2","  8.3"
"34504099999","48.6","34.9666666","143.0","2005-07-17","  62.4","010000","999.9","  78.3","  62.8"," 11.7"," 0.02","1008.4","999.9","991.6","  69.7","  6.2","  7.2"
"34504099999","48.6","34.9666666","143.0","2005-07-18","  62.4","010010","999.9","  82.9","  59.5","  5.8"," 0.43","1010.1","999.9","993.2","  68.2","  5.7","  3.3"
"34504099999","48.6","34.9666666","143.0","2005-07-19","  60.0","000000","999.9","  86.0","  60.4","  7.8"," 0.00","1014.0","999.9","997.2","  74.5","  5.6","  3.9"
"34504099999","48.6","34.9666666","143.0","2005-07-20","  63.0","000010","999.9","  84.7","  62.8"," 15.5"," 0.02","1010.7","999.9","993.9","  72.2","  5.6","  7.3"
"34504099999","48.6","34.9666666","143.0","2005-07-21","  59.8","110000","999.9","  78.3","  59.9","  9.7"," 0.00","1010.4","999.9","993.5","  67.0","  4.9","  6.9"
"34504099999","48.6","34.9666666","143.0","2005-07-22","  53.9","000000","999.9","  84.2","  56.3","  5.8"," 0.00","1010.7","999.9","993.8","  70.7","  6.2","  3.2"
"34504099999","48.6","34.9666666","143.0","2005-07-23","  60.1","000010","999.9","  88.0","  62.2","  9.7"," 0.00","1010.5","999.9","993.7","  73.2","  6.2","  4.6"
"34504099999","48.6","34.9666666","143.0","2005-07-24","  60.9","000010","999.9","  88.7","  61.9","  7.8"," 0.00","1009.7","999.9","993.1","  75.6","  5.7","  4.1"
"34504099999","48.6","34.9666666","143.0","2005-07-25","  62.6","010010","999.9","  83.1","  65.5"," 15.5"," 0.02","1009.5","999.9","992.7","  71.3","  6.2"," 10.8"
"34504099999","48.6","34.9666666","143.0","2005-07-26","  63.2","010000","999.9","  75.2","  63.9","  9.7"," 0.43","1011.7","999.9","994.8","  66.9","  4.6","  7.4"
"34504099999","48.6","34.9666666","143.0","2005-07-27","  63.4","000000","999.9","  88.7","  60.4"," 11.7"," 0.00","1014.8","999.9","998.1","  76.0","  4.7","  4.6"
"34504099999","48.6","34.9666666","143.0","2005-07-28","  65.1","000000","999.9","  88.9","  66.2","  9.7"," 0.00","1017.4","999.9","000.7","  78.2","  6.2","  4.4"
"34504099999","48.6","34.9666666","143.0","2005-07-29","  63.9","000000","999.9","  88.9","  65.7","  5.8"," 0.00","1016.9","999.9","000.2","  78.3","  6.2","  2.7"
"34504099999","48.6","34.9666666","143.0","2005-07-30","  64.7","000000","999.9","  93.2","  69.8","  5.8"," 0.00","1014.1","999.9","997.5","  78.9","  6.2","  4.7"
"34504099999","48.6","34.9666666","143.0","2005-07-31","  67.7","000000","999.9","  94.1","  68.5","  5.8"," 0.00","1012.3","999.9","995.8","  81.3","  6.2","  3.9"
"34504099999","48.6","34.9666666","143.0","2005-08-01","  64.9","000000","999.9","  94.1","  69.1","  7.8"," 0.00","1011.6","999.9","995.1","  79.4","  6.2","  6.1"
"34504099999","48.6","34.9666666","143.0","2005-08-02","  63.5","000000","999.9","  94.6","  68.2"," 11.7"," 0.00","1012.2","999.9","995.7","  81.4","  6.2","  6.3"
"34504099999","48.6","34.9666666","143.0","2005-08-03","  65.5","000000","999.9","  89.8","  66.4"," 11.7"," 0.00","1013.8","999.9","997.2","  78.1","  6.2","  7.5"
"34504099999","48.6","34.9666666","143.0","2005-08-04","  63.5","000000","999.9","  92.1","  67.5"," 11.7"," 0.00","1013.1","999.9","996.5","  78.0","  6.2","  9.2"
"34504099999","48.6","34.9666666","143.0","2005-08-05","  60.0","000000","999.9","  88.7","  65.7"," 15.5"," 0.00","1012.4","999.9","995.8","  77.0","  6.2"," 10.0"
"34504099999","48.6","34.9666666","143.0","2005-08-06","  66.0","000010","999.9","  87.3","  70.5","  9.7"," 0.00","1009.7","999.9","993.0","  74.9","  6.2","  7.5"
"34504099999","48.6","34.9666666","143.0","2005-08-07","  63.7","000000","999.9","  96.4","  67.3"," 15.5"," 0.00","1005.2","999.9","988.8","  81.3","  6.2"," 10.7"
"34504099999","48.6","34.9666666","143.0","2005-08-08","  62.7","000010","999.9","  88.3","  66.9"," 11.7"," 0.00","1003.3","999.9","986.8","  74.7","  6.2","  7.2"
"34504099999","48.6","34.9666666","143.0","2005-08-09","  53.6","000000","999.9","  77.2","  58.3"," 15.5"," 0.00","1011.8","999.9","994.9","  67.9","  6.2","  9.7"
"34504099999","48.6","34.9666666","143.0","2005-08-10","  52.7","000000","999.9","  79.3","  54.7","  7.8"," 0.00","1016.3","999.9","999.2","  67.6","  6.2","  4.6"
"34504099999","48.6","34.9666666","143.0","2005-08-11","  50.0","000000","999.9","  82.8","  55.9","  7.8"," 0.00","1013.7","999.9","996.8","  69.5","  6.2","  5.8"
"34504099999","48.6","34.9666666","143.0","2005-08-12","  53.6","010000","999.9","  77.2","  59.2"," 15.5"," 0.02","1014.0","999.9","997.0","  66.4","  6.2","  7.8"
"34504099999","48.6","34.9666666","143.0","2005-08-13","  56.9","010010","999.9","  79.2","  55.4","  5.8"," 0.00","1016.4","999.9","999.3","  66.9","  5.7","  4.6"
"34504099999","48.6","34.9666666","143.0","2005-08-14","  62.3","010010","999.9","  83.3","  63.9","  9.7"," 0.55","1015.2","999.9","998.3","  71.6","  5.6","  4.9"
"34504099999","48.6","34.9666666","143.0","2005-08-15","  65.2","010010","999.9","  80.6","  64.6","  7.8"," 0.51","1013.3","999.9","996.6","  71.4","  5.0","  2.5"
"34504099999","48.6","34.9666666","143.0","2005-08-16","  66.2","000000","999.9","  83.7","  63.3"," 13.6"," 0.00","1014.0","999.9","997.2","  72.9","  4.4"," 10.9"
"34504099999","48.6","34.9666666","143.0","2005-08-17","  64.2","000000","999.9","  91.0","  65.7"," 11.7"," 0.00","1012.9","999.9","996.3","  78.2","  6.2","  9.0"
"34504099999","48.6","34.9666666","143.0","2005-08-18","  66.2","000000","999.9","  94.1","  70.0"," 13.6"," 0.00","1012.2","999.9","995.7","  80.4","  6.2","  9.5"
"34504099999","48.6","34.9666666","143.0","2005-08-19","  57.7","000010","999.9","  84.4","  66.4"," 17.5"," 0.00","1013.6","999.9","996.9","  74.0","  6.2"," 14.1"
"34504099999","48.6","34.9666666","143.0","2005-08-20","  50.0","000000","999.9","  77.0","  57.2"," 13.6"," 0.00","1018.3","999.9","001.2","  67.2","  6.2"," 12.4"
"34504099999","48.6","34.9666666","143.0","2005-08-21","  49.8","000000","999.9","  79.9","  53.8"," 13.6"," 0.00","1019.2","999.9","002.1","  65.6","  6.2","  9.7"
"34504099999","48.6","34.9666666","143.0","2005-08-22","  50.0","000000","999.9","  81.5","  55.9","  7.8"," 0.00","1018.0","999.9","001.0","  69.1","  6.2","  5.1"
"34504099999","48.6","34.9666666","143.0","2005-08-23","  48.8","000000","999.9","  84.6","  57.4","  9.7"," 0.00","1013.8","999.9","996.9","  71.4","  6.2","  4.9"
"34504099999","48.6","34.9666666","143.0","2005-08-24","  50.3","000000","999.9","  87.8","  59.7"," 11.7"," 0.00","1011.2","999.9","994.5","  74.3","  6.2","  7.5"
"34504099999","48.6","34.9666666","143.0","2005-08-25","  52.9","010000","999.9","  88.3","  61.0"," 13.6","99.99","1012.6","999.9","995.9","  73.7","  5.7"," 10.2"
"34504099999","48.6","34.9666666","143.0","2005-08-26","  54.5","000000","999.9","  81.0","  58.8"," 17.5"," 0.20","1016.3","999.9","999.2","  68.2","  6.2"," 13.0"
"34504099999","48.6","34.9666666","143.0","2005-08-27","  54.9","000000","999.9","  82.6","  58.3","  9.7"," 0.00","1018.2","999.9","001.2","  70.0","  6.2","  8.0"
"34504099999","48.6","34.9666666","143.0","2005-08-28","  52.6","000000","999.9","  85.1","  62.1","  9.7"," 0.00","1020.8","999.9","003.8","  72.6","  6.2","  4.4"
"34504099999","48.6","34.9666666","143.0","2005-08-29","  54.7","000000","999.9","  85.5","  59.7","  5.8"," 0.00","1021.8","999.9","004.9","  72.5","  5.7","  3.2"
"34504099999","48.6","34.9666666","143.0","2005-08-30","  56.4","000000","999.9","  83.5","  61.5"," 11.7"," 0.00","1021.1","999.9","004.1","  69.6","  6.2","  8.1"
"34504099999","48.6","34.9666666","143.0","2005-08-31","  53.6","000010","999.9","  81.3","  58.3"," 17.5"," 0.00","1016.9","999.9","999.9","  70.6","  5.1","  9.2"
"34504099999","48.6","34.9666666","143.0","2005-09-01","  44.2","000000","999.9","  70.0","  49.6"," 13.6"," 0.00","1015.6","999.9","998.2","  59.8","  6.2","  8.7"
"34504099999","48.6","34.9666666","143.0","2005-09-02","  49.6","010000","999.9","  71.4","  50.0","  7.8","99.99","1018.2","999.9","000.9","  60.4","  6.2","  7.0"
"34504099999","48.6","34.9666666","143.0","2005-09-03","  51.0","000000","999.9","  72.3","  52.2"," 13.6"," 0.00","1020.1","999.9","002.8","  61.5","  6.2","  8.5"
"34504099999","48.6","34.9666666","143.0","2005-09-04","  49.0","000000","999.9","  74.7","  50.9"," 11.7"," 0.00","1020.5","999.9","003.2","  62.1","  6.2","  9.0"
"34504099999","48.6","34.9666666","143.0","2005-09-05","  50.4","000000","999.9","  74.5","  49.5"," 11.7"," 0.00","1019.5","999.9","002.2","  62.4","  6.2","  6.8"
"34504099999","48.6","34.9666666","143.0","2005-09-06","  51.3","000000","999.9","  76.3","  49.1","  7.8"," 0.00","1020.0","999.9","002.7","  62.6","  6.2","  4.9"
"34504099999","48.6","34.9666666","143.0","2005-09-07","  51.5","000000","999.9","  78.1","  52.0","  5.8"," 0.00","1021.9","999.9","004.6","  65.0","  5.7","  3.6"
"34504099999","48.6","34.9666666","143.0","2005-09-08","  50.5","000000","999.9","  81.5","  55.8","  5.8"," 0.00","1022.9","999.9","005.8","  67.8","  6.2","  5.1"
"34504099999","48.6","34.9666666","143.0","2005-09-09","  46.8","000000","999.9","  83.8","  59.5","  5.8"," 0.00","1021.8","999.9","004.7","  70.6","  6.2","  5.6"
"34504099999","48.6","34.9666666","143.0","2005-09-10","  49.2","000000","999.9","  84.6","  58.6","  7.8"," 0.00","1015.9","999.9","999.0","  70.9","  5.7","  5.8"
"34504099999","48.6","34.9666666","143.0","2005-09-11","  53.2","010000","999.9","  84.0","  60.8"," 11.7"," 0.02","1011.5","999.9","994.5","  69.9","  6.2","  8.6"
"34504099999","48.6","34.9666666","143.0","2005-09-12","  55.2","000000","999.9","  81.5","  58.8"," 11.7"," 0.00","1012.5","999.9","995.6","  69.0","  6.2","  7.5"
"34504099999","48.6","34.9666666","143.0","2005-09-13","  56.7","000000","999.9","  83.8","  58.5","  3.9"," 0.00","1015.9","999.9","998.9","  71.0","  5.1","  2.2"
"34504099999","48.6","34.9666666","143.0","2005-09-14","  58.3","010000","999.9","  79.7","  62.1","  7.8"," 0.01","1016.0","999.9","998.8","  66.8","  6.2","  5.5"
"34504099999","48.6","34.9666666","143.0","2005-09-15","  53.5","000000","999.9","  76.6","  59.5","  9.7"," 0.00","1012.1","999.9","995.1","  66.8","  6.2","  5.8"
"34504099999","48.6","34.9666666","143.0","2005-09-16","  52.0","000000","999.9","  78.1","  52.3","  7.8"," 0.00","1010.0","999.9","993.0","  65.1","  6.2","  4.6"
"34504099999","48.6","34.9666666","143.0","2005-09-17","  50.8","000000","999.9","  84.2","  57.6","  5.8"," 0.00","1010.4","999.9","993.6","  70.7","  6.2","  2.4"
"34504099999","48.6","34.9666666","143.0","2005-09-18","  54.8","000000","999.9","  83.7","  58.8"," 13.6"," 0.00","1016.1","999.9","999.1","  69.8","  6.2","  6.3"
"34504099999","48.6","34.9666666","143.0","2005-09-19","  48.6","010010","999.9","  58.6","  52.0"," 15.5"," 0.00","1021.9","999.9","004.4","  54.9","  6.2"," 12.5"
"34504099999","48.6","34.9666666","143.0","2005-09-20","  44.0","000000","999.9","  69.4","  50.7"," 13.6"," 0.00","1019.9","999.9","002.6","  59.0","  6.2"," 11.7"
"34504099999","48.6","34.9666666","143.0","2005-09-21","  48.4","000000","999.9","  66.7","  50.5"," 15.5"," 0.00","1020.2","999.9","002.8","  58.3","  6.2"," 12.1"
"34504099999","48.6","34.9666666","143.0","2005-09-22","  46.6","000000","999.9","  72.3","  49.6"," 15.5"," 0.00","1020.9","999.9","003.6","  60.6","  6.2"," 12.9"
"34504099999","48.6","34.9666666","143.0","2005-09-23","  44.3","000000","999.9","  77.4","  52.0"," 17.5"," 0.00","1021.5","999.9","004.2","  63.0","  6.2"," 14.1"
"34504099999","48.6","34.9666666","143.0","2005-09-24","  43.9","000000","999.9","  76.1","  49.6"," 15.5"," 0.00","1021.3","999.9","003.9","  61.8","  6.2"," 11.7"
"34504099999","48.6","34.9666666","143.0","2005-09-25","  44.2","000000","999.9","  76.8","  52.0"," 15.5"," 0.00","1021.5","999.9","004.1","  62.2","  6.2"," 12.9"
"34504099999","48.6","34.9666666","143.0","2005-09-26","  41.9","000000","999.9","  76.6","  50.2"," 13.6"," 0.00","1024.3","999.9","006.9","  60.9","  6.2"," 10.2"
"34504099999","48.6","34.9666666","143.0","2005-09-27","  43.6","000000","999.9","  75.4","  50.0"," 13.6"," 0.00","1024.8","999.9","007.4","  61.4","  6.2"," 10.9"
"34504099999","48.6","34.9666666","143.0","2005-09-28","  50.7","000000","999.9","  77.0","  49.3"," 11.7"," 0.00","1021.8","999.9","004.5","  62.4","  6.2","  9.5"
"34504099999","48.6","34.9666666","143.0","2005-09-29","  44.6","000000","999.9","  79.2","  54.0"," 13.6"," 0.00","1019.5","999.9","002.3","  64.9","  6.2","  9.2"
"34504099999","48.6","34.9666666","143.0","2005-09-30","  43.1","000000","999.9","  79.2","  55.2"," 11.7"," 0.00","1018.7","999.9","001.5","  64.6","  6.2","  9.0"
"34504099999","48.6","34.9666666","143.0","2005-10-01","  35.7","000000","999.9","  79.9","  51.4"," 13.6"," 0.00","1022.5","999.9","005.2","  63.7","  6.2","  9.7"
"34504099999","48.6","34.9666666","143.0","2005-10-02","  38.8","000000","999.9","  81.0","  49.8"," 13.6"," 0.00","1022.3","999.9","005.0","  63.4","  6.2"," 10.0"
"34504099999","48.6","34.9666666","143.0","2005-10-03","  41.0","000000","999.9","  79.5","  52.9"," 15.5"," 0.00","1024.0","999.9","006.7","  64.5","  6.2"," 12.4"
"34504099999","48.6","34.9666666","143.0","2005-10-04","  41.2","000000","999.9","  74.3","  48.7","  9.7"," 0.00","1027.0","999.9","009.5","  59.7","  6.2","  7.8"
"34504099999","48.6","34.9666666","143.0","2005-10-05","  41.8","000000","999.9","  73.2","  47.8","  9.7"," 0.00","1025.4","999.9","007.9","  59.1","  5.7","  7.0"
"34504099999","48.6","34.9666666","143.0","2005-10-06","  36.9","000000","999.9","  61.5","  45.3"," 15.5"," 0.00","1025.8","999.9","008.1","  52.5","  6.2"," 10.4"
"34504099999","48.6","34.9666666","143.0","2005-10-07","  38.9","000000","999.9","  66.0","  40.8"," 13.6"," 0.00","1030.3","999.9","012.5","  52.1","  6.2"," 10.2"
"34504099999","48.6","34.9666666","143.0","2005-10-08","  41.8","000000","999.9","  66.7","  42.8","  9.7"," 0.00","1032.1","999.9","014.3","  53.3","  6.2","  6.6"
"34504099999","48.6","34.9666666","143.0","2005-10-09","  41.1","000000","999.9","  58.3","  45.5","  9.7"," 0.00","1032.0","999.9","014.2","  52.1","  6.2","  6.8"
"34504099999","48.6","34.9666666","143.0","2005-10-10","  37.5","000000","999.9","  65.7","  40.3","  9.7"," 0.00","1031.9","999.9","014.0","  52.4","  6.2","  7.8"
"34504099999","48.6","34.9666666","143.0","2005-10-11","  44.4","010000","999.9","  60.8","  43.7"," 15.5"," 0.03","1031.2","999.9","013.4","  52.2","  6.2"," 11.9"
"34504099999","48.6","34.9666666","143.0","2005-10-12","  46.8","010000","999.9","  54.3","  48.9"," 15.5"," 0.51","1024.0","999.9","006.3","  50.8","  4.3"," 11.4"
"34504099999","48.6","34.9666666","143.0","2005-10-13","  51.7","100000","999.9","  61.7","  50.5","  5.8"," 0.20","1024.3","999.9","006.7","  55.3","  4.6","  3.3"
"34504099999","48.6","34.9666666","143.0","2005-10-14","  50.7","100000","999.9","  63.3","  47.7","  9.7"," 0.00","1024.9","999.9","007.3","  53.0","  1.4","  4.4"
"34504099999","48.6","34.9666666","143.0","2005-10-15","  47.0","000000","999.9","  58.3","  44.2"," 11.7"," 0.00","1020.2","999.9","002.6","  50.6","  3.4","  7.5"
"34504099999","48.6","34.9666666","143.0","2005-10-16","  45.1","010000","999.9","  50.0","  43.0","  7.8"," 0.26","1009.7","999.9","992.1","  46.3","  4.3","  4.4"
"34504099999","48.6","34.9666666","143.0","2005-10-17","  44.4","010000","999.9","  52.2","  39.4","  9.7","99.99","1008.6","999.9","991.0","  45.8","  2.6","  6.6"
"34504099999","48.6","34.9666666","143.0","2005-10-18","  38.3","010000","999.9","  51.8","  41.2"," 19.4"," 0.03","1010.0","999.9","992.3","  44.9","  5.7"," 11.4"
"34504099999","48.6","34.9666666","143.0","2005-10-19","  41.4","010000","999.9","  48.9","  41.2"," 13.6"," 0.00","1014.5","999.9","997.8","  45.2","  5.7"," 10.3"
"34504099999","48.6","34.9666666","143.0","2005-10-20","  34.6","000000","999.9","  45.3","  39.2"," 15.5"," 0.02","1022.8","999.9","004.8","  41.9","  6.2"," 10.0"
"34504099999","48.6","34.9666666","143.0","2005-10-21","  27.6","000000","999.9","  46.6","  30.9","  5.8"," 0.00","1027.3","999.9","009.0","  38.3","  6.2","  4.6"
"34504099999","48.6","34.9666666","143.0","2005-10-22","  38.8","100000","999.9","  55.9","  31.6","  9.7"," 0.00","1025.3","999.9","007.3","  44.8","  4.9","  7.0"
"34504099999","48.6","34.9666666","143.0","2005-10-23","  48.3","000000","999.9","  64.4","  48.4"," 13.6"," 0.00","1020.5","999.9","003.1","  56.1","  6.2"," 10.0"
"34504099999","48.6","34.9666666","143.0","2005-10-24","  54.3","010010","999.9","  63.0","  52.2"," 15.5"," 0.16","1014.6","999.9","997.2","  56.4","  2.4"," 10.7"
"34504099999","48.6","34.9666666","143.0","2005-10-25","  35.4","000000","999.9","  51.4","  36.3"," 15.5"," 0.00","1024.9","999.9","006.8","  43.4","  6.2","  9.2"
"34504099999","48.6","34.9666666","143.0","2005-10-26","  42.8","010000","999.9","  58.6","  35.6"," 15.5","99.99","1019.2","999.9","001.5","  49.1","  5.7"," 10.2"
"34504099999","48.6","34.9666666","143.0","2005-10-27","  44.3","000010","999.9","  59.2","  45.9"," 15.5"," 0.19","1010.5","999.9","993.0","  50.1","  6.2"," 12.0"
"34504099999","48.6","34.9666666","143.0","2005-10-28","  33.1","011000","999.9","  42.8","  32.9"," 15.5"," 0.02","1020.1","999.9","001.9","  36.8","  5.7"," 14.4"
"34504099999","48.6","34.9666666","143.0","2005-10-29","  24.6","000000","999.9","  39.0","  28.0"," 17.5"," 0.00","1035.7","999.9","017.1","  33.4","  6.2"," 13.9"
"34504099999","48.6","34.9666666","143.0","2005-10-30","  22.4","000000","999.9","  43.9","  23.9"," 15.5"," 0.00","1035.5","999.9","016.9","  33.3","  6.2"," 12.9"
"34504099999","48.6","34.9666666","143.0","2005-10-31","  23.1","000000","999.9","  50.4","  29.8"," 19.4"," 0.00","1029.4","999.9","011.2","  40.1","  6.2"," 16.0"
"34504099999","48.6","34.9666666","143.0","2005-11-01","  32.6","010000","999.9","  47.1","  38.8"," 17.5"," 0.12","1025.6","999.9","007.5","  41.6","  5.0"," 12.8"
"34504099999","48.6","34.9666666","143.0","2005-11-02","  42.2","010000","999.9","  46.4","  41.0","  9.7"," 0.05","1026.3","999.9","008.2","  44.0","  3.9","  7.1"
"34504099999","48.6","34.9666666","143.0","2005-11-03","  37.9","010000","999.9","  53.4","  41.5"," 13.6"," 0.02","1024.3","999.9","006.4","  45.7","  4.8"," 11.0"
"34504099999","48.6","34.9666666","143.0","2005-11-04","  42.4","000000","999.9","  54.3","  42.4"," 15.5"," 0.04","1026.5","999.9","008.6","  46.3","  4.6"," 11.1"
"34504099999","48.6","34.9666666","143.0","2005-11-05","  32.8","000000","999.9","  58.5","  36.7"," 13.6"," 0.00","1027.9","999.9","009.9","  45.1","  6.2"," 11.4"
"34504099999","48.6","34.9666666","143.0","2005-11-06","  33.5","100000","999.9","  45.0","  32.5","  9.7"," 0.00","1030.7","999.9","012.3","  36.8","  2.6","  8.0"
"34504099999","48.6","34.9666666","143.0","2005-11-07","  33.3","100000","999.9","  45.5","  28.4","  7.8"," 0.00","1030.7","999.9","012.2","  34.5","  0.9","  5.3"
"34504099999","48.6","34.9666666","143.0","2005-11-08","  34.1","100000","999.9","  46.8","  29.8","  5.8"," 0.00","1031.8","999.9","013.4","  36.4","  1.2","  4.4"
"34504099999","48.6","34.9666666","143.0","2005-11-09","  36.7","100000","999.9","  50.4","  31.3","  5.8"," 0.00","1033.1","999.9","014.8","  39.5","  0.6","  2.7"
"34504099999","48.6","34.9666666","143.0","2005-11-10","  34.1","100000","999.9","  39.0","  31.3","  9.7"," 0.00","1033.5","999.9","015.0","  34.4","  0.3","  7.0"
"34504099999","48.6","34.9666666","143.0","2005-11-11","  29.4","000000","999.9","  37.0","  26.8","  5.8"," 0.00","1031.7","999.9","013.1","  33.1","  3.9","  1.7"
"34504099999","48.6","34.9666666","143.0","2005-11-12","  32.3","000000","999.9","  39.2","  33.4","  7.8"," 0.00","1029.9","999.9","011.6","  36.7","  5.7","  4.1"
"34504099999","48.6","34.9666666","143.0","2005-11-13","  29.8","000000","999.9","  41.0","  34.9","  9.7"," 0.00","1034.5","999.9","016.1","  36.7","  5.7","  6.6"
"34504099999","48.6","34.9666666","143.0","2005-11-14","  26.1","000000","999.9","  34.2","  24.8","  3.9"," 0.00","1032.9","999.9","014.3","  30.9","  3.8","  2.4"
"34504099999","48.6","34.9666666","143.0","2005-11-15","  24.0","100000","999.9","  29.7","  19.9","  9.7"," 0.00","1024.7","999.9","006.0","  25.7","  1.1","  5.1"
"34504099999","48.6","34.9666666","143.0","2005-11-16","  35.6","010000","999.9","  43.3","  25.7"," 13.6","99.99","1013.3","999.9","995.3","  37.6","  3.3"," 11.7"
"34504099999","48.6","34.9666666","143.0","2005-11-17","  46.0","010000","999.9","  50.9","  41.5"," 15.5"," 0.32","1005.2","999.9","987.7","  47.7","  3.3"," 13.9"
"34504099999","48.6","34.9666666","143.0","2005-11-18","  34.1","000000","999.9","  43.2","  35.4"," 13.6"," 0.00","1015.1","999.9","997.1","  38.7","  5.6","  9.4"
"34504099999","48.6","34.9666666","143.0","2005-11-19","  34.0","110000","999.9","  37.4","  33.3"," 15.5"," 0.48","1013.8","999.9","995.7","  35.0","  2.4"," 11.7"
"34504099999","48.6","34.9666666","143.0","2005-11-20","  33.8","110000","999.9","  35.2","  32.7"," 13.6"," 0.85","1007.6","999.9","989.6","  34.4","  1.3"," 10.3"
"34504099999","48.6","34.9666666","143.0","2005-11-21","  28.7","001000","999.9","  31.8","  29.1","  7.8"," 0.20","1013.5","  0.4","995.2","  30.1","  2.7","  4.9"
"34504099999","48.6","34.9666666","143.0","2005-11-22","  26.1","001000","999.9","  30.6","  25.2"," 13.6"," 0.12","1027.0","  1.2","008.4","  28.4","  3.0","  8.6"
"34504099999","48.6","34.9666666","143.0","2005-11-23","  23.9","000000","999.9","  33.6","  22.3"," 11.7"," 0.00","1034.7","  1.6","015.9","  27.4","  5.3","  7.5"
"34504099999","48.6","34.9666666","143.0","2005-11-24","  27.8","000000","999.9","  32.0","  28.4","  9.7"," 0.00","1031.1","  0.8","012.4","  30.0","  4.8","  4.1"
"34504099999","48.6","34.9666666","143.0","2005-11-25","  31.0","010000","999.9","  41.4","  27.0"," 15.5"," 0.04","1014.9","  0.4","996.7","  33.1","  5.1"," 13.9"
"34504099999","48.6","34.9666666","143.0","2005-11-26","  37.6","000000","999.9","  45.0","  36.3"," 13.6"," 0.08","1018.8","999.9","000.8","  40.4","  4.7","  7.8"
"34504099999","48.6","34.9666666","143.0","2005-11-27","  39.9","100000","999.9","  46.8","  34.0"," 11.7"," 0.00","1018.0","999.9","000.0","  41.3","  2.4","  8.7"
"34504099999","48.6","34.9666666","143.0","2005-11-28","  49.3","110000","999.9","  59.2","  41.9"," 13.6"," 0.04","1009.9","999.9","992.5","  52.2","  4.3"," 11.3"
"34504099999","48.6","34.9666666","143.0","2005-11-29","  43.0","100000","999.9","  49.8","  37.2","  9.7"," 0.00","1013.8","999.9","996.0","  45.0","  3.9","  3.2"
"34504099999","48.6","34.9666666","143.0","2005-11-30","  33.9","100000","999.9","  37.8","  28.9","  5.8"," 0.00","1022.1","999.9","003.8","  34.0","  0.5","  2.8"
"34504099999","48.6","34.9666666","143.0","2005-12-01","  37.7","110000","999.9","  43.3","  30.7"," 15.5"," 0.20","1017.5","999.9","999.5","  38.4","  1.2","  6.4"
"34504099999","48.6","34.9666666","143.0","2005-12-02","  36.8","010000","999.9","  43.7","  37.8"," 17.5"," 0.55","1016.4","999.9","998.3","  38.2","  4.8"," 15.3"
"34504099999","48.6","34.9666666","143.0","2005-12-03","  36.1","011000","999.9","  43.2","  34.9"," 13.6"," 0.04","1012.3","999.9","994.3","  38.2","  4.0"," 10.1"
"34504099999","48.6","34.9666666","143.0","2005-12-04","  29.8","000000","999.9","  35.6","  32.2","  7.8"," 0.01","1018.1","999.9","999.9","  33.7","  5.7","  4.2"
"34504099999","48.6","34.9666666","143.0","2005-12-05","  34.0","100000","999.9","  38.7","  31.5","  9.7"," 0.00","1018.0","999.9","999.8","  35.1","  1.6","  7.2"
"34504099999","48.6","34.9666666","143.0","2005-12-06","  33.9","010000","999.9","  36.3","  34.3","  9.7"," 0.00","1022.5","999.9","004.2","  35.3","  2.2","  7.2"
"34504099999","48.6","34.9666666","143.0","2005-12-07","  39.9","110000","999.9","  45.5","  34.3"," 13.6"," 0.00","1017.6","999.9","999.6","  41.3","  2.3","  9.5"
"34504099999","48.6","34.9666666","143.0","2005-12-08","  45.6","110000","999.9","  51.1","  37.6"," 19.4"," 0.44","1012.1","999.9","994.4","  46.1","  0.9","  8.7"
"34504099999","48.6","34.9666666","143.0","2005-12-09","  32.6","010000","999.9","  39.9","  32.9"," 13.6"," 0.43","1021.2","999.9","002.9","  36.4","  5.0"," 11.1"
"34504099999","48.6","34.9666666","143.0","2005-12-10","  21.6","001000","999.9","  32.9","  19.9"," 11.7"," 0.00","1035.7","999.9","016.8","  26.6","  6.2","  7.4"
"34504099999","48.6","34.9666666","143.0","2005-12-11","  19.9","000000","999.9","  32.4","  15.8"," 11.7"," 0.00","1036.0","999.9","017.0","  24.5","  6.2","  6.6"
"34504099999","48.6","34.9666666","143.0","2005-12-12","  27.5","011000","999.9","  32.7","  26.8"," 13.6"," 0.01","1026.6","999.9","008.1","  30.1","  4.3","  8.6"
"34504099999","48.6","34.9666666","143.0","2005-12-13","  32.4","100000","999.9","  37.2","  28.8","  9.7"," 0.00","1022.4","999.9","004.0","  33.3","  1.3","  7.5"
"34504099999","48.6","34.9666666","143.0","2005-12-14","  26.2","000000","999.9","  33.1","  22.6","  5.8"," 0.00","1022.2","999.9","003.7","  28.6","  4.1","  2.4"
"34504099999","48.6","34.9666666","143.0","2005-12-15","  24.5","000000","999.9","  31.6","  23.9","  3.9"," 0.00","1012.5","999.9","994.2","  28.0","  5.0","  1.9"
"34504099999","48.6","34.9666666","143.0","2005-12-16","  26.8","001000","999.9","  32.2","  22.5","  7.8"," 0.08","1001.0","999.9","982.9","  27.9","  1.6","  4.4"
"34504099999","48.6","34.9666666","143.0","2005-12-17","  30.6","010000","999.9","  39.4","  29.1"," 13.6"," 0.11"," 992.4","  2.4","974.5","  32.9","  4.4","  9.1"
"34504099999","48.6","34.9666666","143.0","2005-12-18","  26.3","001000","999.9","  31.8","  28.4","  9.7","99.99","1004.1","999.9","985.9","  30.3","  5.5","  3.6"
"34504099999","48.6","34.9666666","143.0","2005-12-19","  24.7","001000","999.9","  32.4","  25.7","  9.7"," 0.29","1012.7","  4.3","994.3","  27.7","  4.7","  8.9"
"34504099999","48.6","34.9666666","143.0","2005-12-20","  19.9","001000","999.9","  28.4","  22.6"," 11.7"," 0.02","1022.4","  3.9","003.7","  23.9","  5.6","  7.1"
"34504099999","48.6","34.9666666","143.0","2005-12-21","  24.6","001000","999.9","  31.3","  18.5","  7.8"," 0.03","1022.4","  3.5","003.8","  26.6","  3.5","  4.9"
"34504099999","48.6","34.9666666","143.0","2005-12-22","  15.6","001000","999.9","  21.4","  17.1","  7.8"," 0.02","1023.1","  3.1","004.1","  19.5","  5.1","  4.7"
"34504099999","48.6","34.9666666","143.0","2005-12-23","  12.8","001010","999.9","  21.9","  14.2"," 11.7"," 0.04","1020.8","  3.5","001.8","  16.5","  3.7","  5.5"
"34504099999","48.6","34.9666666","143.0","2005-12-24","  12.9","001000","999.9","  20.1","  14.0","  5.8"," 0.06","1019.1","  3.9","000.1","  16.8","  3.7","  4.2"
"34504099999","48.6","34.9666666","143.0","2005-12-25","  14.3","001000","999.9","  23.0","  10.4","  9.7"," 0.00","1015.2","  4.3","996.3","  17.5","  5.0","  6.7"
"34504099999","48.6","34.9666666","143.0","2005-12-26","  30.1","101000","999.9","  32.9","  18.9","  5.8"," 0.20","1017.4","  3.9","999.1","  30.8","  0.9","  4.2"
"34504099999","48.6","34.9666666","143.0","2005-12-27","  29.4","110000","999.9","  35.1","  20.3"," 11.7","99.99","1023.6","  2.8","005.1","  30.1","  1.2","  4.4"
"34504099999","48.6","34.9666666","143.0","2005-12-28","  36.8","010000","999.9","  40.3","  34.9","  9.7"," 0.16","1022.8","  0.8","004.5","  37.5","  1.9","  8.1"
"34504099999","48.6","34.9666666","143.0","2005-12-29","  30.6","000000","999.9","  37.6","  33.4"," 15.5"," 0.00","1028.7","999.9","010.3","  35.1","  6.2"," 11.9"
"34504099999","48.6","34.9666666","143.0","2005-12-30","  31.8","000000","999.9","  36.9","  33.4"," 13.6"," 0.00","1030.2","999.9","011.8","  35.2","  5.4"," 12.4"
"34504099999","48.6","34.9666666","143.0","2005-12-31","  33.6","010000","999.9","  37.0","  33.6"," 17.5"," 0.08","1017.9","999.9","999.7","  35.9","  5.1"," 13.6"
"34504099999","48.6","34.9666666","143.0","2006-01-01","  35.8","110000","999.9","  36.7","  34.7","  5.8"," 0.20","1022.6","999.9","004.3","  35.9","  0.4","  2.3"
"34504099999","48.6","34.9666666","143.0","2006-01-02","  30.3","100000","999.9","  34.5","  29.8"," 13.6"," 0.02","1030.7","999.9","012.1","  31.7","  1.7"," 10.0"
"34504099999","48.6","34.9666666","143.0","2006-01-03","  25.2","001000","999.9","  30.2","  24.8"," 13.6"," 0.01","1031.6","999.9","012.8","  27.4","  2.1"," 13.0"
"34504099999","48.6","34.9666666","143.0","2006-01-04","  24.6","010000","999.9","  28.0","  23.2"," 15.5"," 0.00","1032.4","999.9","013.6","  25.7","  1.0"," 10.7"
"34504099999","48.6","34.9666666","143.0","2006-01-05","  26.1","000000","999.9","  30.9","  25.9"," 23.3"," 0.00","1033.4","999.9","014.7","  27.9","  1.4"," 12.0"
"34504099999","48.6","34.9666666","143.0","2006-01-06","   9.7","000000","999.9","  21.4","   8.1"," 15.5"," 0.00","1031.0","999.9","011.9","  15.5","  4.8"," 13.9"
"34504099999","48.6","34.9666666","143.0","2006-01-07","   5.3","000000","999.9","  25.0","   6.4"," 15.5"," 0.00","1032.0","999.9","012.8","  15.5","  5.9"," 12.4"
"34504099999","48.6","34.9666666","143.0","2006-01-08","  21.8","011000","999.9","  26.1","  17.6"," 11.7"," 0.00","1032.1","999.9","013.1","  23.7","  3.3","  7.0"
"34504099999","48.6","34.9666666","143.0","2006-01-09","  27.9","010000","999.9","  30.2","  25.7","  5.8"," 0.01","1029.6","999.9","011.0","  28.9","  2.1","  2.6"
"34504099999","48.6","34.9666666","143.0","2006-01-10","  27.4","001000","999.9","  30.2","  27.1","  7.8"," 0.01","1032.4","999.9","013.7","  28.9","  4.8","  4.4"
"34504099999","48.6","34.9666666","143.0","2006-01-11","  17.9","000000","999.9","  26.8","  16.2","  9.7"," 0.00","1036.0","999.9","016.9","  21.9","  5.7","  8.0"
"34504099999","48.6","34.9666666","143.0","2006-01-12","  17.7","101000","999.9","  22.1","  13.8","  9.7"," 0.00","1034.3","999.9","015.2","  18.3","  1.4","  3.6"
"34504099999","48.6","34.9666666","143.0","2006-01-13","  21.9","100000","999.9","  26.6","  18.9","  9.7"," 0.00","1032.0","999.9","013.1","  23.8","  1.7","  4.4"
"34504099999","48.6","34.9666666","143.0","2006-01-14","  23.7","000000","999.9","  29.7","  24.4"," 13.6"," 0.00","1032.2","999.9","013.4","  27.3","  5.7","  9.7"
"34504099999","48.6","34.9666666","143.0","2006-01-15","  25.0","000000","999.9","  30.7","  24.6"," 13.6"," 0.00","1030.2","999.9","011.5","  28.8","  5.3"," 10.0"
"34504099999","48.6","34.9666666","143.0","2006-01-16","  23.8","001000","999.9","  27.0","  23.9"," 13.6"," 0.00","1024.0","999.9","005.3","  25.8","  3.0"," 10.1"
"34504099999","48.6","34.9666666","143.0","2006-01-17","  14.3","001000","999.9","  26.2","   9.7","  9.7"," 0.03","1025.4","999.9","006.4","  18.6","  2.9","  7.8"
"34504099999","48.6","34.9666666","143.0","2006-01-18","   4.9","001000","999.9","  11.7","   8.6"," 15.5"," 0.00","1022.5","  0.4","003.2","  10.3","  4.7"," 10.5"
"34504099999","48.6","34.9666666","143.0","2006-01-19","   3.6","001000","999.9","  10.2","   3.2"," 15.5","99.99","1010.6","  1.2","991.4","   7.4","  0.5"," 13.9"
"34504099999","48.6","34.9666666","143.0","2006-01-20"," -15.7","001000","999.9","  -4.7"," -13.5"," 21.4"," 0.04","1013.5","999.9","993.6","  -9.7","  0.8"," 19.8"
"34504099999","48.6","34.9666666","143.0","2006-01-21"," -16.9","000000","999.9","  -4.5"," -14.8"," 15.5"," 0.00","1024.1","  7.5","003.9","  -9.9","  4.0","  8.5"
"34504099999","48.6","34.9666666","143.0","2006-01-22"," -15.1","001000","999.9","  -0.9"," -12.8","  9.7"," 0.02","1028.7","  7.5","008.5","  -8.6","  5.0","  7.8"
"34504099999","48.6","34.9666666","143.0","2006-01-23"," -15.2","000000","999.9","  -2.4"," -15.5"," 13.6"," 0.00","1036.7","999.9","016.3","  -9.7","  3.9"," 10.3"
"34504099999","48.6","34.9666666","143.0","2006-01-24","  -9.2","000000","999.9","   5.9","  -9.8"," 11.7"," 0.00","1042.3","  6.7","022.0","  -4.6","  4.4","  8.6"
"34504099999","48.6","34.9666666","143.0","2006-01-25","  -4.9","000000","999.9","   9.9","  -9.0"," 11.7"," 0.00","1035.9","  6.7","015.9","  -0.5","  3.0","  7.0"
"34504099999","48.6","34.9666666","143.0","2006-01-26","  -4.5","000000","999.9","  14.0","  -7.1"," 11.7"," 0.00","1031.2","  6.7","011.4","   1.9","  4.6"," 10.0"
"34504099999","48.6","34.9666666","143.0","2006-01-27","  -3.3","000000","999.9","  18.1","  -4.0"," 13.6"," 0.00","1031.6","  6.7","011.9","   5.2","  4.8","  5.6"
"34504099999","48.6","34.9666666","143.0","2006-01-28","   7.4","001000","999.9","  23.2","   2.1"," 15.5"," 0.00","1022.2","  6.7","003.1","  14.7","  5.7"," 12.5"
"34504099999","48.6","34.9666666","143.0","2006-01-29","  16.7","001000","999.9","  23.7","   9.1"," 13.6"," 0.01","1020.6","  6.7","001.8","  19.2","  4.3"," 10.4"
"34504099999","48.6","34.9666666","143.0","2006-01-30","  26.7","001000","999.9","  35.1","  20.3"," 17.5"," 0.03","1014.5","  7.1","996.1","  30.4","  3.8"," 13.6"
"34504099999","48.6","34.9666666","143.0","2006-01-31","  20.6","001000","999.9","  34.7","  14.5"," 15.5"," 0.12","1007.0","  7.1","988.7","  24.8","  4.3"," 12.0"
"34504099999","48.6","34.9666666","143.0","2006-02-01","  17.6","001000","999.9","  30.0","   8.2"," 11.7","99.99","1013.1","  6.3","994.4","  20.8","  4.8","  8.7"
"34504099999","48.6","34.9666666","143.0","2006-02-02","  31.0","101000","999.9","  33.4","  27.3"," 13.6"," 0.02","1008.6","  6.3","990.4","  31.5","  1.0"," 10.4"
"34504099999","48.6","34.9666666","143.0","2006-02-03","  26.9","001000","999.9","  34.2","  28.9"," 13.6"," 0.00","1010.6","  5.9","992.4","  31.1","  5.1","  8.0"
"34504099999","48.6","34.9666666","143.0","2006-02-04","  25.4","001000","999.9","  31.8","  25.9"," 11.7"," 0.05","1013.3","  5.9","994.9","  28.5","  3.9","  9.2"
"34504099999","48.6","34.9666666","143.0","2006-02-05","   1.2","001000","999.9","  19.2","  -4.4"," 13.6"," 0.00","1022.4","  6.3","003.0","   6.9","  5.6"," 11.7"
"34504099999","48.6","34.9666666","143.0","2006-02-06","  -8.5","000000","999.9","   3.2","  -7.2","  9.7"," 0.00","1026.3","  5.9","006.4","  -3.2","  5.3","  6.6"
"34504099999","48.6","34.9666666","143.0","2006-02-07","  -5.0","000000","999.9","  10.4","  -8.5","  5.8"," 0.00","1023.2","  5.9","003.5","  -0.4","  5.7","  3.2"
"34504099999","48.6","34.9666666","143.0","2006-02-08","  -4.9","000000","999.9","  15.8","  -6.2"," 11.7"," 0.00","1019.7","  5.9","000.2","   3.6","  5.7","  7.5"
"34504099999","48.6","34.9666666","143.0","2006-02-09","   1.8","001000","999.9","  14.2","   1.2"," 13.6"," 0.00","1017.5","  5.9","998.2","   6.8","  5.0"," 11.3"
"34504099999","48.6","34.9666666","143.0","2006-02-10","   7.3","001000","999.9","  14.9","   8.8"," 11.7"," 0.00","1018.8","999.9","999.7","  11.8","  3.1","  9.7"
"34504099999","48.6","34.9666666","143.0","2006-02-11","  20.4","001000","999.9","  26.1","  13.5"," 15.5"," 0.36","1008.7","  7.5","990.1","  21.8","  1.1","  8.1"
"34504099999","48.6","34.9666666","143.0","2006-02-12","   7.0","001000","999.9","  16.0","   4.6"," 13.6"," 0.04","1014.1"," 10.2","994.9","   9.9","  4.6","  8.7"
"34504099999","48.6","34.9666666","143.0","2006-02-13","   5.1","001000","999.9","  18.9","   1.9","  3.9"," 0.12","1020.1"," 10.6","000.8","   7.6","  2.2","  1.3"
"34504099999","48.6","34.9666666","143.0","2006-02-14","   3.9","100000","999.9","  18.5","  -5.8","  5.8"," 0.00","1024.8"," 10.6","005.3","   6.6","  1.7","  0.8"
"34504099999","48.6","34.9666666","143.0","2006-02-15","   0.5","100000","999.9","  13.1","  -2.6","  9.7"," 0.00","1024.8"," 10.2","005.1","   3.4","  1.8","  6.1"
"34504099999","48.6","34.9666666","143.0","2006-02-16","   1.4","000000","999.9","  19.6","  -4.7","  7.8"," 0.00","1020.8"," 10.2","001.3","   6.2","  2.6","  5.3"
"34504099999","48.6","34.9666666","143.0","2006-02-17","  10.4","000000","999.9","  27.1","  -0.9"," 11.7"," 0.00","1016.7","  9.8","997.7","  14.5","  5.3","  9.0"
"34504099999","48.6","34.9666666","143.0","2006-02-18","  27.0","111000","999.9","  33.3","  21.6"," 13.6"," 0.20","1013.5","  9.8","995.1","  28.9","  3.7"," 10.3"
"34504099999","48.6","34.9666666","143.0","2006-02-19","  29.8","100000","999.9","  36.5","  24.4","  7.8"," 0.00","1019.6","  9.4","001.2","  31.3","  1.0","  5.3"
"34504099999","48.6","34.9666666","143.0","2006-02-20","  33.2","110000","999.9","  35.6","  30.6","  9.7"," 0.16","1019.7","  7.9","001.4","  33.2","  0.1","  5.0"
"34504099999","48.6","34.9666666","143.0","2006-02-21","  32.4","110000","999.9","  34.0","  29.7","  9.7"," 0.00","1024.3","  5.9","005.9","  32.4","  0.1","  8.1"
"34504099999","48.6","34.9666666","143.0","2006-02-22","  31.5","100000","999.9","  40.5","  32.5"," 11.7"," 0.00","1020.7","  4.3","002.4","  35.2","  5.1","  9.5"
"34504099999","48.6","34.9666666","143.0","2006-02-23","  32.6","110000","999.9","  36.1","  32.0","  9.7"," 0.02","1020.0","  3.1","001.7","  33.4","  1.6","  6.9"
"34504099999","48.6","34.9666666","143.0","2006-02-24","  28.3","000000","999.9","  33.1","  28.4","  9.7"," 0.00","1023.5","  2.8","005.0","  30.7","  5.1","  7.8"
"34504099999","48.6","34.9666666","143.0","2006-02-25","  27.8","001000","999.9","  33.6","  28.4","  7.8"," 0.00","1020.0","  2.8","001.6","  30.6","  5.7","  6.1"
"34504099999","48.6","34.9666666","143.0","2006-02-26","  28.8","001000","999.9","  32.9","  29.3","  7.8"," 0.02","1012.1","  2.4","993.9","  30.9","  4.3","  5.5"
"34504099999","48.6","34.9666666","143.0","2006-02-27","  29.5","011000","999.9","  35.1","  28.4","  5.8"," 0.08","1009.7","  3.5","991.5","  31.3","  3.2","  2.9"
"34504099999","48.6","34.9666666","143.0","2006-02-28","  21.9","000000","999.9","  31.6","  22.3"," 17.5"," 0.02","1016.6","  3.1","998.1","  26.9","  6.2","  9.7"
"34504099999","48.6","34.9666666","143.0","2006-03-01","  24.5","011000","999.9","  33.4","  20.8"," 19.4"," 0.59","1003.8","  3.1","985.5","  26.5","  3.2"," 14.7"
"34504099999","48.6","34.9666666","143.0","2006-03-02","  21.3","000000","999.9","  36.5","  20.5"," 21.4"," 0.03","1007.7","  3.1","989.4","  29.1","  6.2"," 15.0"
"34504099999","48.6","34.9666666","143.0","2006-03-03","  23.3","001000","999.9","  31.3","  22.8"," 17.5"," 0.55","1005.6","  3.1","987.2","  26.2","  3.9"," 10.8"
"34504099999","48.6","34.9666666","143.0","2006-03-04","  24.7","000000","999.9","  36.7","  16.7"," 19.4"," 0.08","1008.0","  7.5","989.7","  28.8","  6.2"," 13.3"
"34504099999","48.6","34.9666666","143.0","2006-03-05","  28.8","001000","999.9","  38.3","  32.4"," 13.6","99.99","1003.3","  5.5","985.3","  34.7","  5.7","  8.5"
"34504099999","48.6","34.9666666","143.0","2006-03-06","  30.7","101000","999.9","  36.1","  29.3"," 13.6"," 0.03","1004.9","  5.1","986.8","  31.8","  0.9","  9.7"
"34504099999","48.6","34.9666666","143.0","2006-03-07","  24.7","001000","999.9","  27.9","  22.1"," 13.6"," 0.59","1005.1","  6.3","986.8","  25.7","  1.9","  9.7"
"34504099999","48.6","34.9666666","143.0","2006-03-08","  17.6","000000","999.9","  27.1","  19.2"," 15.5"," 0.12","1007.4","  8.3","989.0","  23.0","  6.2"," 15.0"
"34504099999","48.6","34.9666666","143.0","2006-03-09","  13.0","000000","999.9","  29.8","  16.9"," 15.5"," 0.00","1013.7","  7.9","995.2","  21.9","  6.2"," 10.4"
"34504099999","48.6","34.9666666","143.0","2006-03-10","  15.0","001000","999.9","  28.0","   8.8"," 15.5"," 0.00","1019.1","  7.5","000.3","  21.1","  5.1","  8.0"
"34504099999","48.6","34.9666666","143.0","2006-03-11","  31.0","010000","999.9","  37.2","  25.7"," 19.4"," 0.01","1012.4","  7.5","994.3","  34.6","  6.2"," 13.6"
"34504099999","48.6","34.9666666","143.0","2006-03-12","  36.4","010000","999.9","  43.0","  35.2","  9.7"," 0.24","1015.9","  3.9","997.8","  38.3","  4.6","  7.5"
"34504099999","48.6","34.9666666","143.0","2006-03-13","  31.8","000000","999.9","  42.6","  32.0"," 17.5"," 0.00","1019.2","999.9","001.0","  35.3","  5.7"," 13.4"
"34504099999","48.6","34.9666666","143.0","2006-03-14","  30.7","000000","999.9","  34.7","  32.7"," 27.2"," 0.00","1018.4","  1.2","000.1","  33.5","  5.1"," 15.8"
"34504099999","48.6","34.9666666","143.0","2006-03-15","  31.8","010000","999.9","  34.0","  31.1"," 15.5"," 0.00","1018.4","999.9","000.1","  32.8","  1.4"," 14.7"
"34504099999","48.6","34.9666666","143.0","2006-03-16","  33.4","010000","999.9","  37.0","  32.7"," 15.5"," 0.08","1021.2","999.9","002.9","  34.9","  3.5"," 13.0"
"34504099999","48.6","34.9666666","143.0","2006-03-17","  33.6","010000","999.9","  36.9","  32.5","  9.7"," 0.16","1021.9","999.9","003.6","  34.4","  1.3","  7.4"
"34504099999","48.6","34.9666666","143.0","2006-03-18","  34.4","110000","999.9","  38.7","  32.0","  3.9"," 0.04","1017.3","999.9","999.1","  35.0","  1.6","  1.9"
"34504099999","48.6","34.9666666","143.0","2006-03-19","  34.8","110000","999.9","  43.2","  32.5","  5.8"," 0.20","1011.4","999.9","993.3","  35.3","  2.9","  2.8"
"34504099999","48.6","34.9666666","143.0","2006-03-20","  31.4","000000","999.9","  43.7","  30.2"," 11.7"," 0.00","1007.6","999.9","989.5","  35.5","  4.4","  9.4"
"34504099999","48.6","34.9666666","143.0","2006-03-21","  30.5","000000","999.9","  46.0","  26.8","  9.7"," 0.00","1011.8","999.9","993.8","  36.8","  4.4","  7.5"
"34504099999","48.6","34.9666666","143.0","2006-03-22","  35.1","100000","999.9","  48.2","  32.9","  7.8"," 0.00","1012.9","999.9","995.0","  39.6","  3.3","  3.6"
"34504099999","48.6","34.9666666","143.0","2006-03-23","  38.9","010000","999.9","  50.7","  35.1"," 13.6"," 0.02","1006.1","999.9","988.4","  42.3","  3.9","  8.9"
"34504099999","48.6","34.9666666","143.0","2006-03-24","  22.1","001000","999.9","  38.3","  27.1"," 19.4"," 0.00","1013.6","999.9","995.3","  30.0","  5.6"," 12.9"
"34504099999","48.6","34.9666666","143.0","2006-03-25","  21.1","000000","999.9","  42.4","  22.5","  9.7"," 0.00","1024.1","999.9","005.7","  32.8","  6.2","  5.8"
"34504099999","48.6","34.9666666","143.0","2006-03-26","  25.1","000000","999.9","  50.0","  26.6","  7.8"," 0.00","1020.0","999.9","001.9","  38.6","  6.2","  5.6"
"34504099999","48.6","34.9666666","143.0","2006-03-27","  32.0","010000","999.9","  47.7","  34.2","  9.7","99.99","1017.9","999.9","999.9","  40.8","  6.2","  6.1"
"34504099999","48.6","34.9666666","143.0","2006-03-28","  38.6","010000","999.9","  49.6","  37.8"," 13.6"," 0.12","1015.6","999.9","997.7","  43.3","  4.9"," 10.3"
"34504099999","48.6","34.9666666","143.0","2006-03-29","  36.3","010000","999.9","  54.9","  38.7"," 13.6"," 0.12","1012.3","999.9","994.6","  44.6","  4.8","  9.7"
"34504099999","48.6","34.9666666","143.0","2006-03-30","  41.0","010000","999.9","  60.6","  39.4"," 13.6"," 0.08","1005.7","999.9","988.2","  49.0","  5.1"," 10.5"
"34504099999","48.6","34.9666666","143.0","2006-03-31","  39.8","110000","999.9","  54.1","  39.6"," 15.5"," 0.03","1008.9","999.9","991.2","  45.3","  4.7","  9.2"
"34504099999","48.6","34.9666666","143.0","2006-04-01","  42.7","110000","999.9","  49.1","  42.8","  7.8"," 0.12","1010.0","999.9","992.4","  45.7","  3.1","  4.9"
"34504099999","48.6","34.9666666","143.0","2006-04-02","  40.9","000000","999.9","  57.2","  40.8","  9.7"," 0.12","1013.5","999.9","995.9","  48.1","  4.8","  6.7"
"34504099999","48.6","34.9666666","143.0","2006-04-03","  36.0","000000","999.9","  58.1","  36.7","  7.8"," 0.00","1016.3","999.9","998.5","  46.6","  5.6","  5.6"
"34504099999","48.6","34.9666666","143.0","2006-04-04","  33.5","000000","999.9","  54.5","  32.5"," 13.6"," 0.00","1016.0","999.9","998.1","  44.0","  6.2","  8.3"
"34504099999","48.6","34.9666666","143.0","2006-04-05","  38.1","000000","999.9","  57.4","  39.2"," 15.5"," 0.00","1014.3","999.9","996.6","  47.0","  6.2","  6.3"
"34504099999","48.6","34.9666666","143.0","2006-04-06","  38.8","010000","999.9","  59.0","  38.8","  5.8"," 0.00","1014.9","999.9","997.2","  46.1","  5.0","  5.3"
"34504099999","48.6","34.9666666","143.0","2006-04-07","  40.8","010000","999.9","  56.3","  39.0","  9.7"," 0.00","1013.9","999.9","996.3","  47.6","  5.3","  5.6"
"34504099999","48.6","34.9666666","143.0","2006-04-08","  45.1","000000","999.9","  54.1","  45.1","  9.7"," 0.00","1011.8","999.9","994.2","  49.5","  4.6","  5.0"
"34504099999","48.6","34.9666666","143.0","2006-04-09","  37.4","000000","999.9","  49.3","  38.1","  9.7"," 0.00","1018.0","999.9","000.0","  44.2","  5.7","  6.1"
"34504099999","48.6","34.9666666","143.0","2006-04-10","  34.9","000000","999.9","  60.4","  33.6","  7.8"," 0.00","1022.2","999.9","004.4","  47.9","  5.0","  4.4"
"34504099999","48.6","34.9666666","143.0","2006-04-11","  47.5","010000","999.9","  60.6","  45.1","  5.8"," 0.01","1014.7","999.9","997.2","  52.9","  5.5","  5.3"
"34504099999","48.6","34.9666666","143.0","2006-04-12","  46.8","010000","999.9","  57.2","  45.9","  7.8"," 0.00","1008.4","999.9","990.8","  50.3","  5.0","  6.3"
"34504099999","48.6","34.9666666","143.0","2006-04-13","  48.7","010000","999.9","  62.1","  48.0"," 17.5"," 0.06","1001.5","999.9","984.1","  52.2","  3.9"," 12.9"
"34504099999","48.6","34.9666666","143.0","2006-04-14","  44.8","010000","999.9","  52.3","  43.9"," 13.6"," 0.00","1009.1","999.9","991.5","  48.1","  4.4"," 10.3"
"34504099999","48.6","34.9666666","143.0","2006-04-15","  39.3","010000","999.9","  53.6","  37.4"," 13.6"," 0.08","1012.8","999.9","995.0","  44.2","  6.2","  8.0"
"34504099999","48.6","34.9666666","143.0","2006-04-16","  34.2","000000","999.9","  58.1","  34.0"," 11.7"," 0.00","1016.1","999.9","998.3","  47.1","  6.2","  7.3"
"34504099999","48.6","34.9666666","143.0","2006-04-17","  34.0","000000","999.9","  60.6","  39.4","  9.7"," 0.00","1014.0","999.9","996.4","  50.4","  6.2","  3.6"
"34504099999","48.6","34.9666666","143.0","2006-04-18","  35.5","000000","999.9","  63.7","  39.2","  7.8"," 0.00","1016.1","999.9","998.5","  52.2","  6.2","  4.9"
"34504099999","48.6","34.9666666","143.0","2006-04-19","  40.1","000000","999.9","  68.0","  42.4","  5.8"," 0.00","1018.4","999.9","000.9","  56.1","  5.7","  2.7"
"34504099999","48.6","34.9666666","143.0","2006-04-20","  44.8","000000","999.9","  69.3","  47.8"," 13.6"," 0.00","1016.4","999.9","999.0","  58.6","  5.7","  8.3"
"34504099999","48.6","34.9666666","143.0","2006-04-21","  41.2","000000","999.9","  74.3","  48.0","  9.7"," 0.00","1015.5","999.9","998.1","  59.6","  6.2","  7.2"
"34504099999","48.6","34.9666666","143.0","2006-04-22","  40.0","000000","999.9","  73.0","  46.2"," 11.7"," 0.00","1014.7","999.9","997.4","  59.7","  6.2","  7.5"
"34504099999","48.6","34.9666666","143.0","2006-04-23","  34.5","010000","999.9","  66.7","  46.2"," 13.6"," 0.02","1014.8","999.9","997.4","  55.1","  6.2","  9.2"
"34504099999","48.6","34.9666666","143.0","2006-04-24","  28.7","000000","999.9","  60.3","  39.6"," 15.5"," 0.00","1020.1","999.9","002.3","  47.3","  6.2","  8.5"
"34504099999","48.6","34.9666666","143.0","2006-04-25","  26.3","000000","999.9","  57.4","  36.0"," 13.6"," 0.00","1023.0","999.9","005.0","  46.1","  6.2","  8.9"
"34504099999","48.6","34.9666666","143.0","2006-04-26","  33.2","010000","999.9","  55.4","  40.5"," 17.5"," 0.20","1019.1","999.9","001.2","  45.1","  4.3"," 11.7"
"34504099999","48.6","34.9666666","143.0","2006-04-27","  39.7","010000","999.9","  50.7","  39.0"," 15.5"," 0.28","1018.8","999.9","000.8","  42.9","  5.4"," 11.0"
"34504099999","48.6","34.9666666","143.0","2006-04-28","  33.8","000000","999.9","  59.4","  36.0","  9.7"," 0.00","1020.9","999.9","003.1","  48.6","  6.2","  7.5"
"34504099999","48.6","34.9666666","143.0","2006-04-29","  28.8","000000","999.9","  60.8","  39.6"," 13.6"," 0.00","1020.8","999.9","003.1","  49.3","  6.2","  9.7"
"34504099999","48.6","34.9666666","143.0","2006-04-30","  28.0","000000","999.9","  62.1","  36.0"," 11.7"," 0.00","1023.3","999.9","005.5","  49.9","  6.2","  8.3"
"34504099999","48.6","34.9666666","143.0","2006-05-01","  23.9","000000","999.9","  62.6","  39.9"," 15.5"," 0.00","1027.5","999.9","009.7","  50.5","  6.2"," 10.4"
"34504099999","48.6","34.9666666","143.0","2006-05-02","  25.0","000000","999.9","  62.6","  35.6"," 13.6"," 0.00","1030.2","999.9","012.3","  50.2","  6.2"," 10.4"
"34504099999","48.6","34.9666666","143.0","2006-05-03","  30.0","000000","999.9","  67.1","  39.6"," 15.5"," 0.00","1029.3","999.9","011.5","  53.1","  6.2","  8.7"
"34504099999","48.6","34.9666666","143.0","2006-05-04","  37.4","010000","999.9","  64.8","  43.3"," 15.5","99.99","1027.7","999.9","010.0","  53.7","  5.7","  6.3"
"34504099999","48.6","34.9666666","143.0","2006-05-05","  43.0","010000","999.9","  67.5","  46.9"," 13.6"," 0.04","1023.8","999.9","006.2","  57.7","  6.2"," 10.8"
"34504099999","48.6","34.9666666","143.0","2006-05-06","  48.4","010000","999.9","  59.7","  50.7"," 21.4"," 0.11","1021.6","999.9","003.9","  54.5","  4.8"," 10.7"
"34504099999","48.6","34.9666666","143.0","2006-05-07","  47.3","010000","999.9","  64.2","  50.2"," 13.6"," 0.83","1017.4","999.9","999.9","  54.4","  4.8","  9.1"
"34504099999","48.6","34.9666666","143.0","2006-05-08","  48.5","010000","999.9","  53.6","  48.6"," 15.5"," 0.71","1010.6","999.9","993.1","  51.3","  3.9"," 11.1"
"34504099999","48.6","34.9666666","143.0","2006-05-09","  48.7","010010","999.9","  57.9","  47.7"," 15.5"," 0.47","1005.9","999.9","988.4","  51.4","  4.1","  8.7"
"34504099999","48.6","34.9666666","143.0","2006-05-10","  45.4","010010","999.9","  60.8","  40.3"," 11.7"," 0.14","1011.5","999.9","993.9","  50.3","  5.6","  8.1"
"34504099999","48.6","34.9666666","143.0","2006-05-11","  46.7","010000","999.9","  66.0","  43.3","  9.7"," 0.02","1013.6","999.9","996.2","  55.0","  5.1","  5.3"
"34504099999","48.6","34.9666666","143.0","2006-05-12","  50.7","010000","999.9","  63.9","  50.7","  9.7"," 0.14","1015.2","999.9","997.8","  55.2","  4.1","  3.6"
"34504099999","48.6","34.9666666","143.0","2006-05-13","  47.1","000000","999.9","  72.0","  46.9","  7.8"," 0.00","1017.9","999.9","000.6","  60.6","  6.2","  1.9"
"34504099999","48.6","34.9666666","143.0","2006-05-14","  47.6","000000","999.9","  75.6","  49.6","  7.8"," 0.02","1017.2","999.9","999.9","  60.5","  6.2","  3.1"
"34504099999","48.6","34.9666666","143.0","2006-05-15","  50.1","010010","999.9","  76.8","  49.5","  7.8"," 0.04","1016.1","999.9","998.8","  60.6","  6.2","  6.7"
"34504099999","48.6","34.9666666","143.0","2006-05-16","  46.2","000000","999.9","  71.2","  52.7","  9.7"," 0.00","1018.6","999.9","001.3","  61.1","  6.2","  6.6"
"34504099999","48.6","34.9666666","143.0","2006-05-17","  43.1","000000","999.9","  75.6","  47.8","  5.8"," 0.00","1015.3","999.9","998.2","  63.5","  6.2","  3.9"
"34504099999","48.6","34.9666666","143.0","2006-05-18","  51.9","010000","999.9","  69.1","  56.1"," 13.6"," 0.00","1014.8","999.9","997.5","  61.1","  6.2","  7.5"
"34504099999","48.6","34.9666666","143.0","2006-05-19","  51.4","000000","999.9","  72.1","  49.3","  9.7"," 0.00","1014.1","999.9","996.9","  61.3","  6.2","  5.6"
"34504099999","48.6","34.9666666","143.0","2006-05-20","  56.2","010000","999.9","  65.3","  54.3","  9.7"," 0.07","1011.6","999.9","994.3","  58.3","  3.8","  7.2"
"34504099999","48.6","34.9666666","143.0","2006-05-21","  57.3","010010","999.9","  76.3","  54.1"," 13.6","99.99","1010.1","999.9","993.2","  65.7","  5.0","  8.0"
"34504099999","48.6","34.9666666","143.0","2006-05-22","  51.3","000000","999.9","  76.6","  59.5"," 15.5"," 0.02","1014.3","999.9","997.3","  67.4","  5.5","  8.6"
"34504099999","48.6","34.9666666","143.0","2006-05-23","  52.3","000000","999.9","  82.6","  55.6"," 11.7"," 0.00","1017.2","999.9","000.2","  70.3","  6.2","  7.5"
"34504099999","48.6","34.9666666","143.0","2006-05-24","  58.1","000010","999.9","  85.6","  61.7"," 11.7"," 0.00","1016.7","999.9","999.8","  73.3","  5.5","  9.2"
"34504099999","48.6","34.9666666","143.0","2006-05-25","  53.0","000000","999.9","  84.4","  58.1"," 17.5"," 0.00","1014.3","999.9","997.2","  69.8","  6.2"," 10.4"
"34504099999","48.6","34.9666666","143.0","2006-05-26","  50.8","000000","999.9","  72.5","  56.1"," 11.7"," 0.00","1014.5","999.9","997.3","  61.9","  6.2","  6.3"
"34504099999","48.6","34.9666666","143.0","2006-05-27","  44.9","000000","999.9","  70.3","  50.7"," 13.6"," 0.00","1013.5","999.9","996.3","  61.1","  6.2","  8.0"
"34504099999","48.6","34.9666666","143.0","2006-05-28","  48.4","010000","999.9","  64.4","  49.6","  7.8"," 0.09","1013.0","999.9","995.7","  56.1","  6.2","  4.5"
"34504099999","48.6","34.9666666","143.0","2006-05-29","  47.4","010000","999.9","  67.1","  51.3"," 17.5"," 0.03","1007.9","999.9","990.6","  56.2","  6.2","  7.8"
"34504099999","48.6","34.9666666","143.0","2006-05-30","  46.2","010000","999.9","  63.7","  46.8"," 11.7"," 0.00","1009.5","999.9","992.2","  55.5","  6.2","  6.1"
"34504099999","48.6","34.9666666","143.0","2006-05-31","  53.6","000000","999.9","  85.3","  53.2"," 15.5"," 0.00","1004.0","999.9","987.3","  71.2","  6.2"," 10.0"
"34504099999","48.6","34.9666666","143.0","2006-06-01","  49.8","000000","999.9","  74.3","  57.6"," 11.7"," 0.00","1015.4","999.9","998.3","  65.0","  6.2","  7.0"
"34504099999","48.6","34.9666666","143.0","2006-06-02","  53.9","000000","999.9","  83.5","  55.9"," 15.5"," 0.00","1018.0","999.9","001.1","  70.6","  6.2"," 13.1"
"34504099999","48.6","34.9666666","143.0","2006-06-03","  61.0","000000","999.9","  92.1","  62.6","  9.7"," 0.00","1012.0","999.9","995.4","  78.3","  6.2","  7.0"
"34504099999","48.6","34.9666666","143.0","2006-06-04","  65.8","000010","999.9","  87.4","  66.6","  7.8"," 0.00","1008.4","999.9","991.8","  77.4","  6.2","  5.6"
"34504099999","48.6","34.9666666","143.0","2006-06-05","  52.7","000000","999.9","  80.2","  60.3"," 15.5"," 0.00","1011.0","999.9","994.0","  69.2","  6.2"," 10.9"
"34504099999","48.6","34.9666666","143.0","2006-06-06","  48.5","000000","999.9","  72.3","  51.8","  7.8"," 0.00","1018.4","999.9","001.2","  63.0","  6.2","  3.4"
"34504099999","48.6","34.9666666","143.0","2006-06-07","  47.2","000000","999.9","  76.6","  52.9","  9.7"," 0.00","1019.2","999.9","002.2","  65.1","  6.2","  7.3"
"34504099999","48.6","34.9666666","143.0","2006-06-08","  50.7","000000","999.9","  75.7","  54.9"," 15.5"," 0.00","1016.0","999.9","998.9","  65.1","  6.2"," 10.9"
"34504099999","48.6","34.9666666","143.0","2006-06-09","  47.0","000000","999.9","  74.5","  54.9","  7.8"," 0.00","1015.0","999.9","997.9","  66.1","  6.2","  6.4"
"34504099999","48.6","34.9666666","143.0","2006-06-10","  52.9","010000","999.9","  64.2","  55.4"," 13.6"," 0.20","1017.7","999.9","000.4","  59.6","  5.7","  6.9"
"34504099999","48.6","34.9666666","143.0","2006-06-11","  51.1","000010","999.9","  76.1","  53.4","  7.8"," 0.00","1020.6","999.9","003.3","  62.7","  5.1","  4.4"
"34504099999","48.6","34.9666666","143.0","2006-06-12","  54.1","010010","999.9","  68.4","  51.8","  9.7"," 0.35","1018.1","999.9","000.8","  58.9","  5.4","  5.5"
"34504099999","48.6","34.9666666","143.0","2006-06-13","  52.7","000000","999.9","  72.7","  52.0","  9.7"," 0.00","1017.0","999.9","999.9","  63.9","  4.8","  4.9"
"34504099999","48.6","34.9666666","143.0","2006-06-14","  59.0","010010","999.9","  67.6","  57.0"," 11.7"," 0.82","1012.2","999.9","995.0","  61.1","  6.2","  8.4"
"34504099999","48.6","34.9666666","143.0","2006-06-15","  56.4","010010","999.9","  68.9","  56.1","  9.7"," 0.16","1013.6","999.9","996.4","  62.0","  6.2","  6.2"
"34504099999","48.6","34.9666666","143.0","2006-06-16","  55.1","000000","999.9","  72.5","  54.0","  9.7"," 0.00","1014.5","999.9","997.4","  63.9","  6.2","  6.1"
"34504099999","48.6","34.9666666","143.0","2006-06-17","  58.7","010010","999.9","  74.5","  57.2","  7.8"," 0.24","1013.6","999.9","996.4","  61.7","  5.5","  6.1"
"34504099999","48.6","34.9666666","143.0","2006-06-18","  55.9","000000","999.9","  75.4","  53.6","  7.8"," 0.01","1016.6","999.9","999.6","  66.1","  6.2","  4.7"
"34504099999","48.6","34.9666666","143.0","2006-06-19","  59.1","000000","999.9","  80.2","  58.1","  5.8"," 0.00","1018.2","999.9","001.3","  70.6","  6.2","  2.2"
"34504099999","48.6","34.9666666","143.0","2006-06-20","  61.4","000010","999.9","  81.3","  64.0","  5.8"," 0.00","1017.8","999.9","000.9","  71.7","  6.2","  3.9"
"34504099999","48.6","34.9666666","143.0","2006-06-21","  63.8","010010","999.9","  81.7","  63.7","  9.7"," 0.12","1017.2","999.9","000.3","  69.1","  6.2","  6.7"
"34504099999","48.6","34.9666666","143.0","2006-06-22","  62.6","000000","999.9","  85.8","  62.2","  7.8"," 0.12","1016.7","999.9","999.8","  73.8","  6.2","  7.3"
"34504099999","48.6","34.9666666","143.0","2006-06-23","  62.7","000000","999.9","  89.4","  63.9"," 11.7"," 0.04","1014.5","999.9","997.9","  78.0","  6.2","  7.8"
"34504099999","48.6","34.9666666","143.0","2006-06-24","  64.6","010010","999.9","  88.7","  64.9"," 19.4"," 0.08","1015.0","999.9","998.2","  72.7","  6.2","  9.4"
"34504099999","48.6","34.9666666","143.0","2006-06-25","  65.8","000010","999.9","  88.3","  60.8"," 15.5"," 0.13","1016.0","999.9","999.3","  74.4","  6.2","  5.8"
"34504099999","48.6","34.9666666","143.0","2006-06-26","  65.3","000000","999.9","  88.5","  65.8","  7.8"," 0.00","1015.5","999.9","998.8","  76.5","  6.2","  5.8"
"34504099999","48.6","34.9666666","143.0","2006-06-27","  66.9","000000","999.9","  90.0","  67.8","  7.8"," 0.00","1015.1","999.9","998.5","  79.2","  6.2","  5.1"
"34504099999","48.6","34.9666666","143.0","2006-06-28","  67.5","000000","999.9","  89.8","  71.6","  7.8"," 0.00","1014.1","999.9","997.5","  79.9","  6.2","  5.6"
"34504099999","48.6","34.9666666","143.0","2006-06-29","  62.7","000000","999.9","  88.2","  68.0","  7.8"," 0.00","1014.5","999.9","997.8","  78.1","  6.2","  3.9"
"34504099999","48.6","34.9666666","143.0","2006-06-30","  65.6","000010","999.9","  90.3","  67.1","  7.8"," 0.00","1014.8","999.9","998.1","  76.8","  6.2","  6.3"
"34504099999","48.6","34.9666666","143.0","2006-07-01","  57.3","000000","999.9","  83.1","  60.6"," 17.5"," 0.00","1016.3","999.9","999.4","  71.9","  6.2"," 13.1"
"34504099999","48.6","34.9666666","143.0","2006-07-02","  45.5","000000","999.9","  69.3","  52.2"," 17.5"," 0.00","1022.7","999.9","005.3","  60.6","  6.2"," 12.9"
"34504099999","48.6","34.9666666","143.0","2006-07-03","  46.8","000000","999.9","  76.1","  50.2"," 11.7"," 0.00","1022.8","999.9","004.9","  64.2","  6.2","  6.8"
"34504099999","48.6","34.9666666","143.0","2006-07-04","  54.2","000000","999.9","  81.1","  54.0"," 11.7"," 0.02","1019.0","999.9","002.0","  68.4","  6.2","  7.0"
"34504099999","48.6","34.9666666","143.0","2006-07-05","  52.3","000000","999.9","  79.5","  57.7","  7.8"," 0.00","1021.9","999.9","004.8","  68.3","  6.2","  5.8"
"34504099999","48.6","34.9666666","143.0","2006-07-06","  52.7","000000","999.9","  84.2","  55.4","  9.7"," 0.00","1021.1","999.9","004.1","  71.0","  6.2","  5.1"
"34504099999","48.6","34.9666666","143.0","2006-07-07","  54.1","000000","999.9","  86.2","  63.3"," 11.7"," 0.00","1018.2","999.9","001.4","  74.3","  6.2","  8.0"
"34504099999","48.6","34.9666666","143.0","2006-07-08","  54.0","000000","999.9","  85.1","  61.7"," 13.6"," 0.00","1017.8","999.9","000.9","  71.7","  6.2","  9.2"
"34504099999","48.6","34.9666666","143.0","2006-07-09","  55.4","010000","999.9","  76.6","  61.9"," 13.6"," 0.00","1020.0","999.9","003.0","  67.7","  6.2","  7.3"
"34504099999","48.6","34.9666666","143.0","2006-07-10","  54.9","010000","999.9","  85.1","  62.2"," 11.7"," 0.00","1021.1","999.9","004.1","  71.4","  6.2","  9.5"
"34504099999","48.6","34.9666666","143.0","2006-07-11","  56.8","000000","999.9","  89.6","  62.4"," 15.5"," 0.00","1020.4","999.9","003.5","  75.0","  6.2"," 11.9"
"34504099999","48.6","34.9666666","143.0","2006-07-12","  59.8","010000","999.9","  81.1","  66.9"," 11.7"," 0.00","1020.0","999.9","003.1","  71.2","  6.2","  8.9"
"34504099999","48.6","34.9666666","143.0","2006-07-13","  58.8","000000","999.9","  92.3","  64.6"," 13.6"," 0.00","1016.2","999.9","999.6","  80.1","  6.2"," 10.0"
"34504099999","48.6","34.9666666","143.0","2006-07-14","  61.1","010010","999.9","  94.3","  65.7"," 13.6"," 0.28","1012.3","999.9","995.6","  73.5","  5.5"," 10.5"
"34504099999","48.6","34.9666666","143.0","2006-07-15","  63.0","010010","999.9","  77.9","  63.7","  7.8"," 0.00","1009.2","999.9","992.5","  70.7","  6.2","  5.3"
"34504099999","48.6","34.9666666","143.0","2006-07-16","  61.0","000000","999.9","  78.4","  62.8","  9.7"," 0.00","1011.0","999.9","994.2","  70.9","  6.2","  7.8"
"34504099999","48.6","34.9666666","143.0","2006-07-17","  53.5","000000","999.9","  80.4","  56.5","  5.8"," 0.00","1014.3","999.9","997.5","  69.9","  6.2","  4.6"
"34504099999","48.6","34.9666666","143.0","2006-07-18","  60.0","010010","999.9","  67.1","  60.1","  5.8"," 0.55","1014.3","999.9","997.1","  62.5","  5.6","  2.9"
"34504099999","48.6","34.9666666","143.0","2006-07-19","  57.9","010000","999.9","  76.5","  54.9"," 13.6"," 0.04","1014.9","999.9","997.7","  64.0","  5.7","  6.4"
"34504099999","48.6","34.9666666","143.0","2006-07-20","  53.7","000000","999.9","  78.4","  58.6"," 13.6"," 0.00","1019.1","999.9","002.0","  67.2","  6.2","  7.5"
"34504099999","48.6","34.9666666","143.0","2006-07-21","  50.2","000000","999.9","  77.7","  52.7","  7.8"," 0.00","1022.6","999.9","005.5","  66.3","  6.2","  5.3"
"34504099999","48.6","34.9666666","143.0","2006-07-22","  49.6","000000","999.9","  79.3","  57.6","  5.8"," 0.00","1021.7","999.9","004.6","  68.9","  6.2","  2.4"
"34504099999","48.6","34.9666666","143.0","2006-07-23","  47.5","000000","999.9","  82.4","  57.4","  5.8"," 0.00","1015.8","999.9","998.9","  71.2","  6.2","  3.2"
"34504099999","48.6","34.9666666","143.0","2006-07-24","  61.2","000010","999.9","  81.0","  65.5"," 11.7"," 0.00","1014.9","999.9","998.0","  71.4","  6.2","  3.9"
"34504099999","48.6","34.9666666","143.0","2006-07-25","  58.3","000000","999.9","  84.0","  62.2","  9.7"," 0.00","1015.8","999.9","998.9","  73.5","  5.3","  5.8"
"34504099999","48.6","34.9666666","143.0","2006-07-26","  59.9","000000","999.9","  87.8","  63.3"," 13.6"," 0.00","1013.6","999.9","996.9","  75.8","  6.2","  7.5"
"34504099999","48.6","34.9666666","143.0","2006-07-27","  57.0","000000","999.9","  87.1","  62.1"," 11.7"," 0.00","1010.9","999.9","994.3","  75.3","  6.2","  7.0"
"34504099999","48.6","34.9666666","143.0","2006-07-28","  50.9","000000","999.9","  76.1","  57.6"," 11.7"," 0.00","1009.9","999.9","993.0","  68.2","  6.2","  8.5"
"34504099999","48.6","34.9666666","143.0","2006-07-29","  47.0","000000","999.9","  75.4","  52.7","  9.7"," 0.00","1012.4","999.9","995.3","  64.1","  6.2","  5.8"
"34504099999","48.6","34.9666666","143.0","2006-07-30","  48.9","000000","999.9","  81.1","  54.3","  7.8"," 0.00","1013.1","999.9","996.2","  69.3","  6.2","  4.4"
"34504099999","48.6","34.9666666","143.0","2006-07-31","  54.8","010000","999.9","  82.2","  58.5","  9.7"," 0.00","1010.4","999.9","993.6","  71.7","  5.1","  4.1"
"34504099999","48.6","34.9666666","143.0","2006-08-01","  60.4","000000","999.9","  80.1","  63.9"," 11.7"," 0.02","1008.3","999.9","991.6","  70.9","  4.4","  8.3"
"34504099999","48.6","34.9666666","143.0","2006-08-02","  57.2","000000","999.9","  81.0","  57.9","  5.8"," 0.00","1010.5","999.9","993.6","  68.7","  5.7","  5.3"
"34504099999","48.6","34.9666666","143.0","2006-08-03","  60.7","000000","999.9","  88.7","  59.9","  9.7"," 0.00","1010.0","999.9","993.4","  75.2","  6.2","  6.1"
"34504099999","48.6","34.9666666","143.0","2006-08-04","  62.4","000000","999.9","  96.3","  65.3","  5.8"," 0.00","1009.7","999.9","993.2","  81.2","  6.2","  4.9"
"34504099999","48.6","34.9666666","143.0","2006-08-05","  60.8","000000","999.9","  96.3","  68.7","  9.7"," 0.00","1007.8","999.9","991.5","  82.7","  6.2","  4.4"
"34504099999","48.6","34.9666666","143.0","2006-08-06","  62.3","000000","999.9","  95.5","  68.9","  9.7"," 0.00","1007.2","999.9","990.8","  82.6","  6.2","  5.1"
"34504099999","48.6","34.9666666","143.0","2006-08-07","  63.8","000000","999.9","  93.6","  69.8"," 11.7"," 0.00","1004.0","999.9","987.6","  80.9","  6.2"," 10.2"
"34504099999","48.6","34.9666666","143.0","2006-08-08","  64.6","010000","999.9","  90.7","  68.0","  9.7"," 0.00"," 997.0","999.9","980.6","  77.6","  5.7","  6.3"
"34504099999","48.6","34.9666666","143.0","2006-08-09","  55.7","000000","999.9","  82.9","  61.3"," 15.5"," 0.00","1002.4","999.9","985.7","  72.1","  6.2","  9.2"
"34504099999","48.6","34.9666666","143.0","2006-08-10","  56.2","000000","999.9","  82.2","  57.7"," 13.6"," 0.00","1009.6","999.9","992.9","  70.8","  6.2","  7.5"
"34504099999","48.6","34.9666666","143.0","2006-08-11","  58.5","000010","999.9","  90.5","  64.2","  9.7"," 0.00","1008.9","999.9","992.3","  77.3","  5.7","  7.0"
"34504099999","48.6","34.9666666","143.0","2006-08-12","  60.5","000000","999.9","  88.3","  68.5","  9.7"," 0.00","1008.4","999.9","991.9","  78.6","  6.2","  7.8"
"34504099999","48.6","34.9666666","143.0","2006-08-13","  60.3","000000","999.9","  90.1","  64.0","  7.8"," 0.00","1013.4","999.9","996.8","  76.7","  6.2","  6.1"
"34504099999","48.6","34.9666666","143.0","2006-08-14","  62.3","000000","999.9","  98.4","  67.5","  9.7"," 0.00","1009.7","999.9","993.3","  82.6","  6.2","  7.0"
"34504099999","48.6","34.9666666","143.0","2006-08-15","  63.1","000000","999.9","  99.1","  72.0"," 11.7"," 0.00","1009.3","999.9","993.0","  83.8","  5.7","  6.3"
"34504099999","48.6","34.9666666","143.0","2006-08-16","  55.9","000000","999.9","  88.9","  63.9","  9.7"," 0.00","1014.6","999.9","997.9","  76.3","  6.2","  7.5"
"34504099999","48.6","34.9666666","143.0","2006-08-17","  54.5","000000","999.9","  88.7","  63.9","  9.7"," 0.00","1014.6","999.9","997.9","  76.1","  6.2","  6.6"
"34504099999","48.6","34.9666666","143.0","2006-08-18","  54.8","000000","999.9","  90.3","  62.6","  9.7"," 0.00","1015.2","999.9","998.4","  76.1","  6.2","  7.0"
"34504099999","48.6","34.9666666","143.0","2006-08-19","  54.5","000000","999.9","  93.6","  63.9","  5.8"," 0.00","1015.7","999.9","999.0","  79.0","  6.2","  2.2"
"34504099999","48.6","34.9666666","143.0","2006-08-20","  59.7","000000","999.9","  88.7","  67.1","  9.7"," 0.00","1014.6","999.9","998.0","  77.6","  6.2","  7.0"
"34504099999","48.6","34.9666666","143.0","2006-08-21","  61.8","000000","999.9","  87.4","  63.0"," 13.6"," 0.03","1011.4","999.9","994.6","  73.4","  6.2","  4.9"
"34504099999","48.6","34.9666666","143.0","2006-08-22","  62.8","000000","999.9","  77.2","  63.1","  9.7"," 0.16","1007.5","999.9","990.7","  66.8","  5.5","  5.3"
"34504099999","48.6","34.9666666","143.0","2006-08-23","  56.8","100010","999.9","  77.9","  58.1"," 13.6"," 0.00","1009.7","999.9","992.8","  66.8","  4.9","  6.3"
"34504099999","48.6","34.9666666","143.0","2006-08-24","  53.8","000000","999.9","  78.4","  57.7","  9.7"," 0.00","1010.9","999.9","994.0","  67.2","  6.2","  4.9"
"34504099999","48.6","34.9666666","143.0","2006-08-25","  51.6","000000","999.9","  81.0","  55.8","  9.7"," 0.00","1013.5","999.9","996.5","  68.6","  6.2","  4.6"
"34504099999","48.6","34.9666666","143.0","2006-08-26","  51.6","000000","999.9","  87.1","  59.9","  7.8"," 0.00","1013.5","999.9","996.7","  73.1","  6.2","  5.1"
"34504099999","48.6","34.9666666","143.0","2006-08-27","  56.6","000000","999.9","  91.2","  61.5"," 11.7"," 0.00","1007.8","999.9","991.3","  77.3","  6.2","  6.3"
"34504099999","48.6","34.9666666","143.0","2006-08-28","  56.8","000000","999.9","  79.3","  63.1"," 13.6"," 0.00","1006.8","999.9","990.0","  69.1","  5.7","  7.5"
"34504099999","48.6","34.9666666","143.0","2006-08-29","  61.8","010010","999.9","  73.6","  60.3"," 13.6"," 1.06","1000.5","999.9","983.7","  64.3","  4.7","  8.3"
"34504099999","48.6","34.9666666","143.0","2006-08-30","  53.0","010000","999.9","  72.3","  59.9"," 17.5"," 0.75","1006.0","999.9","989.1","  65.6","  5.7"," 11.1"
"34504099999","48.6","34.9666666","143.0","2006-08-31","  55.3","000000","999.9","  72.9","  56.7"," 11.7"," 0.00","1006.6","999.9","989.6","  63.6","  6.2","  8.0"
"34504099999","48.6","34.9666666","143.0","2006-09-01","  51.6","000000","999.9","  75.7","  54.0","  9.7"," 0.00","1009.9","999.9","992.9","  64.2","  6.2","  5.6"
"34504099999","48.6","34.9666666","143.0","2006-09-02","  57.1","010010","999.9","  67.6","  57.7"," 21.4"," 0.31","1009.3","999.9","992.2","  60.3","  5.0","  8.3"
"34504099999","48.6","34.9666666","143.0","2006-09-03","  57.8","110000","999.9","  72.1","  55.9","  9.7"," 0.00","1011.0","999.9","993.9","  61.4","  4.1","  5.0"
"34504099999","48.6","34.9666666","143.0","2006-09-04","  57.3","010000","999.9","  76.6","  55.9"," 13.6"," 0.20","1009.5","999.9","992.5","  64.4","  5.7"," 10.0"
"34504099999","48.6","34.9666666","143.0","2006-09-05","  52.8","010000","999.9","  71.2","  55.0"," 19.4"," 0.00","1006.4","999.9","989.2","  59.6","  6.2"," 13.0"
"34504099999","48.6","34.9666666","143.0","2006-09-06","  53.8","000000","999.9","  64.0","  51.1"," 15.5"," 0.01","1007.2","999.9","990.1","  59.1","  6.2"," 12.3"
"34504099999","48.6","34.9666666","143.0","2006-09-07","  54.3","000000","999.9","  71.1","  54.9"," 11.7"," 0.00","1014.6","999.9","997.4","  61.8","  5.7","  7.5"
"34504099999","48.6","34.9666666","143.0","2006-09-08","  49.9","000000","999.9","  75.7","  49.8","  7.8"," 0.00","1018.1","999.9","000.9","  63.3","  6.2","  4.9"
"34504099999","48.6","34.9666666","143.0","2006-09-09","  53.7","110000","999.9","  73.0","  50.4"," 13.6"," 0.08","1018.4","999.9","001.1","  58.5","  4.2","  6.9"
"34504099999","48.6","34.9666666","143.0","2006-09-10","  47.6","100000","999.9","  69.3","  45.3"," 11.7"," 0.00","1024.7","999.9","007.2","  56.6","  4.7","  7.8"
"34504099999","48.6","34.9666666","143.0","2006-09-11","  50.5","000000","999.9","  71.2","  46.0"," 11.7"," 0.00","1025.9","999.9","008.3","  58.2","  5.1","  6.4"
"34504099999","48.6","34.9666666","143.0","2006-09-12","  50.7","000000","999.9","  74.3","  51.1","  5.8"," 0.00","1025.9","999.9","008.5","  61.1","  5.6","  5.1"
"34504099999","48.6","34.9666666","143.0","2006-09-13","  51.1","000000","999.9","  73.0","  49.8","  7.8"," 0.00","1025.9","999.9","008.5","  62.1","  5.7","  5.6"
"34504099999","48.6","34.9666666","143.0","2006-09-14","  53.0","100000","999.9","  75.7","  50.4","  7.8"," 0.00","1021.7","999.9","004.4","  62.8","  5.5","  5.3"
"34504099999","48.6","34.9666666","143.0","2006-09-15","  52.5","000000","999.9","  76.1","  51.4"," 11.7"," 0.00","1017.2","999.9","000.0","  63.6","  5.3","  8.3"
"34504099999","48.6","34.9666666","143.0","2006-09-16","  38.8","000000","999.9","  64.6","  43.5"," 13.6"," 0.00","1026.1","999.9","008.4","  53.3","  6.2","  8.7"
"34504099999","48.6","34.9666666","143.0","2006-09-17","  41.1","000000","999.9","  68.4","  41.7","  5.8"," 0.00","1026.8","999.9","009.1","  54.6","  5.3","  2.7"
"34504099999","48.6","34.9666666","143.0","2006-09-18","  40.5","000000","999.9","  72.7","  46.2","  7.8"," 0.00","1021.7","999.9","004.2","  58.3","  5.7","  5.3"
"34504099999","48.6","34.9666666","143.0","2006-09-19","  40.1","000000","999.9","  75.6","  48.0","  9.7"," 0.00","1017.0","999.9","999.8","  61.0","  5.6","  6.6"
"34504099999","48.6","34.9666666","143.0","2006-09-20","  44.6","000000","999.9","  79.2","  48.7","  9.7"," 0.00","1014.8","999.9","997.6","  63.6","  6.2","  7.0"
"34504099999","48.6","34.9666666","143.0","2006-09-21","  51.2","000000","999.9","  74.3","  55.0"," 11.7"," 0.00","1013.5","999.9","996.4","  62.8","  5.7","  6.1"
"34504099999","48.6","34.9666666","143.0","2006-09-22","  53.0","010010","999.9","  81.5","  55.9","  9.7"," 0.02","1014.5","999.9","997.5","  67.1","  5.7","  8.3"
"34504099999","48.6","34.9666666","143.0","2006-09-23","  44.1","000000","999.9","  85.3","  58.5"," 15.5"," 0.00","1018.3","999.9","001.3","  68.6","  6.2"," 13.6"
"34504099999","48.6","34.9666666","143.0","2006-09-24","  44.1","000000","999.9","  83.3","  58.5"," 15.5"," 0.00","1019.6","999.9","002.4","  68.7","  6.2"," 11.7"
"34504099999","48.6","34.9666666","143.0","2006-09-25","  46.9","010000","999.9","  83.5","  59.9"," 11.7"," 0.00","1015.9","999.9","998.9","  69.2","  6.2","  9.2"
"34504099999","48.6","34.9666666","143.0","2006-09-26","  49.8","000000","999.9","  79.7","  52.7"," 11.7"," 0.00","1016.3","999.9","999.1","  65.2","  6.2","  9.0"
"34504099999","48.6","34.9666666","143.0","2006-09-27","  51.7","000000","999.9","  76.5","  53.1"," 11.7"," 0.00","1017.9","999.9","000.7","  63.3","  6.2"," 10.2"
"34504099999","48.6","34.9666666","143.0","2006-09-28","  50.4","000000","999.9","  80.1","  53.2","  9.7"," 0.00","1015.2","999.9","998.1","  66.5","  6.2","  7.8"
"34504099999","48.6","34.9666666","143.0","2006-09-29","  56.0","010010","999.9","  75.9","  59.5","  9.7"," 0.04","1009.1","999.9","992.1","  66.0","  5.0","  6.8"
"34504099999","48.6","34.9666666","143.0","2006-09-30","  55.5","000000","999.9","  60.4","  54.3"," 13.6"," 0.43","1009.7","999.9","992.5","  58.5","  5.0"," 10.0"
"34504099999","48.6","34.9666666","143.0","2006-10-01","  52.0","000000","999.9","  69.1","  51.8"," 13.6"," 0.00","1015.0","999.9","997.7","  59.3","  6.2","  8.0"
"34504099999","48.6","34.9666666","143.0","2006-10-02","  52.2","000000","999.9","  70.2","  51.8","  3.9"," 0.00","1019.3","999.9","002.0","  60.4","  4.8","  1.5"
"34504099999","48.6","34.9666666","143.0","2006-10-03","  51.2","000000","999.9","  71.6","  51.1"," 13.6"," 0.00","1017.5","999.9","000.2","  61.1","  4.5","  7.0"
"34504099999","48.6","34.9666666","143.0","2006-10-04","  56.0","000000","999.9","  74.7","  56.5"," 15.5"," 0.00","1014.9","999.9","997.8","  63.9","  5.3"," 10.2"
"34504099999","48.6","34.9666666","143.0","2006-10-05","  60.8","000000","999.9","  78.8","  60.4"," 13.6"," 0.00","1015.1","999.9","998.1","  67.6","  4.3","  9.5"
"34504099999","48.6","34.9666666","143.0","2006-10-06","  59.5","000000","999.9","  71.1","  58.3","  9.7"," 0.00","1016.1","999.9","998.9","  63.5","  4.0","  6.8"
"34504099999","48.6","34.9666666","143.0","2006-10-07","  54.4","000000","999.9","  60.8","  55.0"," 13.6"," 0.03","1015.2","999.9","997.9","  57.5","  6.2"," 10.0"
"34504099999","48.6","34.9666666","143.0","2006-10-08","  51.2","000000","999.9","  60.8","  50.4","  9.7"," 0.00","1018.3","999.9","001.0","  54.7","  4.7","  6.1"
"34504099999","48.6","34.9666666","143.0","2006-10-09","  48.4","000000","999.9","  66.2","  47.8","  9.7"," 0.00","1019.8","999.9","002.3","  55.1","  3.7","  3.9"
"34504099999","48.6","34.9666666","143.0","2006-10-10","  45.8","100000","999.9","  66.6","  44.1","  9.7"," 0.00","1021.2","999.9","003.5","  52.5","  3.7","  5.3"
"34504099999","48.6","34.9666666","143.0","2006-10-11","  45.4","000000","999.9","  64.6","  42.8","  7.8"," 0.00","1025.3","999.9","007.6","  52.3","  3.9","  7.0"
"34504099999","48.6","34.9666666","143.0","2006-10-12","  42.9","100000","999.9","  57.4","  42.3","  7.8"," 0.00","1029.4","999.9","011.4","  46.6","  2.8","  7.5"
"34504099999","48.6","34.9666666","143.0","2006-10-13","  40.7","000000","999.9","  60.4","  41.5","  7.8"," 0.00","1030.2","999.9","012.3","  49.2","  4.8","  6.3"
"34504099999","48.6","34.9666666","143.0","2006-10-14","  40.5","000000","999.9","  60.8","  36.0"," 11.7"," 0.00","1028.9","999.9","011.0","  49.4","  3.7","  5.8"
"34504099999","48.6","34.9666666","143.0","2006-10-15","  40.9","010000","999.9","  49.3","  42.8","  5.8"," 0.08","1016.6","999.9","998.8","  45.3","  3.6","  2.8"
"34504099999","48.6","34.9666666","143.0","2006-10-16","  38.7","010000","999.9","  43.5","  35.2"," 15.5"," 0.59","1015.2","999.9","997.2","  39.8","  1.2"," 12.0"
"34504099999","48.6","34.9666666","143.0","2006-10-17","  34.3","010000","999.9","  38.3","  34.3"," 11.7"," 0.02","1019.7","999.9","001.5","  36.6","  3.7","  9.4"
"34504099999","48.6","34.9666666","143.0","2006-10-18","  36.2","010000","999.9","  39.7","  36.0","  9.7"," 0.00","1023.1","999.9","004.9","  38.1","  2.1","  5.2"
"34504099999","48.6","34.9666666","143.0","2006-10-19","  35.1","000000","999.9","  44.2","  34.0","  5.8"," 0.00","1024.3","999.9","006.1","  39.2","  3.1","  3.9"
"34504099999","48.6","34.9666666","143.0","2006-10-20","  36.5","100000","999.9","  47.1","  33.4","  5.8"," 0.00","1019.4","999.9","001.4","  39.4","  3.1","  4.1"
"34504099999","48.6","34.9666666","143.0","2006-10-21","  39.6","100000","999.9","  54.0","  33.4","  5.8"," 0.00","1017.8","999.9","999.8","  41.5","  1.8","  3.2"
"34504099999","48.6","34.9666666","143.0","2006-10-22","  43.5","100000","999.9","  54.5","  38.1","  5.8"," 0.00","1018.4","999.9","000.6","  44.6","  1.8","  5.1"
"34504099999","48.6","34.9666666","143.0","2006-10-23","  51.3","110000","999.9","  56.1","  41.0","  7.8"," 0.08","1017.6","999.9","000.0","  51.5","  0.3","  5.3"
"34504099999","48.6","34.9666666","143.0","2006-10-24","  54.6","110000","999.9","  62.1","  51.4","  5.8"," 0.02","1016.6","999.9","999.2","  55.7","  0.9","  3.6"
"34504099999","48.6","34.9666666","143.0","2006-10-25","  53.9","110000","999.9","  57.7","  52.0"," 11.7"," 0.28","1013.4","999.9","996.0","  55.2","  1.8","  9.2"
"34504099999","48.6","34.9666666","143.0","2006-10-26","  52.3","000000","999.9","  57.9","  51.8","  9.7"," 0.03","1017.3","999.9","999.8","  53.9","  5.0","  8.0"
"34504099999","48.6","34.9666666","143.0","2006-10-27","  48.1","000000","999.9","  52.3","  48.9","  9.7"," 0.00","1024.7","999.9","007.0","  50.6","  6.2","  4.1"
"34504099999","48.6","34.9666666","143.0","2006-10-28","  46.2","000000","999.9","  56.5","  45.7"," 13.6"," 0.00","1017.4","999.9","999.8","  50.3","  6.2","  9.7"
"34504099999","48.6","34.9666666","143.0","2006-10-29","  35.6","000000","999.9","  54.5","  31.8","  7.8"," 0.00","1012.8","999.9","995.0","  43.3","  6.2","  5.1"
"34504099999","48.6","34.9666666","143.0","2006-10-30","  44.1","010000","999.9","  52.3","  39.9"," 17.5"," 0.28","1004.2","999.9","986.6","  45.4","  4.1","  8.6"
"34504099999","48.6","34.9666666","143.0","2006-10-31","  34.8","000000","999.9","  40.1","  35.8"," 13.6"," 0.00","1018.0","999.9","999.9","  37.4","  6.2","  9.0"
"34504099999","48.6","34.9666666","143.0","2006-11-01","  40.6","100000","999.9","  48.0","  35.6","  5.8"," 0.00","1013.2","999.9","995.3","  42.4","  5.0","  3.6"
"34504099999","48.6","34.9666666","143.0","2006-11-02","  42.4","110000","999.9","  50.0","  41.0","  9.7"," 0.11","1005.3","999.9","987.7","  44.9","  2.0","  2.9"
"34504099999","48.6","34.9666666","143.0","2006-11-03","  33.4","011000","999.9","  39.4","  30.9"," 23.3"," 0.55","1008.2","999.9","990.2","  34.9","  3.5"," 12.0"
"34504099999","48.6","34.9666666","143.0","2006-11-04","  24.2","001000","999.9","  34.9","  21.9"," 13.6"," 0.43","1013.7","  4.7","995.3","  28.0","  6.2","  7.8"
"34504099999","48.6","34.9666666","143.0","2006-11-05","  21.4","001000","999.9","  33.4","  19.4","  9.7"," 0.02","1014.2","  2.8","995.7","  24.7","  6.2","  6.1"
"34504099999","48.6","34.9666666","143.0","2006-11-06","  32.4","110000","999.9","  41.0","  19.6"," 13.6"," 0.39","1010.5","  2.4","992.4","  33.7","  4.1","  6.9"
"34504099999","48.6","34.9666666","143.0","2006-11-07","  25.9","001000","999.9","  30.6","  27.3","  7.8"," 0.02","1012.0","999.9","993.7","  28.7","  5.4","  5.8"
"34504099999","48.6","34.9666666","143.0","2006-11-08","  36.5","100000","999.9","  45.1","  29.8"," 11.7"," 0.00","1019.1","999.9","001.0","  38.5","  3.7","  6.7"
"34504099999","48.6","34.9666666","143.0","2006-11-09","  42.4","100000","999.9","  52.9","  37.8"," 13.6"," 0.00","1015.2","999.9","997.5","  45.1","  3.7","  8.0"
"34504099999","48.6","34.9666666","143.0","2006-11-10","  37.0","010000","999.9","  48.4","  36.3"," 17.5"," 0.08","1011.1","999.9","993.3","  42.1","  5.1"," 11.7"
"34504099999","48.6","34.9666666","143.0","2006-11-11","  30.6","011000","999.9","  42.8","  28.9","  7.8"," 0.17","1019.6","999.9","001.3","  33.4","  6.2","  6.8"
"34504099999","48.6","34.9666666","143.0","2006-11-12","  29.7","010000","999.9","  41.7","  24.4"," 15.5"," 0.00","1014.3","  0.8","996.2","  34.9","  6.2","  9.2"
"34504099999","48.6","34.9666666","143.0","2006-11-13","  40.0","010000","999.9","  45.9","  39.7"," 11.7"," 0.47","1004.9","999.9","987.2","  41.6","  5.0","  7.4"
"34504099999","48.6","34.9666666","143.0","2006-11-14","  33.1","000000","999.9","  42.1","  30.4"," 11.7"," 0.12","1007.2","999.9","989.1","  35.4","  3.6","  6.4"
"34504099999","48.6","34.9666666","143.0","2006-11-15","  34.6","010000","999.9","  41.9","  29.8"," 11.7"," 0.00","1013.0","999.9","995.1","  37.2","  3.6","  6.1"
"34504099999","48.6","34.9666666","143.0","2006-11-16","  44.8","110000","999.9","  54.0","  38.3"," 15.5"," 0.01","1014.7","999.9","997.0","  47.0","  3.3"," 10.0"
"34504099999","48.6","34.9666666","143.0","2006-11-17","  35.3","000000","999.9","  50.0","  35.6"," 11.7"," 0.02","1019.8","999.9","001.9","  43.3","  6.2","  9.4"
"34504099999","48.6","34.9666666","143.0","2006-11-18","  25.6","000000","999.9","  34.9","  29.8","  7.8"," 0.00","1031.0","999.9","012.4","  31.9","  6.2","  5.6"
"34504099999","48.6","34.9666666","143.0","2006-11-19","  26.8","000000","999.9","  34.3","  29.5","  3.9"," 0.00","1032.6","999.9","014.0","  31.2","  6.2","  0.5"
"34504099999","48.6","34.9666666","143.0","2006-11-20","  26.6","000000","999.9","  32.5","  28.9","  5.8"," 0.00","1028.4","999.9","009.8","  30.4","  5.7","  2.4"
"34504099999","48.6","34.9666666","143.0","2006-11-21","  28.2","000000","999.9","  32.7","  28.9","  7.8"," 0.00","1023.6","999.9","005.1","  31.2","  6.2","  4.9"
"34504099999","48.6","34.9666666","143.0","2006-11-22","  29.6","010000","999.9","  33.1","  28.6","  9.7"," 0.00","1019.3","999.9","000.9","  31.3","  5.1","  7.3"
"34504099999","48.6","34.9666666","143.0","2006-11-23","  34.1","000000","999.9","  42.6","  30.7","  7.8"," 0.00","1020.8","999.9","002.6","  36.7","  3.9","  7.2"
"34504099999","48.6","34.9666666","143.0","2006-11-24","  39.8","110000","999.9","  49.3","  36.3","  9.7"," 0.05","1024.1","999.9","005.6","  41.2","  3.9","  7.8"
"34504099999","48.6","34.9666666","143.0","2006-11-25","  39.1","100000","999.9","  54.0","  36.3","  9.7"," 0.00","1026.8","999.9","008.6","  41.7","  3.4","  6.3"
"34504099999","48.6","34.9666666","143.0","2006-11-26","  38.0","100000","999.9","  48.2","  32.7","  5.8"," 0.00","1027.8","999.9","009.6","  39.2","  1.5","  3.4"
"34504099999","48.6","34.9666666","143.0","2006-11-27","  40.8","100000","999.9","  44.2","  38.3","  9.7"," 0.00","1025.0","999.9","006.9","  40.9","  0.3","  3.9"
"34504099999","48.6","34.9666666","143.0","2006-11-28","  37.7","000000","999.9","  41.5","  38.5","  7.8"," 0.00","1028.3","999.9","010.1","  39.9","  4.6","  5.0"
"34504099999","48.6","34.9666666","143.0","2006-11-29","  35.8","100000","999.9","  42.4","  34.2","  5.8"," 0.00","1031.8","999.9","013.5","  38.5","  4.8","  2.2"
"34504099999","48.6","34.9666666","143.0","2006-11-30","  34.2","110000","999.9","  40.1","  30.7","  9.7"," 0.00","1032.0","999.9","013.5","  36.3","  2.5","  5.1"
"34504099999","48.6","34.9666666","143.0","2006-12-01","  39.7","000000","999.9","  43.5","  36.1"," 15.5"," 0.02","1027.0","999.9","008.9","  41.8","  4.8"," 12.9"
"34504099999","48.6","34.9666666","143.0","2006-12-02","  38.5","000000","999.9","  43.9","  36.1"," 13.6"," 0.00","1027.8","999.9","009.6","  41.0","  5.7"," 11.7"
"34504099999","48.6","34.9666666","143.0","2006-12-03","  35.7","010000","999.9","  42.4","  32.5","  9.7"," 0.00","1023.8","999.9","005.6","  37.1","  1.5","  4.7"
"34504099999","48.6","34.9666666","143.0","2006-12-04","  38.8","000000","999.9","  43.7","  37.2","  7.8"," 0.00","1018.3","999.9","000.3","  41.7","  4.8","  5.1"
"34504099999","48.6","34.9666666","143.0","2006-12-05","  38.7","100000","999.9","  46.0","  35.8","  9.7"," 0.00","1016.6","999.9","998.7","  41.5","  4.4","  5.6"
"34504099999","48.6","34.9666666","143.0","2006-12-06","  33.0","110000","999.9","  35.8","  31.6","  5.8"," 0.00","1023.4","999.9","005.0","  33.0","  0.1","  4.2"
"34504099999","48.6","34.9666666","143.0","2006-12-07","  34.2","100000","999.9","  39.7","  29.1","  7.8"," 0.01","1024.6","999.9","006.2","  34.3","  0.2","  4.2"
"34504099999","48.6","34.9666666","143.0","2006-12-08","  37.7","100000","999.9","  39.6","  37.4","  7.8"," 0.00","1026.1","999.9","007.9","  38.4","  1.1","  6.1"
"34504099999","48.6","34.9666666","143.0","2006-12-09","  33.9","000000","999.9","  36.9","  34.3","  7.8"," 0.00","1029.8","999.9","011.4","  35.7","  2.2","  5.8"
"34504099999","48.6","34.9666666","143.0","2006-12-10","  33.1","100000","999.9","  37.8","  32.7","  5.8"," 0.00","1031.4","999.9","012.9","  34.5","  1.5","  4.9"
"34504099999","48.6","34.9666666","143.0","2006-12-11","  32.9","110000","999.9","  34.2","  31.3","  5.8"," 0.00","1031.3","999.9","012.7","  32.9","  0.2","  3.3"
"34504099999","48.6","34.9666666","143.0","2006-12-12","  32.1","010000","999.9","  36.3","  32.0","  5.8"," 0.02","1028.6","999.9","010.1","  33.5","  1.6","  3.2"
"34504099999","48.6","34.9666666","143.0","2006-12-13","  32.8","110000","999.9","  36.3","  30.2","  7.8"," 0.02","1027.8","999.9","009.4","  33.7","  1.1","  4.4"
"34504099999","48.6","34.9666666","143.0","2006-12-14","  34.9","100000","999.9","  39.9","  34.9","  5.8"," 0.00","1028.1","999.9","009.7","  36.7","  1.2","  3.2"
"34504099999","48.6","34.9666666","143.0","2006-12-15","  36.8","000000","999.9","  43.7","  32.5"," 11.7"," 0.00","1029.1","999.9","010.9","  39.0","  3.7","  9.2"
"34504099999","48.6","34.9666666","143.0","2006-12-16","  35.4","000000","999.9","  48.2","  31.5"," 11.7"," 0.00","1026.5","999.9","008.3","  39.9","  5.3","  9.2"
"34504099999","48.6","34.9666666","143.0","2006-12-17","  38.5","000000","999.9","  48.6","  36.7"," 11.7"," 0.00","1021.7","999.9","003.7","  42.5","  5.3","  9.7"
"34504099999","48.6","34.9666666","143.0","2006-12-18","  37.1","110000","999.9","  42.6","  35.4","  5.8"," 0.08","1022.9","999.9","004.7","  39.1","  3.0","  3.1"
"34504099999","48.6","34.9666666","143.0","2006-12-19","  32.3","000000","999.9","  38.5","  32.4","  9.7"," 0.02","1025.1","999.9","006.7","  34.8","  5.7","  6.1"
"34504099999","48.6","34.9666666","143.0","2006-12-20","  24.0","000000","999.9","  33.4","  24.4","  9.7"," 0.00","1027.4","999.9","008.8","  29.8","  6.2","  6.3"
"34504099999","48.6","34.9666666","143.0","2006-12-21","  17.9","000000","999.9","  27.3","  18.0","  5.8"," 0.00","1035.1","999.9","016.1","  21.7","  5.7","  3.2"
"34504099999","48.6","34.9666666","143.0","2006-12-22","  23.7","011000","999.9","  31.8","  16.0","  9.7"," 0.00","1031.7","999.9","012.9","  25.7","  3.5","  7.5"
"34504099999","48.6","34.9666666","143.0","2006-12-23","  32.5","011000","999.9","  38.5","  30.9"," 13.6"," 0.45","1024.2","999.9","005.9","  35.2","  3.9"," 12.6"
"34504099999","48.6","34.9666666","143.0","2006-12-24","  31.2","010000","999.9","  36.7","  32.0"," 17.5"," 0.01","1019.9","999.9","001.6","  34.7","  5.7"," 13.6"
"34504099999","48.6","34.9666666","143.0","2006-12-25","  27.1","011000","999.9","  37.6","  22.8"," 15.5"," 0.12","1010.5","999.9","992.3","  31.2","  6.2"," 12.6"
"34504099999","48.6","34.9666666","143.0","2006-12-26","  14.6","001000","999.9","  24.1","  16.9"," 15.5"," 0.02","1023.5","999.9","004.7","  20.2","  5.7"," 11.7"
"34504099999","48.6","34.9666666","143.0","2006-12-27","  20.1","011000","999.9","  29.3","  12.6"," 13.6"," 0.04","1022.3","999.9","003.5","  22.3","  4.7","  9.7"
"34504099999","48.6","34.9666666","143.0","2006-12-28","  29.8","011000","999.9","  33.3","  27.1"," 13.6"," 0.05","1017.1","  0.4","998.8","  31.9","  4.1"," 11.3"
"34504099999","48.6","34.9666666","143.0","2006-12-29","  27.9","001000","999.9","  33.4","  27.5"," 11.7"," 0.02","1017.2","  0.4","998.9","  30.6","  5.1"," 10.8"
"34504099999","48.6","34.9666666","143.0","2006-12-30","  23.4","000000","999.9","  32.4","  27.0"," 13.6"," 0.00","1029.4","  0.8","010.7","  28.9","  5.1","  8.3"
"34504099999","48.6","34.9666666","143.0","2006-12-31","  27.5","000000","999.9","  39.2","  26.8"," 13.6"," 0.00","1030.5","  0.4","012.0","  33.1","  6.2","  9.0"
"34504099999","48.6","34.9666666","143.0","2007-01-01","  31.2","001000","999.9","  39.0","  30.2"," 13.6"," 0.04","1020.4","  1.2","002.1","  34.1","  4.9"," 10.0"
"34504099999","48.6","34.9666666","143.0","2007-01-02","  36.8","110000","999.9","  41.5","  33.6"," 13.6"," 0.18","1013.4","999.9","995.4","  38.0","  1.8"," 10.5"
"34504099999","48.6","34.9666666","143.0","2007-01-03","  32.0","110000","999.9","  37.4","  29.3"," 13.6"," 0.04","1015.2","999.9","996.9","  33.2","  0.9","  6.7"
"34504099999","48.6","34.9666666","143.0","2007-01-04","  32.7","010000","999.9","  38.7","  31.1"," 13.6"," 0.25","1012.2","999.9","994.1","  34.4","  5.0","  6.2"
"34504099999","48.6","34.9666666","143.0","2007-01-05","  28.0","000000","999.9","  33.6","  28.0","  5.8"," 0.00","1019.5","999.9","001.1","  29.7","  2.7","  3.9"
"34504099999","48.6","34.9666666","143.0","2007-01-06","  28.9","000000","999.9","  36.0","  27.5","  9.7"," 0.00","1020.4","999.9","002.0","  31.6","  4.5","  6.1"
"34504099999","48.6","34.9666666","143.0","2007-01-07","  34.5","110000","999.9","  37.4","  32.0","  9.7"," 0.04","1019.5","999.9","001.3","  35.2","  0.8","  6.1"
"34504099999","48.6","34.9666666","143.0","2007-01-08","  37.8","110000","999.9","  41.9","  36.9"," 11.7"," 0.04","1015.6","999.9","997.6","  38.8","  2.8","  8.7"
"34504099999","48.6","34.9666666","143.0","2007-01-09","  31.8","010000","999.9","  36.0","  33.3","  5.8"," 0.03","1023.3","999.9","005.0","  34.3","  6.2","  2.8"
"34504099999","48.6","34.9666666","143.0","2007-01-10","  36.6","100000","999.9","  39.0","  33.8"," 11.7"," 0.01","1025.1","999.9","006.9","  37.3","  2.2","  9.2"
"34504099999","48.6","34.9666666","143.0","2007-01-11","  38.6","110000","999.9","  42.6","  35.2"," 13.6"," 0.04","1018.6","999.9","000.5","  39.3","  0.7"," 11.4"
"34504099999","48.6","34.9666666","143.0","2007-01-12","  41.5","110000","999.9","  43.2","  40.6","  9.7"," 0.12","1007.9","999.9","990.1","  42.0","  0.6","  7.1"
"34504099999","48.6","34.9666666","143.0","2007-01-13","  36.4","110000","999.9","  41.4","  33.4"," 15.5"," 0.08","1007.6","999.9","989.7","  38.2","  4.9"," 11.2"
"34504099999","48.6","34.9666666","143.0","2007-01-14","  33.3","010000","999.9","  42.8","  34.0"," 21.4"," 0.08","1011.6","999.9","993.7","  39.6","  6.2"," 13.3"
"34504099999","48.6","34.9666666","143.0","2007-01-15","  31.3","011000","999.9","  42.4","  33.6"," 19.4"," 0.08","1013.5","999.9","995.5","  38.0","  6.2"," 15.0"
"34504099999","48.6","34.9666666","143.0","2007-01-16","  31.1","010000","999.9","  41.0","  32.4"," 15.5"," 0.01","1017.6","999.9","999.4","  36.3","  3.4","  9.4"
"34504099999","48.6","34.9666666","143.0","2007-01-17","  30.5","000000","999.9","  41.0","  30.4","  9.7"," 0.00","1020.7","999.9","002.4","  34.7","  2.3","  6.3"
"34504099999","48.6","34.9666666","143.0","2007-01-18","  32.2","100000","999.9","  41.7","  28.9","  9.7"," 0.00","1017.0","999.9","998.8","  34.4","  2.1","  6.8"
"34504099999","48.6","34.9666666","143.0","2007-01-19","  37.8","010000","999.9","  45.3","  33.1"," 19.4"," 0.24"," 994.9","999.9","977.3","  40.3","  4.4"," 13.6"
"34504099999","48.6","34.9666666","143.0","2007-01-20","  29.0","000000","999.9","  40.8","  31.5"," 15.5"," 0.03","1005.4","999.9","987.4","  33.7","  6.2"," 10.0"
"34504099999","48.6","34.9666666","143.0","2007-01-21","  31.7","010000","999.9","  40.5","  24.1"," 15.5"," 0.04","1012.1","999.9","994.0","  33.6","  5.5","  8.3"
"34504099999","48.6","34.9666666","143.0","2007-01-22","  33.7","010000","999.9","  46.4","  33.8"," 19.4"," 0.20","1013.8","999.9","995.9","  40.1","  4.8"," 13.3"
"34504099999","48.6","34.9666666","143.0","2007-01-23","  35.0","100000","999.9","  43.9","  30.7","  7.8"," 0.00","1017.6","999.9","999.6","  37.9","  4.7","  4.7"
"34504099999","48.6","34.9666666","143.0","2007-01-24","  43.8","110000","999.9","  50.5","  39.9"," 15.5"," 0.02","1006.8","999.9","989.1","  45.9","  3.6"," 11.2"
"34504099999","48.6","34.9666666","143.0","2007-01-25","  43.3","010000","999.9","  47.7","  43.7"," 13.6"," 0.04","1008.1","999.9","990.5","  45.5","  3.7","  9.7"
"34504099999","48.6","34.9666666","143.0","2007-01-26","  32.7","111000","999.9","  43.0","  29.1","  9.7"," 0.02","1015.0","999.9","996.9","  34.6","  3.7","  5.8"
"34504099999","48.6","34.9666666","143.0","2007-01-27","  22.7","001000","999.9","  31.5","  20.7","  5.8"," 0.00","1011.1","999.9","992.6","  26.4","  5.5","  5.3"
"34504099999","48.6","34.9666666","143.0","2007-01-28","  20.2","001000","999.9","  29.7","  16.7"," 15.5"," 0.14","1004.8","  0.8","986.4","  24.1","  4.8"," 11.7"
"34504099999","48.6","34.9666666","143.0","2007-01-29","  27.6","011000","999.9","  35.6","  13.6"," 13.6"," 0.10"," 996.2","  2.0","978.1","  29.5","  2.6","  8.4"
"34504099999","48.6","34.9666666","143.0","2007-01-30","  12.9","001000","999.9","  19.9","   9.9"," 17.5"," 0.30","1005.2","  3.1","986.5","  16.0","  3.9"," 10.5"
"34504099999","48.6","34.9666666","143.0","2007-01-31","   7.3","000000","999.9","  20.8","   6.8","  9.7"," 0.03","1016.3","  3.9","997.2","  11.0","  6.2","  7.1"
"34504099999","48.6","34.9666666","143.0","2007-02-01","  25.5","001000","999.9","  33.6","   4.1"," 15.5"," 0.17","1006.0","  3.9","986.9","  27.3","  1.5"," 11.1"
"34504099999","48.6","34.9666666","143.0","2007-02-02","  14.5","001000","999.9","  31.3","   9.0"," 17.5","99.99","1013.1","  3.9","994.3","  18.5","  4.3"," 14.2"
"34504099999","48.6","34.9666666","143.0","2007-02-03","   6.5","000000","999.9","  17.8","   2.8"," 11.7"," 0.00","1019.9","  3.9","000.8","  11.5","  6.2","  2.7"
"34504099999","48.6","34.9666666","143.0","2007-02-04","  15.0","101000","999.9","  26.2","  13.1","  3.9"," 0.00","1015.7","  3.9","996.9","  18.2","  4.8","  1.1"
"34504099999","48.6","34.9666666","143.0","2007-02-05","  17.9","101000","999.9","  26.6","  11.1"," 11.7"," 0.00","1012.9","  3.9","994.2","  20.0","  2.7","  4.7"
"34504099999","48.6","34.9666666","143.0","2007-02-06","  29.5","010000","999.9","  36.0","  24.3"," 17.5"," 0.00","1006.1","  3.5","988.0","  32.2","  6.2"," 11.7"
"34504099999","48.6","34.9666666","143.0","2007-02-07","  29.3","000000","999.9","  37.0","  24.1"," 13.6"," 0.00","1011.3","  2.8","993.1","  31.3","  5.7","  7.2"
"34504099999","48.6","34.9666666","143.0","2007-02-08","  34.7","100000","999.9","  36.9","  33.8"," 11.7"," 0.00","1012.3","  1.2","994.2","  35.4","  2.2","  6.1"
"34504099999","48.6","34.9666666","143.0","2007-02-09","  39.7","100000","999.9","  45.0","  33.8"," 11.7"," 0.00","1011.5","999.9","993.6","  40.3","  0.8","  8.5"
"34504099999","48.6","34.9666666","143.0","2007-02-10","  36.7","100000","999.9","  42.3","  32.5"," 11.7"," 0.00","1012.6","999.9","994.6","  38.8","  4.0","  5.8"
"34504099999","48.6","34.9666666","143.0","2007-02-11","  31.1","010000","999.9","  39.0","  27.5","  5.8","99.99","1017.0","999.9","998.8","  33.5","  3.6","  3.4"
"34504099999","48.6","34.9666666","143.0","2007-02-12","  38.3","010000","999.9","  45.0","  34.0","  9.7"," 0.06","1014.2","999.9","996.2","  39.7","  2.9","  7.4"
"34504099999","48.6","34.9666666","143.0","2007-02-13","  39.9","010000","999.9","  45.5","  37.9","  7.8"," 0.12","1010.3","999.9","992.5","  42.0","  5.6","  6.8"
"34504099999","48.6","34.9666666","143.0","2007-02-14","  38.2","000000","999.9","  50.0","  37.4","  7.8"," 0.00","1012.3","999.9","994.5","  42.3","  5.3","  6.6"
"34504099999","48.6","34.9666666","143.0","2007-02-15","  35.4","100000","999.9","  50.9","  30.7","  9.7"," 0.00","1015.8","999.9","997.8","  38.9","  4.7","  5.6"
"34504099999","48.6","34.9666666","143.0","2007-02-16","  32.9","110000","999.9","  37.4","  31.1","  9.7"," 0.01","1022.1","999.9","003.8","  35.2","  2.8","  7.2"
"34504099999","48.6","34.9666666","143.0","2007-02-17","  16.6","001000","999.9","  30.2","  19.4"," 15.5"," 0.00","1033.5","999.9","014.6","  24.5","  6.2"," 13.3"
"34504099999","48.6","34.9666666","143.0","2007-02-18","   9.6","000000","999.9","  32.7","  14.2","  7.8"," 0.00","1033.2","999.9","014.2","  22.6","  6.2","  6.1"
"34504099999","48.6","34.9666666","143.0","2007-02-19","  24.4","000000","999.9","  36.1","  18.1"," 15.5"," 0.00","1016.3","999.9","997.9","  29.1","  6.2"," 11.7"
"34504099999","48.6","34.9666666","143.0","2007-02-20","  30.4","011000","999.9","  37.9","  31.6","  9.7"," 0.02","1013.2","999.9","995.0","  33.0","  3.8","  5.3"
"34504099999","48.6","34.9666666","143.0","2007-02-21","  19.2","011000","999.9","  38.3","  14.5"," 21.4"," 0.01","1013.8","999.9","995.4","  27.3","  5.1"," 13.9"
"34504099999","48.6","34.9666666","143.0","2007-02-22","   2.0","000000","999.9","  18.0","   5.0"," 13.6"," 0.00","1024.8","999.9","005.6","  12.5","  5.5","  8.6"
"34504099999","48.6","34.9666666","143.0","2007-02-23","   1.6","000000","999.9","  19.9","   6.3"," 13.6"," 0.00","1023.1","999.9","003.9","  12.8","  4.7"," 11.0"
"34504099999","48.6","34.9666666","143.0","2007-02-24","  -0.4","000000","999.9","  19.4","  -0.4"," 11.7"," 0.00","1030.8","999.9","011.4","  10.1","  6.2"," 10.0"
"34504099999","48.6","34.9666666","143.0","2007-02-25","   6.5","000000","999.9","  27.3","   7.3","  7.8"," 0.00","1033.1","999.9","013.9","  17.0","  6.2","  6.3"
"34504099999","48.6","34.9666666","143.0","2007-02-26","   6.4","000000","999.9","  31.3","  15.4"," 11.7"," 0.00","1029.7","999.9","010.7","  21.6","  4.7","  9.7"
"34504099999","48.6","34.9666666","143.0","2007-02-27","   9.1","000000","999.9","  29.5","   9.5"," 13.6"," 0.00","1022.9","999.9","004.0","  20.1","  6.2"," 10.7"
"34504099999","48.6","34.9666666","143.0","2007-02-28","  18.9","001000","999.9","  33.8","  18.7","  9.7"," 0.00","1015.6","999.9","997.0","  25.0","  4.6","  6.8"
"34504099999","48.6","34.9666666","143.0","2007-03-01","  29.0","110000","999.9","  38.1","  18.9","  9.7"," 0.02","1012.4","999.9","994.1","  31.2","  3.9","  4.7"
"34504099999","48.6","34.9666666","143.0","2007-03-02","  37.7","110000","999.9","  48.2","  34.2"," 15.5"," 0.01","1012.0","999.9","994.1","  41.0","  3.9"," 11.1"
"34504099999","48.6","34.9666666","143.0","2007-03-03","  39.6","010000","999.9","  44.4","  38.1"," 13.6"," 0.19","1007.4","999.9","989.5","  40.5","  2.0"," 10.0"
"34504099999","48.6","34.9666666","143.0","2007-03-04","  36.2","000000","999.9","  46.2","  32.7","  7.8"," 0.04","1013.7","999.9","995.8","  39.5","  2.1","  3.1"
"34504099999","48.6","34.9666666","143.0","2007-03-05","  33.3","000000","999.9","  47.1","  29.7","  9.7"," 0.00","1022.9","999.9","004.6","  37.2","  5.0","  6.6"
"34504099999","48.6","34.9666666","143.0","2007-03-06","  31.3","000000","999.9","  46.0","  28.4","  7.8"," 0.00","1029.5","999.9","011.3","  37.6","  5.7","  4.7"
"34504099999","48.6","34.9666666","143.0","2007-03-07","  31.6","000000","999.9","  46.8","  33.8","  5.8"," 0.00","1028.1","999.9","009.8","  38.6","  5.7","  1.7"
"34504099999","48.6","34.9666666","143.0","2007-03-08","  29.9","000000","999.9","  50.2","  32.9","  9.7"," 0.00","1026.9","999.9","008.7","  40.0","  6.2","  5.6"
"34504099999","48.6","34.9666666","143.0","2007-03-09","  27.4","000000","999.9","  46.4","  27.3","  9.7"," 0.00","1028.4","999.9","009.9","  35.3","  6.2","  5.8"
"34504099999","48.6","34.9666666","143.0","2007-03-10","  28.7","000000","999.9","  47.1","  26.1","  7.8"," 0.00","1029.4","999.9","011.0","  37.2","  4.0","  3.6"
"34504099999","48.6","34.9666666","143.0","2007-03-11","  30.1","000000","999.9","  43.2","  24.1","  5.8"," 0.00","1027.5","999.9","009.2","  35.7","  4.2","  2.9"
"34504099999","48.6","34.9666666","143.0","2007-03-12","  35.3","010000","999.9","  37.8","  32.7"," 13.6"," 0.36","1018.0","999.9","999.8","  36.4","  1.6"," 10.7"
"34504099999","48.6","34.9666666","143.0","2007-03-13","  31.5","000000","999.9","  46.4","  32.2"," 15.5"," 0.02","1026.9","999.9","008.6","  37.6","  5.0"," 11.7"
"34504099999","48.6","34.9666666","143.0","2007-03-14","  28.5","000000","999.9","  47.1","  28.0"," 11.7"," 0.00","1025.0","999.9","006.7","  37.4","  6.2","  6.3"
"34504099999","48.6","34.9666666","143.0","2007-03-15","  31.2","000000","999.9","  52.7","  30.2"," 13.6"," 0.00","1017.7","999.9","999.6","  40.1","  5.7","  8.0"
"34504099999","48.6","34.9666666","143.0","2007-03-16","  30.5","000000","999.9","  50.9","  30.9","  9.7"," 0.00","1016.9","999.9","998.9","  41.5","  6.2","  5.6"
"34504099999","48.6","34.9666666","143.0","2007-03-17","  37.8","010000","999.9","  47.5","  38.1","  7.8"," 0.02","1009.5","999.9","991.7","  42.1","  3.9","  6.9"
"34504099999","48.6","34.9666666","143.0","2007-03-18","  34.3","010000","999.9","  41.4","  32.4"," 21.4","99.99","1001.5","999.9","983.7","  37.1","  4.0"," 11.2"
"34504099999","48.6","34.9666666","143.0","2007-03-19","  31.9","000000","999.9","  53.6","  29.1"," 13.6"," 0.00","1008.9","999.9","991.0","  40.7","  6.2","  8.3"
"34504099999","48.6","34.9666666","143.0","2007-03-20","  31.7","000000","999.9","  56.7","  32.9"," 15.5"," 0.00","1013.7","999.9","995.9","  44.2","  6.2"," 10.7"
"34504099999","48.6","34.9666666","143.0","2007-03-21","  31.9","000000","999.9","  64.4","  37.9"," 17.5"," 0.00","1016.7","999.9","999.0","  50.0","  6.2"," 14.3"
"34504099999","48.6","34.9666666","143.0","2007-03-22","  32.1","000000","999.9","  60.6","  38.1"," 21.4"," 0.00","1020.2","999.9","002.3","  48.2","  6.2"," 16.5"
"34504099999","48.6","34.9666666","143.0","2007-03-23","  30.4","000000","999.9","  59.2","  36.5"," 29.1"," 0.00","1022.3","999.9","004.4","  44.9","  6.2"," 18.7"
"34504099999","48.6","34.9666666","143.0","2007-03-24","  28.7","000000"," 36.9","  60.8","  37.4"," 27.2"," 0.00","1018.1","999.9","000.5","  47.8","  6.2"," 19.4"
"34504099999","48.6","34.9666666","143.0","2007-03-25","  26.7","000000","999.9","  47.8","  34.3"," 17.5"," 0.00","1019.6","999.9","001.6","  40.5","  6.2"," 13.9"
"34504099999","48.6","34.9666666","143.0","2007-03-26","  20.9","000000","999.9","  50.9","  28.8"," 15.5"," 0.00","1024.5","999.9","006.2","  40.9","  6.2","  8.3"
"34504099999","48.6","34.9666666","143.0","2007-03-27","  25.1","000000","999.9","  50.7","  36.9","  9.7"," 0.00","1026.1","999.9","007.9","  42.8","  6.2","  5.1"
"34504099999","48.6","34.9666666","143.0","2007-03-28","  20.4","000000","999.9","  55.8","  31.3","  7.8"," 0.00","1031.2","999.9","012.9","  43.1","  6.2","  6.6"
"34504099999","48.6","34.9666666","143.0","2007-03-29","  19.6","000000","999.9","  57.2","  33.4","  9.7"," 0.00","1028.6","999.9","010.5","  46.0","  6.2","  5.6"
"34504099999","48.6","34.9666666","143.0","2007-03-30","  25.1","000000","999.9","  53.6","  32.5"," 11.7"," 0.00","1026.1","999.9","008.0","  42.5","  6.2","  6.8"
"34504099999","48.6","34.9666666","143.0","2007-03-31","  29.3","000000","999.9","  57.6","  34.5","  7.8"," 0.00","1022.4","999.9","004.5","  45.5","  6.2","  6.8"
"34504099999","48.6","34.9666666","143.0","2007-04-01","  33.6","010000","999.9","  59.5","  39.9"," 11.7"," 0.00","1022.2","999.9","004.5","  49.0","  6.2","  8.7"
"34504099999","48.6","34.9666666","143.0","2007-04-02","  35.2","010000","999.9","  62.8","  39.6","  7.8"," 0.04","1022.0","999.9","004.2","  48.4","  5.7","  5.3"
"34504099999","48.6","34.9666666","143.0","2007-04-03","  38.3","010000","999.9","  59.0","  42.8","  5.8"," 0.00","1014.1","999.9","996.5","  48.9","  6.2","  2.5"
"34504099999","48.6","34.9666666","143.0","2007-04-04","  35.6","000000","999.9","  58.3","  40.8","  9.7"," 0.00","1009.3","999.9","991.7","  50.0","  6.2","  5.6"
"34504099999","48.6","34.9666666","143.0","2007-04-05","  37.4","010000","999.9","  59.5","  32.5"," 11.7","99.99","1010.2","999.9","992.7","  50.1","  6.2","  8.3"
"34504099999","48.6","34.9666666","143.0","2007-04-06","  35.0","000000","999.9","  58.6","  37.9"," 17.5"," 0.02","1007.8","999.9","990.2","  46.4","  5.3","  9.5"
"34504099999","48.6","34.9666666","143.0","2007-04-07","  29.9","000000","999.9","  53.6","  37.8","  9.7"," 0.00","1012.9","999.9","995.2","  46.8","  6.2","  6.3"
"34504099999","48.6","34.9666666","143.0","2007-04-08","  23.9","000000","999.9","  53.1","  34.5"," 17.5"," 0.00","1011.8","999.9","994.0","  44.5","  6.2","  8.3"
"34504099999","48.6","34.9666666","143.0","2007-04-09","  20.3","000000","999.9","  49.3","  31.8"," 17.5"," 0.00","1017.0","999.9","999.0","  41.7","  6.2"," 10.4"
"34504099999","48.6","34.9666666","143.0","2007-04-10","  35.1","010000","999.9","  54.7","  39.6"," 15.5"," 0.16","1014.3","999.9","996.6","  44.7","  6.2"," 10.0"
"34504099999","48.6","34.9666666","143.0","2007-04-11","  43.6","110000","999.9","  62.4","  40.6","  9.7"," 0.00","1016.3","999.9","998.7","  49.4","  4.9","  5.6"
"34504099999","48.6","34.9666666","143.0","2007-04-12","  38.1","000000","999.9","  56.7","  37.6"," 15.5"," 0.00","1015.5","999.9","997.8","  46.8","  5.7","  9.7"
"34504099999","48.6","34.9666666","143.0","2007-04-13","  28.8","000000","999.9","  56.3","  38.3"," 15.5"," 0.00","1017.4","999.9","999.6","  47.3","  6.2"," 11.2"
"34504099999","48.6","34.9666666","143.0","2007-04-14","  28.7","010000","999.9","  54.1","  37.0"," 15.5","99.99","1017.6","999.9","999.8","  46.2","  6.2","  6.8"
"34504099999","48.6","34.9666666","143.0","2007-04-15","  28.7","000000","999.9","  53.1","  33.1"," 15.5"," 0.00","1020.1","999.9","002.2","  44.5","  6.2"," 12.5"
"34504099999","48.6","34.9666666","143.0","2007-04-16","  29.8","000000","999.9","  55.0","  31.8","  9.7"," 0.00","1021.9","999.9","003.9","  45.0","  6.2","  6.1"
"34504099999","48.6","34.9666666","143.0","2007-04-17","  31.1","000000","999.9","  55.9","  40.3"," 13.6"," 0.00","1019.6","999.9","001.8","  46.8","  6.2","  4.4"
"34504099999","48.6","34.9666666","143.0","2007-04-18","  33.3","000000","999.9","  60.1","  34.3","  5.8"," 0.00","1015.4","999.9","997.7","  48.9","  6.2","  2.9"
"34504099999","48.6","34.9666666","143.0","2007-04-19","  33.2","000000","999.9","  61.5","  35.4","  7.8"," 0.00","1011.3","999.9","993.7","  49.9","  5.7","  4.9"
"34504099999","48.6","34.9666666","143.0","2007-04-20","  32.8","000000","999.9","  64.2","  38.7"," 17.5"," 0.00","1011.0","999.9","993.6","  53.2","  6.2","  9.0"
"34504099999","48.6","34.9666666","143.0","2007-04-21","  27.7","000000","999.9","  57.4","  34.9"," 17.5"," 0.00","1013.7","999.9","995.9","  45.1","  6.2"," 11.1"
"34504099999","48.6","34.9666666","143.0","2007-04-22","  24.8","000000","999.9","  56.5","  30.7"," 21.4"," 0.00","1017.8","999.9","999.9","  44.6","  6.2"," 12.6"
"34504099999","48.6","34.9666666","143.0","2007-04-23","  33.4","000000","999.9","  51.1","  39.9"," 13.6"," 0.00","1021.4","999.9","003.5","  45.1","  5.5","  9.0"
"34504099999","48.6","34.9666666","143.0","2007-04-24","  33.1","000000","999.9","  59.0","  36.0","  7.8"," 0.00","1020.1","999.9","002.4","  50.0","  6.2","  4.6"
"34504099999","48.6","34.9666666","143.0","2007-04-25","  38.8","000000","999.9","  58.6","  45.5","  3.9"," 0.00","1022.8","999.9","005.0","  51.6","  6.2","  2.9"
"34504099999","48.6","34.9666666","143.0","2007-04-26","  43.4","010000","999.9","  59.4","  45.5","  3.9"," 0.06","1026.6","999.9","008.8","  50.0","  6.2","  1.9"
"34504099999","48.6","34.9666666","143.0","2007-04-27","  39.4","000000","999.9","  65.3","  41.4","  5.8"," 0.00","1025.8","999.9","008.2","  55.1","  6.2","  2.7"
"34504099999","48.6","34.9666666","143.0","2007-04-28","  39.8","000000","999.9","  69.8","  40.3"," 11.7"," 0.00","1017.0","999.9","999.6","  57.3","  5.7","  8.3"
"34504099999","48.6","34.9666666","143.0","2007-04-29","  38.5","010000","999.9","  68.9","  49.1"," 13.6"," 0.01","1008.2","999.9","990.9","  55.2","  6.2"," 10.5"
"34504099999","48.6","34.9666666","143.0","2007-04-30","  35.4","010000","999.9","  58.3","  41.0"," 11.7"," 0.00","1008.3","999.9","990.6","  48.7","  6.2","  7.0"
"34504099999","48.6","34.9666666","143.0","2007-05-01","  31.6","000000","999.9","  52.5","  35.1"," 13.6"," 0.02","1008.5","999.9","990.7","  43.9","  6.2","  9.4"
"34504099999","48.6","34.9666666","143.0","2007-05-02","  25.8","000000","999.9","  51.1","  28.4"," 19.4"," 0.00","1014.1","999.9","996.1","  40.3","  6.2"," 10.9"
"34504099999","48.6","34.9666666","143.0","2007-05-03","  31.3","000010","999.9","  59.7","  27.7"," 21.4"," 0.00","1013.3","999.9","995.5","  45.6","  5.7"," 12.5"
"34504099999","48.6","34.9666666","143.0","2007-05-04","  31.7","000000","999.9","  58.6","  33.8","  9.7"," 0.00","1016.7","999.9","998.8","  45.7","  6.2","  7.5"
"34504099999","48.6","34.9666666","143.0","2007-05-05","  36.8","000000","999.9","  70.3","  35.1"," 17.5"," 0.00","1016.6","999.9","999.1","  55.7","  6.2"," 12.1"
"34504099999","48.6","34.9666666","143.0","2007-05-06","  36.7","000000","999.9","  66.9","  43.0"," 15.5"," 0.00","1023.6","999.9","006.0","  55.6","  6.2"," 10.0"
"34504099999","48.6","34.9666666","143.0","2007-05-07","  35.4","000000","999.9","  72.3","  45.9"," 11.7"," 0.00","1018.0","999.9","000.6","  59.0","  6.2","  9.0"
"34504099999","48.6","34.9666666","143.0","2007-05-08","  48.7","010000","999.9","  73.4","  53.2","  9.7"," 0.03","1006.0","999.9","988.8","  59.2","  6.2","  5.0"
"34504099999","48.6","34.9666666","143.0","2007-05-09","  48.7","010000","999.9","  64.8","  46.4"," 11.7"," 0.00","1004.2","999.9","987.0","  55.6","  6.2","  5.8"
"34504099999","48.6","34.9666666","143.0","2007-05-10","  40.8","000010","999.9","  62.4","  43.2"," 17.5"," 0.04","1009.8","999.9","992.3","  50.0","  5.0"," 10.4"
"34504099999","48.6","34.9666666","143.0","2007-05-11","  40.3","000000","999.9","  73.0","  40.3"," 17.5"," 0.00","1013.9","999.9","996.6","  59.4","  6.2"," 10.7"
"34504099999","48.6","34.9666666","143.0","2007-05-12","  42.7","000000","999.9","  79.5","  48.9"," 17.5"," 0.00","1011.4","999.9","994.4","  65.6","  6.2"," 12.6"
"34504099999","48.6","34.9666666","143.0","2007-05-13","  48.8","010010","999.9","  75.2","  53.6"," 11.7"," 0.16","1014.1","999.9","997.0","  63.8","  5.7","  7.8"
"34504099999","48.6","34.9666666","143.0","2007-05-14","  43.1","000000","999.9","  73.8","  50.2","  7.8"," 0.00","1020.2","999.9","002.9","  63.1","  6.2","  5.3"
"34504099999","48.6","34.9666666","143.0","2007-05-15","  41.9","000000","999.9","  79.5","  53.2","  7.8"," 0.00","1019.6","999.9","002.5","  66.9","  6.2","  6.1"
"34504099999","48.6","34.9666666","143.0","2007-05-16","  41.4","000000","999.9","  81.3","  52.5","  9.7"," 0.00","1016.1","999.9","999.1","  67.8","  6.2","  5.3"
"34504099999","48.6","34.9666666","143.0","2007-05-17","  45.9","000000","999.9","  86.0","  53.8","  9.7"," 0.00","1011.0","999.9","994.1","  71.2","  6.2","  7.0"
"34504099999","48.6","34.9666666","143.0","2007-05-18","  49.5","000000","999.9","  89.6","  55.0","  7.8"," 0.00","1010.7","999.9","993.9","  72.5","  6.2","  6.6"
"34504099999","48.6","34.9666666","143.0","2007-05-19","  53.1","000000","999.9","  90.7","  62.2"," 11.7"," 0.00","1014.0","999.9","997.3","  77.7","  6.2","  4.4"
"34504099999","48.6","34.9666666","143.0","2007-05-20","  54.5","000000","999.9","  93.4","  60.8","  9.7"," 0.00","1016.2","999.9","999.4","  78.1","  6.2","  5.6"
"34504099999","48.6","34.9666666","143.0","2007-05-21","  46.1","000000","999.9","  90.9","  58.1"," 19.4"," 0.00","1014.0","999.9","997.2","  73.9","  6.2"," 10.7"
"34504099999","48.6","34.9666666","143.0","2007-05-22","  49.9","000000","999.9","  90.7","  61.9","  9.7"," 0.00","1012.0","999.9","995.3","  77.3","  6.2","  6.8"
"34504099999","48.6","34.9666666","143.0","2007-05-23","  49.1","000000","999.9","  94.8","  64.2","  5.8"," 0.00","1010.3","999.9","993.6","  78.0","  6.2","  3.9"
"34504099999","48.6","34.9666666","143.0","2007-05-24","  51.7","000000","999.9","  95.4","  61.0","  7.8"," 0.00","1011.0","999.9","994.4","  79.9","  6.2","  3.6"
"34504099999","48.6","34.9666666","143.0","2007-05-25","  55.8","000000","999.9","  96.8","  67.1","  9.7"," 0.00","1012.4","999.9","995.9","  82.6","  6.2","  7.8"
"34504099999","48.6","34.9666666","143.0","2007-05-26","  55.3","000010","999.9","  94.8","  69.8","  9.7"," 0.00","1012.0","999.9","995.4","  80.3","  6.2","  7.3"
"34504099999","48.6","34.9666666","143.0","2007-05-27","  55.0","000000","999.9","  97.0","  70.7"," 17.5"," 0.00","1009.3","999.9","992.8","  83.2","  6.2","  8.7"
"34504099999","48.6","34.9666666","143.0","2007-05-28","  57.9","000000","999.9","  93.9","  71.4"," 13.6"," 0.00","1006.0","999.9","989.6","  81.8","  6.2","  8.9"
"34504099999","48.6","34.9666666","143.0","2007-05-29","  63.2","010010","999.9","  86.9","  65.1","  7.8"," 0.12","1006.3","999.9","989.7","  73.4","  6.2","  3.6"
"34504099999","48.6","34.9666666","143.0","2007-05-30","  63.1","010010","999.9","  86.9","  64.0","  9.7"," 0.20","1009.4","999.9","992.6","  71.8","  6.2","  5.3"
"34504099999","48.6","34.9666666","143.0","2007-05-31","  62.6","000010","999.9","  90.3","  63.5","  7.8"," 0.00","1010.0","999.9","993.4","  76.4","  6.2","  4.4"
"34504099999","48.6","34.9666666","143.0","2007-06-01","  62.2","000000","999.9","  91.8","  64.2","  7.8"," 0.00","1009.6","999.9","993.0","  77.1","  6.2","  5.3"
"34504099999","48.6","34.9666666","143.0","2007-06-02","  62.9","000010","999.9","  91.6","  66.0"," 15.5"," 0.00","1011.0","999.9","994.3","  75.9","  6.2","  7.8"
"34504099999","48.6","34.9666666","143.0","2007-06-03","  59.8","000000","999.9","  81.0","  61.5"," 13.6"," 0.00","1016.8","999.9","999.9","  70.8","  6.2","  8.7"
"34504099999","48.6","34.9666666","143.0","2007-06-04","  48.3","000000","999.9","  79.5","  58.6"," 13.6"," 0.00","1020.8","999.9","003.8","  69.8","  6.2","  8.6"
"34504099999","48.6","34.9666666","143.0","2007-06-05","  47.0","000000","999.9","  82.4","  56.1"," 11.7"," 0.00","1019.0","999.9","002.0","  69.5","  6.2","  6.3"
"34504099999","48.6","34.9666666","143.0","2007-06-06","  47.8","000000","999.9","  79.5","  57.9"," 15.5"," 0.00","1017.7","999.9","000.6","  68.5","  6.2"," 10.7"
"34504099999","48.6","34.9666666","143.0","2007-06-07","  42.1","000000","999.9","  78.8","  53.2"," 11.7"," 0.00","1016.4","999.9","999.3","  66.8","  6.2","  7.3"
"34504099999","48.6","34.9666666","143.0","2007-06-08","  48.9","000000","999.9","  82.4","  54.5"," 11.7"," 0.00","1014.3","999.9","997.3","  70.2","  6.2","  7.3"
"34504099999","48.6","34.9666666","143.0","2007-06-09","  46.6","000000","999.9","  81.0","  57.0","  9.7"," 0.00","1016.9","999.9","999.9","  69.8","  6.2","  8.0"
"34504099999","48.6","34.9666666","143.0","2007-06-10","  50.4","000000","999.9","  83.3","  57.9","  3.9"," 0.00","1014.5","999.9","997.7","  72.6","  6.2","  1.9"
"34504099999","48.6","34.9666666","143.0","2007-06-11","  54.4","000000","999.9","  82.8","  60.6","  7.8"," 0.04","1008.5","999.9","991.7","  71.7","  6.2","  4.2"
"34504099999","48.6","34.9666666","143.0","2007-06-12","  57.0","000010","999.9","  86.9","  61.0","  9.7"," 0.71","1006.0","999.9","989.3","  70.1","  6.2","  6.8"
"34504099999","48.6","34.9666666","143.0","2007-06-13","  56.8","000000","999.9","  78.6","  57.2","  9.7"," 0.00","1010.1","999.9","993.1","  65.7","  6.2","  4.2"
"34504099999","48.6","34.9666666","143.0","2007-06-14","  58.9","100000","999.9","  85.1","  59.0","  5.8"," 0.00","1012.8","999.9","996.1","  72.8","  4.9","  1.7"
"34504099999","48.6","34.9666666","143.0","2007-06-15","  56.0","000000","999.9","  87.8","  64.8","  5.8"," 0.00","1012.3","999.9","995.6","  75.7","  6.2","  2.2"
"34504099999","48.6","34.9666666","143.0","2007-06-16","  56.9","000000","999.9","  92.5","  61.7","  9.7"," 0.00","1010.0","999.9","993.5","  78.7","  6.2","  4.9"
"34504099999","48.6","34.9666666","143.0","2007-06-17","  59.4","010010","999.9","  89.6","  70.3","  5.8"," 0.02","1006.7","999.9","990.1","  75.5","  6.2","  3.6"
"34504099999","48.6","34.9666666","143.0","2007-06-18","  61.9","010000","999.9","  85.5","  67.6"," 11.7"," 0.00","1006.3","999.9","989.7","  74.8","  6.2","  6.1"
"34504099999","48.6","34.9666666","143.0","2007-06-19","  59.3","000000","999.9","  87.4","  64.4"," 11.7"," 0.00","1007.8","999.9","991.2","  75.9","  6.2","  6.1"
"34504099999","48.6","34.9666666","143.0","2007-06-20","  57.3","000010","999.9","  82.4","  63.7"," 15.5"," 0.00","1007.1","999.9","990.4","  71.9","  6.2"," 10.0"
"34504099999","48.6","34.9666666","143.0","2007-06-21","  51.2","000000","999.9","  79.9","  61.0"," 15.5"," 0.00","1011.1","999.9","994.2","  68.4","  6.2"," 12.4"
"34504099999","48.6","34.9666666","143.0","2007-06-22","  47.1","000000","999.9","  81.7","  54.9","  9.7"," 0.00","1012.8","999.9","995.9","  70.5","  6.2","  4.9"
"34504099999","48.6","34.9666666","143.0","2007-06-23","  61.1","010010"," 36.9","  87.8","  64.0"," 29.1"," 0.18","1007.3","999.9","990.6","  72.6","  4.9"," 10.4"
"34504099999","48.6","34.9666666","143.0","2007-06-24","  57.1","000010","999.9","  77.4","  61.0"," 23.3"," 1.14","1006.3","999.9","989.5","  67.9","  6.2"," 13.9"
"34504099999","48.6","34.9666666","143.0","2007-06-25","  54.4","000000","999.9","  78.6","  57.0"," 15.5"," 0.00","1009.1","999.9","992.3","  69.0","  6.2","  9.2"
"34504099999","48.6","34.9666666","143.0","2007-06-26","  56.2","010000","999.9","  85.6","  59.5"," 15.5"," 0.00","1005.9","999.9","989.3","  74.2","  6.2","  6.1"
"34504099999","48.6","34.9666666","143.0","2007-06-27","  61.5","010010","999.9","  80.2","  64.4","  9.7"," 0.11","1005.5","999.9","988.8","  70.2","  5.6","  6.6"
"34504099999","48.6","34.9666666","143.0","2007-06-28","  61.7","010010","999.9","  73.0","  62.4","  9.7"," 0.12","1006.7","999.9","989.8","  65.5","  5.7","  5.6"
"34504099999","48.6","34.9666666","143.0","2007-06-29","  56.2","000000","999.9","  72.0","  57.6"," 15.5"," 0.55","1009.7","999.9","992.7","  64.8","  6.2"," 10.5"
"34504099999","48.6","34.9666666","143.0","2007-06-30","  52.2","000000","999.9","  76.3","  53.2","  7.8"," 0.00","1015.3","999.9","998.2","  65.9","  6.2","  4.6"
"34504099999","48.6","34.9666666","143.0","2007-07-01","  52.7","000000","999.9","  78.8","  56.1","  5.8"," 0.00","1016.1","999.9","999.1","  68.3","  6.2","  2.4"
"34504099999","48.6","34.9666666","143.0","2007-07-02","  55.4","000000","999.9","  83.8","  63.0","  9.7"," 0.00","1014.4","999.9","997.6","  73.6","  6.2","  5.1"
"34504099999","48.6","34.9666666","143.0","2007-07-03","  58.8","010000","999.9","  87.8","  63.5","  9.7"," 0.08","1012.1","999.9","995.4","  76.5","  5.7","  5.0"
"34504099999","48.6","34.9666666","143.0","2007-07-04","  52.7","000000","999.9","  89.2","  62.8","  7.8"," 0.00","1008.4","999.9","991.8","  77.3","  6.2","  5.1"
"34504099999","48.6","34.9666666","143.0","2007-07-05","  57.1","000000","999.9","  91.6","  65.7"," 15.5"," 0.00","1001.3","999.9","984.8","  77.7","  6.2","  9.4"
"34504099999","48.6","34.9666666","143.0","2007-07-06","  50.2","000000","999.9","  78.8","  56.1"," 11.7"," 0.00","1004.3","999.9","987.4","  68.8","  6.2","  9.2"
"34504099999","48.6","34.9666666","143.0","2007-07-07","  53.5","010010","999.9","  75.4","  55.8"," 15.5"," 0.16","1007.2","999.9","990.2","  62.7","  6.2","  7.8"
"34504099999","48.6","34.9666666","143.0","2007-07-08","  51.2","010000","999.9","  77.2","  52.7"," 21.4"," 0.00","1010.6","999.9","993.6","  65.1","  6.2"," 12.9"
"34504099999","48.6","34.9666666","143.0","2007-07-09","  50.1","000000","999.9","  76.3","  52.2"," 15.5"," 0.00","1012.9","999.9","995.9","  66.9","  6.2"," 10.0"
"34504099999","48.6","34.9666666","143.0","2007-07-10","  50.6","000000","999.9","  88.3","  55.2","  7.8"," 0.00","1011.3","999.9","994.6","  73.6","  6.2","  4.1"
"34504099999","48.6","34.9666666","143.0","2007-07-11","  53.9","000000","999.9","  91.4","  62.6","  5.8"," 0.00","1009.1","999.9","992.5","  78.1","  6.2","  4.1"
"34504099999","48.6","34.9666666","143.0","2007-07-12","  53.5","000000","999.9","  95.2","  64.0"," 11.7"," 0.00","1006.7","999.9","990.2","  80.8","  6.2","  5.3"
"34504099999","48.6","34.9666666","143.0","2007-07-13","  57.5","000000","999.9","  81.1","  64.8","  9.7"," 0.00","1009.7","999.9","992.9","  71.3","  6.2","  7.8"
"34504099999","48.6","34.9666666","143.0","2007-07-14","  53.1","000000","999.9","  81.3","  60.6","  7.8"," 0.00","1013.7","999.9","996.9","  71.6","  6.2","  5.8"
"34504099999","48.6","34.9666666","143.0","2007-07-15","  52.1","000000","999.9","  80.6","  58.5"," 13.6"," 0.00","1016.0","999.9","999.1","  69.5","  6.2","  7.8"
"34504099999","48.6","34.9666666","143.0","2007-07-16","  53.1","000000","999.9","  87.4","  58.6","  9.7"," 0.00","1016.5","999.9","999.6","  73.6","  6.2","  6.3"
"34504099999","48.6","34.9666666","143.0","2007-07-17","  57.8","000010","999.9","  93.0","  65.3","  9.7"," 0.00","1014.3","999.9","997.6","  77.6","  6.2","  5.3"
"34504099999","48.6","34.9666666","143.0","2007-07-18","  56.8","000000","999.9","  90.0","  65.5","  9.7"," 0.00","1016.6","999.9","999.9","  78.1","  6.2","  5.6"
"34504099999","48.6","34.9666666","143.0","2007-07-19","  54.2","000000","999.9","  96.8","  64.9","  5.8"," 0.00","1017.4","999.9","001.0","  81.9","  6.2","  3.6"
"34504099999","48.6","34.9666666","143.0","2007-07-20","  61.2","000000","999.9"," 100.8","  71.2"," 11.7"," 0.00","1015.5","999.9","999.0","  85.5","  6.2","  8.0"
"34504099999","48.6","34.9666666","143.0","2007-07-21","  57.2","010010","999.9","  95.9","  70.2"," 11.7"," 0.03","1014.0","999.9","997.5","  81.2","  6.2","  7.0"
"34504099999","48.6","34.9666666","143.0","2007-07-22","  62.6","000000","999.9","  92.5","  69.8","  9.7"," 0.02","1010.4","999.9","993.9","  81.0","  6.2","  4.7"
"34504099999","48.6","34.9666666","143.0","2007-07-23","  64.6","010010","999.9","  84.6","  67.6"," 19.4"," 0.30","1009.9","999.9","993.1","  73.2","  5.7","  8.3"
"34504099999","48.6","34.9666666","143.0","2007-07-24","  63.0","000000","999.9","  90.3","  64.2","  9.7"," 0.03","1009.1","999.9","992.6","  79.8","  6.2","  4.2"
"34504099999","48.6","34.9666666","143.0","2007-07-25","  59.8","000000","999.9","  97.0","  69.6"," 15.5"," 0.00","1004.8","999.9","988.4","  81.7","  6.2"," 10.2"
"34504099999","48.6","34.9666666","143.0","2007-07-26","  55.2","000000","999.9","  79.9","  61.5"," 15.5"," 0.00","1010.7","999.9","993.9","  70.2","  6.2","  9.4"
"34504099999","48.6","34.9666666","143.0","2007-07-27","  54.9","000000","999.9","  84.2","  59.2","  7.8"," 0.00","1014.3","999.9","997.4","  71.6","  6.2","  6.1"
"34504099999","48.6","34.9666666","143.0","2007-07-28","  54.0","000000","999.9","  88.9","  62.6","  5.8"," 0.00","1012.8","999.9","996.1","  76.0","  6.2","  2.2"
"34504099999","48.6","34.9666666","143.0","2007-07-29","  56.9","000000","999.9","  92.7","  65.8","  9.7"," 0.00","1010.1","999.9","993.5","  79.5","  6.2","  4.9"
"34504099999","48.6","34.9666666","143.0","2007-07-30","  57.8","000000","999.9","  94.6","  66.6","  7.8"," 0.00","1008.3","999.9","992.0","  80.6","  6.2","  4.9"
"34504099999","48.6","34.9666666","143.0","2007-07-31","  59.9","000000","999.9","  96.8","  70.5"," 15.5"," 0.00","1008.1","999.9","991.7","  81.9","  6.2","  7.0"
"34504099999","48.6","34.9666666","143.0","2007-08-01","  61.1","000010","999.9","  82.8","  62.2"," 17.5"," 0.00","1008.5","999.9","991.7","  71.9","  6.2"," 15.1"
"34504099999","48.6","34.9666666","143.0","2007-08-02","  58.2","000000","999.9","  79.5","  60.8"," 17.5"," 0.00","1010.2","999.9","993.3","  68.6","  6.2"," 12.1"
"34504099999","48.6","34.9666666","143.0","2007-08-03","  50.8","000000","999.9","  81.1","  55.2"," 13.6"," 0.00","1014.1","999.9","997.1","  68.5","  6.2","  8.0"
"34504099999","48.6","34.9666666","143.0","2007-08-04","  51.0","000000","999.9","  86.4","  57.0","  7.8"," 0.00","1014.0","999.9","997.2","  72.5","  6.2","  5.3"
"34504099999","48.6","34.9666666","143.0","2007-08-05","  55.4","000000","999.9","  88.9","  62.4"," 11.7"," 0.00","1012.5","999.9","995.8","  75.8","  6.2","  6.3"
"34504099999","48.6","34.9666666","143.0","2007-08-06","  57.7","000000","999.9","  88.5","  64.0"," 11.7"," 0.00","1010.8","999.9","994.2","  76.8","  6.2","  8.5"
"34504099999","48.6","34.9666666","143.0","2007-08-07","  61.0","010010","999.9","  99.3","  68.2"," 17.5"," 0.03","1008.0","999.9","991.5","  78.9","  6.2"," 13.3"
"34504099999","48.6","34.9666666","143.0","2007-08-08","  62.1","000010","999.9"," 100.4","  72.3"," 15.5"," 0.39","1006.2","999.9","989.7","  80.1","  6.2","  9.2"
"34504099999","48.6","34.9666666","143.0","2007-08-09","  63.2","000010","999.9","  81.5","  66.6"," 17.5"," 0.20","1010.2","999.9","993.5","  71.9","  6.2"," 12.5"
"34504099999","48.6","34.9666666","143.0","2007-08-10","  50.3","000000","999.9","  84.7","  64.9"," 21.4"," 0.00","1016.0","999.9","999.1","  73.9","  6.2"," 13.1"
"34504099999","48.6","34.9666666","143.0","2007-08-11","  46.8","000000","999.9","  89.6","  59.2"," 17.5"," 0.00","1014.0","999.9","997.2","  75.0","  6.2"," 11.9"
"34504099999","48.6","34.9666666","143.0","2007-08-12","  55.6","000000","999.9","  89.1","  68.9"," 13.6"," 0.00","1009.0","999.9","992.5","  79.2","  6.2","  9.2"
"34504099999","48.6","34.9666666","143.0","2007-08-13","  58.9","000010","999.9","  92.7","  67.6"," 17.5"," 0.02","1005.2","999.9","988.7","  77.8","  6.2","  9.0"
"34504099999","48.6","34.9666666","143.0","2007-08-14","  61.3","000000","999.9","  87.8","  62.4","  9.7"," 0.00","1005.2","999.9","988.6","  77.5","  6.2","  5.0"
"34504099999","48.6","34.9666666","143.0","2007-08-15","  61.2","000000","999.9","  85.5","  64.9"," 11.7"," 0.04","1007.3","999.9","990.6","  73.6","  6.2","  5.0"
"34504099999","48.6","34.9666666","143.0","2007-08-16","  64.1","010010","999.9","  80.4","  63.1"," 13.6"," 0.04","1009.3","999.9","992.5","  68.9","  6.2","  4.2"
"34504099999","48.6","34.9666666","143.0","2007-08-17","  63.6","000000","999.9","  89.4","  63.1","  5.8"," 0.00","1012.4","999.9","995.7","  76.3","  5.0","  2.7"
"34504099999","48.6","34.9666666","143.0","2007-08-18","  56.3","000000","999.9","  96.8","  68.9","  7.8"," 0.00","1013.0","999.9","996.5","  82.3","  6.2","  5.1"
"34504099999","48.6","34.9666666","143.0","2007-08-19","  51.7","000000","999.9","  98.1","  68.2","  9.7"," 0.00","1013.0","999.9","996.5","  83.1","  6.2","  7.5"
"34504099999","48.6","34.9666666","143.0","2007-08-20","  48.2","000000","999.9","  98.8","  71.1"," 17.5"," 0.00","1012.9","999.9","996.4","  84.0","  6.2"," 11.4"
"34504099999","48.6","34.9666666","143.0","2007-08-21","  50.0","000000","999.9","  99.1","  73.8"," 21.4"," 0.00","1014.0","999.9","997.5","  84.9","  6.2"," 10.7"
"34504099999","48.6","34.9666666","143.0","2007-08-22","  51.7","000000","999.9"," 100.9","  69.6"," 13.6"," 0.00","1015.5","999.9","999.0","  84.5","  6.2","  9.5"
"34504099999","48.6","34.9666666","143.0","2007-08-23","  52.4","000000","999.9"," 101.5","  70.2","  7.8"," 0.00","1018.9","999.9","002.3","  84.9","  6.2","  6.3"
"34504099999","48.6","34.9666666","143.0","2007-08-24","  53.9","000000","999.9"," 101.7","  72.5","  5.8"," 0.00","1020.3","999.9","003.8","  87.4","  6.2","  4.1"
"34504099999","48.6","34.9666666","143.0","2007-08-25","  54.1","000000","999.9"," 103.3","  70.9","  7.8"," 0.00","1018.8","999.9","002.3","  87.1","  6.2","  2.2"
"34504099999","48.6","34.9666666","143.0","2007-08-26","  60.6","010000","999.9","  90.3","  71.8"," 13.6"," 0.02","1014.8","999.9","998.2","  80.5","  6.2","  9.4"
"34504099999","48.6","34.9666666","143.0","2007-08-27","  55.1","000000","999.9","  86.9","  67.1"," 11.7"," 0.00","1012.7","999.9","995.8","  74.9","  6.2","  9.5"
"34504099999","48.6","34.9666666","143.0","2007-08-29","  51.2","000000","999.9","  81.1","  61.5","  7.8"," 0.00","1014.5","999.9","997.6","  72.3","  6.2","  6.9"
"34504099999","48.6","34.9666666","143.0","2007-08-30","  54.6","010010","999.9","  61.3","  54.1"," 13.6"," 0.67","1012.5","999.9","995.2","  57.7","  6.2","  9.7"
"34504099999","48.6","34.9666666","143.0","2007-08-31","  52.0","100000","999.9","  64.9","  51.8","  7.8"," 0.00","1014.2","999.9","996.9","  56.2","  4.4","  2.8"
"34504099999","48.6","34.9666666","143.0","2007-09-01","  50.4","100000","999.9","  72.7","  48.6","  5.8"," 0.00","1014.4","999.9","997.2","  62.0","  4.4","  1.9"
"34504099999","48.6","34.9666666","143.0","2007-09-02","  53.4","000000","999.9","  78.3","  58.1","  7.8"," 0.00","1015.1","999.9","998.0","  66.9","  5.3","  6.1"
"34504099999","48.6","34.9666666","143.0","2007-09-03","  51.3","000000","999.9","  78.8","  57.2"," 11.7"," 0.00","1014.2","999.9","997.4","  66.6","  6.2","  8.3"
"34504099999","48.6","34.9666666","143.0","2007-09-04","  50.2","000000","999.9","  80.4","  59.9","  9.7"," 0.00","1011.5","999.9","994.7","  69.2","  6.2","  7.2"
"34504099999","48.6","34.9666666","143.0","2007-09-05","  52.8","000000","999.9","  84.0","  55.0"," 11.7"," 0.00","1013.4","999.9","996.5","  69.7","  6.2","  9.2"
"34504099999","48.6","34.9666666","143.0","2007-09-06","  63.0","000000","999.9","  90.0","  63.7"," 15.5"," 0.01","1011.8","999.9","994.8","  73.3","  6.2"," 10.5"
"34504099999","48.6","34.9666666","143.0","2007-09-07","  65.7","010010","999.9","  82.8","  66.7"," 11.7"," 0.47","1006.4","999.9","989.8","  72.7","  5.5","  5.5"
"34504099999","48.6","34.9666666","143.0","2007-09-08","  59.7","010010","999.9","  78.1","  59.7"," 13.6"," 0.01"," 998.3","999.9","981.5","  67.5","  6.2","  6.6"
"34504099999","48.6","34.9666666","143.0","2007-09-09","  48.4","010000","999.9","  61.2","  52.0"," 15.5"," 0.47","1000.5","999.9","983.3","  55.0","  5.6"," 11.0"
"34504099999","48.6","34.9666666","143.0","2007-09-10","  50.7","000010","999.9","  67.3","  50.0","  9.7"," 0.16","1008.5","999.9","991.3","  56.3","  6.2","  6.1"
"34504099999","48.6","34.9666666","143.0","2007-09-11","  47.9","000000","999.9","  70.2","  45.7","  7.8"," 0.00","1016.2","999.9","998.8","  58.0","  6.2","  4.1"
"34504099999","48.6","34.9666666","143.0","2007-09-12","  49.0","000000","999.9","  75.7","  54.0","  9.7"," 0.00","1014.4","999.9","997.2","  64.3","  6.2","  9.2"
"34504099999","48.6","34.9666666","143.0","2007-09-13","  54.0","010000","999.9","  70.5","  57.2","  9.7"," 0.16","1007.6","999.9","990.6","  63.2","  6.2","  6.4"
"34504099999","48.6","34.9666666","143.0","2007-09-14","  45.1","000000","999.9","  61.7","  49.3"," 21.4"," 0.03","1012.6","999.9","995.2","  54.3","  6.2"," 14.2"
"34504099999","48.6","34.9666666","143.0","2007-09-15","  44.4","000000","999.9","  68.0","  43.7"," 11.7"," 0.00","1014.2","999.9","996.9","  57.7","  6.2","  8.5"
"34504099999","48.6","34.9666666","143.0","2007-09-16","  45.9","010000","999.9","  58.6","  49.8"," 15.5"," 0.05","1012.5","999.9","995.0","  53.6","  6.2"," 12.5"
"34504099999","48.6","34.9666666","143.0","2007-09-17","  42.9","000000","999.9","  62.4","  47.3"," 15.5"," 0.00","1017.3","999.9","999.8","  55.2","  6.2","  8.0"
"34504099999","48.6","34.9666666","143.0","2007-09-18","  44.3","000000","999.9","  75.6","  47.1","  7.8"," 0.00","1017.7","999.9","000.1","  61.9","  6.2","  6.3"
"34504099999","48.6","34.9666666","143.0","2007-09-19","  53.4","000000","999.9","  76.1","  51.3"," 11.7"," 0.00","1015.2","999.9","997.9","  64.4","  6.2","  8.0"
"34504099999","48.6","34.9666666","143.0","2007-09-20","  54.0","010000","999.9","  60.6","  53.6","  9.7"," 0.03","1018.5","999.9","001.0","  56.8","  5.7","  6.1"
"34504099999","48.6","34.9666666","143.0","2007-09-21","  51.2","000000","999.9","  57.2","  51.8"," 13.6"," 0.04","1022.9","999.9","005.3","  53.7","  6.2"," 10.3"
"34504099999","48.6","34.9666666","143.0","2007-09-22","  52.9","000000","999.9","  57.4","  51.3","  9.7"," 0.00","1021.0","999.9","003.7","  54.3","  3.3","  8.0"
"34504099999","48.6","34.9666666","143.0","2007-09-23","  56.7","100000","999.9","  68.9","  54.0"," 11.7"," 0.00","1019.5","999.9","002.2","  60.4","  4.0","  8.7"
"34504099999","48.6","34.9666666","143.0","2007-09-24","  55.5","010000","999.9","  65.1","  56.3"," 15.5"," 0.00","1018.2","999.9","000.9","  58.8","  5.7"," 11.7"
"34504099999","48.6","34.9666666","143.0","2007-09-25","  52.1","010000","999.9","  62.2","  54.1"," 13.6"," 0.12","1015.9","999.9","998.5","  56.6","  6.2"," 10.7"
"34504099999","48.6","34.9666666","143.0","2007-09-26","  56.4","010000","999.9","  68.2","  56.3","  7.8"," 0.00","1020.7","999.9","003.3","  60.6","  5.1","  5.1"
"34504099999","48.6","34.9666666","143.0","2007-09-27","  56.2","100000","999.9","  74.8","  53.1","  7.8"," 0.00","1023.4","999.9","006.0","  61.6","  4.1","  6.1"
"34504099999","48.6","34.9666666","143.0","2007-09-28","  49.8","000000","999.9","  79.0","  54.1"," 11.7"," 0.00","1024.8","999.9","007.6","  64.8","  6.2","  8.5"
"34504099999","48.6","34.9666666","143.0","2007-09-29","  39.3","000000","999.9","  77.4","  52.0"," 15.5"," 0.00","1026.7","999.9","009.3","  64.0","  6.2"," 11.4"
"34504099999","48.6","34.9666666","143.0","2007-09-30","  41.4","000000","999.9","  77.5","  48.9"," 13.6"," 0.00","1028.2","999.9","010.8","  62.2","  6.2"," 10.0"
"34504099999","48.6","34.9666666","143.0","2007-10-01","  49.3","000000","999.9","  77.7","  51.6"," 11.7"," 0.00","1027.2","999.9","009.9","  63.6","  6.2","  9.2"
"34504099999","48.6","34.9666666","143.0","2007-10-02","  46.4","000000","999.9","  73.9","  50.2","  9.7"," 0.00","1025.8","999.9","008.4","  60.8","  6.2","  7.0"
"34504099999","48.6","34.9666666","143.0","2007-10-03","  47.9","000000","999.9","  75.2","  49.1","  7.8"," 0.00","1022.6","999.9","005.3","  60.6","  6.2","  6.1"
"34504099999","48.6","34.9666666","143.0","2007-10-04","  51.7","000000","999.9","  72.0","  50.9","  5.8"," 0.00","1021.0","999.9","003.7","  61.0","  6.2","  1.5"
"34504099999","48.6","34.9666666","143.0","2007-10-05","  53.8","000000","999.9","  71.1","  52.5"," 11.7"," 0.00","1020.1","999.9","002.8","  60.3","  3.8","  4.9"
"34504099999","48.6","34.9666666","143.0","2007-10-06","  54.9","010000","999.9","  70.9","  53.1","  9.7"," 0.28","1015.8","999.9","998.5","  59.4","  2.0","  6.1"
"34504099999","48.6","34.9666666","143.0","2007-10-07","  54.0","100000","999.9","  59.9","  52.3","  5.8"," 0.55","1016.6","999.9","999.2","  56.2","  2.5","  2.2"
"34504099999","48.6","34.9666666","143.0","2007-10-08","  45.8","100000","999.9","  59.4","  45.3"," 13.6"," 0.00","1020.6","999.9","002.9","  51.1","  4.4","  5.6"
"34504099999","48.6","34.9666666","143.0","2007-10-09","  47.3","110000","999.9","  63.1","  43.2","  9.7"," 0.02","1023.3","999.9","005.6","  52.0","  3.9","  6.8"
"34504099999","48.6","34.9666666","143.0","2007-10-10","  41.4","000000","999.9","  61.7","  42.4","  7.8"," 0.04","1026.1","999.9","008.3","  50.9","  6.2","  5.0"
"34504099999","48.6","34.9666666","143.0","2007-10-11","  40.2","100000","999.9","  59.4","  39.2","  9.7"," 0.00","1024.2","999.9","006.4","  48.8","  5.5","  4.1"
"34504099999","48.6","34.9666666","143.0","2007-10-12","  41.6","000000","999.9","  59.0","  37.8","  7.8"," 0.00","1019.8","999.9","002.1","  48.9","  6.2","  4.6"
"34504099999","48.6","34.9666666","143.0","2007-10-13","  45.8","010000","999.9","  53.6","  42.4"," 11.7"," 0.79","1009.0","999.9","991.5","  48.3","  4.9","  7.8"
"34504099999","48.6","34.9666666","143.0","2007-10-14","  34.0","000000","999.9","  41.5","  32.0"," 11.7"," 0.00","1013.1","999.9","995.1","  38.3","  6.2","  7.5"
"34504099999","48.6","34.9666666","143.0","2007-10-15","  33.6","010000","999.9","  43.7","  32.7","  9.7"," 0.00","1018.7","999.9","000.5","  37.7","  6.2","  5.8"
"34504099999","48.6","34.9666666","143.0","2007-10-16","  37.6","000000","999.9","  54.1","  32.2"," 11.7"," 0.01","1021.8","999.9","003.8","  43.6","  6.2","  5.8"
"34504099999","48.6","34.9666666","143.0","2007-10-17","  41.0","100000","999.9","  62.2","  35.4","  5.8"," 0.00","1022.9","999.9","005.1","  48.3","  4.2","  2.9"
"34504099999","48.6","34.9666666","143.0","2007-10-18","  44.1","100000","999.9","  63.5","  40.3","  9.7"," 0.00","1020.2","999.9","002.6","  51.2","  4.5","  5.1"
"34504099999","48.6","34.9666666","143.0","2007-10-19","  49.8","100000","999.9","  66.6","  47.1","  9.7"," 0.00","1017.2","999.9","999.6","  53.9","  3.5","  5.3"
"34504099999","48.6","34.9666666","143.0","2007-10-20","  50.0","000000","999.9","  63.7","  46.8"," 11.7"," 0.00","1018.1","999.9","000.6","  54.5","  5.1","  6.1"
"34504099999","48.6","34.9666666","143.0","2007-10-21","  47.0","000000","999.9","  58.8","  47.5"," 13.6"," 0.00","1022.7","999.9","005.0","  51.7","  4.7"," 11.7"
"34504099999","48.6","34.9666666","143.0","2007-10-22","  45.5","000000","999.9","  65.5","  47.5"," 15.5"," 0.00","1022.0","999.9","004.3","  52.7","  6.2"," 11.1"
"34504099999","48.6","34.9666666","143.0","2007-10-23","  36.9","000000","999.9","  61.9","  44.2"," 21.4"," 0.00","1021.8","999.9","004.2","  52.2","  6.2"," 15.3"
"34504099999","48.6","34.9666666","143.0","2007-10-24","  38.7","000000","999.9","  62.6","  46.6"," 21.4"," 0.00","1021.2","999.9","003.6","  53.7","  6.2"," 14.3"
"34504099999","48.6","34.9666666","143.0","2007-10-25","  46.4","010000","999.9","  55.4","  46.2"," 11.7"," 0.08","1022.6","999.9","004.9","  50.8","  6.2"," 10.7"
"34504099999","48.6","34.9666666","143.0","2007-10-26","  44.1","010000","999.9","  53.6","  48.6"," 15.5"," 0.04","1027.3","999.9","009.7","  50.0","  6.2"," 11.3"
"34504099999","48.6","34.9666666","143.0","2007-10-27","  37.6","000000","999.9","  50.0","  42.8"," 11.7"," 0.02","1032.7","999.9","014.5","  46.2","  6.2"," 10.0"
"34504099999","48.6","34.9666666","143.0","2007-10-28","  36.7","000000","999.9","  58.5","  39.4","  9.7"," 0.00","1031.3","999.9","013.3","  47.1","  6.2","  8.3"
"34504099999","48.6","34.9666666","143.0","2007-10-29","  37.9","010000","999.9","  52.9","  38.8"," 13.6"," 0.12","1024.7","999.9","006.7","  44.6","  6.2"," 11.4"
"34504099999","48.6","34.9666666","143.0","2007-10-30","  44.0","010000","999.9","  57.2","  42.3"," 13.6"," 0.16","1020.4","999.9","002.8","  50.4","  6.2"," 10.8"
"34504099999","48.6","34.9666666","143.0","2007-10-31","  43.2","000000","999.9","  53.6","  48.2","  5.8"," 0.00","1024.3","999.9","006.6","  50.8","  6.2","  4.4"
"34504099999","48.6","34.9666666","143.0","2007-11-01","  46.1","000000","999.9","  57.6","  46.8","999.9"," 0.00","1025.1","999.9","007.4","  49.9","  4.7","  0.0"
"34504099999","48.6","34.9666666","143.0","2007-11-02","  43.9","110000","999.9","  52.5","  41.9"," 15.5"," 0.02","1014.5","999.9","996.8","  46.8","  3.5","  7.8"
"34504099999","48.6","34.9666666","143.0","2007-11-03","  31.4","000000","999.9","  42.8","  36.5"," 17.5"," 0.03","1015.5","999.9","997.4","  38.3","  6.2"," 10.5"
"34504099999","48.6","34.9666666","143.0","2007-11-04","  36.4","010000","999.9","  50.4","  36.5"," 15.5"," 0.00","1009.9","999.9","992.1","  43.1","  6.2"," 10.5"
"34504099999","48.6","34.9666666","143.0","2007-11-05","  28.6","010100","999.9","  37.6","  31.6"," 13.6"," 0.00","1020.0","999.9","001.7","  33.9","  6.2"," 10.5"
"34504099999","48.6","34.9666666","143.0","2007-11-06","  19.7","000000","999.9","  33.1","  23.0"," 11.7"," 0.00","1026.6","999.9","007.9","  26.9","  6.2","  8.3"
"34504099999","48.6","34.9666666","143.0","2007-11-07","  16.2","000000","999.9","  33.4","  19.6","  9.7"," 0.00","1024.8","999.9","006.1","  25.9","  6.2","  7.0"
"34504099999","48.6","34.9666666","143.0","2007-11-08","  20.1","001000","999.9","  28.8","  21.9"," 11.7"," 0.00","1017.5","999.9","998.9","  25.5","  5.7","  7.5"
"34504099999","48.6","34.9666666","143.0","2007-11-09","  26.0","100000","999.9","  30.9","  22.6"," 11.7"," 0.00","1016.3","999.9","997.8","  26.9","  1.7","  4.4"
"34504099999","48.6","34.9666666","143.0","2007-11-10","  34.4","010000","999.9","  43.2","  27.7"," 19.4","99.99","1008.0","999.9","990.0","  36.7","  3.6"," 12.2"
"34504099999","48.6","34.9666666","143.0","2007-11-11","  31.7","011000","999.9","  40.6","  30.7"," 27.2"," 0.51"," 989.2","999.9","971.5","  34.6","  2.8"," 23.3"
"34504099999","48.6","34.9666666","143.0","2007-11-12","  29.3","011000","999.9","  34.7","  27.0"," 11.7"," 0.24","1006.0","  1.6","987.8","  31.7","  4.6","  8.6"
"34504099999","48.6","34.9666666","143.0","2007-11-13","  26.4","000000","999.9","  36.7","  29.5"," 13.6"," 0.03","1010.2","  0.4","992.0","  31.7","  4.9","  7.2"
"34504099999","48.6","34.9666666","143.0","2007-11-14","  32.0","000000","999.9","  42.3","  29.1","  9.7"," 0.00","1016.0","  0.4","997.9","  35.7","  6.2","  6.6"
"34504099999","48.6","34.9666666","143.0","2007-11-15","  33.6","110000","999.9","  38.1","  30.2"," 15.5"," 0.12","1018.6","999.9","000.4","  35.1","  2.5"," 10.8"
"34504099999","48.6","34.9666666","143.0","2007-11-16","  38.3","010000","999.9","  51.8","  35.2"," 19.4"," 0.47","1014.5","999.9","996.6","  42.5","  4.9"," 14.2"
"34504099999","48.6","34.9666666","143.0","2007-11-17","  25.2","000000","999.9","  39.6","  26.4"," 11.7"," 0.00","1023.4","999.9","004.9","  32.2","  6.2","  6.6"
"34504099999","48.6","34.9666666","143.0","2007-11-18","  22.8","000000","999.9","  37.0","  24.6","  9.7"," 0.00","1024.9","999.9","006.4","  30.5","  6.2","  7.0"
"34504099999","48.6","34.9666666","143.0","2007-11-19","  21.5","000000","999.9","  38.3","  20.8","  9.7"," 0.00","1026.3","999.9","007.7","  29.1","  6.2","  6.1"
"34504099999","48.6","34.9666666","143.0","2007-11-20","  30.2","101000","999.9","  38.3","  27.1","  5.8"," 0.00","1025.3","999.9","006.8","  31.5","  1.7","  2.8"
"34504099999","48.6","34.9666666","143.0","2007-11-21","  24.8","000000","999.9","  36.9","  24.4","  9.7"," 0.00","1025.2","999.9","006.7","  29.5","  6.2","  5.6"
"34504099999","48.6","34.9666666","143.0","2007-11-22","  20.2","000000","999.9","  32.2","  19.0","  7.8"," 0.00","1032.3","999.9","013.5","  25.8","  6.2","  6.8"
"34504099999","48.6","34.9666666","143.0","2007-11-23","  22.2","000000","999.9","  45.5","  19.6","  9.7"," 0.00","1033.2","999.9","014.4","  27.7","  6.2","  7.0"
"34504099999","48.6","34.9666666","143.0","2007-11-24","  30.2","000000","999.9","  36.9","  23.5","  9.7"," 0.00","1028.0","999.9","009.5","  32.7","  3.4","  8.3"
"34504099999","48.6","34.9666666","143.0","2007-11-25","  36.9","000000","999.9","  45.3","  34.5","  9.7"," 0.00","1022.3","999.9","004.2","  40.3","  5.7","  8.3"
"34504099999","48.6","34.9666666","143.0","2007-11-26","  42.3","010000","999.9","  48.7","  38.3"," 13.6"," 0.08","1008.1","999.9","990.4","  44.9","  3.7"," 12.0"
"34504099999","48.6","34.9666666","143.0","2007-11-27","  30.6","011000","999.9","  35.6","  32.4"," 15.5"," 0.83","1004.2","  0.8","986.2","  32.9","  3.1"," 11.0"
"34504099999","48.6","34.9666666","143.0","2007-11-28","  27.7","001000","999.9","  35.8","  29.5"," 15.5"," 0.03","1011.2","999.9","993.0","  32.4","  3.7"," 12.9"
"34504099999","48.6","34.9666666","143.0","2007-11-29","  24.6","001000","999.9","  32.9","  23.4"," 15.5"," 0.08","1019.4","  1.2","001.0","  28.7","  6.2"," 10.0"
"34504099999","48.6","34.9666666","143.0","2007-11-30","  27.9","010000","999.9","  38.3","  24.8"," 11.7","99.99","1011.8","  0.4","993.6","  32.8","  6.2"," 10.0"
"34504099999","48.6","34.9666666","143.0","2007-12-01","  33.3","011000","999.9","  36.7","  31.6"," 15.5"," 0.04","1004.5","999.9","986.4","  34.2","  0.9","  8.7"
"34504099999","48.6","34.9666666","143.0","2007-12-02","  25.3","001000","999.9","  29.8","  25.9"," 15.5"," 0.20","1018.8","  2.0","000.3","  27.5","  5.7","  8.0"
"34504099999","48.6","34.9666666","143.0","2007-12-03","  32.4","101000","999.9","  38.3","  25.2"," 11.7"," 0.04","1014.7","  2.8","996.5","  33.6","  2.5","  8.6"
"34504099999","48.6","34.9666666","143.0","2007-12-04","  38.7","010000","999.9","  46.0","  37.4"," 11.7"," 0.00","1010.9","999.9","993.1","  41.9","  6.2"," 10.9"
"34504099999","48.6","34.9666666","143.0","2007-12-05","  31.5","000000","999.9","  42.1","  31.6"," 13.6"," 0.00","1018.7","999.9","000.5","  34.9","  4.4"," 11.9"
"34504099999","48.6","34.9666666","143.0","2007-12-06","  32.4","010000","999.9","  36.0","  32.0"," 13.6"," 0.02","1020.7","999.9","002.4","  34.3","  1.7"," 11.4"
"34504099999","48.6","34.9666666","143.0","2007-12-07","  32.5","110000","999.9","  33.3","  31.5"," 11.7"," 0.03","1014.7","999.9","996.5","  32.7","  0.2","  7.8"
"34504099999","48.6","34.9666666","143.0","2007-12-08","  33.5","100000","999.9","  36.3","  32.7","  5.8"," 0.00","1017.2","999.9","999.1","  34.9","  2.9","  4.1"
"34504099999","48.6","34.9666666","143.0","2007-12-09","  32.7","000000","999.9","  38.1","  33.4","  7.8"," 0.00","1019.8","999.9","001.6","  34.8","  5.0","  6.7"
"34504099999","48.6","34.9666666","143.0","2007-12-10","  30.0","000000","999.9","  34.7","  29.5"," 17.5"," 0.00","1018.1","999.9","999.8","  32.3","  3.9"," 11.9"
"34504099999","48.6","34.9666666","143.0","2007-12-11","  28.0","010000","999.9","  31.3","  29.5"," 17.5"," 0.08","1015.9","999.9","997.5","  30.1","  3.0"," 14.7"
"34504099999","48.6","34.9666666","143.0","2007-12-12","  27.3","011000","999.9","  30.6","  28.4","  5.8"," 0.14","1017.9","999.9","999.4","  28.8","  3.2","  5.8"
"34504099999","48.6","34.9666666","143.0","2007-12-13","  25.8","001000","999.9","  29.5","  27.0","  7.8"," 0.06","1015.6","  1.2","997.2","  27.8","  2.5","  5.2"
"34504099999","48.6","34.9666666","143.0","2007-12-14","  29.4","001000","999.9","  33.3","  27.0"," 19.4"," 0.05","1019.7","  1.2","001.3","  30.9","  2.8"," 14.4"
"34504099999","48.6","34.9666666","143.0","2007-12-15","  20.2","001000","999.9","  24.6","  21.7"," 13.6"," 0.18","1027.4","  1.2","008.6","  23.1","  1.9"," 10.5"
"34504099999","48.6","34.9666666","143.0","2007-12-16","  17.7","011000","999.9","  24.8","  20.5"," 15.5"," 0.02","1029.2","  2.4","010.3","  22.0","  5.0","  7.4"
"34504099999","48.6","34.9666666","143.0","2007-12-17","  24.8","001000","999.9","  32.0","  23.0","  5.8"," 0.04","1030.5","  2.8","011.7","  27.5","  2.0","  3.2"
"34504099999","48.6","34.9666666","143.0","2007-12-18","  26.1","101000","999.9","  29.8","  27.1","  3.9"," 0.06","1029.5","  3.1","010.9","  28.3","  2.0","  1.9"
"34504099999","48.6","34.9666666","143.0","2007-12-19","  26.3","000000","999.9","  31.5","  26.6"," 15.5"," 0.00","1023.5","  3.1","005.0","  30.0","  4.4"," 12.4"
"34504099999","48.6","34.9666666","143.0","2007-12-20","  27.4","001000","999.9","  33.4","  30.9"," 17.5"," 0.00","1020.9","  2.4","002.5","  31.9","  4.9"," 12.5"
"34504099999","48.6","34.9666666","143.0","2007-12-21","  31.4","000000","999.9","  37.8","  32.7"," 17.5"," 0.00","1021.7","  2.0","003.4","  35.5","  6.2"," 15.3"
"34504099999","48.6","34.9666666","143.0","2007-12-22","  29.7","010000","999.9","  34.5","  29.5"," 13.6"," 0.02","1025.9","  1.6","007.5","  32.8","  4.3"," 10.4"
"34504099999","48.6","34.9666666","143.0","2007-12-23","  27.6","000000","999.9","  32.2","  27.3","  7.8"," 0.00","1029.6","  0.4","011.0","  30.0","  4.0","  4.1"
"34504099999","48.6","34.9666666","143.0","2007-12-24","  27.7","001000","999.9","  32.2","  29.8","  7.8"," 0.00","1032.2","  0.4","013.5","  30.8","  4.3","  3.6"
"34504099999","48.6","34.9666666","143.0","2007-12-25","  26.2","000000","999.9","  33.3","  29.1","  5.8"," 0.00","1034.6","999.9","015.7","  30.7","  6.2","  3.3"
"34504099999","48.6","34.9666666","143.0","2007-12-26","  23.7","001000","999.9","  28.4","  25.5","  5.8"," 0.00","1035.9","999.9","017.1","  26.9","  6.2","  5.3"
"34504099999","48.6","34.9666666","143.0","2007-12-27","  24.6","011000","999.9","  28.0","  25.2","  7.8"," 0.33","1036.1","999.9","017.2","  26.2","  1.9","  7.4"
"34504099999","48.6","34.9666666","143.0","2007-12-28","  23.4","001000","999.9","  28.0","  24.6","  9.7"," 0.02","1035.9","  3.9","017.0","  25.7","  2.2","  6.8"
"34504099999","48.6","34.9666666","143.0","2007-12-29","  23.4","001000","999.9","  27.5","  24.3","  3.9"," 0.00","1033.6","  3.5","014.6","  25.7","  2.0","  2.8"
"34504099999","48.6","34.9666666","143.0","2007-12-30","  21.1","001000","999.9","  26.8","  15.8","  7.8"," 0.00","1033.0","  3.1","014.0","  23.2","  3.0","  5.8"
"34504099999","48.6","34.9666666","143.0","2007-12-31","  14.8","000000","999.9","  21.9","  14.2","  7.8"," 0.00","1033.4","  3.1","014.2","  17.7","  5.1","  7.2"
"34504099999","48.6","34.9666666","143.0","2008-01-01","  13.3","001000","999.9","  24.8","   7.0"," 13.6"," 0.00","1032.1","  3.1","012.9","  17.4","  4.9"," 10.9"
"34504099999","48.6","34.9666666","143.0","2008-01-02","   3.4","000000","999.9","  14.5","   2.7"," 19.4"," 0.00","1033.2","  3.1","013.7","   8.4","  6.2"," 14.6"
"34504099999","48.6","34.9666666","143.0","2008-01-03","   6.6","001000","999.9","  19.4","   6.4"," 25.3"," 0.00","1036.6","  3.1","017.1","  11.6","  2.8"," 20.5"
"34504099999","48.6","34.9666666","143.0","2008-01-04","  -4.2","000000","999.9","  10.8","  -0.2"," 23.3"," 0.00","1041.7","  2.8","021.8","   4.5","  5.3"," 20.4"
"34504099999","48.6","34.9666666","143.0","2008-01-05","   0.1","000000","999.9","  16.3","   1.2"," 15.5"," 0.00","1044.2","  2.8","024.4","   7.2","  6.2"," 11.4"
"34504099999","48.6","34.9666666","143.0","2008-01-06","   3.4","000000","999.9","  18.5","   1.9","  9.7"," 0.00","1040.4","  2.8","020.8","   9.3","  6.2","  8.5"
"34504099999","48.6","34.9666666","143.0","2008-01-07","   5.3","000000","999.9","  21.6","   6.3"," 13.6"," 0.00","1031.9","  2.8","012.6","  12.0","  6.2"," 11.9"
"34504099999","48.6","34.9666666","143.0","2008-01-08","   4.7","000000","999.9","  22.1","   3.6"," 11.7"," 0.00","1031.4","  2.8","012.0","  10.7","  6.2","  8.5"
"34504099999","48.6","34.9666666","143.0","2008-01-09","   3.7","000000","999.9","  21.0","   3.2","  7.8"," 0.00","1032.8","  2.8","013.3","   9.9","  5.7","  4.6"
"34504099999","48.6","34.9666666","143.0","2008-01-10","   4.8","000000","999.9","  16.3","   2.8","  3.9"," 0.00","1034.4","  2.8","014.8","   8.6","  1.7","  1.9"
"34504099999","48.6","34.9666666","143.0","2008-01-11","   7.9","000000","999.9","  17.8","   3.0","  5.8"," 0.00","1034.3","  2.8","014.9","  12.4","  4.2","  5.3"
"34504099999","48.6","34.9666666","143.0","2008-01-12","  12.3","000000","999.9","  20.3","  14.0","  5.8"," 0.00","1032.6","  2.8","013.4","  17.7","  6.2","  5.6"
"34504099999","48.6","34.9666666","143.0","2008-01-13","  14.2","000000","999.9","  26.1","  12.0","  5.8"," 0.00","1033.1","  2.8","014.0","  19.7","  5.3","  4.9"
"34504099999","48.6","34.9666666","143.0","2008-01-14","  26.1","000000","999.9","  36.0","  21.6","  5.8"," 0.00","1031.8","  2.8","013.1","  29.6","  5.1","  3.4"
"34504099999","48.6","34.9666666","143.0","2008-01-15","  27.3","000000","999.9","  33.8","  27.9","  5.8"," 0.00","1030.8","  2.4","012.2","  31.6","  6.2","  1.5"
"34504099999","48.6","34.9666666","143.0","2008-01-16","  26.8","000000","999.9","  33.3","  27.5","  5.8"," 0.00","1030.2","  2.0","011.6","  31.0","  6.2","  2.9"
"34504099999","48.6","34.9666666","143.0","2008-01-17","  20.8","000000","999.9","  26.1","  19.0","  7.8"," 0.00","1034.2","  1.6","015.1","  22.5","  4.4","  6.8"
"34504099999","48.6","34.9666666","143.0","2008-01-18","  23.5","001000","999.9","  29.1","  18.5","  7.8"," 0.00","1034.8","999.9","015.9","  26.4","  6.2","  7.2"
"34504099999","48.6","34.9666666","143.0","2008-01-19","  23.5","001000","999.9","  29.5","  24.1","  7.8"," 0.00","1032.8","  1.2","013.9","  25.6","  5.7","  4.4"
"34504099999","48.6","34.9666666","143.0","2008-01-20","  26.0","101000","999.9","  30.2","  23.4"," 11.7"," 0.20","1023.8","  1.2","005.2","  26.6","  2.3","  5.8"
"34504099999","48.6","34.9666666","143.0","2008-01-21","  30.3","110000","999.9","  35.8","  24.3"," 13.6"," 0.31","1014.7","  3.9","996.4","  30.8","  0.6","  5.8"
"34504099999","48.6","34.9666666","143.0","2008-01-22","  36.1","100000","999.9","  38.8","  34.7","  9.7"," 0.00","1006.6","  2.4","988.7","  36.6","  1.4","  6.4"
"34504099999","48.6","34.9666666","143.0","2008-01-23","  31.7","100000","999.9","  37.4","  29.8"," 17.5"," 0.02","1013.6","999.9","995.4","  34.0","  3.5"," 10.7"
"34504099999","48.6","34.9666666","143.0","2008-01-24","  25.2","000000","999.9","  35.2","  27.0"," 13.6"," 0.00","1027.1","999.9","008.6","  30.5","  6.2"," 10.2"
"34504099999","48.6","34.9666666","143.0","2008-01-25","  26.0","001000","999.9","  32.5","  21.2"," 15.5"," 0.12","1027.0","999.9","008.4","  27.9","  3.8","  8.0"
"34504099999","48.6","34.9666666","143.0","2008-01-26","  28.0","001000","999.9","  35.8","  21.9"," 13.6"," 0.02","1014.7","  2.4","996.4","  30.7","  5.4"," 11.7"
"34504099999","48.6","34.9666666","143.0","2008-01-27","  31.2","011000","999.9","  34.9","  30.9"," 21.4"," 0.24"," 996.0","  1.2","978.1","  33.1","  4.4"," 14.7"
"34504099999","48.6","34.9666666","143.0","2008-01-28","  22.3","000000","999.9","  32.7","  26.6"," 11.7"," 0.00","1011.6","  0.8","993.3","  29.2","  6.2","  8.0"
"34504099999","48.6","34.9666666","143.0","2008-01-29","  19.8","001000","999.9","  28.0","  23.7"," 11.7"," 0.01","1022.4","  1.2","003.8","  25.9","  6.2"," 10.3"
"34504099999","48.6","34.9666666","143.0","2008-01-30","  16.8","000000","999.9","  30.4","  20.1"," 11.7"," 0.00","1026.1","  1.2","007.3","  23.8","  6.2","  4.9"
"34504099999","48.6","34.9666666","143.0","2008-01-31","  22.8","010000","999.9","  29.8","  19.2","  9.7"," 0.00","1023.5","  0.4","004.9","  26.3","  5.7","  6.8"
"34504099999","48.6","34.9666666","143.0","2008-02-01","  27.5","101000","999.9","  32.0","  25.2","  9.7"," 0.04","1021.3","  0.4","002.8","  29.3","  3.0","  6.5"
"34504099999","48.6","34.9666666","143.0","2008-02-02","  29.0","000000","999.9","  35.8","  29.5"," 11.7"," 0.00","1023.6","  0.8","005.2","  33.0","  5.3","  6.6"
"34504099999","48.6","34.9666666","143.0","2008-02-03","  34.0","100000","999.9","  37.4","  32.4","  9.7"," 0.00","1027.4","  0.4","009.0","  35.4","  3.8","  7.3"
"34504099999","48.6","34.9666666","143.0","2008-02-04","  27.4","000000","999.9","  31.8","  28.0","  7.8"," 0.00","1034.3","999.9","015.6","  30.6","  5.6","  5.6"
"34504099999","48.6","34.9666666","143.0","2008-02-05","  33.7","110000","999.9","  36.5","  31.3","  5.8"," 0.12","1031.6","999.9","013.1","  34.1","  0.4","  5.3"
"34504099999","48.6","34.9666666","143.0","2008-02-06","  31.5","000000","999.9","  44.4","  31.8","  5.8"," 0.04","1030.1","999.9","011.8","  35.8","  4.1","  3.6"
"34504099999","48.6","34.9666666","143.0","2008-02-07","  27.1","000000","999.9","  34.9","  26.6","  7.8"," 0.00","1030.6","999.9","012.3","  30.5","  6.2","  7.8"
"34504099999","48.6","34.9666666","143.0","2008-02-08","  25.6","000000","999.9","  36.0","  25.2"," 13.6"," 0.00","1036.8","999.9","018.1","  30.4","  6.2"," 11.7"
"34504099999","48.6","34.9666666","143.0","2008-02-09","  19.7","001000","999.9","  25.9","  22.6"," 13.6"," 0.00","1041.7","999.9","022.6","  24.2","  5.1"," 11.1"
"34504099999","48.6","34.9666666","143.0","2008-02-10","  18.6","001000","999.9","  26.6","  21.2"," 11.7"," 0.00","1041.3","999.9","022.2","  23.2","  4.3"," 11.2"
"34504099999","48.6","34.9666666","143.0","2008-02-11","  17.6","000000","999.9","  34.2","  13.8"," 13.6"," 0.00","1040.2","999.9","021.1","  22.2","  6.2"," 10.0"
"34504099999","48.6","34.9666666","143.0","2008-02-12","  20.6","010000","999.9","  32.4","  20.5"," 11.7"," 0.00","1037.8","999.9","018.9","  26.7","  5.7","  8.5"
"34504099999","48.6","34.9666666","143.0","2008-02-13","  17.5","000000","999.9","  26.8","  25.0","  5.8"," 0.00","1031.9","999.9","013.0","  26.1","  6.2","  3.4"
"34504099999","48.6","34.9666666","143.0","2008-02-14","  22.7","001000","999.9","  28.6","  21.2"," 23.3"," 0.10","1017.4","  0.4","998.8","  25.3","  1.5","  9.4"
"34504099999","48.6","34.9666666","143.0","2008-02-15","  13.8","001000","999.9","  27.7","  14.0"," 17.5"," 0.02","1014.3","  2.0","995.5","  18.6","  5.1"," 12.8"
"34504099999","48.6","34.9666666","143.0","2008-02-16","  11.2","001000","999.9","  27.5","   9.9"," 15.5"," 0.00","1024.1","  2.0","005.1","  17.9","  5.1","  9.2"
"34504099999","48.6","34.9666666","143.0","2008-02-17","   5.3","000000","999.9","  22.3","   8.2"," 11.7"," 0.00","1032.5","  2.0","013.2","  15.0","  6.2","  5.3"
"34504099999","48.6","34.9666666","143.0","2008-02-18","   9.4","000000","999.9","  25.9","   4.8"," 11.7"," 0.00","1022.3","  1.6","003.2","  17.1","  6.2","  8.0"
"34504099999","48.6","34.9666666","143.0","2008-02-19","  25.5","001000","999.9","  31.6","  19.2"," 13.6"," 0.08","1008.1","  1.6","989.7","  27.1","  3.2"," 10.4"
"34504099999","48.6","34.9666666","143.0","2008-02-20","  16.5","000000","999.9","  34.7","  18.7"," 19.4"," 0.02","1021.4","  2.0","002.4","  25.5","  6.2"," 12.5"
"34504099999","48.6","34.9666666","143.0","2008-02-21","  22.9","000000","999.9","  41.0","  14.9"," 13.6"," 0.00","1025.1","  2.0","006.4","  27.7","  6.2","  7.5"
"34504099999","48.6","34.9666666","143.0","2008-02-22","  32.0","100000","999.9","  36.1","  28.0"," 11.7"," 0.00","1021.7","999.9","003.4","  33.2","  2.2","  8.7"
"34504099999","48.6","34.9666666","143.0","2008-02-23","  34.0","010000","999.9","  41.2","  33.6"," 11.7"," 0.08","1011.4","999.9","993.4","  37.1","  5.4"," 10.4"
"34504099999","48.6","34.9666666","143.0","2008-02-24","  29.4","000000","999.9","  46.4","  31.5"," 17.5"," 0.00","1018.8","999.9","000.6","  36.4","  6.2"," 10.0"
"34504099999","48.6","34.9666666","143.0","2008-02-25","  33.0","000000","999.9","  51.8","  29.8"," 15.5"," 0.00","1018.6","999.9","000.6","  40.5","  6.2"," 12.6"
"34504099999","48.6","34.9666666","143.0","2008-02-26","  32.1","000000","999.9","  46.4","  32.7"," 21.4"," 0.00","1017.6","999.9","999.6","  38.9","  6.2","  9.7"
"34504099999","48.6","34.9666666","143.0","2008-02-27","  34.3","000000","999.9","  50.0","  30.2"," 13.6"," 0.00","1016.4","999.9","998.3","  39.8","  6.2","  9.5"
"34504099999","48.6","34.9666666","143.0","2008-02-28","  35.1","100000","999.9","  52.5","  35.1"," 11.7"," 0.00","1013.8","999.9","995.9","  40.8","  4.1","  8.0"
"34504099999","48.6","34.9666666","143.0","2008-02-29","  30.0","000000","999.9","  46.6","  30.2"," 13.6"," 0.00","1019.6","999.9","001.5","  37.2","  6.2","  7.8"
"34504099999","48.6","34.9666666","143.0","2008-03-01","  34.8","010000","999.9","  45.5","  32.2"," 17.5"," 0.02","1004.5","999.9","986.7","  39.6","  5.1"," 10.8"
"34504099999","48.6","34.9666666","143.0","2008-03-02","  37.6","010000","999.9","  48.7","  36.1"," 21.4"," 0.32"," 990.7","999.9","973.3","  43.0","  5.7"," 14.2"
"34504099999","48.6","34.9666666","143.0","2008-03-03","  34.1","011000","999.9","  44.8","  32.0"," 13.6"," 0.14"," 999.4","  1.6","981.7","  37.5","  4.8"," 10.0"
"34504099999","48.6","34.9666666","143.0","2008-03-04","  35.3","010000","999.9","  45.5","  29.8"," 15.5"," 0.04","1006.0","999.9","988.0","  37.8","  6.2","  8.3"
"34504099999","48.6","34.9666666","143.0","2008-03-05","  28.6","000000","999.9","  42.3","  31.5","  9.7"," 0.00","1017.0","999.9","998.8","  36.3","  6.2","  7.0"
"34504099999","48.6","34.9666666","143.0","2008-03-06","  24.5","000000","999.9","  47.3","  31.8","  9.7"," 0.00","1022.7","999.9","004.5","  37.5","  6.2","  5.6"
"34504099999","48.6","34.9666666","143.0","2008-03-07","  30.2","000000","999.9","  44.6","  27.1"," 15.5"," 0.00","1021.3","999.9","003.1","  36.8","  6.2","  9.0"
"34504099999","48.6","34.9666666","143.0","2008-03-08","  36.1","100000","999.9","  52.7","  30.2","  9.7"," 0.00","1016.9","999.9","998.9","  40.8","  4.7","  5.6"
"34504099999","48.6","34.9666666","143.0","2008-03-09","  40.0","000000","999.9","  50.9","  38.5","  5.8"," 0.00","1011.7","999.9","993.8","  43.4","  3.5","  4.4"
"34504099999","48.6","34.9666666","143.0","2008-03-10","  39.3","100000","999.9","  55.9","  32.4","  5.8"," 0.00","1011.1","999.9","993.3","  42.8","  1.8","  2.4"
"34504099999","48.6","34.9666666","143.0","2008-03-11","  38.8","100010","999.9","  50.5","  32.4","  7.8"," 0.00","1011.1","999.9","993.2","  40.5","  2.6","  6.3"
"34504099999","48.6","34.9666666","143.0","2008-03-12","  39.0","100000","999.9","  58.1","  37.2"," 11.7"," 0.00","1009.8","999.9","992.2","  46.7","  3.9","  8.0"
"34504099999","48.6","34.9666666","143.0","2008-03-13","  40.1","010000","999.9","  53.4","  39.6","  9.7"," 0.00","1004.1","999.9","986.5","  46.4","  4.0","  7.0"
"34504099999","48.6","34.9666666","143.0","2008-03-14","  39.6","010000","999.9","  43.2","  40.6"," 13.6"," 0.71","1003.9","999.9","986.2","  41.5","  4.7","  8.4"
"34504099999","48.6","34.9666666","143.0","2008-03-15","  33.9","010000","999.9","  52.2","  35.2"," 11.7","99.99","1007.3","999.9","989.6","  42.5","  6.2","  6.6"
"34504099999","48.6","34.9666666","143.0","2008-03-16","  32.4","000000","999.9","  51.3","  34.2"," 15.5"," 0.00","1009.9","999.9","992.1","  42.4","  6.2","  9.2"
"34504099999","48.6","34.9666666","143.0","2008-03-17","  39.9","010000","999.9","  54.0","  38.1"," 13.6"," 0.00","1002.0","999.9","984.4","  45.3","  6.2","  9.7"
"34504099999","48.6","34.9666666","143.0","2008-03-18","  42.8","010000","999.9","  57.7","  45.0","  9.7"," 0.00","1000.4","999.9","983.0","  49.8","  3.8","  6.4"
"34504099999","48.6","34.9666666","143.0","2008-03-19","  34.7","110000","999.9","  43.7","  32.5"," 15.5"," 0.28","1002.5","999.9","984.7","  39.8","  3.6","  9.7"
"34504099999","48.6","34.9666666","143.0","2008-03-20","  25.9","000000","999.9","  47.8","  27.5"," 15.5"," 0.00","1008.6","999.9","990.6","  37.2","  6.2","  9.7"
"34504099999","48.6","34.9666666","143.0","2008-03-21","  31.8","110000","999.9","  42.8","  30.7","  9.7"," 0.08","1001.9","999.9","983.9","  34.6","  1.6","  5.8"
"34504099999","48.6","34.9666666","143.0","2008-03-22","  32.5","110000","999.9","  46.8","  25.0"," 11.7","99.99","1004.4","999.9","986.5","  36.6","  3.9","  6.8"
"34504099999","48.6","34.9666666","143.0","2008-03-23","  42.9","000000","999.9","  58.3","  38.7"," 11.7"," 0.00","1000.7","999.9","983.2","  48.2","  6.2","  9.4"
"34504099999","48.6","34.9666666","143.0","2008-03-24","  46.0","000000","999.9","  65.8","  44.1"," 13.6"," 0.00"," 998.9","999.9","981.8","  54.5","  5.1","  8.3"
"34504099999","48.6","34.9666666","143.0","2008-03-25","  38.9","000000","999.9","  67.1","  37.2"," 23.3"," 0.00"," 989.8","999.9","972.6","  47.4","  6.2"," 12.8"
"34504099999","48.6","34.9666666","143.0","2008-03-26","  30.2","010000","999.9","  44.4","  36.0"," 11.7","99.99"," 999.0","999.9","981.2","  39.5","  5.6","  4.4"
"34504099999","48.6","34.9666666","143.0","2008-03-27","  27.1","000000","999.9","  47.5","  32.7"," 15.5"," 0.02","1013.9","999.9","995.9","  39.5","  6.2","  9.2"
"34504099999","48.6","34.9666666","143.0","2008-03-28","  29.5","000000","999.9","  56.8","  31.5","  9.7"," 0.00","1023.1","999.9","005.1","  43.5","  6.2","  7.0"
"34504099999","48.6","34.9666666","143.0","2008-03-29","  27.0","010000","999.9","  53.4","  36.1"," 17.5","99.99","1025.6","999.9","007.6","  44.9","  6.2"," 14.2"
"34504099999","48.6","34.9666666","143.0","2008-03-30","  22.9","000000","999.9","  58.3","  39.6"," 21.4"," 0.00","1022.5","999.9","004.7","  47.5","  6.2"," 15.3"
"34504099999","48.6","34.9666666","143.0","2008-03-31","  33.7","010000","999.9","  53.2","  38.1"," 15.5"," 0.24","1016.6","999.9","998.7","  43.4","  5.5"," 14.2"
"34504099999","48.6","34.9666666","143.0","2008-04-01","  45.3","010000","999.9","  51.1","  41.5","  9.7"," 0.16","1015.1","999.9","997.4","  47.2","  3.0","  5.8"
"34504099999","48.6","34.9666666","143.0","2008-04-02","  45.8","010000","999.9","  62.8","  45.9","  9.7"," 0.00","1011.5","999.9","994.0","  52.9","  4.7","  5.3"
"34504099999","48.6","34.9666666","143.0","2008-04-03","  48.4","010000","999.9","  50.7","  48.2","  9.7"," 0.59","1006.5","999.9","989.1","  49.3","  0.6","  7.4"
"34504099999","48.6","34.9666666","143.0","2008-04-04","  45.1","110000","999.9","  52.2","  44.8","  7.8"," 0.02","1009.2","999.9","991.6","  48.0","  4.8","  4.2"
"34504099999","48.6","34.9666666","143.0","2008-04-05","  45.1","010000","999.9","  54.9","  42.4","  7.8"," 0.24","1010.9","999.9","993.3","  48.4","  5.4","  5.5"
"34504099999","48.6","34.9666666","143.0","2008-04-06","  45.4","000000","999.9","  56.5","  46.0"," 13.6"," 0.00","1013.5","999.9","995.9","  50.2","  4.8","  8.7"
"34504099999","48.6","34.9666666","143.0","2008-04-07","  47.2","010000","999.9","  60.3","  46.4"," 17.5"," 0.02","1008.0","999.9","990.5","  51.9","  5.4"," 10.3"
"34504099999","48.6","34.9666666","143.0","2008-04-08","  46.7","000000","999.9","  60.3","  44.6","  9.7"," 0.00","1011.7","999.9","994.2","  52.5","  4.3","  5.3"
"34504099999","48.6","34.9666666","143.0","2008-04-09","  45.4","100000","999.9","  61.9","  41.9","  7.8"," 0.00","1014.2","999.9","996.7","  51.1","  4.0","  4.9"
"34504099999","48.6","34.9666666","143.0","2008-04-10","  46.4","000000","999.9","  65.8","  45.1","  9.7"," 0.00","1013.7","999.9","996.3","  55.2","  6.2","  4.4"
"34504099999","48.6","34.9666666","143.0","2008-04-11","  46.4","100000","999.9","  64.0","  43.2","  9.7"," 0.00","1012.3","999.9","994.9","  53.1","  5.4","  4.9"
"34504099999","48.6","34.9666666","143.0","2008-04-12","  46.9","000000","999.9","  70.3","  47.3","  9.7"," 0.00","1013.5","999.9","996.2","  58.2","  6.2","  5.6"
"34504099999","48.6","34.9666666","143.0","2008-04-13","  49.6","000000","999.9","  69.8","  49.1"," 17.5"," 0.00","1009.1","999.9","991.8","  58.6","  6.2"," 11.9"
"34504099999","48.6","34.9666666","143.0","2008-04-14","  34.3","000000","999.9","  65.5","  43.0"," 19.4"," 0.00","1014.8","999.9","997.3","  54.0","  6.2"," 13.6"
"34504099999","48.6","34.9666666","143.0","2008-04-15","  35.6","000000","999.9","  59.5","  41.2"," 17.5"," 0.00","1014.5","999.9","996.9","  51.8","  6.2"," 10.2"
"34504099999","48.6","34.9666666","143.0","2008-04-16","  44.6","010000","999.9","  59.5","  45.9"," 17.5"," 0.00","1006.3","999.9","988.9","  51.4","  6.2"," 13.3"
"34504099999","48.6","34.9666666","143.0","2008-04-17","  42.7","010000","999.9","  55.2","  42.3"," 13.6"," 0.02","1010.1","999.9","992.6","  48.8","  5.4","  7.1"
"34504099999","48.6","34.9666666","143.0","2008-04-18","  43.0","000000","999.9","  63.9","  41.4"," 13.6"," 0.00","1013.7","999.9","996.3","  53.8","  6.2","  9.2"
"34504099999","48.6","34.9666666","143.0","2008-04-19","  40.2","000000","999.9","  68.7","  47.5","  9.7"," 0.00","1010.9","999.9","993.6","  57.0","  6.2","  5.3"
"34504099999","48.6","34.9666666","143.0","2008-04-20","  48.1","010010","999.9","  65.3","  46.9"," 13.6"," 0.24","1006.5","999.9","989.2","  53.5","  5.7","  7.5"
"34504099999","48.6","34.9666666","143.0","2008-04-21","  47.7","000000","999.9","  60.8","  46.4"," 13.6"," 0.00","1009.1","999.9","991.7","  53.3","  6.1","  7.1"
"34504099999","48.6","34.9666666","143.0","2008-04-22","  44.9","000000","999.9","  64.8","  45.1"," 15.5"," 0.00","1009.3","999.9","991.9","  55.8","  5.3","  6.3"
"34504099999","48.6","34.9666666","143.0","2008-04-23","  47.1","010000"," 35.0","  66.6","  48.6"," 23.3"," 0.03"," 998.8","999.9","981.7","  56.5","  5.5"," 17.2"
"34504099999","48.6","34.9666666","143.0","2008-04-24","  40.5","010000","999.9","  48.6","  41.4"," 11.7"," 0.20","1015.3","999.9","997.5","  44.4","  6.2","  7.5"
"34504099999","48.6","34.9666666","143.0","2008-04-25","  33.9","000000","999.9","  62.6","  36.9","  7.8"," 0.00","1023.1","999.9","005.4","  51.3","  5.3","  5.1"
"34504099999","48.6","34.9666666","143.0","2008-04-26","  34.9","000000","999.9","  68.4","  42.3"," 11.7"," 0.00","1023.7","999.9","006.1","  55.9","  6.2","  8.0"
"34504099999","48.6","34.9666666","143.0","2008-04-27","  42.1","010000","999.9","  59.7","  42.4"," 23.3"," 0.63","1018.0","999.9","000.3","  50.3","  4.3"," 16.1"
"34504099999","48.6","34.9666666","143.0","2008-04-28","  49.2","010010","999.9","  55.0","  46.8"," 17.5"," 0.83","1010.9","999.9","993.4","  51.7","  5.6"," 11.0"
"34504099999","48.6","34.9666666","143.0","2008-04-29","  47.1","010000","999.9","  55.0","  45.9"," 15.5"," 0.63","1011.4","999.9","993.9","  49.6","  5.6"," 10.4"
"34504099999","48.6","34.9666666","143.0","2008-04-30","  49.0","010000","999.9","  62.8","  46.6","  5.8","99.99","1014.2","999.9","997.0","  53.6","  6.2","  4.4"
"34504099999","48.6","34.9666666","143.0","2008-05-01","  48.1","000010","999.9","  64.4","  44.4","  9.7"," 0.02","1018.0","999.9","000.5","  54.5","  5.4","  4.9"
"34504099999","48.6","34.9666666","143.0","2008-05-02","  50.3","000010","999.9","  64.4","  50.2","  5.8"," 0.08","1016.4","999.9","999.0","  56.4","  6.2","  3.6"
"34504099999","48.6","34.9666666","143.0","2008-05-03","  51.0","010000","999.9","  63.3","  47.7"," 11.7"," 0.24","1017.9","999.9","000.4","  53.2","  5.6","  6.8"
"34504099999","48.6","34.9666666","143.0","2008-05-04","  40.8","000000","999.9","  64.8","  42.6"," 13.6"," 0.00","1022.2","999.9","004.5","  53.4","  6.2"," 10.9"
"34504099999","48.6","34.9666666","143.0","2008-05-05","  37.7","000000","999.9","  68.0","  42.4"," 11.7"," 0.00","1021.5","999.9","004.2","  55.2","  6.2","  7.3"
"34504099999","48.6","34.9666666","143.0","2008-05-06","  38.0","010000","999.9","  67.1","  43.9","  9.7","99.99","1014.9","999.9","997.5","  57.2","  6.2","  4.6"
"34504099999","48.6","34.9666666","143.0","2008-05-07","  39.4","010000","999.9","  56.3","  41.7"," 17.5"," 0.02","1012.0","999.9","994.3","  48.6","  6.2"," 11.4"
"34504099999","48.6","34.9666666","143.0","2008-05-08","  32.0","000000","999.9","  52.3","  37.0"," 13.6"," 0.00","1012.1","999.9","994.4","  44.3","  6.2","  7.0"
"34504099999","48.6","34.9666666","143.0","2008-05-09","  37.6","000000","999.9","  57.7","  35.6","  7.8"," 0.00","1012.4","999.9","994.7","  47.7","  6.2","  4.1"
"34504099999","48.6","34.9666666","143.0","2008-05-10","  40.1","000000","999.9","  62.8","  39.4","  7.8"," 0.00","1018.3","999.9","000.6","  51.4","  4.6","  4.9"
"34504099999","48.6","34.9666666","143.0","2008-05-11","  41.6","000000","999.9","  64.2","  41.0","  7.8"," 0.00","1019.1","999.9","001.5","  53.3","  6.2","  6.3"
"34504099999","48.6","34.9666666","143.0","2008-05-12","  50.9","010010","999.9","  60.8","  47.3"," 15.5"," 0.28","1012.5","999.9","995.0","  52.8","  4.3","  8.4"
"34504099999","48.6","34.9666666","143.0","2008-05-13","  51.2","000010","999.9","  74.1","  50.2"," 13.6"," 0.12","1009.9","999.9","992.8","  61.2","  6.2"," 12.3"
"34504099999","48.6","34.9666666","143.0","2008-05-14","  42.9","000000","999.9","  60.4","  45.3"," 15.5"," 0.03","1012.6","999.9","995.1","  53.7","  6.2"," 11.0"
"34504099999","48.6","34.9666666","143.0","2008-05-15","  37.7","000000","999.9","  65.7","  39.6","  9.7"," 0.00","1015.2","999.9","997.6","  53.1","  6.2","  3.9"
"34504099999","48.6","34.9666666","143.0","2008-05-16","  45.9","010000","999.9","  70.5","  46.9"," 13.6"," 0.08","1014.8","999.9","997.4","  57.9","  5.7","  8.5"
"34504099999","48.6","34.9666666","143.0","2008-05-17","  50.9","000000","999.9","  74.3","  52.5"," 11.7"," 0.00","1015.1","999.9","997.9","  63.1","  6.2","  8.5"
"34504099999","48.6","34.9666666","143.0","2008-05-18","  48.6","000000","999.9","  77.0","  52.2"," 11.7"," 0.00","1016.6","999.9","999.4","  64.7","  6.2","  7.0"
"34504099999","48.6","34.9666666","143.0","2008-05-19","  50.9","000000","999.9","  80.2","  53.1","  7.8"," 0.00","1016.2","999.9","999.0","  68.2","  6.2","  3.9"
"34504099999","48.6","34.9666666","143.0","2008-05-20","  49.6","000000","999.9","  81.0","  57.4","  9.7"," 0.00","1016.0","999.9","999.0","  70.7","  6.2","  6.6"
"34504099999","48.6","34.9666666","143.0","2008-05-21","  53.5","000000","999.9","  81.3","  57.6","  7.8"," 0.00","1015.8","999.9","998.9","  71.2","  6.2","  3.9"
"34504099999","48.6","34.9666666","143.0","2008-05-22","  55.9","000000","999.9","  82.4","  60.6","  5.8"," 0.00","1013.3","999.9","996.5","  72.6","  6.2","  3.2"
"34504099999","48.6","34.9666666","143.0","2008-05-23","  59.1","000000","999.9","  83.1","  61.7","  9.7"," 0.08","1009.6","999.9","992.7","  69.2","  6.2","  3.9"
"34504099999","48.6","34.9666666","143.0","2008-05-24","  58.0","000000","999.9","  75.7","  58.3"," 11.7"," 0.00","1009.1","999.9","992.2","  66.1","  5.5","  6.8"
"34504099999","48.6","34.9666666","143.0","2008-05-25","  52.8","000000","999.9","  72.5","  56.8"," 13.6"," 0.00","1010.4","999.9","993.3","  63.6","  6.2","  8.7"
"34504099999","48.6","34.9666666","143.0","2008-05-26","  51.1","000000","999.9","  64.0","  53.1"," 15.5"," 0.04","1011.7","999.9","994.4","  58.2","  5.7","  7.5"
"34504099999","48.6","34.9666666","143.0","2008-05-27","  48.2","010000","999.9","  57.2","  48.6","  9.7"," 0.00","1015.2","999.9","997.7","  53.4","  5.7","  7.3"
"34504099999","48.6","34.9666666","143.0","2008-05-28","  46.5","010000","999.9","  66.9","  44.4","  9.7"," 0.20","1010.8","999.9","993.5","  56.2","  5.6","  6.3"
"34504099999","48.6","34.9666666","143.0","2008-05-29","  46.7","000000","999.9","  71.6","  48.0"," 17.5"," 0.24","1014.0","999.9","996.7","  59.4","  6.2"," 11.7"
"34504099999","48.6","34.9666666","143.0","2008-05-30","  47.4","010000","999.9","  70.0","  48.0"," 11.7"," 0.00","1015.9","999.9","998.5","  59.3","  6.2","  6.9"
"34504099999","48.6","34.9666666","143.0","2008-05-31","  47.4","000000","999.9","  72.9","  49.8"," 11.7"," 0.00","1012.6","999.9","995.4","  61.7","  6.2","  7.0"
"34504099999","48.6","34.9666666","143.0","2008-06-01","  46.0","000000","999.9","  68.7","  50.0","  9.7"," 0.00","1013.5","999.9","996.3","  61.1","  6.2","  8.0"
"34504099999","48.6","34.9666666","143.0","2008-06-02","  40.3","000000","999.9","  67.1","  47.5","  9.7"," 0.00","1018.5","999.9","001.1","  56.8","  6.2","  7.8"
"34504099999","48.6","34.9666666","143.0","2008-06-03","  41.1","000000","999.9","  68.7","  44.2","  7.8"," 0.00","1018.4","999.9","001.0","  58.1","  6.2","  2.9"
"34504099999","48.6","34.9666666","143.0","2008-06-04","  45.2","000000","999.9","  73.0","  50.5"," 13.6"," 0.00","1013.9","999.9","996.8","  63.1","  6.2"," 10.2"
"34504099999","48.6","34.9666666","143.0","2008-06-05","  52.7","010000","999.9","  67.8","  53.4","  5.8"," 0.08","1012.6","999.9","995.4","  58.9","  5.6","  3.2"
"34504099999","48.6","34.9666666","143.0","2008-06-06","  50.8","000000","999.9","  77.7","  54.3","  9.7"," 0.00","1013.4","999.9","996.4","  64.6","  6.2","  7.5"
"34504099999","48.6","34.9666666","143.0","2008-06-07","  48.0","000000","999.9","  80.4","  52.3","  7.8"," 0.00","1012.8","999.9","995.8","  67.5","  6.2","  4.1"
"34504099999","48.6","34.9666666","143.0","2008-06-08","  54.4","000000","999.9","  81.7","  61.0"," 11.7"," 0.00","1014.2","999.9","997.3","  70.0","  6.2","  8.3"
"34504099999","48.6","34.9666666","143.0","2008-06-09","  41.4","000000","999.9","  75.4","  52.5","  9.7"," 0.00","1018.3","999.9","001.2","  65.1","  6.2","  5.6"
"34504099999","48.6","34.9666666","143.0","2008-06-10","  48.8","000000","999.9","  82.8","  51.4"," 11.7"," 0.00","1014.9","999.9","997.9","  69.3","  6.2","  5.8"
"34504099999","48.6","34.9666666","143.0","2008-06-11","  52.9","000000","999.9","  83.3","  61.0","  5.8"," 0.00","1011.6","999.9","994.9","  73.7","  6.2","  2.9"
"34504099999","48.6","34.9666666","143.0","2008-06-12","  51.0","000000","999.9","  86.9","  63.0","  9.7"," 0.00","1007.8","999.9","991.1","  73.8","  6.2","  4.6"
"34504099999","48.6","34.9666666","143.0","2008-06-13","  55.2","010010","999.9","  84.0","  58.3"," 11.7"," 0.00","1009.0","999.9","992.1","  69.9","  6.2","  5.3"
"34504099999","48.6","34.9666666","143.0","2008-06-14","  58.2","000010","999.9","  83.3","  60.8","  7.8"," 0.67","1008.3","999.9","991.6","  74.1","  5.5","  5.0"
"34504099999","48.6","34.9666666","143.0","2008-06-15","  58.9","000010","999.9","  84.9","  61.3"," 11.7"," 0.00","1007.8","999.9","991.0","  68.2","  6.2","  5.0"
"34504099999","48.6","34.9666666","143.0","2008-06-16","  60.8","000010","999.9","  83.1","  61.9","  7.8"," 0.00","1008.5","999.9","991.8","  70.7","  6.2","  5.3"
"34504099999","48.6","34.9666666","143.0","2008-06-17","  59.8","000010","999.9","  79.3","  62.6"," 11.7"," 0.00","1011.7","999.9","994.8","  69.3","  4.8","  4.9"
"34504099999","48.6","34.9666666","143.0","2008-06-18","  56.5","000000","999.9","  81.9","  57.6","  5.8"," 0.00","1014.9","999.9","998.0","  70.2","  6.2","  3.6"
"34504099999","48.6","34.9666666","143.0","2008-06-19","  60.8","010010","999.9","  81.3","  62.4"," 11.7"," 0.31","1015.8","999.9","998.8","  69.3","  5.7","  5.3"
"34504099999","48.6","34.9666666","143.0","2008-06-20","  58.9","000000","999.9","  81.3","  61.7"," 11.7"," 0.00","1015.3","999.9","998.4","  70.7","  5.7","  8.5"
"34504099999","48.6","34.9666666","143.0","2008-06-21","  56.5","000000","999.9","  83.1","  61.7","  7.8"," 0.00","1015.5","999.9","998.6","  72.5","  6.2","  5.8"
"34504099999","48.6","34.9666666","143.0","2008-06-22","  53.6","000000","999.9","  78.8","  59.9"," 19.4"," 0.00","1015.5","999.9","998.5","  69.3","  6.2"," 12.4"
"34504099999","48.6","34.9666666","143.0","2008-06-23","  48.3","000000","999.9","  76.5","  54.7"," 13.6"," 0.00","1016.4","999.9","999.3","  66.2","  6.2","  8.0"
"34504099999","48.6","34.9666666","143.0","2008-06-24","  56.1","000000","999.9","  84.7","  59.2"," 15.5"," 0.00","1011.1","999.9","994.2","  69.2","  6.2","  6.1"
"34504099999","48.6","34.9666666","143.0","2008-06-25","  51.6","000000","999.9","  82.4","  61.5"," 15.5"," 0.00","1013.4","999.9","996.6","  71.1","  6.2","  7.5"
"34504099999","48.6","34.9666666","143.0","2008-06-26","  46.0","000000","999.9","  81.0","  53.6","  7.8"," 0.00","1017.7","999.9","000.7","  69.0","  6.2","  4.9"
"34504099999","48.6","34.9666666","143.0","2008-06-27","  54.0","000000","999.9","  83.7","  62.8","  9.7"," 0.00","1014.5","999.9","997.6","  73.1","  6.2","  5.8"
"34504099999","48.6","34.9666666","143.0","2008-06-28","  53.7","000000","999.9","  82.2","  58.1","  9.7"," 0.00","1012.2","999.9","995.4","  71.4","  6.2","  5.6"
"34504099999","48.6","34.9666666","143.0","2008-06-29","  51.2","000000","999.9","  78.6","  60.1"," 13.6"," 0.00","1013.2","999.9","996.3","  69.6","  6.2","  9.2"
"34504099999","48.6","34.9666666","143.0","2008-06-30","  52.6","000000","999.9","  78.4","  56.5"," 15.5"," 0.00","1012.5","999.9","995.5","  67.4","  6.2"," 10.0"
"34504099999","48.6","34.9666666","143.0","2008-07-01","  51.7","000000","999.9","  79.3","  53.4"," 15.5"," 0.00","1011.4","999.9","994.4","  66.2","  6.2","  9.4"
"34504099999","48.6","34.9666666","143.0","2008-07-02","  54.4","010000","999.9","  71.8","  54.3"," 15.5"," 0.04","1009.0","999.9","991.9","  62.8","  6.2"," 10.5"
"34504099999","48.6","34.9666666","143.0","2008-07-03","  57.9","000010","999.9","  81.9","  57.7"," 13.6"," 0.02","1007.7","999.9","990.8","  69.0","  6.2","  9.5"
"34504099999","48.6","34.9666666","143.0","2008-07-04","  55.7","000000","999.9","  85.1","  58.1"," 11.7"," 0.00","1007.5","999.9","990.9","  72.7","  6.2","  5.6"
"34504099999","48.6","34.9666666","143.0","2008-07-05","  59.2","000000","999.9","  83.1","  60.6"," 13.6"," 0.20","1003.1","999.9","986.3","  68.5","  5.5","  7.2"
"34504099999","48.6","34.9666666","143.0","2008-07-06","  57.5","000000","999.9","  74.7","  60.3"," 15.5"," 0.00","1002.8","999.9","986.0","  65.8","  6.2"," 10.4"
"34504099999","48.6","34.9666666","143.0","2008-07-07","  56.0","000000","999.9","  81.9","  59.9"," 13.6"," 0.00","1013.0","999.9","996.1","  70.9","  6.2","  6.8"
"34504099999","48.6","34.9666666","143.0","2008-07-08","  53.3","000000","999.9","  87.1","  60.8","  7.8"," 0.00","1010.5","999.9","993.8","  74.9","  6.2","  5.8"
"34504099999","48.6","34.9666666","143.0","2008-07-09","  62.1","010010","999.9","  76.8","  63.9","  7.8"," 0.31","1007.1","999.9","990.1","  66.7","  6.2","  4.2"
"34504099999","48.6","34.9666666","143.0","2008-07-10","  57.5","010000","999.9","  70.5","  57.2"," 13.6"," 0.63","1004.6","999.9","987.6","  62.0","  5.4"," 10.0"
"34504099999","48.6","34.9666666","143.0","2008-07-11","  57.9","010000","999.9","  66.0","  56.1"," 13.6"," 0.59","1008.1","999.9","991.0","  59.7","  5.0"," 12.3"
"34504099999","48.6","34.9666666","143.0","2008-07-12","  57.0","000000","999.9","  80.4","  55.9"," 11.7"," 0.00","1015.0","999.9","998.0","  69.1","  6.2","  7.5"
"34504099999","48.6","34.9666666","143.0","2008-07-13","  57.7","000000","999.9","  85.1","  60.3","  5.8"," 0.00","1017.3","999.9","000.4","  73.7","  6.2","  5.1"
"34504099999","48.6","34.9666666","143.0","2008-07-14","  57.6","000000","999.9","  89.1","  64.4","  5.8"," 0.00","1017.3","999.9","000.5","  77.4","  6.2","  4.6"
"34504099999","48.6","34.9666666","143.0","2008-07-15","  59.5","000010","999.9","  91.9","  69.3","  7.8"," 0.00","1013.5","999.9","997.0","  81.9","  6.2","  5.3"
"34504099999","48.6","34.9666666","143.0","2008-07-16","  61.5","000000","999.9","  91.8","  69.6"," 11.7"," 0.00","1008.0","999.9","991.5","  79.3","  6.2","  7.3"
"34504099999","48.6","34.9666666","143.0","2008-07-17","  65.5","010010","999.9","  74.8","  66.4"," 13.6"," 0.35","1003.9","999.9","987.2","  69.5","  5.1","  7.8"
"34504099999","48.6","34.9666666","143.0","2008-07-18","  62.9","000000","999.9","  81.9","  62.8","  5.8"," 0.04","1006.9","999.9","990.2","  73.2","  5.1","  2.8"
"34504099999","48.6","34.9666666","143.0","2008-07-19","  65.0","100010","999.9","  85.1","  63.5","  9.7"," 0.01","1009.3","999.9","992.6","  71.8","  4.8","  4.7"
"34504099999","48.6","34.9666666","143.0","2008-07-20","  58.0","000000","999.9","  81.0","  64.4"," 13.6"," 0.00","1013.3","999.9","996.5","  72.4","  6.2","  7.3"
"34504099999","48.6","34.9666666","143.0","2008-07-21","  57.2","000000","999.9","  87.1","  62.1","  5.8"," 0.00","1015.2","999.9","998.4","  75.8","  6.2","  4.6"
"34504099999","48.6","34.9666666","143.0","2008-07-22","  59.5","000000","999.9","  91.4","  66.0","  7.8"," 0.00","1013.4","999.9","996.8","  79.0","  6.2","  5.1"
"34504099999","48.6","34.9666666","143.0","2008-07-23","  55.7","000000","999.9","  93.9","  66.6"," 17.5"," 0.00","1011.5","999.9","995.0","  80.7","  6.2"," 11.7"
"34504099999","48.6","34.9666666","143.0","2008-07-24","  58.3","000000","999.9","  97.5","  67.5"," 15.5"," 0.00","1009.4","999.9","993.0","  82.9","  6.2"," 12.1"
"34504099999","48.6","34.9666666","143.0","2008-07-25","  58.3","000000","999.9"," 100.4","  70.7"," 15.5"," 0.00","1005.1","999.9","988.8","  83.6","  6.2"," 10.7"
"34504099999","48.6","34.9666666","143.0","2008-07-26","  62.8","010010","999.9","  87.3","  67.6"," 13.6"," 0.28","1004.5","999.9","988.1","  77.0","  5.7","  8.3"
"34504099999","48.6","34.9666666","143.0","2008-07-27","  63.8","010010","999.9","  79.9","  62.6"," 15.5"," 0.47","1005.3","999.9","988.6","  70.3","  5.5"," 11.7"
"34504099999","48.6","34.9666666","143.0","2008-07-28","  55.1","000000","999.9","  81.7","  60.4"," 13.6"," 0.00","1009.6","999.9","992.8","  70.5","  6.2","  9.5"
"34504099999","48.6","34.9666666","143.0","2008-07-29","  53.6","000000","999.9","  80.2","  59.0","  7.8"," 0.00","1014.3","999.9","997.4","  69.1","  6.2","  6.1"
"34504099999","48.6","34.9666666","143.0","2008-07-30","  49.6","000000","999.9","  77.0","  57.2","  7.8"," 0.00","1018.5","999.9","001.4","  66.3","  6.2","  6.3"
"34504099999","48.6","34.9666666","143.0","2008-07-31","  49.7","000000","999.9","  77.7","  52.7","  9.7"," 0.00","1020.8","999.9","003.6","  66.7","  6.2","  2.9"
"34504099999","48.6","34.9666666","143.0","2008-08-01","  50.7","000000","999.9","  81.0","  54.5","  7.8"," 0.00","1021.3","999.9","004.2","  67.8","  6.2","  4.4"
"34504099999","48.6","34.9666666","143.0","2008-08-02","  49.2","000000","999.9","  82.0","  56.8","  7.8"," 0.00","1021.5","999.9","004.4","  69.7","  6.2","  5.1"
"34504099999","48.6","34.9666666","143.0","2008-08-03","  48.4","000000","999.9","  84.7","  58.8","  5.8"," 0.00","1017.7","999.9","000.7","  72.6","  6.2","  3.9"
"34504099999","48.6","34.9666666","143.0","2008-08-04","  55.0","000000","999.9","  87.6","  60.6","  7.8"," 0.00","1011.3","999.9","994.5","  75.0","  6.2","  4.4"
"34504099999","48.6","34.9666666","143.0","2008-08-05","  60.8","000010","999.9","  91.4","  66.6"," 15.5"," 0.08","1007.6","999.9","990.9","  74.7","  6.2","  6.8"
"34504099999","48.6","34.9666666","143.0","2008-08-06","  54.6","100000","999.9","  80.2","  64.4"," 17.5"," 0.01","1006.8","999.9","990.0","  71.1","  5.3"," 12.2"
"34504099999","48.6","34.9666666","143.0","2008-08-07","  53.1","000000","999.9","  75.7","  58.5"," 13.6"," 0.00","1012.6","999.9","995.6","  66.7","  6.2"," 10.9"
"34504099999","48.6","34.9666666","143.0","2008-08-08","  44.0","000000","999.9","  76.6","  52.2","  7.8"," 0.00","1016.4","999.9","999.2","  65.1","  6.2","  6.3"
"34504099999","48.6","34.9666666","143.0","2008-08-09","  46.0","000000","999.9","  83.1","  54.9"," 11.7"," 0.00","1012.4","999.9","995.5","  69.7","  6.2","  7.5"
"34504099999","48.6","34.9666666","143.0","2008-08-10","  50.9","000000","999.9","  88.5","  59.4","  7.8"," 0.00","1007.7","999.9","991.0","  74.7","  6.2","  5.6"
"34504099999","48.6","34.9666666","143.0","2008-08-11","  56.5","000000","999.9","  90.5","  61.9","  7.8"," 0.00","1009.0","999.9","992.4","  77.1","  6.2","  4.9"
"34504099999","48.6","34.9666666","143.0","2008-08-12","  58.4","000000","999.9","  93.0","  65.7","  9.7"," 0.00","1011.5","999.9","994.8","  79.0","  6.2","  7.0"
"34504099999","48.6","34.9666666","143.0","2008-08-13","  56.6","000000","999.9","  97.0","  67.1","  7.8"," 0.00","1014.2","999.9","997.6","  81.1","  6.2","  4.9"
"34504099999","48.6","34.9666666","143.0","2008-08-14","  50.7","000000","999.9","  99.1","  68.9","  7.8"," 0.00","1015.3","999.9","998.8","  83.7","  6.2","  5.1"
"34504099999","48.6","34.9666666","143.0","2008-08-15","  52.9","000000","999.9"," 101.5","  67.3"," 11.7"," 0.00","1013.3","999.9","996.8","  84.4","  6.2","  7.8"
"34504099999","48.6","34.9666666","143.0","2008-08-16","  49.2","000000","999.9"," 102.0","  70.3"," 13.6"," 0.00","1009.3","999.9","992.9","  85.4","  6.2"," 10.4"
"34504099999","48.6","34.9666666","143.0","2008-08-17","  51.8","000000","999.9","  97.7","  74.3"," 13.6"," 0.00","1007.3","999.9","991.0","  84.8","  5.7","  9.0"
"34504099999","48.6","34.9666666","143.0","2008-08-18","  52.9","000000","999.9","  99.5","  68.7","  5.8"," 0.00","1009.3","999.9","992.9","  84.5","  5.6","  2.9"
"34504099999","48.6","34.9666666","143.0","2008-08-19","  62.2","000000","999.9","  93.4","  70.3"," 15.5"," 0.00","1010.2","999.9","993.7","  80.2","  6.2","  9.7"
"34504099999","48.6","34.9666666","143.0","2008-08-20","  59.5","000000","999.9","  90.0","  65.8"," 11.7"," 0.00","1014.5","999.9","997.8","  76.8","  6.2","  8.5"
"34504099999","48.6","34.9666666","143.0","2008-08-21","  57.5","000000","999.9","  94.3","  66.0","  7.8"," 0.00","1015.1","999.9","998.5","  80.1","  6.2","  5.3"
"34504099999","48.6","34.9666666","143.0","2008-08-22","  55.4","000000","999.9","  94.3","  67.1","  7.8"," 0.00","1014.7","999.9","998.1","  80.1","  6.2","  6.6"
"34504099999","48.6","34.9666666","143.0","2008-08-23","  55.8","000000","999.9","  92.8","  65.3","  9.7"," 0.00","1013.2","999.9","996.5","  78.8","  6.2","  6.8"
"34504099999","48.6","34.9666666","143.0","2008-08-24","  52.5","000000","999.9","  96.6","  68.2","  9.7"," 0.00","1008.6","999.9","992.1","  82.2","  6.2","  7.3"
"34504099999","48.6","34.9666666","143.0","2008-08-25","  54.7","000000","999.9","  85.6","  59.7"," 17.5"," 0.00","1009.2","999.9","992.5","  73.5","  6.2"," 11.4"
"34504099999","48.6","34.9666666","143.0","2008-08-26","  48.6","000000","999.9","  79.0","  52.9"," 11.7"," 0.00","1017.4","999.9","000.3","  66.3","  6.2","  8.0"
"34504099999","48.6","34.9666666","143.0","2008-08-27","  49.2","000000","999.9","  79.3","  53.2"," 17.5"," 0.00","1019.1","999.9","002.0","  66.8","  6.2","  9.2"
"34504099999","48.6","34.9666666","143.0","2008-08-28","  50.0","000000","999.9","  84.7","  55.6","  5.8"," 0.00","1017.9","999.9","000.9","  70.4","  6.2","  4.9"
"34504099999","48.6","34.9666666","143.0","2008-08-29","  51.8","000000","999.9","  87.3","  60.1"," 11.7"," 0.00","1010.3","999.9","993.6","  74.2","  5.6","  6.6"
"34504099999","48.6","34.9666666","143.0","2008-08-30","  55.6","010000","999.9","  66.2","  55.9"," 13.6"," 0.59","1005.3","999.9","988.3","  61.4","  5.6","  9.1"
"34504099999","48.6","34.9666666","143.0","2008-08-31","  43.8","000000","999.9","  66.2","  50.4"," 15.5"," 0.00","1015.3","999.9","998.0","  57.7","  6.2"," 12.5"
"34504099999","48.6","34.9666666","143.0","2008-09-01","  44.3","000000","999.9","  69.3","  46.0"," 13.6"," 0.00","1020.1","999.9","002.6","  57.1","  6.2","  7.3"
"34504099999","48.6","34.9666666","143.0","2008-09-02","  43.6","000000","999.9","  73.8","  46.2","  5.8"," 0.00","1021.6","999.9","004.2","  60.8","  6.2","  3.2"
"34504099999","48.6","34.9666666","143.0","2008-09-03","  44.7","000000","999.9","  81.5","  51.8","  5.8"," 0.00","1019.1","999.9","002.0","  67.2","  6.2","  2.9"
"34504099999","48.6","34.9666666","143.0","2008-09-04","  45.2","000000","999.9","  85.8","  58.5","  7.8"," 0.00","1018.8","999.9","001.8","  72.0","  6.2","  3.9"
"34504099999","48.6","34.9666666","143.0","2008-09-05","  53.0","000000","999.9","  86.9","  60.6","  7.8"," 0.00","1017.2","999.9","000.4","  73.4","  6.2","  6.1"
"34504099999","48.6","34.9666666","143.0","2008-09-06","  52.1","000000","999.9","  89.4","  63.0","  7.8"," 0.00","1016.8","999.9","000.0","  76.4","  6.2","  4.9"
"34504099999","48.6","34.9666666","143.0","2008-09-07","  45.2","000000","999.9","  88.7","  64.4","  7.8"," 0.00","1018.1","999.9","001.2","  74.9","  6.2","  5.6"
"34504099999","48.6","34.9666666","143.0","2008-09-08","  45.8","000000","999.9","  90.1","  63.3","  5.8"," 0.00","1016.4","999.9","999.4","  75.9","  6.2","  2.9"
"34504099999","48.6","34.9666666","143.0","2008-09-09","  48.5","000000","999.9","  90.0","  62.4"," 15.5"," 0.00","1012.5","999.9","995.8","  75.7","  6.2","  4.9"
"34504099999","48.6","34.9666666","143.0","2008-09-10","  56.5","000000","999.9","  74.5","  61.2"," 13.6"," 0.00","1010.7","999.9","993.7","  67.3","  6.2"," 11.9"
"34504099999","48.6","34.9666666","143.0","2008-09-11","  49.0","000000","999.9","  73.0","  54.3"," 17.5"," 0.00","1009.7","999.9","992.6","  62.7","  6.2"," 11.4"
"34504099999","48.6","34.9666666","143.0","2008-09-12","  47.4","010000","999.9","  60.6","  50.7"," 11.7"," 0.00","1008.4","999.9","991.0","  54.1","  6.2","  6.7"
"34504099999","48.6","34.9666666","143.0","2008-09-13","  44.2","010000","999.9","  63.0","  43.0","  9.7"," 0.00","1011.2","999.9","993.8","  53.5","  6.2","  4.9"
"34504099999","48.6","34.9666666","143.0","2008-09-14","  44.2","010000","999.9","  57.0","  47.5"," 17.5"," 0.28","1013.6","999.9","996.0","  51.6","  5.4"," 11.7"
"34504099999","48.6","34.9666666","143.0","2008-09-15","  42.1","000000","999.9","  62.4","  42.8","  7.8"," 0.00","1020.5","999.9","002.9","  53.0","  6.2","  6.1"
"34504099999","48.6","34.9666666","143.0","2008-09-16","  44.2","010000","999.9","  58.5","  47.1"," 13.6"," 0.08","1016.0","999.9","998.4","  51.0","  6.2"," 10.0"
"34504099999","48.6","34.9666666","143.0","2008-09-17","  49.0","010000","999.9","  58.5","  48.9"," 17.5"," 0.03","1013.4","999.9","995.9","  55.0","  6.2"," 11.7"
"34504099999","48.6","34.9666666","143.0","2008-09-18","  50.2","010000","999.9","  59.5","  49.6"," 17.5"," 0.20","1009.5","999.9","992.1","  53.4","  5.6"," 14.9"
"34504099999","48.6","34.9666666","143.0","2008-09-19","  52.6","010000","999.9","  57.2","  51.6"," 17.5"," 0.08","1008.6","999.9","991.3","  54.0","  5.3"," 11.7"
"34504099999","48.6","34.9666666","143.0","2008-09-20","  50.4","010000","999.9","  64.6","  47.8"," 11.7"," 0.00","1017.6","999.9","000.3","  58.0","  6.2","  5.6"
"34504099999","48.6","34.9666666","143.0","2008-09-21","  53.9","010010","999.9","  62.1","  51.3"," 19.4"," 0.39","1014.6","999.9","997.3","  56.1","  5.4"," 14.6"
"34504099999","48.6","34.9666666","143.0","2008-09-22","  50.8","010000","999.9","  53.8","  50.4"," 13.6"," 1.22","1011.8","999.9","994.4","  52.6","  2.3"," 10.0"
"34504099999","48.6","34.9666666","143.0","2008-09-23","  53.3","010000","999.9","  55.6","  52.9","  7.8"," 0.50","1011.4","999.9","994.0","  53.8","  1.9","  4.9"
"34504099999","48.6","34.9666666","143.0","2008-09-24","  50.5","100000","999.9","  54.9","  49.6","  5.8"," 0.00","1016.0","999.9","999.1","  52.0","  3.8","  4.5"
"34504099999","48.6","34.9666666","143.0","2008-09-25","  46.5","000000","999.9","  57.4","  48.7","  9.7"," 0.00","1020.5","999.9","002.8","  51.5","  6.2","  6.3"
"34504099999","48.6","34.9666666","143.0","2008-09-26","  44.4","000000","999.9","  61.3","  46.8"," 15.5"," 0.00","1022.6","999.9","005.0","  52.9","  6.2"," 10.4"
"34504099999","48.6","34.9666666","143.0","2008-09-27","  43.4","000000","999.9","  63.0","  43.3","  9.7"," 0.00","1022.1","999.9","004.4","  52.4","  6.2","  8.0"
"34504099999","48.6","34.9666666","143.0","2008-09-28","  41.7","000000","999.9","  63.5","  39.7","  5.8"," 0.00","1019.7","999.9","002.1","  51.8","  6.2","  1.5"
"34504099999","48.6","34.9666666","143.0","2008-09-29","  44.7","000000","999.9","  65.1","  47.1","  7.8"," 0.00","1015.9","999.9","998.5","  56.3","  6.2","  2.9"
"34504099999","48.6","34.9666666","143.0","2008-09-30","  46.7","000000","999.9","  67.5","  47.8","  3.9"," 0.00","1014.5","999.9","997.1","  56.5","  6.2","  1.2"
"34504099999","48.6","34.9666666","143.0","2008-10-01","  46.9","000000","999.9","  69.4","  46.2"," 11.7"," 0.00","1016.0","999.9","998.6","  57.9","  6.2","  6.8"
"34504099999","48.6","34.9666666","143.0","2008-10-02","  51.6","000000","999.9","  70.7","  51.6"," 11.7"," 0.00","1016.5","999.9","999.2","  60.1","  5.1","  8.3"
"34504099999","48.6","34.9666666","143.0","2008-10-03","  52.4","000000","999.9","  70.0","  55.8","  7.8"," 0.00","1017.8","999.9","000.5","  60.4","  4.5","  5.6"
"34504099999","48.6","34.9666666","143.0","2008-10-04","  50.5","000000","999.9","  70.9","  55.0","  7.8"," 0.00","1015.0","999.9","997.8","  61.0","  6.2","  5.6"
"34504099999","48.6","34.9666666","143.0","2008-10-05","  55.7","000000","999.9","  68.5","  57.0","  9.7"," 0.02","1012.0","999.9","994.8","  60.6","  6.2","  5.8"
"34504099999","48.6","34.9666666","143.0","2008-10-06","  53.8","010000","999.9","  66.7","  50.5","  7.8"," 0.16","1011.9","999.9","994.6","  56.3","  5.7","  3.9"
"34504099999","48.6","34.9666666","143.0","2008-10-07","  50.5","010000","999.9","  62.4","  50.5","  7.8"," 0.04","1013.3","999.9","996.0","  54.4","  6.2","  5.8"
"34504099999","48.6","34.9666666","143.0","2008-10-08","  52.6","010000","999.9","  56.3","  52.2"," 11.7"," 0.71","1014.4","999.9","997.0","  53.7","  3.7","  7.4"
"34504099999","48.6","34.9666666","143.0","2008-10-09","  50.6","000000","999.9","  62.8","  47.3"," 11.7"," 0.00","1022.5","999.9","004.9","  53.6","  6.2","  9.0"
"34504099999","48.6","34.9666666","143.0","2008-10-10","  41.3","000000","999.9","  58.6","  40.1","  5.8"," 0.00","1029.7","999.9","011.7","  47.3","  5.0","  3.2"
"34504099999","48.6","34.9666666","143.0","2008-10-11","  44.6","100000","999.9","  61.3","  40.6"," 13.6"," 0.04","1027.8","999.9","009.9","  49.4","  4.4","  3.9"
"34504099999","48.6","34.9666666","143.0","2008-10-12","  43.0","100000","999.9","  65.7","  42.6"," 13.6"," 0.00","1024.6","999.9","006.9","  52.8","  4.3","  8.3"
"34504099999","48.6","34.9666666","143.0","2008-10-13","  46.8","000000","999.9","  66.9","  48.7"," 11.7"," 0.00","1021.0","999.9","003.4","  55.1","  6.2","  7.8"
"34504099999","48.6","34.9666666","143.0","2008-10-14","  46.8","000000","999.9","  67.6","  43.3","  5.8"," 0.00","1021.7","999.9","004.1","  53.8","  5.0","  4.4"
"34504099999","48.6","34.9666666","143.0","2008-10-15","  49.6","000000","999.9","  68.0","  47.5","  9.7"," 0.00","1017.2","999.9","999.8","  56.1","  4.1","  6.1"
"34504099999","48.6","34.9666666","143.0","2008-10-16","  47.8","000000","999.9","  64.0","  48.0"," 11.7"," 0.00","1015.4","999.9","998.0","  55.6","  4.3","  5.3"
"34504099999","48.6","34.9666666","143.0","2008-10-17","  50.3","000000","999.9","  66.7","  46.4"," 13.6"," 0.00","1012.9","999.9","995.6","  56.8","  5.7","  8.7"
"34504099999","48.6","34.9666666","143.0","2008-10-18","  41.5","010000","999.9","  54.1","  40.8"," 13.6"," 0.40","1019.0","999.9","001.1","  45.9","  5.6","  8.7"
"34504099999","48.6","34.9666666","143.0","2008-10-19","  37.7","000000","999.9","  55.0","  35.6","  9.7"," 0.00","1026.7","999.9","008.6","  44.5","  6.2","  7.3"
"34504099999","48.6","34.9666666","143.0","2008-10-20","  39.6","000000","999.9","  56.3","  39.7"," 11.7"," 0.00","1021.8","999.9","004.0","  46.5","  6.2","  8.7"
"34504099999","48.6","34.9666666","143.0","2008-10-21","  35.9","100000","999.9","  56.5","  33.3","  5.8"," 0.00","1025.7","999.9","007.6","  43.7","  4.6","  2.4"
"34504099999","48.6","34.9666666","143.0","2008-10-22","  35.5","000000","999.9","  55.8","  36.0","  5.8"," 0.00","1028.9","999.9","010.9","  44.7","  6.2","  4.6"
"34504099999","48.6","34.9666666","143.0","2008-10-23","  36.2","000000","999.9","  57.7","  36.7","  9.7"," 0.00","1027.3","999.9","009.3","  45.5","  6.2","  6.3"
"34504099999","48.6","34.9666666","143.0","2008-10-24","  39.0","000000","999.9","  57.7","  36.3","  7.8"," 0.00","1026.1","999.9","008.2","  46.6","  5.7","  5.1"
"34504099999","48.6","34.9666666","143.0","2008-10-25","  39.6","000000","999.9","  57.2","  41.4"," 11.7"," 0.00","1030.3","999.9","012.3","  47.4","  6.2","  9.2"
"34504099999","48.6","34.9666666","143.0","2008-10-26","  41.1","000000","999.9","  53.1","  42.8"," 11.7"," 0.00","1030.6","999.9","012.6","  46.4","  6.2","  9.0"
"34504099999","48.6","34.9666666","143.0","2008-10-27","  40.7","000000","999.9","  55.8","  37.8"," 11.7"," 0.00","1023.3","999.9","005.4","  46.7","  5.0","  7.5"
"34504099999","48.6","34.9666666","143.0","2008-10-28","  40.5","000000","999.9","  58.1","  41.7","  7.8"," 0.00","1021.4","999.9","003.6","  47.8","  6.2","  5.3"
"34504099999","48.6","34.9666666","143.0","2008-10-29","  41.2","100000","999.9","  57.7","  37.8","  5.8"," 0.00","1023.9","999.9","006.1","  46.4","  3.7","  4.4"
"34504099999","48.6","34.9666666","143.0","2008-10-30","  44.4","100000","999.9","  57.2","  39.6","  9.7"," 0.00","1023.0","999.9","005.1","  46.4","  2.8","  3.9"
"34504099999","48.6","34.9666666","143.0","2008-10-31","  47.5","100000","999.9","  56.1","  42.8","  9.7"," 0.00","1022.8","999.9","005.0","  50.0","  3.3","  5.3"
"34504099999","48.6","34.9666666","143.0","2008-11-01","  47.1","000000","999.9","  62.4","  43.7","  7.8"," 0.00","1025.5","999.9","007.7","  52.5","  6.2","  4.1"
"34504099999","48.6","34.9666666","143.0","2008-11-02","  46.2","100000","999.9","  51.8","  41.0","  7.8"," 0.00","1022.8","999.9","005.0","  47.2","  1.4","  4.4"
"34504099999","48.6","34.9666666","143.0","2008-11-03","  50.6","100000","999.9","  54.9","  48.6","  7.8"," 0.00","1023.0","999.9","005.4","  51.1","  0.9","  3.9"
"34504099999","48.6","34.9666666","143.0","2008-11-04","  40.8","000000","999.9","  55.9","  36.0","  9.7"," 0.02","1028.6","999.9","010.5","  45.4","  5.6","  6.6"
"34504099999","48.6","34.9666666","143.0","2008-11-05","  32.8","100000","999.9","  49.1","  29.3","  7.8"," 0.00","1026.9","999.9","008.7","  39.7","  4.8","  2.7"
"34504099999","48.6","34.9666666","143.0","2008-11-06","  39.7","110000","999.9","  50.0","  34.0"," 11.7"," 0.00","1022.2","999.9","004.2","  43.0","  3.9"," 10.0"
"34504099999","48.6","34.9666666","143.0","2008-11-07","  25.6","000000","999.9","  43.3","  26.6","  7.8"," 0.00","1034.9","999.9","016.3","  32.9","  6.2","  6.8"
"34504099999","48.6","34.9666666","143.0","2008-11-08","  21.8","000000","999.9","  42.3","  24.6","  7.8"," 0.00","1038.9","999.9","020.2","  32.0","  6.2","  5.8"
"34504099999","48.6","34.9666666","143.0","2008-11-09","  23.5","000000","999.9","  46.4","  24.4","  7.8"," 0.00","1040.7","999.9","022.1","  34.1","  6.2","  6.1"
"34504099999","48.6","34.9666666","143.0","2008-11-10","  25.2","000000","999.9","  50.0","  26.6","  7.8"," 0.00","1038.3","999.9","019.7","  36.4","  6.2","  6.8"
"34504099999","48.6","34.9666666","143.0","2008-11-11","  23.3","000000","999.9","  56.7","  29.8"," 11.7"," 0.00","1032.5","999.9","014.3","  43.1","  6.2","  9.0"
"34504099999","48.6","34.9666666","143.0","2008-11-12","  33.6","000000","999.9","  58.3","  35.2","  9.7"," 0.00","1027.0","999.9","009.0","  44.1","  6.2","  9.5"
"34504099999","48.6","34.9666666","143.0","2008-11-13","  37.2","000000","999.9","  43.2","  32.2"," 11.7"," 0.00","1024.8","999.9","006.7","  39.1","  6.2","  7.5"
"34504099999","48.6","34.9666666","143.0","2008-11-14","  39.4","000000","999.9","  47.8","  42.3","  7.8"," 0.00","1023.9","999.9","005.9","  44.2","  4.8","  2.9"
"34504099999","48.6","34.9666666","143.0","2008-11-15","  33.0","000000","999.9","  41.0","  37.4","  9.7"," 0.00","1025.1","999.9","006.9","  39.3","  4.3","  6.3"
"34504099999","48.6","34.9666666","143.0","2008-11-16","  38.2","000000","999.9","  45.1","  36.9"," 11.7"," 0.00","1020.2","999.9","002.2","  41.6","  1.9","  8.3"
"34504099999","48.6","34.9666666","143.0","2008-11-17","  40.0","010000","999.9","  47.3","  39.0"," 13.6"," 0.00","1013.9","999.9","996.1","  42.5","  2.8","  8.6"
"34504099999","48.6","34.9666666","143.0","2008-11-18","  24.9","000000","999.9","  37.8","  23.5"," 15.5"," 0.02","1019.5","999.9","001.1","  31.7","  6.2","  8.9"
"34504099999","48.6","34.9666666","143.0","2008-11-19","  22.1","000000","999.9","  36.9","  18.1","  9.7"," 0.00","1017.9","999.9","999.4","  29.3","  6.2","  5.6"
"34504099999","48.6","34.9666666","143.0","2008-11-20","  29.6","000000","999.9","  45.1","  26.2"," 13.6"," 0.00","1006.7","999.9","988.7","  37.0","  6.2"," 10.3"
"34504099999","48.6","34.9666666","143.0","2008-11-21","  36.4","000000","999.9","  50.4","  38.7"," 11.7"," 0.00"," 997.8","999.9","980.2","  44.5","  6.2","  7.8"
"34504099999","48.6","34.9666666","143.0","2008-11-22","  46.1","010000","999.9","  55.2","  42.4"," 23.3"," 0.16"," 986.9","999.9","969.8","  51.3","  4.7"," 16.5"
"34504099999","48.6","34.9666666","143.0","2008-11-23","  26.2","010000","999.9","  55.4","  30.2"," 19.4"," 0.20"," 997.8","999.9","979.9","  32.2","  5.7"," 15.0"
"34504099999","48.6","34.9666666","143.0","2008-11-24","  24.4","000000","999.9","  39.9","  27.1"," 11.7"," 0.00","1014.4","999.9","996.2","  32.5","  6.2","  7.5"
"34504099999","48.6","34.9666666","143.0","2008-11-25","  35.6","010000","999.9","  46.8","  31.1"," 13.6","99.99","1016.7","999.9","998.7","  38.9","  6.2"," 10.9"
"34504099999","48.6","34.9666666","143.0","2008-11-26","  39.1","010000","999.9","  51.6","  30.9"," 13.6"," 0.12","1011.5","999.9","993.7","  41.7","  6.2"," 11.3"
"34504099999","48.6","34.9666666","143.0","2008-11-27","  23.5","000000","999.9","  37.2","  26.1","  9.7"," 0.00","1020.1","999.9","001.7","  30.4","  6.2","  7.0"
"34504099999","48.6","34.9666666","143.0","2008-11-28","  27.8","000000","999.9","  33.8","  24.8","  5.8"," 0.00","1027.7","999.9","009.1","  30.4","  6.2","  1.5"
"34504099999","48.6","34.9666666","143.0","2008-11-29","  29.9","000000","999.9","  39.9","  24.4"," 13.6"," 0.00","1026.8","999.9","008.2","  31.8","  4.7","  8.3"
"34504099999","48.6","34.9666666","143.0","2008-11-30","  35.6","110000","999.9","  38.1","  34.2","  9.7"," 0.20","1024.2","999.9","005.9","  35.9","  0.5","  8.1"
"34504099999","48.6","34.9666666","143.0","2008-12-01","  38.5","110000","999.9","  39.9","  37.4"," 13.6"," 0.08","1025.8","999.9","007.6","  38.8","  0.5","  9.4"
"34504099999","48.6","34.9666666","143.0","2008-12-02","  42.8","100000","999.9","  48.6","  37.8"," 11.7"," 0.00","1022.9","999.9","004.9","  43.4","  1.8","  9.0"
"34504099999","48.6","34.9666666","143.0","2008-12-03","  41.5","100000","999.9","  42.4","  40.6"," 11.7"," 0.00","1022.5","999.9","004.4","  41.5","  0.2"," 10.9"
"34504099999","48.6","34.9666666","143.0","2008-12-04","  40.0","000000","999.9","  55.4","  38.7"," 11.7"," 0.00","1019.1","999.9","001.3","  46.1","  5.7","  9.7"
"34504099999","48.6","34.9666666","143.0","2008-12-05","  41.4","000000","999.9","  54.3","  43.2"," 11.7"," 0.00","1013.4","999.9","995.8","  48.4","  6.2","  9.0"
"34504099999","48.6","34.9666666","143.0","2008-12-06","  45.6","100000","999.9","  49.3","  41.2","  9.7"," 0.00","1017.2","999.9","999.4","  46.3","  2.7","  7.0"
"34504099999","48.6","34.9666666","143.0","2008-12-07","  46.2","010000","999.9","  53.1","  45.1","  9.7"," 0.02","1009.4","999.9","991.8","  48.8","  6.2","  6.7"
"34504099999","48.6","34.9666666","143.0","2008-12-08","  40.2","010000","999.9","  48.9","  36.3"," 13.6"," 0.02","1004.3","999.9","986.7","  43.6","  5.1","  9.7"
"34504099999","48.6","34.9666666","143.0","2008-12-09","  25.8","000000","999.9","  34.2","  30.0"," 15.5"," 0.00","1013.9","999.9","995.7","  32.1","  6.2"," 12.8"
"34504099999","48.6","34.9666666","143.0","2008-12-10","  24.0","000000","999.9","  37.0","  27.1","  9.7"," 0.00","1025.4","999.9","006.9","  30.7","  6.2","  4.6"
"34504099999","48.6","34.9666666","143.0","2008-12-11","  26.8","100000","999.9","  39.4","  22.5","  7.8"," 0.00","1035.5","999.9","016.7","  29.2","  2.4","  4.4"
"34504099999","48.6","34.9666666","143.0","2008-12-12","  24.4","100000","999.9","  28.8","  24.6","  9.7"," 0.00","1035.8","999.9","016.9","  26.6","  4.0","  7.3"
"34504099999","48.6","34.9666666","143.0","2008-12-13","  23.8","100000","999.9","  27.5","  23.5","  9.7"," 0.00","1030.9","999.9","012.1","  25.4","  4.3","  9.5"
"34504099999","48.6","34.9666666","143.0","2008-12-14","  21.5","010000","999.9","  27.0","  23.2"," 11.7"," 0.00","1032.9","999.9","014.0","  24.8","  5.5","  9.7"
"34504099999","48.6","34.9666666","143.0","2008-12-15","  16.7","000000","999.9","  31.6","  18.1","  9.7"," 0.00","1037.7","999.9","018.7","  24.9","  6.2","  6.6"
"34504099999","48.6","34.9666666","143.0","2008-12-16","  16.1","100000","999.9","  23.2","  14.7","  7.8"," 0.00","1035.0","999.9","015.9","  19.2","  5.0","  4.4"
"34504099999","48.6","34.9666666","143.0","2008-12-17","  15.2","001000","999.9","  23.4","  17.2","  5.8"," 0.00","1033.9","999.9","014.8","  19.6","  4.1","  5.8"
"34504099999","48.6","34.9666666","143.0","2008-12-18","  13.6","000000","999.9","  27.0","  15.1"," 15.5"," 0.00","1032.0","999.9","013.0","  20.4","  6.2"," 11.7"
"34504099999","48.6","34.9666666","143.0","2008-12-19","  15.5","000000","999.9","  29.8","  16.5"," 17.5"," 0.00","1026.2","999.9","007.4","  23.3","  6.2"," 13.8"
"34504099999","48.6","34.9666666","143.0","2008-12-20","  14.4","000000","999.9","  30.2","  19.6"," 13.6"," 0.00","1021.6","999.9","002.8","  24.2","  6.2"," 11.9"
"34504099999","48.6","34.9666666","143.0","2008-12-21","  14.4","001000","999.9","  23.5","  15.3"," 13.6"," 0.00","1020.0","999.9","001.1","  20.0","  5.0"," 10.0"
"34504099999","48.6","34.9666666","143.0","2008-12-22","  18.8","001000","999.9","  24.6","  19.8","  7.8"," 0.04","1020.9","  0.4","002.1","  22.2","  5.7","  4.7"
"34504099999","48.6","34.9666666","143.0","2008-12-23","  22.5","001000","999.9","  26.6","  16.3","  7.8"," 0.12","1013.7","  0.4","995.1","  23.4","  2.1","  5.5"
"34504099999","48.6","34.9666666","143.0","2008-12-24","  25.7","101000","999.9","  30.7","  23.0"," 13.6"," 0.16","1013.6","  1.2","995.1","  26.5","  0.9","  8.1"
"34504099999","48.6","34.9666666","143.0","2008-12-25","  19.3","001000","999.9","  23.0","  17.8"," 13.6"," 0.83","1022.0","  7.9","003.2","  20.9","  1.8"," 10.0"
"34504099999","48.6","34.9666666","143.0","2008-12-26","  14.0","001000","999.9","  22.1","  13.3","  7.8"," 0.12","1033.6","  9.8","014.4","  16.6","  3.2","  7.4"
"34504099999","48.6","34.9666666","143.0","2008-12-27","  11.8","001000","999.9","  20.7","   9.9","  7.8"," 0.02","1035.1","999.9","015.8","  14.1","  2.5","  5.4"
"34504099999","48.6","34.9666666","143.0","2008-12-28","   8.8","001000","999.9","  18.7","   9.5"," 11.7"," 0.04","1029.7"," 10.2","010.7","  12.6","  3.8","  6.8"
"34504099999","48.6","34.9666666","143.0","2008-12-29","  14.1","001000","999.9","  23.7","   9.0"," 13.6"," 0.03","1030.9"," 10.6","011.8","  18.3","  5.6","  8.1"
"34504099999","48.6","34.9666666","143.0","2008-12-30","  15.6","001000","999.9","  21.9","  14.9","  3.9"," 0.00","1034.8"," 10.2","015.7","  18.3","  5.7","  2.2"
"34504099999","48.6","34.9666666","143.0","2008-12-31","  20.4","101000","999.9","  23.7","  18.3","  7.8"," 0.03","1031.0","  9.4","012.0","  21.3","  2.2","  5.2"
"34504099999","48.6","34.9666666","143.0","2009-01-01","  17.2","001000","999.9","  22.3","  13.8"," 11.7","99.99","1020.2","999.9","001.3","  18.8","  4.6","  8.0"
"34504099999","48.6","34.9666666","143.0","2009-01-02","  14.1","101000","999.9","  20.8","   7.3"," 11.7"," 0.00","1017.2","  9.4","998.2","  15.5","  3.2","  6.6"
"34504099999","48.6","34.9666666","143.0","2009-01-03","   2.8","000000","999.9","  13.5","   0.9","  7.8"," 0.00","1022.6","  9.1","003.1","   5.8","  5.5","  4.4"
"34504099999","48.6","34.9666666","143.0","2009-01-04","   9.7","000000","999.9","  16.7","   2.1","  7.8"," 0.00","1017.9","  7.9","998.8","  12.1","  4.5","  5.3"
"34504099999","48.6","34.9666666","143.0","2009-01-05","  11.7","001000","999.9","  21.6","   7.3","  9.7"," 0.02","1017.7","  7.5","998.7","  14.5","  4.4","  4.4"
"34504099999","48.6","34.9666666","143.0","2009-01-06","  -0.3","101000","999.9","   9.0","  -3.3","  9.7"," 0.02","1028.3","  7.5","008.6","   1.8","  1.6","  5.0"
"34504099999","48.6","34.9666666","143.0","2009-01-07","  -7.4","000000","999.9","   6.1"," -13.5","  5.8"," 0.00","1026.8","  7.5","006.9","  -4.7","  4.3","  1.7"
"34504099999","48.6","34.9666666","143.0","2009-01-08","  11.1","001000","999.9","  24.3","  -5.3"," 19.4"," 0.04","1019.5","  7.5","000.4","  14.9","  2.9"," 11.7"
"34504099999","48.6","34.9666666","143.0","2009-01-09","  10.0","001000","999.9","  24.1","   3.2"," 17.5"," 0.03","1024.6","  7.5","005.6","  14.4","  4.3"," 12.8"
"34504099999","48.6","34.9666666","143.0","2009-01-10","  21.0","001000","999.9","  31.6","  12.7"," 15.5","99.99","1019.4","999.9","000.7","  23.6","  1.3"," 13.3"
"34504099999","48.6","34.9666666","143.0","2009-01-11","   5.1","001000","999.9","  17.4","   5.9"," 13.6"," 0.02","1033.5"," 10.2","014.2","   8.7","  5.0","  8.0"
"34504099999","48.6","34.9666666","143.0","2009-01-12","  15.4","100000","999.9","  25.5","   5.5"," 13.6"," 0.00","1031.8","  9.4","012.7","  17.7","  5.0","  9.0"
"34504099999","48.6","34.9666666","143.0","2009-01-13","  15.0","100000","999.9","  28.4","  10.8"," 11.7"," 0.00","1032.1","  8.3","013.0","  18.9","  5.4","  8.3"
"34504099999","48.6","34.9666666","143.0","2009-01-14","  30.5","100000","999.9","  34.2","  18.9"," 11.7"," 0.00","1026.4","  7.9","007.9","  30.9","  1.9","  7.5"
"34504099999","48.6","34.9666666","143.0","2009-01-15","  33.5","110000","999.9","  36.7","  30.9","  9.7"," 0.10","1019.5","  6.3","001.3","  33.9","  0.7","  8.0"
"34504099999","48.6","34.9666666","143.0","2009-01-16","  32.5","110000","999.9","  34.2","  31.1","  5.8"," 0.08","1014.8","  3.5","996.6","  32.5","  0.1","  2.2"
"34504099999","48.6","34.9666666","143.0","2009-01-17","  29.9","001000","999.9","  32.4","  27.9"," 13.6"," 0.83","1010.9","999.9","992.7","  30.1","  1.5","  8.7"
"34504099999","48.6","34.9666666","143.0","2009-01-18","  23.4","001000","999.9","  27.9","  23.0","  9.7"," 0.15","1014.6","  8.3","996.1","  24.7","  2.6","  8.0"
"34504099999","48.6","34.9666666","143.0","2009-01-19","  19.9","001000","999.9","  23.7","  18.7"," 11.7"," 0.12","1012.1","  9.1","993.5","  21.6","  4.8","  7.8"
"34504099999","48.6","34.9666666","143.0","2009-01-20","  27.9","101000","999.9","  32.0","  19.8"," 11.7"," 0.24","1015.8"," 10.6","997.4","  28.4","  0.7","  6.4"
"34504099999","48.6","34.9666666","143.0","2009-01-21","  30.3","100000","999.9","  33.3","  28.0","  7.8"," 0.00","1027.0","  9.4","008.4","  30.9","  2.3","  4.9"
"34504099999","48.6","34.9666666","143.0","2009-01-22","  29.3","100000","999.9","  32.5","  28.0"," 11.7"," 0.00","1025.2","999.9","006.6","  30.2","  2.4","  9.7"
"34504099999","48.6","34.9666666","143.0","2009-01-23","  27.3","000000","999.9","  31.8","  28.0"," 13.6"," 0.00","1010.8","  7.9","992.5","  30.3","  6.2"," 10.2"
"34504099999","48.6","34.9666666","143.0","2009-01-24","  31.3","000000","999.9","  39.4","  30.7"," 13.6"," 0.00","1001.8","  7.1","983.9","  34.6","  6.2","  9.2"
"34504099999","48.6","34.9666666","143.0","2009-01-25","  29.6","000000","999.9","  38.8","  27.9"," 15.5"," 0.00","1005.4","  6.3","987.4","  33.4","  5.5","  8.3"
"34504099999","48.6","34.9666666","143.0","2009-01-26","  33.4","110000","999.9","  40.6","  31.6"," 13.6"," 0.01","1008.6","  4.7","990.6","  34.6","  1.8","  9.2"
"34504099999","48.6","34.9666666","143.0","2009-01-27","  33.6","110000","999.9","  35.2","  33.3","  9.7"," 0.28","1015.0","  3.9","996.7","  33.9","  0.8","  7.2"
"34504099999","48.6","34.9666666","143.0","2009-01-28","  34.4","110000","999.9","  38.1","  32.9","  9.7"," 0.03","1016.6","  2.8","998.4","  34.7","  0.8","  7.5"
"34504099999","48.6","34.9666666","143.0","2009-01-29","  33.5","100000","999.9","  35.6","  32.0"," 11.7"," 0.00","1013.8","  2.8","995.6","  33.9","  0.8","  9.5"
"34504099999","48.6","34.9666666","143.0","2009-01-30","  28.4","000000","999.9","  34.5","  27.7"," 17.5"," 0.00","1013.8","  2.4","995.5","  30.8","  5.7"," 13.8"
"34504099999","48.6","34.9666666","143.0","2009-01-31","  29.3","001000","999.9","  31.3","  29.5"," 11.7"," 0.06","1015.0","999.9","996.7","  30.3","  1.9"," 10.0"
"34504099999","48.6","34.9666666","143.0","2009-02-01","  25.4","001000","999.9","  30.4","  24.4"," 11.7"," 0.00","1019.8","  3.1","001.2","  27.4","  2.9","  9.4"
"34504099999","48.6","34.9666666","143.0","2009-02-02","  17.8","011000","999.9","  24.8","  20.3","  7.8"," 0.01","1026.3","  3.1","007.4","  21.4","  5.0","  5.8"
"34504099999","48.6","34.9666666","143.0","2009-02-03","  20.9","001000","999.9","  26.6","  21.4","  7.8"," 0.00","1029.6","  2.4","010.8","  23.8","  6.2","  5.3"
"34504099999","48.6","34.9666666","143.0","2009-02-04","  28.9","010000","999.9","  37.8","  22.5"," 11.7"," 0.00","1016.4","  3.1","998.0","  30.0","  4.2"," 10.0"
"34504099999","48.6","34.9666666","143.0","2009-02-05","  37.8","110000","999.9","  41.5","  34.9","  9.7"," 0.03","1004.4","  1.6","986.6","  38.3","  1.9","  6.4"
"34504099999","48.6","34.9666666","143.0","2009-02-06","  35.2","110000","999.9","  38.5","  33.1","  3.9"," 0.00","1008.7","999.9","990.7","  35.6","  0.4","  1.9"
"34504099999","48.6","34.9666666","143.0","2009-02-07","  38.9","110000","999.9","  40.6","  37.0","  9.7"," 0.00","1010.9","999.9","993.0","  38.9","  0.1","  7.8"
"34504099999","48.6","34.9666666","143.0","2009-02-08","  42.1","100000","999.9","  51.1","  39.2"," 17.5"," 0.00","1008.6","999.9","990.9","  44.0","  4.0"," 11.7"
"34504099999","48.6","34.9666666","143.0","2009-02-09","  44.5","110000","999.9","  52.2","  41.5"," 13.6"," 0.10","1001.9","999.9","984.4","  45.7","  3.6"," 10.4"
"34504099999","48.6","34.9666666","143.0","2009-02-10","  39.1","110000","999.9","  43.9","  36.3","  7.8"," 0.12","1003.6","999.9","985.9","  39.6","  1.2","  5.0"
"34504099999","48.6","34.9666666","143.0","2009-02-11","  33.5","010000","999.9","  37.0","  33.6","  5.8"," 0.02","1008.6","999.9","990.6","  35.2","  5.1","  3.9"
"34504099999","48.6","34.9666666","143.0","2009-02-12","  33.8","010000","999.9","  41.9","  33.6"," 17.5"," 0.00","1008.4","999.9","990.4","  36.5","  4.8"," 11.3"
"34504099999","48.6","34.9666666","143.0","2009-02-13","  38.6","110000","999.9","  44.4","  33.4"," 11.7"," 0.26","1005.8","999.9","988.0","  41.0","  5.3","  8.3"
"34504099999","48.6","34.9666666","143.0","2009-02-14","  34.2","010000","999.9","  41.7","  32.4","  7.8"," 0.12","1008.2","999.9","990.3","  38.1","  4.8","  5.1"
"34504099999","48.6","34.9666666","143.0","2009-02-15","  40.6","110000","999.9","  42.8","  39.0","  7.8"," 0.67","1005.6","999.9","987.8","  40.9","  1.8","  5.2"
"34504099999","48.6","34.9666666","143.0","2009-02-16","  31.4","001000","999.9","  34.5","  30.2"," 13.6"," 0.87","1008.2","  1.2","990.1","  32.3","  2.8"," 10.4"
"34504099999","48.6","34.9666666","143.0","2009-02-17","  23.5","001000","999.9","  32.4","  24.3"," 11.7"," 0.03","1016.5","  0.8","998.1","  28.1","  5.6","  5.2"
"34504099999","48.6","34.9666666","143.0","2009-02-18","  23.7","000000","999.9","  33.6","  21.6","  9.7"," 0.00","1021.4","999.9","002.9","  28.4","  6.2","  6.7"
"34504099999","48.6","34.9666666","143.0","2009-02-19","  28.9","000000","999.9","  42.4","  28.9"," 11.7"," 0.00","1021.1","999.9","002.8","  34.2","  6.2","  9.0"
"34504099999","48.6","34.9666666","143.0","2009-02-20","  22.2","000000","999.9","  40.1","  24.8"," 15.5"," 0.00","1020.5","999.9","002.3","  31.7","  6.2"," 11.2"
"34504099999","48.6","34.9666666","143.0","2009-02-21","  20.4","001000","999.9","  30.2","  19.9"," 17.5"," 0.08","1019.7","999.9","001.1","  24.1","  3.0"," 14.4"
"34504099999","48.6","34.9666666","143.0","2009-02-22","   8.9","001000","999.9","  17.8","  11.1"," 11.7"," 0.08","1020.8","  1.6","001.7","  13.5","  2.4","  8.4"
"34504099999","48.6","34.9666666","143.0","2009-02-23","  12.3","001000","999.9","  24.1","   7.9","  5.8"," 0.02","1020.2","  1.6","001.2","  17.0","  4.7","  3.2"
"34504099999","48.6","34.9666666","143.0","2009-02-24","  18.7","000000","999.9","  30.2","  19.9","  7.8"," 0.00","1023.2","  1.2","004.5","  24.5","  5.7","  5.8"
"34504099999","48.6","34.9666666","143.0","2009-02-25","  22.4","000000","999.9","  34.2","  20.7"," 11.7"," 0.00","1023.1","999.9","004.5","  27.3","  4.8"," 10.0"
"34504099999","48.6","34.9666666","143.0","2009-02-26","  20.3","010100","999.9","  32.2","  25.2","  5.8"," 0.00","1020.1","999.9","001.5","  26.7","  6.2","  2.2"
"34504099999","48.6","34.9666666","143.0","2009-02-27","  20.3","000000","999.9","  33.8","  22.1","  5.8"," 0.00","1014.2","999.9","995.8","  26.8","  6.2","  2.4"
"34504099999","48.6","34.9666666","143.0","2009-02-28","  24.3","000000","999.9","  38.7","  21.4","  5.8"," 0.00","1011.1","999.9","992.8","  29.9","  3.9","  2.4"
"34504099999","48.6","34.9666666","143.0","2009-03-01","  23.9","001000","999.9","  37.4","  24.8"," 15.5"," 0.12","1010.5","999.9","992.2","  28.7","  5.1","  7.5"
"34504099999","48.6","34.9666666","143.0","2009-03-02","  25.2","001000","999.9","  34.2","  24.3"," 19.4"," 0.31","1010.6","  5.5","992.3","  28.6","  3.1"," 18.9"
"34504099999","48.6","34.9666666","143.0","2009-03-03","  27.6","011100","999.9","  36.0","  27.9"," 17.5"," 0.05","1014.4","  3.5","996.1","  31.3","  5.6"," 11.7"
"34504099999","48.6","34.9666666","143.0","2009-03-04","  25.6","000000","999.9","  32.9","  25.7","  7.8"," 0.00","1022.1","  2.0","003.6","  29.3","  5.1","  5.5"
"34504099999","48.6","34.9666666","143.0","2009-03-05","  24.2","100000","999.9","  31.3","  21.0"," 13.6"," 0.00","1020.6","  1.6","002.0","  27.4","  5.0","  8.5"
"34504099999","48.6","34.9666666","143.0","2009-03-06","  25.6","010000","999.9","  34.9","  25.9"," 17.5"," 0.16","1009.7","  1.6","991.5","  30.9","  5.7"," 14.4"
"34504099999","48.6","34.9666666","143.0","2009-03-07","  38.1","000000","999.9","  46.2","  33.3"," 15.5"," 0.12","1005.7","999.9","987.9","  39.7","  4.6","  9.7"
"34504099999","48.6","34.9666666","143.0","2009-03-08","  38.0","010000","999.9","  48.7","  37.8","  7.8"," 0.04","1001.9","999.9","984.8","  44.1","  6.2","  5.5"
"34504099999","48.6","34.9666666","143.0","2009-03-09","  39.5","100000","999.9","  49.1","  38.5"," 15.5"," 0.00","1001.7","999.9","984.0","  42.3","  3.4","  9.5"
"34504099999","48.6","34.9666666","143.0","2009-03-10","  34.9","010000","999.9","  43.7","  38.1"," 11.7"," 0.01","1005.6","999.9","987.7","  39.8","  5.0","  7.1"
"34504099999","48.6","34.9666666","143.0","2009-03-11","  31.3","000000","999.9","  42.1","  34.5","  7.8"," 0.00","1014.1","999.9","996.0","  37.7","  6.2","  4.1"
"34504099999","48.6","34.9666666","143.0","2009-03-12","  27.4","000000","999.9","  47.5","  28.6","  5.8"," 0.00","1019.5","999.9","001.4","  38.8","  6.2","  2.2"
"34504099999","48.6","34.9666666","143.0","2009-03-13","  32.6","010000","999.9","  47.5","  34.2"," 15.5"," 0.12","1013.9","999.9","995.9","  39.7","  5.1","  9.2"
"34504099999","48.6","34.9666666","143.0","2009-03-14","  36.5","011000","999.9","  40.6","  32.4","  9.7"," 0.71","1006.6","999.9","988.7","  37.0","  1.1","  7.1"
"34504099999","48.6","34.9666666","143.0","2009-03-15","  33.7","011000","999.9","  37.0","  32.4"," 15.5"," 0.35","1015.8","999.9","997.6","  35.0","  5.6"," 12.0"
"34504099999","48.6","34.9666666","143.0","2009-03-16","  29.8","001000","999.9","  40.1","  31.1","  9.7"," 0.00","1023.9","999.9","005.6","  34.9","  5.7","  6.1"
"34504099999","48.6","34.9666666","143.0","2009-03-17","  26.2","000000","999.9","  42.1","  28.8","  3.9"," 0.00","1024.1","999.9","005.7","  35.2","  6.2","  3.2"
"34504099999","48.6","34.9666666","143.0","2009-03-18","  28.6","011000","999.9","  43.0","  30.6","  7.8"," 0.00","1015.4","999.9","997.3","  36.2","  5.7","  3.9"
"34504099999","48.6","34.9666666","143.0","2009-03-19","  34.5","010000","999.9","  41.7","  34.2","  7.8"," 0.16","1011.5","999.9","993.4","  36.7","  4.8","  5.5"
"34504099999","48.6","34.9666666","143.0","2009-03-20","  33.1","011000","999.9","  37.0","  34.0"," 15.5"," 0.28","1014.5","999.9","996.4","  35.2","  5.6"," 12.9"
"34504099999","48.6","34.9666666","143.0","2009-03-21","  29.4","000000","999.9","  49.6","  29.8"," 15.5"," 0.00","1017.6","999.9","999.6","  38.4","  6.2"," 10.5"
"34504099999","48.6","34.9666666","143.0","2009-03-22","  29.5","011000","999.9","  43.5","  31.8"," 15.5"," 0.02","1006.9","999.9","988.9","  35.2","  6.2"," 11.7"
"34504099999","48.6","34.9666666","143.0","2009-03-23","  25.9","000000","999.9","  37.6","  29.5","  5.8"," 0.00","1001.3","999.9","983.4","  33.7","  6.2","  2.8"
"34504099999","48.6","34.9666666","143.0","2009-03-24","  32.2","010000","999.9","  49.3","  33.1"," 15.5"," 0.04"," 997.9","999.9","979.4","  42.4","  6.2"," 13.0"
"34504099999","48.6","34.9666666","143.0","2009-03-25","  37.5","010000","999.9","  45.9","  34.2"," 15.5"," 0.47"," 997.4","999.9","979.7","  39.3","  2.7","  6.4"
"34504099999","48.6","34.9666666","143.0","2009-03-26","  32.3","001000","999.9","  44.1","  32.7"," 11.7"," 0.16","1008.3","999.9","990.3","  37.0","  5.4","  5.5"
"34504099999","48.6","34.9666666","143.0","2009-03-27","  33.1","010000","999.9","  46.2","  33.1","  9.7"," 0.00","1014.1","999.9","996.1","  39.2","  6.2","  6.6"
"34504099999","48.6","34.9666666","143.0","2009-03-28","  32.2","000000","999.9","  50.0","  33.1","  7.8"," 0.00","1020.4","999.9","002.4","  41.0","  6.2","  5.5"
"34504099999","48.6","34.9666666","143.0","2009-03-29","  31.6","100000","999.9","  53.6","  29.7","  5.8"," 0.00","1025.7","999.9","007.5","  41.5","  5.7","  3.9"
"34504099999","48.6","34.9666666","143.0","2009-03-30","  38.6","100000","999.9","  57.6","  32.7"," 13.6"," 0.00","1022.9","999.9","005.0","  45.5","  5.4","  8.3"
"34504099999","48.6","34.9666666","143.0","2009-03-31","  44.1","010000","999.9","  64.9","  45.0","  9.7"," 0.08","1019.4","999.9","001.9","  53.3","  5.1","  6.9"
"34504099999","48.6","34.9666666","143.0","2009-04-01","  37.9","000000","999.9","  50.7","  38.7","  9.7"," 0.00","1019.1","999.9","001.2","  44.7","  6.2","  6.3"
"34504099999","48.6","34.9666666","143.0","2009-04-02","  30.6","010000","999.9","  53.2","  32.0"," 13.6"," 0.00","1018.4","999.9","000.5","  39.9","  5.0","  7.8"
"34504099999","48.6","34.9666666","143.0","2009-04-03","  25.8","000000","999.9","  53.2","  31.3","  7.8"," 0.00","1023.3","999.9","005.3","  43.4","  6.2","  6.3"
"34504099999","48.6","34.9666666","143.0","2009-04-04","  29.3","000000","999.9","  65.3","  34.0"," 13.6"," 0.00","1015.4","999.9","997.7","  48.4","  6.2","  8.6"
"34504099999","48.6","34.9666666","143.0","2009-04-05","  30.9","000000","999.9","  57.2","  35.6","  9.7"," 0.00","1019.7","999.9","001.8","  46.9","  6.2","  5.8"
"34504099999","48.6","34.9666666","143.0","2009-04-06","  35.5","000000","999.9","  68.0","  36.0"," 11.7"," 0.00","1018.2","999.9","000.6","  53.3","  6.2","  6.8"
"34504099999","48.6","34.9666666","143.0","2009-04-07","  33.8","000000","999.9","  67.6","  44.8"," 11.7"," 0.00","1013.6","999.9","996.2","  55.4","  6.2","  7.5"
"34504099999","48.6","34.9666666","143.0","2009-04-08","  30.7","000000","999.9","  60.4","  35.8"," 15.5"," 0.00","1017.4","999.9","999.6","  47.4","  6.2"," 11.2"
"34504099999","48.6","34.9666666","143.0","2009-04-09","  23.5","000000","999.9","  52.7","  30.7","  7.8"," 0.00","1024.0","999.9","005.9","  42.1","  6.2","  5.3"
"34504099999","48.6","34.9666666","143.0","2009-04-10","  24.3","000000","999.9","  54.0","  32.2"," 13.6"," 0.00","1023.8","999.9","005.6","  41.6","  6.2","  6.8"
"34504099999","48.6","34.9666666","143.0","2009-04-11","  18.0","000000","999.9","  50.2","  26.4"," 11.7"," 0.00","1029.0","999.9","010.7","  37.9","  6.2","  7.5"
"34504099999","48.6","34.9666666","143.0","2009-04-12","  17.9","000000","999.9","  56.7","  30.2","  9.7"," 0.00","1027.8","999.9","009.7","  44.5","  6.2","  5.3"
"34504099999","48.6","34.9666666","143.0","2009-04-13","  21.2","000000","999.9","  59.9","  26.2","  9.7"," 0.00","1023.2","999.9","005.3","  47.6","  6.2","  7.3"
"34504099999","48.6","34.9666666","143.0","2009-04-14","  23.0","000000","999.9","  63.5","  35.6"," 13.6"," 0.00","1013.7","999.9","996.1","  50.8","  6.2","  9.2"
"34504099999","48.6","34.9666666","143.0","2009-04-15","  23.3","000000","999.9","  62.6","  41.2","  9.7"," 0.00","1008.5","999.9","991.1","  52.3","  6.2","  8.3"
"34504099999","48.6","34.9666666","143.0","2009-04-16","  28.6","000000","999.9","  63.0","  45.1"," 15.5"," 0.00","1010.6","999.9","993.1","  51.7","  6.2"," 11.1"
"34504099999","48.6","34.9666666","143.0","2009-04-17","  31.4","000000","999.9","  65.7","  40.8","  9.7"," 0.00","1014.3","999.9","996.7","  51.7","  6.2","  6.4"
"34504099999","48.6","34.9666666","143.0","2009-04-18","  37.4","000000","999.9","  68.4","  38.3"," 13.6"," 0.00","1012.5","999.9","995.0","  54.8","  6.2","  9.7"
"34504099999","48.6","34.9666666","143.0","2009-04-19","  28.7","000000","999.9","  59.5","  37.4"," 19.4"," 0.00","1017.9","999.9","000.2","  48.7","  6.2"," 11.7"
"34504099999","48.6","34.9666666","143.0","2009-04-20","  18.5","000000","999.9","  59.2","  29.1"," 13.6"," 0.00","1022.9","999.9","005.0","  45.8","  6.2","  8.5"
"34504099999","48.6","34.9666666","143.0","2009-04-21","  20.1","000000","999.9","  59.9","  35.8"," 17.5"," 0.00","1017.7","999.9","999.8","  46.8","  6.2"," 12.1"
"34504099999","48.6","34.9666666","143.0","2009-04-22","  11.9","000000","999.9","  52.9","  27.9","  7.8"," 0.00","1023.3","999.9","005.2","  41.5","  6.2","  5.6"
"34504099999","48.6","34.9666666","143.0","2009-04-23","   9.5","000000","999.9","  56.7","  32.2","  5.8"," 0.00","1020.3","999.9","002.4","  45.4","  6.2","  3.2"
"34504099999","48.6","34.9666666","143.0","2009-04-24","  20.1","000000","999.9","  61.5","  32.9","  9.7"," 0.00","1018.9","999.9","001.2","  50.2","  6.2","  5.1"
"34504099999","48.6","34.9666666","143.0","2009-04-25","  27.3","000000","999.9","  66.0","  39.9"," 11.7"," 0.00","1022.2","999.9","004.5","  53.3","  6.2","  4.4"
"34504099999","48.6","34.9666666","143.0","2009-04-26","  28.2","000000","999.9","  69.6","  41.9","  7.8"," 0.00","1025.5","999.9","007.9","  56.1","  6.2","  5.1"
"34504099999","48.6","34.9666666","143.0","2009-04-27","  31.1","000000","999.9","  74.8","  43.5","  9.7"," 0.00","1025.0","999.9","007.5","  61.0","  6.2","  4.4"
"34504099999","48.6","34.9666666","143.0","2009-04-28","  35.5","000000","999.9","  81.0","  49.1"," 15.5"," 0.00","1019.5","999.9","001.7","  64.6","  6.2","  6.9"
"34504099999","48.6","34.9666666","143.0","2009-04-29","  35.6","000000","999.9","  79.5","  50.5"," 19.4"," 0.00","1012.1","999.9","995.0","  63.1","  6.2"," 10.7"
"34504099999","48.6","34.9666666","143.0","2009-04-30","  44.7","000000","999.9","  71.1","  45.0","  7.8"," 0.00","1007.3","999.9","990.1","  58.1","  5.6","  3.6"
"34504099999","48.6","34.9666666","143.0","2009-05-01","  46.8","000000","999.9","  64.6","  48.4"," 11.7"," 0.01","1006.8","999.9","989.6","  56.0","  6.2","  6.1"
"34504099999","48.6","34.9666666","143.0","2009-05-02","  50.0","000010","999.9","  62.1","  50.4"," 13.6"," 0.24","1014.4","999.9","997.0","  54.4","  6.2","  9.4"
"34504099999","48.6","34.9666666","143.0","2009-05-03","  49.5","010000","999.9","  59.7","  49.5","  9.7"," 0.08","1018.5","999.9","000.8","  52.3","  6.2","  6.4"
"34504099999","48.6","34.9666666","143.0","2009-05-04","  49.4","010000","999.9","  62.1","  49.3","  9.7"," 0.06","1015.4","999.9","997.9","  53.4","  6.2","  5.2"
"34504099999","48.6","34.9666666","143.0","2009-05-05","  50.0","010010","999.9","  56.7","  47.1"," 11.7"," 0.20","1010.3","999.9","992.8","  52.2","  4.4","  6.4"
"34504099999","48.6","34.9666666","143.0","2009-05-06","  49.2","010000","999.9","  58.5","  49.5","  7.8"," 0.28","1008.7","999.9","991.3","  52.7","  5.6","  5.8"
"34504099999","48.6","34.9666666","143.0","2009-05-07","  49.2","010010","999.9","  64.0","  46.2"," 15.5"," 0.09","1008.5","999.9","991.1","  52.3","  6.2","  5.5"
"34504099999","48.6","34.9666666","143.0","2009-05-08","  50.1","010000","999.9","  57.2","  47.8","  7.8"," 0.28","1011.3","999.9","993.8","  51.8","  4.5","  4.9"
"34504099999","48.6","34.9666666","143.0","2009-05-09","  50.4","110000","999.9","  60.8","  48.2","  3.9"," 0.32","1016.4","999.9","998.9","  53.2","  3.1","  1.7"
"34504099999","48.6","34.9666666","143.0","2009-05-10","  51.5","100000","999.9","  71.1","  48.4"," 15.5"," 0.00","1018.5","999.9","001.2","  59.1","  4.8","  6.6"
"34504099999","48.6","34.9666666","143.0","2009-05-11","  50.0","000000","999.9","  72.1","  49.3","  9.7"," 0.00","1017.6","999.9","000.4","  61.8","  6.2","  5.6"
"34504099999","48.6","34.9666666","143.0","2009-05-12","  50.7","010000","999.9","  74.5","  50.0"," 15.5"," 0.02","1013.9","999.9","996.6","  59.7","  5.5"," 10.0"
"34504099999","48.6","34.9666666","143.0","2009-05-13","  43.1","010000","999.9","  63.3","  46.9"," 17.5"," 0.28","1010.5","999.9","993.1","  55.4","  6.2"," 12.5"
"34504099999","48.6","34.9666666","143.0","2009-05-14","  36.9","000000","999.9","  63.0","  39.9"," 17.5"," 0.00","1012.3","999.9","994.8","  52.0","  6.2"," 11.2"
"34504099999","48.6","34.9666666","143.0","2009-05-15","  36.4","000000","999.9","  66.4","  40.8"," 25.3"," 0.00","1012.9","999.9","995.5","  54.9","  5.6"," 11.4"
"34504099999","48.6","34.9666666","143.0","2009-05-16","  43.3","000000","999.9","  70.3","  41.9","  7.8"," 0.00","1018.3","999.9","000.9","  56.8","  6.2","  3.9"
"34504099999","48.6","34.9666666","143.0","2009-05-17","  51.5","010000","999.9","  70.7","  52.2"," 15.5"," 0.03","1016.4","999.9","999.1","  59.5","  6.2","  6.7"
"34504099999","48.6","34.9666666","143.0","2009-05-18","  49.9","010000","999.9","  60.8","  50.0"," 13.6"," 0.00","1017.4","999.9","000.1","  54.7","  6.2","  9.2"
"34504099999","48.6","34.9666666","143.0","2009-05-19","  46.2","000000","999.9","  70.9","  46.4","  7.8"," 0.00","1022.3","999.9","004.8","  59.6","  6.2","  5.3"
"34504099999","48.6","34.9666666","143.0","2009-05-20","  46.5","000000","999.9","  74.7","  51.3","  5.8"," 0.00","1019.7","999.9","002.5","  64.2","  6.2","  2.9"
"34504099999","48.6","34.9666666","143.0","2009-05-21","  51.0","000000","999.9","  78.3","  56.3","  5.8"," 0.00","1016.8","999.9","999.8","  67.2","  6.2","  3.9"
"34504099999","48.6","34.9666666","143.0","2009-05-22","  52.7","000000","999.9","  79.3","  55.9","  5.8"," 0.00","1016.6","999.9","999.6","  69.1","  6.2","  4.4"
"34504099999","48.6","34.9666666","143.0","2009-05-23","  52.9","010010","999.9","  80.8","  57.7"," 13.6"," 0.12","1010.3","999.9","993.4","  68.5","  5.7","  8.0"
"34504099999","48.6","34.9666666","143.0","2009-05-24","  45.6","000000","999.9","  64.6","  51.1"," 17.5"," 0.00","1010.3","999.9","993.0","  56.1","  6.2"," 12.4"
"34504099999","48.6","34.9666666","143.0","2009-05-25","  46.3","010000","999.9","  71.2","  46.6"," 17.5"," 0.00","1010.3","999.9","993.0","  58.1","  6.2","  8.7"
"34504099999","48.6","34.9666666","143.0","2009-05-26","  44.9","000000","999.9","  72.7","  48.0"," 11.7"," 0.00","1014.0","999.9","996.8","  60.7","  6.2","  8.0"
"34504099999","48.6","34.9666666","143.0","2009-05-27","  43.7","000000","999.9","  76.6","  52.0","  9.7"," 0.00","1018.6","999.9","001.4","  64.8","  6.2","  6.1"
"34504099999","48.6","34.9666666","143.0","2009-05-28","  46.4","000010","999.9","  78.6","  54.0","  5.8"," 0.00","1017.5","999.9","000.5","  67.7","  6.2","  2.7"
"34504099999","48.6","34.9666666","143.0","2009-05-29","  52.9","000010","999.9","  74.3","  53.8","  7.8"," 0.28","1017.2","999.9","000.0","  62.0","  6.2","  5.0"
"34504099999","48.6","34.9666666","143.0","2009-05-30","  51.8","000000","999.9","  78.3","  50.4"," 11.7"," 0.00","1022.4","999.9","005.3","  66.5","  5.5","  4.2"
"34504099999","48.6","34.9666666","143.0","2009-05-31","  54.8","000000","999.9","  81.1","  57.4","  5.8"," 0.00","1022.1","999.9","005.1","  70.0","  6.2","  5.3"
"34504099999","48.6","34.9666666","143.0","2009-06-01","  55.9","010010","999.9","  83.7","  60.1"," 13.6"," 0.02","1020.9","999.9","003.9","  70.0","  6.2","  5.1"
"34504099999","48.6","34.9666666","143.0","2009-06-02","  55.1","000000","999.9","  81.7","  60.4","  9.7"," 0.00","1013.7","999.9","996.8","  71.0","  6.2","  6.6"
"34504099999","48.6","34.9666666","143.0","2009-06-03","  59.1","000010","999.9","  82.8","  57.9"," 17.5"," 0.00","1003.4","999.9","986.4","  70.7","  6.2"," 10.2"
"34504099999","48.6","34.9666666","143.0","2009-06-04","  51.3","000000","999.9","  76.3","  57.4"," 11.7"," 0.00","1009.0","999.9","988.6","  66.7","  6.2","  8.3"
"34504099999","48.6","34.9666666","143.0","2009-06-05","  45.6","000000","999.9","  75.6","  51.3","  9.7"," 0.00","1011.4","999.9","994.3","  65.4","  6.2","  5.3"
"34504099999","48.6","34.9666666","143.0","2009-06-06","  49.8","000000","999.9","  77.9","  55.8"," 13.6"," 0.00","1012.7","999.9","995.7","  66.1","  6.2","  5.8"
"34504099999","48.6","34.9666666","143.0","2009-06-07","  53.3","000000","999.9","  84.0","  56.1"," 19.4"," 0.00","1013.9","999.9","997.0","  71.4","  6.2"," 11.9"
"34504099999","48.6","34.9666666","143.0","2009-06-08","  55.4","000010","999.9","  86.9","  62.8"," 13.6"," 0.00","1015.5","999.9","998.7","  75.4","  6.2","  8.7"
"34504099999","48.6","34.9666666","143.0","2009-06-09","  54.6","010000","999.9","  89.6","  64.0","  5.8","99.99","1018.5","999.9","001.8","  78.6","  6.2","  3.2"
"34504099999","48.6","34.9666666","143.0","2009-06-10","  51.3","000000","999.9","  91.4","  64.9","  7.8"," 0.00","1019.3","999.9","002.6","  80.2","  6.2","  3.9"
"34504099999","48.6","34.9666666","143.0","2009-06-11","  52.7","000010","999.9","  94.6","  67.3"," 13.6"," 0.00","1014.5","999.9","997.8","  79.6","  6.2","  6.3"
"34504099999","48.6","34.9666666","143.0","2009-06-12","  59.9","000010","999.9","  81.9","  66.7","  9.7"," 0.16","1007.6","999.9","990.8","  71.0","  6.2","  6.1"
"34504099999","48.6","34.9666666","143.0","2009-06-13","  57.9","000000","999.9","  75.2","  55.8"," 15.5"," 0.00","1009.8","999.9","992.9","  66.5","  6.2","  8.3"
"34504099999","48.6","34.9666666","143.0","2009-06-14","  46.3","000000","999.9","  74.5","  50.5","  7.8"," 0.00","1017.4","999.9","000.2","  63.4","  6.2","  5.3"
"34504099999","48.6","34.9666666","143.0","2009-06-15","  46.4","000000","999.9","  75.6","  49.6","  9.7"," 0.00","1020.2","999.9","002.9","  62.8","  6.2","  4.6"
"34504099999","48.6","34.9666666","143.0","2009-06-16","  49.9","000000","999.9","  80.1","  54.5","  7.8"," 0.00","1018.1","999.9","001.1","  69.1","  4.7","  4.9"
"34504099999","48.6","34.9666666","143.0","2009-06-17","  55.5","010000","999.9","  69.4","  54.5"," 13.6"," 0.32","1017.1","999.9","999.8","  61.1","  5.2","  8.9"
"34504099999","48.6","34.9666666","143.0","2009-06-18","  49.1","000000","999.9","  71.2","  50.9"," 11.7"," 0.04","1020.1","999.9","002.7","  60.3","  5.6","  7.1"
"34504099999","48.6","34.9666666","143.0","2009-06-19","  48.4","000000","999.9","  76.6","  50.2","  9.7"," 0.00","1021.6","999.9","004.6","  65.2","  6.2","  6.1"
"34504099999","48.6","34.9666666","143.0","2009-06-20","  54.3","000000","999.9","  80.4","  57.9","  7.8"," 0.00","1019.9","999.9","003.2","  70.8","  4.7","  4.5"
"34504099999","48.6","34.9666666","143.0","2009-06-21","  50.0","000000","999.9","  86.5","  59.4"," 11.7"," 0.00","1014.8","999.9","998.0","  73.8","  6.2","  9.0"
"34504099999","48.6","34.9666666","143.0","2009-06-22","  53.9","010000","999.9","  89.2","  63.7"," 11.7"," 0.00","1011.5","999.9","994.8","  75.1","  6.2","  7.0"
"34504099999","48.6","34.9666666","143.0","2009-06-23","  63.0","000000","999.9","  88.5","  64.8","  9.7"," 0.00","1010.0","999.9","993.4","  77.6","  6.2","  6.8"
"34504099999","48.6","34.9666666","143.0","2009-06-24","  59.1","000000","999.9","  91.4","  66.2","  7.8"," 0.00","1011.0","999.9","994.4","  79.7","  6.2","  4.4"
"34504099999","48.6","34.9666666","143.0","2009-06-25","  59.7","000000","999.9","  96.4","  69.3","  9.7"," 0.00","1011.1","999.9","994.6","  82.2","  5.4","  6.5"
"34504099999","48.6","34.9666666","143.0","2009-06-26","  59.7","000010","999.9"," 100.0","  71.4"," 15.5"," 0.00","1008.5","999.9","992.2","  84.4","  6.2","  9.7"
"34504099999","48.6","34.9666666","143.0","2009-06-27","  52.8","000000","999.9","  89.1","  70.2"," 19.4"," 0.00","1013.2","999.9","996.6","  79.4","  6.2","  9.5"
"34504099999","48.6","34.9666666","143.0","2009-06-28","  49.0","000000","999.9","  92.5","  65.8"," 15.5"," 0.00","1014.8","999.9","998.1","  79.8","  6.2"," 11.7"
"34504099999","48.6","34.9666666","143.0","2009-06-29","  47.3","000000","999.9","  91.8","  64.2"," 15.5"," 0.00","1014.6","999.9","997.9","  77.5","  6.2"," 10.4"
"34504099999","48.6","34.9666666","143.0","2009-06-30","  52.2","000000","999.9","  95.9","  61.9"," 17.5"," 0.00","1014.0","999.9","997.4","  78.3","  6.2"," 11.7"
"34504099999","48.6","34.9666666","143.0","2009-07-01","  56.1","000000","999.9","  84.7","  61.5"," 13.6"," 0.00","1018.5","999.9","001.7","  72.8","  6.2"," 10.9"
"34504099999","48.6","34.9666666","143.0","2009-07-02","  51.4","000000","999.9","  88.2","  61.7","  9.7"," 0.00","1014.9","999.9","998.1","  74.9","  6.2","  6.1"
"34504099999","48.6","34.9666666","143.0","2009-07-03","  55.5","010000","999.9","  88.0","  60.1"," 11.7","99.99","1006.8","999.9","990.3","  75.2","  5.6","  5.8"
"34504099999","48.6","34.9666666","143.0","2009-07-04","  59.8","000000","999.9","  84.9","  63.7","  7.8"," 0.16","1002.4","999.9","985.8","  72.3","  5.7","  6.4"
"34504099999","48.6","34.9666666","143.0","2009-07-05","  57.8","000010","999.9","  84.6","  61.2"," 15.5"," 0.03","1000.4","999.9","983.8","  70.5","  6.2","  7.8"
"34504099999","48.6","34.9666666","143.0","2009-07-06","  53.1","000000","999.9","  81.7","  57.6"," 13.6"," 0.00","1006.0","999.9","989.2","  69.4","  6.2","  6.8"
"34504099999","48.6","34.9666666","143.0","2009-07-07","  48.7","000000","999.9","  84.7","  57.0"," 11.7"," 0.00","1012.2","999.9","995.4","  72.0","  6.2","  6.3"
"34504099999","48.6","34.9666666","143.0","2009-07-08","  57.7","010000","999.9","  90.3","  64.0"," 13.6"," 0.00","1010.9","999.9","994.3","  77.7","  6.2","  8.3"
"34504099999","48.6","34.9666666","143.0","2009-07-09","  61.8","000010","999.9","  90.3","  66.0","  9.7"," 0.00","1008.4","999.9","991.8","  76.5","  6.2","  5.1"
"34504099999","48.6","34.9666666","143.0","2009-07-10","  59.2","000000","999.9","  82.4","  61.0"," 13.6"," 0.00","1010.4","999.9","993.7","  71.5","  6.2","  9.0"
"34504099999","48.6","34.9666666","143.0","2009-07-11","  60.8","000000","999.9","  86.5","  62.1","  9.7"," 0.00","1010.6","999.9","993.9","  74.2","  6.2","  6.8"
"34504099999","48.6","34.9666666","143.0","2009-07-12","  61.2","000000","999.9","  92.1","  65.3","  9.7"," 0.00","1007.8","999.9","991.3","  78.6","  6.2","  7.5"
"34504099999","48.6","34.9666666","143.0","2009-07-13","  64.0","010010","999.9","  87.6","  65.5","  9.7"," 0.47","1005.9","999.9","989.2","  72.4","  5.7","  4.7"
"34504099999","48.6","34.9666666","143.0","2009-07-14","  65.7","000010","999.9","  84.0","  63.5","  7.8"," 0.00","1009.3","999.9","992.6","  72.9","  5.5","  5.5"
"34504099999","48.6","34.9666666","143.0","2009-07-15","  65.5","000010","999.9","  95.2","  67.5"," 13.6"," 0.00","1013.2","999.9","996.7","  80.5","  6.2","  9.7"
"34504099999","48.6","34.9666666","143.0","2009-07-16","  59.4","000000","999.9","  96.6","  71.8"," 11.7"," 0.00","1014.5","999.9","998.0","  82.8","  6.2","  9.2"
"34504099999","48.6","34.9666666","143.0","2009-07-17","  54.5","000000","999.9","  99.0","  69.4","  9.7"," 0.00","1011.3","999.9","994.8","  83.2","  6.2","  6.8"
"34504099999","48.6","34.9666666","143.0","2009-07-18","  58.6","000000","999.9","  96.6","  70.5","  9.7"," 0.00","1009.1","999.9","992.7","  81.9","  6.2","  7.8"
"34504099999","48.6","34.9666666","143.0","2009-07-19","  58.6","000000","999.9"," 100.4","  72.7"," 11.7"," 0.00","1008.6","999.9","992.3","  86.0","  6.2","  6.1"
"34504099999","48.6","34.9666666","143.0","2009-07-20","  63.9","000000","999.9","  88.9","  68.7"," 15.5"," 0.02","1009.2","999.9","992.7","  76.6","  6.2"," 10.5"
"34504099999","48.6","34.9666666","143.0","2009-07-21","  55.9","000000","999.9","  82.9","  63.5"," 13.6"," 0.00","1013.9","999.9","997.1","  72.3","  6.2","  9.5"
"34504099999","48.6","34.9666666","143.0","2009-07-22","  52.7","000000","999.9","  83.3","  57.9","  9.7"," 0.00","1016.5","999.9","999.6","  72.3","  6.2","  5.8"
"34504099999","48.6","34.9666666","143.0","2009-07-23","  59.1","000000","999.9","  88.9","  64.8","  9.7"," 0.00","1014.3","999.9","997.7","  78.7","  6.2","  3.9"
"34504099999","48.6","34.9666666","143.0","2009-07-24","  58.7","000000","999.9","  96.1","  64.6"," 11.7"," 0.00","1011.2","999.9","994.8","  81.5","  6.2","  4.6"
"34504099999","48.6","34.9666666","143.0","2009-07-25","  65.4","000000","999.9","  95.0","  68.5","  9.7"," 0.00","1008.6","999.9","992.2","  81.7","  6.2","  7.0"
"34504099999","48.6","34.9666666","143.0","2009-07-26","  64.8","000010","999.9","  82.9","  64.0","  9.7"," 0.24","1008.4","999.9","991.7","  72.2","  5.7","  3.9"
"34504099999","48.6","34.9666666","143.0","2009-07-27","  54.8","000000","999.9","  77.4","  55.9"," 11.7"," 0.00","1013.3","999.9","996.3","  66.2","  6.2","  7.5"
"34504099999","48.6","34.9666666","143.0","2009-07-28","  55.5","010000","999.9","  78.1","  60.4","  9.7"," 0.00","1015.8","999.9","998.8","  66.7","  6.2","  5.8"
"34504099999","48.6","34.9666666","143.0","2009-07-29","  58.5","010000","999.9","  81.0","  59.2"," 11.7"," 0.20","1014.8","999.9","997.8","  68.3","  6.2","  7.8"
"34504099999","48.6","34.9666666","143.0","2009-07-30","  64.9","010000","999.9","  77.5","  62.1","  7.8"," 0.04","1012.4","999.9","995.5","  69.7","  6.2","  5.5"
"34504099999","48.6","34.9666666","143.0","2009-07-31","  63.0","000010","999.9","  87.4","  63.7"," 11.7"," 0.51","1011.5","999.9","994.8","  73.6","  6.2","  6.3"
"34504099999","48.6","34.9666666","143.0","2009-08-01","  65.2","000010","999.9","  87.4","  64.0","  7.8"," 0.00","1012.2","999.9","995.6","  75.1","  6.2","  3.6"
"34504099999","48.6","34.9666666","143.0","2009-08-02","  64.0","000000","999.9","  87.8","  67.5","  9.7"," 0.00","1013.9","999.9","997.2","  76.2","  6.2","  6.6"
"34504099999","48.6","34.9666666","143.0","2009-08-03","  53.6","000000","999.9","  84.0","  63.7","  7.8"," 0.00","1015.3","999.9","998.5","  73.8","  6.2","  4.6"
"34504099999","48.6","34.9666666","143.0","2009-08-04","  56.7","000010","999.9","  86.7","  62.4","  7.8"," 0.24","1013.1","999.9","996.3","  73.1","  6.2","  3.3"
"34504099999","48.6","34.9666666","143.0","2009-08-05","  58.9","000000","999.9","  83.8","  64.4"," 11.7"," 0.00","1014.0","999.9","997.2","  72.9","  6.2","  8.5"
"34504099999","48.6","34.9666666","143.0","2009-08-06","  55.1","000000","999.9","  84.6","  59.2","  9.7"," 0.00","1014.3","999.9","997.5","  72.0","  6.2","  7.5"
"34504099999","48.6","34.9666666","143.0","2009-08-07","  50.5","000000","999.9","  78.6","  51.3","  9.7"," 0.00","1013.5","999.9","996.5","  68.1","  6.2","  8.3"
"34504099999","48.6","34.9666666","143.0","2009-08-08","  44.3","000000","999.9","  75.7","  55.8"," 15.5"," 0.00","1015.7","999.9","998.6","  64.6","  5.7"," 10.2"
"34504099999","48.6","34.9666666","143.0","2009-08-09","  47.0","010000","999.9","  75.6","  48.2","  9.7"," 0.12","1017.7","999.9","000.4","  58.5","  6.2","  6.4"
"34504099999","48.6","34.9666666","143.0","2009-08-10","  48.6","000000","999.9","  73.2","  48.6","  9.7"," 0.00","1019.9","999.9","002.7","  61.1","  6.2","  8.0"
"34504099999","48.6","34.9666666","143.0","2009-08-11","  47.3","000000","999.9","  76.1","  52.0"," 11.7"," 0.00","1020.0","999.9","002.8","  64.0","  6.2","  6.8"
"34504099999","48.6","34.9666666","143.0","2009-08-12","  48.1","000000","999.9","  82.6","  54.3","  7.8"," 0.00","1016.5","999.9","999.5","  69.2","  6.2","  4.9"
"34504099999","48.6","34.9666666","143.0","2009-08-13","  46.6","000000","999.9","  82.0","  57.2"," 11.7"," 0.00","1013.8","999.9","996.9","  70.9","  6.2","  5.6"
"34504099999","48.6","34.9666666","143.0","2009-08-14","  54.5","010000","999.9","  82.2","  61.2"," 11.7"," 0.02","1013.7","999.9","996.8","  70.0","  6.2","  7.0"
"34504099999","48.6","34.9666666","143.0","2009-08-15","  49.7","000000","999.9","  79.5","  54.1","  7.8"," 0.00","1017.7","999.9","000.7","  67.9","  6.2","  4.6"
"34504099999","48.6","34.9666666","143.0","2009-08-16","  47.3","000000","999.9","  79.7","  55.8","  9.7"," 0.00","1020.4","999.9","003.3","  67.5","  6.2","  6.3"
"34504099999","48.6","34.9666666","143.0","2009-08-17","  44.4","000000","999.9","  82.6","  57.4","  5.8"," 0.00","1018.9","999.9","002.0","  70.5","  6.2","  5.1"
"34504099999","48.6","34.9666666","143.0","2009-08-18","  43.6","000000","999.9","  87.3","  57.9","  5.8"," 0.00","1015.2","999.9","998.3","  74.0","  6.2","  4.1"
"34504099999","48.6","34.9666666","143.0","2009-08-19","  51.8","010000","999.9","  81.7","  59.4"," 11.7"," 0.08","1016.5","999.9","999.5","  69.7","  6.2","  6.8"
"34504099999","48.6","34.9666666","143.0","2009-08-20","  48.3","000000","999.9","  74.8","  55.2"," 11.7"," 0.00","1020.0","999.9","002.9","  65.0","  6.2","  8.5"
"34504099999","48.6","34.9666666","143.0","2009-08-21","  43.4","000000","999.9","  72.1","  50.5"," 13.6"," 0.00","1019.0","999.9","001.7","  61.0","  6.2","  8.3"
"34504099999","48.6","34.9666666","143.0","2009-08-22","  46.3","010000","999.9","  70.2","  45.9"," 15.5"," 0.00","1013.8","999.9","996.5","  58.2","  6.2","  9.2"
"34504099999","48.6","34.9666666","143.0","2009-08-23","  51.1","000000","999.9","  78.3","  57.2","  7.8"," 0.00","1015.1","999.9","998.0","  65.9","  6.2","  6.1"
"34504099999","48.6","34.9666666","143.0","2009-08-24","  53.1","000000","999.9","  84.2","  54.7"," 11.7"," 0.00","1016.2","999.9","999.3","  69.8","  6.2","  4.4"
"34504099999","48.6","34.9666666","143.0","2009-08-25","  48.9","000000","999.9","  79.3","  57.9"," 11.7"," 0.00","1016.8","999.9","999.7","  67.1","  6.2","  8.3"
"34504099999","48.6","34.9666666","143.0","2009-08-26","  45.6","000000","999.9","  80.2","  51.8"," 11.7"," 0.00","1019.9","999.9","002.7","  66.3","  6.2","  6.8"
"34504099999","48.6","34.9666666","143.0","2009-08-27","  46.6","000000","999.9","  81.9","  53.2","  5.8"," 0.00","1019.8","999.9","002.7","  68.8","  6.2","  2.4"
"34504099999","48.6","34.9666666","143.0","2009-08-28","  47.4","000000","999.9","  89.4","  57.9","  9.7"," 0.00","1015.2","999.9","998.4","  73.7","  6.2","  4.1"
"34504099999","48.6","34.9666666","143.0","2009-08-29","  53.5","000000","999.9","  88.3","  65.3","  9.7"," 0.00","1013.3","999.9","996.5","  74.2","  6.2","  5.3"
"34504099999","48.6","34.9666666","143.0","2009-08-30","  58.4","000000","999.9","  87.8","  61.0","  7.8"," 0.00","1014.2","999.9","997.5","  74.9","  6.2","  5.1"
"34504099999","48.6","34.9666666","143.0","2009-08-31","  57.9","000000","999.9","  84.0","  58.1"," 15.5"," 0.00","1016.8","999.9","999.8","  69.4","  6.2","  8.0"
"34504099999","48.6","34.9666666","143.0","2009-09-01","  57.4","010010","999.9","  63.1","  57.0"," 11.7"," 0.16","1019.5","999.9","002.2","  59.7","  4.5","  7.4"
"34504099999","48.6","34.9666666","143.0","2009-09-02","  60.4","010010","999.9","  63.0","  59.4","  9.7"," 1.49","1015.1","999.9","997.9","  61.4","  2.1","  6.8"
"34504099999","48.6","34.9666666","143.0","2009-09-03","  60.2","010010","999.9","  71.8","  59.9","  5.8"," 1.07","1012.8","999.9","995.8","  63.5","  3.6","  2.9"
"34504099999","48.6","34.9666666","143.0","2009-09-04","  57.4","010010","999.9","  73.4","  55.2","  7.8"," 0.04","1015.6","999.9","998.5","  63.2","  6.2","  5.6"
"34504099999","48.6","34.9666666","143.0","2009-09-05","  56.0","000000","999.9","  77.4","  54.3","  5.8"," 0.00","1015.9","999.9","998.9","  65.4","  5.7","  4.9"
"34504099999","48.6","34.9666666","143.0","2009-09-06","  58.1","000000","999.9","  79.7","  59.5","  7.8"," 0.00","1015.7","999.9","998.8","  68.6","  5.6","  4.4"
"34504099999","48.6","34.9666666","143.0","2009-09-07","  59.3","100000","999.9","  80.1","  60.4","  9.7"," 0.00","1016.4","999.9","999.4","  68.4","  4.8","  7.8"
"34504099999","48.6","34.9666666","143.0","2009-09-08","  48.9","000000","999.9","  81.5","  57.2"," 17.5"," 0.00","1021.1","999.9","004.0","  68.2","  6.2"," 12.6"
"34504099999","48.6","34.9666666","143.0","2009-09-09","  46.8","000000","999.9","  82.9","  56.8"," 23.3"," 0.00","1022.3","999.9","005.2","  68.7","  6.2"," 14.3"
"34504099999","48.6","34.9666666","143.0","2009-09-10","  46.4","000000","999.9","  84.9","  57.7"," 15.5"," 0.00","1020.9","999.9","003.9","  69.9","  6.2"," 11.4"
"34504099999","48.6","34.9666666","143.0","2009-09-11","  48.8","000000","999.9","  83.3","  60.1"," 13.6"," 0.00","1017.2","999.9","000.3","  69.6","  6.2","  9.2"
"34504099999","48.6","34.9666666","143.0","2009-09-12","  54.6","000000","999.9","  80.1","  55.4"," 11.7"," 0.00","1014.3","999.9","997.2","  66.8","  6.2","  7.3"
"34504099999","48.6","34.9666666","143.0","2009-09-13","  54.8","000000","999.9","  81.0","  55.9","  9.7"," 0.00","1013.2","999.9","996.3","  67.7","  6.2","  7.0"
"34504099999","48.6","34.9666666","143.0","2009-09-14","  53.0","000000","999.9","  79.3","  58.5","  7.8"," 0.00","1017.8","999.9","000.7","  66.6","  6.2","  5.1"
"34504099999","48.6","34.9666666","143.0","2009-09-15","  54.4","010010","999.9","  74.3","  58.1","  9.7"," 0.00","1018.8","999.9","001.6","  63.8","  6.2","  4.9"
"34504099999","48.6","34.9666666","143.0","2009-09-16","  52.9","000000","999.9","  80.6","  55.6","  9.7"," 0.00","1018.2","999.9","001.1","  65.8","  6.2","  6.8"
"34504099999","48.6","34.9666666","143.0","2009-09-17","  48.7","000000","999.9","  78.4","  55.2","  5.8"," 0.00","1015.8","999.9","998.8","  66.5","  6.2","  2.7"
"34504099999","48.6","34.9666666","143.0","2009-09-18","  52.0","000000","999.9","  75.7","  56.5"," 11.7"," 0.00","1014.1","999.9","997.0","  64.3","  6.2","  8.0"
"34504099999","48.6","34.9666666","143.0","2009-09-19","  44.2","000000","999.9","  69.4","  50.4"," 11.7"," 0.00","1017.4","999.9","000.1","  58.2","  6.2","  9.5"
"34504099999","48.6","34.9666666","143.0","2009-09-20","  39.3","000000","999.9","  66.7","  45.3"," 11.7"," 0.00","1020.6","999.9","003.1","  54.6","  6.2","  7.5"
"34504099999","48.6","34.9666666","143.0","2009-09-21","  39.5","000000","999.9","  72.0","  44.8","  9.7"," 0.00","1023.2","999.9","005.7","  57.6","  6.2","  6.3"
"34504099999","48.6","34.9666666","143.0","2009-09-22","  43.2","000000","999.9","  73.8","  48.2","  5.8"," 0.00","1023.1","999.9","005.8","  60.6","  6.2","  2.7"
"34504099999","48.6","34.9666666","143.0","2009-09-23","  49.3","000000","999.9","  77.4","  49.5","  9.7"," 0.00","1020.7","999.9","003.4","  62.7","  6.2","  6.3"
"34504099999","48.6","34.9666666","143.0","2009-09-24","  51.6","000000","999.9","  80.4","  54.3","  9.7"," 0.00","1017.1","999.9","000.0","  65.7","  6.2","  5.1"
"34504099999","48.6","34.9666666","143.0","2009-09-25","  54.4","110000","999.9","  64.0","  50.2","  3.9"," 0.16","1016.9","999.9","999.6","  57.6","  3.7","  2.8"
"34504099999","48.6","34.9666666","143.0","2009-09-26","  45.4","010000","999.9","  63.1","  44.8"," 15.5"," 0.00","1021.2","999.9","003.5","  49.7","  5.7","  6.7"
"34504099999","48.6","34.9666666","143.0","2009-09-27","  40.1","000000","999.9","  64.8","  39.2","  7.8"," 0.00","1026.7","999.9","008.9","  52.0","  6.2","  4.6"
"34504099999","48.6","34.9666666","143.0","2009-09-28","  45.3","000000","999.9","  61.9","  43.3","  5.8"," 0.00","1022.5","999.9","004.9","  52.9","  5.7","  3.6"
"34504099999","48.6","34.9666666","143.0","2009-09-29","  50.4","010000","999.9","  71.1","  52.2"," 15.5"," 0.00","1010.9","999.9","993.7","  63.1","  6.2"," 10.3"
"34504099999","48.6","34.9666666","143.0","2009-09-30","  46.4","010000","999.9","  59.4","  39.2"," 11.7"," 0.03","1010.9","999.9","993.4","  49.3","  5.4","  3.9"
"34504099999","48.6","34.9666666","143.0","2009-10-01","  33.7","000000","999.9","  60.3","  34.5"," 11.7"," 0.00","1018.1","999.9","000.3","  48.6","  6.2","  6.6"
"34504099999","48.6","34.9666666","143.0","2009-10-02","  54.7","010010","999.9","  65.3","  50.9"," 15.5"," 0.91","1010.7","999.9","993.5","  58.0","  5.4","  7.4"
"34504099999","48.6","34.9666666","143.0","2009-10-03","  44.5","010000","999.9","  52.7","  41.9","  7.8"," 0.16","1017.9","999.9","000.2","  47.8","  5.4","  3.9"
"34504099999","48.6","34.9666666","143.0","2009-10-04","  45.3","010000","999.9","  53.8","  38.3","  9.7","99.99","1018.0","999.9","000.2","  47.4","  5.3","  5.6"
"34504099999","48.6","34.9666666","143.0","2009-10-05","  51.2","100000","999.9","  64.8","  49.1","  7.8"," 0.04","1015.0","999.9","997.6","  55.2","  4.8","  5.5"
"34504099999","48.6","34.9666666","143.0","2009-10-06","  40.0","000000","999.9","  61.9","  40.6","  7.8"," 0.00","1022.2","999.9","004.5","  50.4","  6.2","  4.1"
"34504099999","48.6","34.9666666","143.0","2009-10-07","  40.3","000000","999.9","  63.1","  41.5","  7.8"," 0.00","1025.8","999.9","008.1","  51.8","  6.2","  3.9"
"34504099999","48.6","34.9666666","143.0","2009-10-08","  45.1","000000","999.9","  68.0","  45.7","  7.8"," 0.00","1021.1","999.9","003.5","  55.4","  6.2","  4.9"
"34504099999","48.6","34.9666666","143.0","2009-10-09","  50.9","010010","999.9","  71.6","  48.2"," 11.7","99.99","1016.8","999.9","999.5","  59.9","  5.6","  6.6"
"34504099999","48.6","34.9666666","143.0","2009-10-10","  42.1","010000","999.9","  62.4","  46.6"," 11.7"," 0.20","1023.2","999.9","005.6","  54.0","  6.2","  8.0"
"34504099999","48.6","34.9666666","143.0","2009-10-11","  49.9","010000","999.9","  64.0","  48.9","  7.8"," 0.00","1018.2","999.9","000.8","  56.5","  6.2","  5.3"
"34504099999","48.6","34.9666666","143.0","2009-10-12","  54.8","000000","999.9","  65.5","  52.2","  9.7"," 0.00","1011.0","999.9","993.8","  59.0","  5.6","  5.6"
"34504099999","48.6","34.9666666","143.0","2009-10-13","  56.7","000000","999.9","  72.0","  56.3"," 11.7"," 0.00","1006.0","999.9","989.0","  62.6","  4.9","  6.8"
"34504099999","48.6","34.9666666","143.0","2009-10-14","  48.5","000000","999.9","  62.2","  44.4"," 15.5"," 0.00","1007.8","999.9","990.6","  54.8","  5.7","  8.6"
"34504099999","48.6","34.9666666","143.0","2009-10-15","  37.1","000000","999.9","  59.9","  43.5"," 11.7"," 0.00","1023.9","999.9","006.2","  52.1","  6.2","  6.9"
"34504099999","48.6","34.9666666","143.0","2009-10-16","  49.2","010000","999.9","  66.0","  44.6"," 11.7"," 0.00","1018.8","999.9","001.5","  56.5","  6.2","  8.0"
"34504099999","48.6","34.9666666","143.0","2009-10-17","  50.4","110010","999.9","  59.5","  47.5","  9.7"," 0.04","1014.7","999.9","997.1","  51.1","  1.5","  7.4"
"34504099999","48.6","34.9666666","143.0","2009-10-18","  51.0","110000","999.9","  58.3","  45.9","  9.7"," 0.04","1016.5","999.9","998.9","  51.5","  1.1","  5.6"
"34504099999","48.6","34.9666666","143.0","2009-10-19","  51.7","100000","999.9","  55.8","  49.8"," 11.7"," 0.00","1019.8","999.9","002.2","  53.1","  2.0","  7.8"
"34504099999","48.6","34.9666666","143.0","2009-10-20","  56.4","100000","999.9","  66.9","  52.7"," 17.5"," 0.02","1017.9","999.9","000.6","  58.2","  2.3"," 10.5"
"34504099999","48.6","34.9666666","143.0","2009-10-21","  55.1","110000","999.9","  63.0","  52.2","  5.8"," 0.08","1016.5","999.9","999.1","  56.4","  2.8","  3.3"
"34504099999","48.6","34.9666666","143.0","2009-10-22","  53.3","100000","999.9","  60.1","  48.2","  7.8"," 0.59","1019.2","999.9","001.7","  54.6","  1.3","  2.8"
"34504099999","48.6","34.9666666","143.0","2009-10-23","  47.1","000000","999.9","  59.9","  42.1","  7.8"," 0.00","1021.0","999.9","003.3","  50.8","  4.4","  3.4"
"34504099999","48.6","34.9666666","143.0","2009-10-24","  52.7","100000","999.9","  66.2","  46.8","  7.8"," 0.00","1017.0","999.9","999.6","  56.0","  3.2","  3.6"
"34504099999","48.6","34.9666666","143.0","2009-10-25","  42.6","000000","999.9","  55.6","  46.6"," 13.6"," 0.00","1022.5","999.9","004.8","  50.0","  6.2"," 10.2"
"34504099999","48.6","34.9666666","143.0","2009-10-26","  39.9","000000","999.9","  48.2","  37.6","  9.7"," 0.00","1027.3","999.9","009.3","  44.5","  6.2","  7.8"
"34504099999","48.6","34.9666666","143.0","2009-10-27","  30.9","000000","999.9","  50.4","  30.0","  9.7"," 0.00","1020.5","999.9","002.4","  39.4","  6.2","  6.6"
"34504099999","48.6","34.9666666","143.0","2009-10-28","  37.6","110000","999.9","  46.4","  30.9","  7.8"," 0.12","1010.9","999.9","993.0","  39.9","  2.7","  4.7"
"34504099999","48.6","34.9666666","143.0","2009-10-29","  38.3","010000","999.9","  46.0","  41.2"," 11.7"," 0.12","1011.7","999.9","993.9","  42.3","  6.2","  7.4"
"34504099999","48.6","34.9666666","143.0","2009-10-30","  34.7","000000","999.9","  48.4","  34.5","  9.7"," 0.00","1020.9","999.9","002.9","  40.8","  6.2","  8.1"
"34504099999","48.6","34.9666666","143.0","2009-10-31","  23.8","000000","999.9","  41.4","  25.9","  7.8"," 0.00","1025.3","999.9","006.8","  33.2","  6.2","  4.6"
"34504099999","48.6","34.9666666","143.0","2009-11-01","  21.6","000000","999.9","  38.1","  28.2"," 11.7"," 0.00","1024.6","999.9","006.2","  32.2","  6.2","  6.8"
"34504099999","48.6","34.9666666","143.0","2009-11-02","  21.0","000000","999.9","  38.7","  23.0"," 15.5"," 0.00","1022.3","999.9","003.8","  29.5","  6.2"," 10.0"
"34504099999","48.6","34.9666666","143.0","2009-11-03","  25.0","001000","999.9","  30.7","  25.9"," 13.6"," 0.07","1018.6","  0.4","000.1","  28.1","  3.5"," 12.9"
"34504099999","48.6","34.9666666","143.0","2009-11-04","  28.1","010000","999.9","  32.5","  27.3"," 17.5","99.99","1015.5","  0.8","997.2","  30.4","  5.7"," 13.1"
"34504099999","48.6","34.9666666","143.0","2009-11-05","  36.6","010000","999.9","  39.0","  31.8"," 15.5"," 0.91","1014.6","999.9","996.6","  37.5","  2.9"," 12.0"
"34504099999","48.6","34.9666666","143.0","2009-11-06","  42.2","100000","999.9","  46.2","  37.4","  7.8"," 0.03","1023.4","999.9","005.5","  43.3","  3.8","  5.8"
"34504099999","48.6","34.9666666","143.0","2009-11-07","  44.3","100000","999.9","  53.1","  42.8"," 15.5"," 0.00","1023.1","999.9","005.2","  46.0","  4.2","  9.5"
"34504099999","48.6","34.9666666","143.0","2009-11-08","  38.8","000000","999.9","  41.4","  39.2"," 13.6"," 0.00","1020.2","999.9","002.2","  40.2","  4.7"," 11.2"
"34504099999","48.6","34.9666666","143.0","2009-11-09","  38.2","010000","999.9","  41.0","  38.5"," 11.7"," 0.00","1020.1","999.9","002.1","  39.9","  4.8","  9.7"
"34504099999","48.6","34.9666666","143.0","2009-11-10","  40.8","010000","999.9","  43.2","  39.9","  9.7"," 0.02","1017.3","999.9","999.4","  42.1","  3.6","  8.7"
"34504099999","48.6","34.9666666","143.0","2009-11-11","  44.2","110000","999.9","  51.1","  41.9"," 13.6"," 0.00","1008.9","999.9","991.3","  46.7","  4.2"," 10.8"
"34504099999","48.6","34.9666666","143.0","2009-11-12","  47.8","010000","999.9","  51.4","  46.0","  9.7"," 0.09","1008.2","999.9","990.7","  48.8","  2.5","  6.8"
"34504099999","48.6","34.9666666","143.0","2009-11-13","  47.5","110000","999.9","  52.5","  46.0","  7.8"," 0.28","1013.6","999.9","996.0","  48.6","  2.1","  3.6"
"34504099999","48.6","34.9666666","143.0","2009-11-14","  41.8","110000","999.9","  43.5","  42.3","  7.8"," 0.06","1020.9","999.9","002.9","  42.7","  1.9","  6.5"
"34504099999","48.6","34.9666666","143.0","2009-11-15","  38.6","100000","999.9","  46.9","  36.1","  5.8"," 0.00","1020.9","999.9","002.9","  41.8","  4.8","  2.8"
"34504099999","48.6","34.9666666","143.0","2009-11-16","  37.5","100000","999.9","  41.9","  33.4","  7.8"," 0.00","1019.1","999.9","001.0","  38.1","  1.2","  5.1"
"34504099999","48.6","34.9666666","143.0","2009-11-17","  38.7","010000","999.9","  45.3","  39.2","  7.8"," 0.01","1022.0","999.9","003.9","  40.9","  5.0","  2.9"
"34504099999","48.6","34.9666666","143.0","2009-11-18","  38.1","010000","999.9","  46.4","  39.2"," 13.6"," 0.03","1022.6","999.9","004.6","  42.7","  4.3","  7.5"
"34504099999","48.6","34.9666666","143.0","2009-11-19","  39.5","010000","999.9","  47.8","  36.7"," 11.7"," 0.04","1018.0","999.9","000.1","  43.0","  6.2","  7.8"
"34504099999","48.6","34.9666666","143.0","2009-11-20","  38.0","010000","999.9","  47.5","  41.0"," 13.6"," 0.00","1018.4","999.9","000.5","  43.3","  6.2"," 12.0"
"34504099999","48.6","34.9666666","143.0","2009-11-21","  37.1","100000","999.9","  44.4","  34.9","  7.8"," 0.00","1023.3","999.9","005.2","  40.7","  4.8","  5.3"
"34504099999","48.6","34.9666666","143.0","2009-11-22","  40.4","010000","999.9","  45.9","  40.3"," 13.6"," 0.08","1019.1","999.9","001.3","  44.3","  5.7"," 10.3"
"34504099999","48.6","34.9666666","143.0","2009-11-23","  35.8","000000","999.9","  45.9","  36.7","  7.8"," 0.00","1018.0","999.9","000.1","  41.2","  5.3","  4.4"
"34504099999","48.6","34.9666666","143.0","2009-11-24","  40.9","100000","999.9","  46.8","  40.1","  7.8"," 0.00","1014.6","999.9","996.8","  42.6","  2.7","  5.1"
"34504099999","48.6","34.9666666","143.0","2009-11-25","  38.6","110000","999.9","  41.9","  35.2","  9.7"," 0.12","1013.8","999.9","995.9","  39.2","  0.8","  6.1"
"34504099999","48.6","34.9666666","143.0","2009-11-26","  38.6","100000","999.9","  47.5","  33.3","  7.8"," 0.00","1019.1","999.9","001.1","  41.3","  5.0","  5.6"
"34504099999","48.6","34.9666666","143.0","2009-11-27","  45.8","100000","999.9","  49.3","  43.3","  5.8"," 0.00","1018.4","999.9","000.6","  46.5","  1.2","  3.4"
"34504099999","48.6","34.9666666","143.0","2009-11-28","  45.4","100000","999.9","  48.2","  45.9"," 11.7"," 0.00","1017.7","999.9","999.9","  47.1","  2.8","  6.6"
"34504099999","48.6","34.9666666","143.0","2009-11-29","  46.6","100000","999.9","  51.1","  45.5","  7.8"," 0.00","1016.2","999.9","998.5","  47.5","  1.8","  5.8"
"34504099999","48.6","34.9666666","143.0","2009-11-30","  42.0","010000","999.9","  45.0","  42.4","  5.8"," 0.00","1023.0","999.9","005.0","  43.5","  1.9","  3.6"
"34504099999","48.6","34.9666666","143.0","2009-12-01","  43.6","000000","999.9","  48.9","  41.5","  9.7"," 0.00","1025.5","999.9","007.6","  46.6","  4.6","  7.5"
"34504099999","48.6","34.9666666","143.0","2009-12-02","  40.1","000000","999.9","  49.1","  39.2"," 11.7"," 0.00","1025.2","999.9","007.1","  42.8","  4.7","  8.5"
"34504099999","48.6","34.9666666","143.0","2009-12-03","  34.1","000000","999.9","  43.9","  35.6"," 11.7"," 0.00","1019.1","999.9","001.0","  38.2","  6.2"," 10.2"
"34504099999","48.6","34.9666666","143.0","2009-12-04","  34.3","000000","999.9","  41.0","  34.7"," 11.7"," 0.00","1015.2","999.9","997.1","  38.9","  6.2","  9.2"
"34504099999","48.6","34.9666666","143.0","2009-12-05","  38.9","110000","999.9","  41.4","  38.7","  9.7"," 0.00","1015.6","999.9","997.7","  40.1","  2.2","  7.0"
"34504099999","48.6","34.9666666","143.0","2009-12-06","  37.7","011000","999.9","  41.2","  32.5"," 11.7"," 0.32","1019.6","999.9","001.5","  38.7","  2.5","  8.1"
"34504099999","48.6","34.9666666","143.0","2009-12-07","  28.0","001000","999.9","  31.5","  27.7"," 15.5"," 0.32","1024.4","  1.2","005.8","  29.4","  4.3"," 13.6"
"34504099999","48.6","34.9666666","143.0","2009-12-08","  26.9","000000","999.9","  31.5","  27.1"," 13.6"," 0.00","1025.7","999.9","007.1","  29.2","  5.0"," 11.4"
"34504099999","48.6","34.9666666","143.0","2009-12-09","  25.1","000000","999.9","  28.9","  26.6"," 11.7"," 0.00","1025.5","  0.8","006.9","  28.2","  6.2"," 10.2"
"34504099999","48.6","34.9666666","143.0","2009-12-10","  26.8","011000","999.9","  30.4","  27.5","  7.8"," 0.00","1023.9","  0.8","005.4","  28.8","  3.9","  5.8"
"34504099999","48.6","34.9666666","143.0","2009-12-11","  28.0","001000","999.9","  32.4","  28.0","  7.8"," 0.16","1019.4","  0.8","000.9","  29.6","  3.3","  7.1"
"34504099999","48.6","34.9666666","143.0","2009-12-12","  22.7","001000","999.9","  27.3","  22.1"," 11.7"," 0.00","1016.2","  0.8","997.6","  25.2","  5.0","  8.4"
"34504099999","48.6","34.9666666","143.0","2009-12-13","  17.5","011000","999.9","  23.9","  18.0"," 13.6"," 0.00","1015.6","  0.8","996.8","  20.4","  5.0"," 11.7"
"34504099999","48.6","34.9666666","143.0","2009-12-14","  10.4","000000","999.9","  23.5","  10.4","  7.8"," 0.00","1021.6","  0.8","002.6","  15.7","  6.2","  3.6"
"34504099999","48.6","34.9666666","143.0","2009-12-15","  14.6","001000","999.9","  21.7","  12.2"," 11.7"," 0.02","1022.1","  0.8","003.2","  18.1","  5.7","  3.6"
"34504099999","48.6","34.9666666","143.0","2009-12-16","   7.4","001000","999.9","  15.6","   7.0"," 23.3"," 0.01","1020.0","  0.8","000.8","  10.8","  4.8"," 17.2"
"34504099999","48.6","34.9666666","143.0","2009-12-17","   5.9","001000","999.9","  10.8","   5.2"," 25.3"," 0.99","1012.0","999.9","992.9","   8.8","  2.0"," 21.0"
"34504099999","48.6","34.9666666","143.0","2009-12-18","   5.8","001000","999.9","  12.2","   8.8"," 19.4"," 0.20","1010.4","  7.1","991.4","  10.3","  4.3"," 15.3"
"34504099999","48.6","34.9666666","143.0","2009-12-19","  10.3","001000"," 35.0","  21.0","   6.8"," 27.2"," 0.74","1003.1","  8.3","984.3","  12.9","  2.3"," 16.5"
"34504099999","48.6","34.9666666","143.0","2009-12-20","  19.2","010000","999.9","  38.5","   1.2"," 17.5"," 0.12","1005.8","  9.4","987.3","  21.6","  4.6","  9.7"
"34504099999","48.6","34.9666666","143.0","2009-12-21","   8.8","001000","999.9","  24.8","   4.3"," 15.5"," 0.31","1015.9","  7.5","996.8","  13.1","  6.2"," 10.0"
"34504099999","48.6","34.9666666","143.0","2009-12-22","  14.5","000000","999.9","  27.5","   2.7"," 13.6"," 0.00","1026.1","  7.1","007.0","  18.4","  6.2","  9.0"
"34504099999","48.6","34.9666666","143.0","2009-12-23","  21.1","000000","999.9","  27.9","  21.6"," 13.6"," 0.00","1021.8","  7.1","003.1","  25.3","  6.2"," 11.7"
"34504099999","48.6","34.9666666","143.0","2009-12-24","  33.4","110000","999.9","  34.7","  25.7"," 11.7"," 0.04","1017.1","  6.7","998.9","  33.8","  0.8","  8.9"
"34504099999","48.6","34.9666666","143.0","2009-12-25","  35.9","100000","999.9","  39.0","  33.3","  9.7"," 0.00","1013.9","  5.9","995.8","  36.0","  0.1","  7.3"
"34504099999","48.6","34.9666666","143.0","2009-12-26","  39.0","110000","999.9","  42.3","  35.1"," 19.4"," 0.28","1002.7","  2.0","985.0","  39.2","  1.3"," 10.7"
"34504099999","48.6","34.9666666","143.0","2009-12-27","  30.0","000000","999.9","  37.4","  30.2"," 11.7"," 0.00","1012.6","  0.8","994.4","  33.2","  4.9","  6.7"
"34504099999","48.6","34.9666666","143.0","2009-12-28","  34.4","011000","999.9","  42.4","  31.1"," 23.3"," 0.31","1001.7","  0.4","983.8","  35.5","  3.6"," 11.9"
"34504099999","48.6","34.9666666","143.0","2009-12-29","  30.1","011000","999.9","  37.6","  33.3"," 25.3"," 0.08"," 996.7","999.9","978.9","  35.0","  6.2"," 21.7"
"34504099999","48.6","34.9666666","143.0","2009-12-30","  24.1","001000","999.9","  32.4","  28.9"," 19.4"," 0.00","1008.2","999.9","990.0","  30.6","  5.4"," 13.6"
"34504099999","48.6","34.9666666","143.0","2009-12-31","  38.2","110000","999.9","  45.1","  28.8"," 13.6"," 0.55"," 997.4","999.9","979.7","  39.4","  1.4"," 11.3"
"34504099999","48.6","34.9666666","143.0","2010-01-01","  29.9","110000","999.9","  32.0","  29.3"," 13.6"," 0.03"," 999.5","999.9","981.5","  30.4","  1.3","  8.6"
"34504099999","48.6","34.9666666","143.0","2010-01-02","  30.7","111000","999.9","  36.1","  24.6"," 17.5"," 0.20"," 991.0","999.9","973.1","  31.4","  1.0","  9.7"
"34504099999","48.6","34.9666666","143.0","2010-01-03","  14.8","000000","999.9","  21.7","  14.5"," 13.6"," 0.02","1007.8","999.9","989.1","  18.2","  6.2"," 11.7"
"34504099999","48.6","34.9666666","143.0","2010-01-04","   8.7","001000","999.9","  17.1","   8.6"," 11.7"," 0.00","1018.8","999.9","999.7","  12.5","  5.7","  7.2"
"34504099999","48.6","34.9666666","143.0","2010-01-05","  10.6","001000","999.9","  17.6","   7.0","  3.9"," 0.04","1026.8","999.9","007.6","  12.7","  4.1","  1.3"
"34504099999","48.6","34.9666666","143.0","2010-01-06","  20.7","001000","999.9","  30.2","  11.8"," 17.5"," 0.20","1022.4","  0.4","003.6","  22.7","  3.7"," 11.9"
"34504099999","48.6","34.9666666","143.0","2010-01-07","  31.9","110000","999.9","  34.7","  29.3"," 13.6"," 0.36","1013.8","  2.4","995.6","  32.7","  2.2"," 11.3"
"34504099999","48.6","34.9666666","143.0","2010-01-08","  34.4","100000","999.9","  36.1","  33.6","  5.8"," 0.08","1025.0","  1.2","006.7","  34.4","  0.1","  4.2"
"34504099999","48.6","34.9666666","143.0","2010-01-09","  34.0","100000","999.9","  39.7","  31.3"," 11.7"," 0.04","1024.3","  0.4","005.9","  34.2","  1.0","  7.2"
"34504099999","48.6","34.9666666","143.0","2010-01-10","  32.4","000000","999.9","  35.8","  32.4"," 15.5"," 0.00","1017.4","999.9","999.2","  34.3","  4.0"," 11.7"
"34504099999","48.6","34.9666666","143.0","2010-01-11","  32.4","001000","999.9","  36.1","  32.2"," 17.5"," 0.04","1011.8","999.9","993.7","  34.3","  4.9"," 14.1"
"34504099999","48.6","34.9666666","143.0","2010-01-12","  33.1","111000","999.9","  35.8","  31.3"," 11.7"," 0.32","1012.7","  0.8","994.5","  33.7","  1.7","  6.8"
"34504099999","48.6","34.9666666","143.0","2010-01-13","  31.3","110000","999.9","  33.6","  32.2","  7.8"," 0.05","1014.0","  0.4","995.8","  32.7","  3.1","  3.6"
"34504099999","48.6","34.9666666","143.0","2010-01-14","  31.5","100000","999.9","  33.6","  31.1"," 15.5"," 0.02","1015.7","999.9","997.5","  32.1","  1.0"," 11.9"
"34504099999","48.6","34.9666666","143.0","2010-01-15","  27.0","001000","999.9","  29.8","  26.4"," 17.5"," 0.24","1019.5","  0.4","001.0","  28.5","  2.4"," 14.9"
"34504099999","48.6","34.9666666","143.0","2010-01-16","  21.0","001000","999.9","  25.9","  19.4"," 15.5"," 0.28","1032.8","  3.5","013.9","  23.1","  3.9"," 13.9"
"34504099999","48.6","34.9666666","143.0","2010-01-17","   7.5","000000","999.9","  16.7","   8.8"," 19.4"," 0.00","1039.5","  3.5","020.1","  12.9","  6.2"," 15.8"
"34504099999","48.6","34.9666666","143.0","2010-01-18","   8.8","000000","999.9","  18.3","   8.8"," 19.4"," 0.00","1032.8","  3.1","013.5","  14.6","  6.2"," 17.8"
"34504099999","48.6","34.9666666","143.0","2010-01-19","   8.1","000000"," 35.0","  18.1","  10.0"," 25.3"," 0.00","1026.8","  2.8","007.7","  14.8","  6.2"," 20.4"
"34504099999","48.6","34.9666666","143.0","2010-01-20","   8.2","001000","999.9","  15.8","  10.6"," 23.3"," 0.08","1024.2","  2.4","005.0","  13.8","  4.2"," 20.5"
"34504099999","48.6","34.9666666","143.0","2010-01-21","  12.1","001000","999.9","  16.2","  12.9"," 23.3"," 0.51","1024.9","  3.5","005.8","  14.6","  1.0"," 19.7"
"34504099999","48.6","34.9666666","143.0","2010-01-22","   5.2","001000","999.9","  11.7","   5.9"," 17.5"," 0.55","1030.4","  9.8","011.0","   8.8","  1.8"," 16.5"
"34504099999","48.6","34.9666666","143.0","2010-01-23","  -6.6","000000","999.9","  10.0","  -6.0"," 17.5"," 0.02","1030.1"," 11.0","010.4","   1.2","  6.2"," 15.8"
"34504099999","48.6","34.9666666","143.0","2010-01-24"," -11.3","000000","999.9","   1.8"," -11.0"," 17.5"," 0.00","1030.5","999.9","010.4","  -5.7","  5.7"," 13.4"
"34504099999","48.6","34.9666666","143.0","2010-01-25","  -9.9","000000","999.9","   6.8"," -11.2"," 11.7"," 0.00","1034.0"," 10.6","013.9","  -3.5","  6.2","  7.3"
"34504099999","48.6","34.9666666","143.0","2010-01-26","  -8.3","100000","999.9","   7.2"," -11.4","  3.9"," 0.00","1038.3"," 10.2","018.2","  -3.3","  5.5","  1.9"
"34504099999","48.6","34.9666666","143.0","2010-01-27","  -5.2","000000","999.9","   8.8","  -9.9","  7.8"," 0.00","1034.8","  9.8","014.9","  -0.1","  5.7","  3.6"
"34504099999","48.6","34.9666666","143.0","2010-01-28","   4.6","001000","999.9","  13.5","   3.0"," 11.7"," 0.02","1014.6","  9.1","995.5","   9.1","  4.9","  9.2"
"34504099999","48.6","34.9666666","143.0","2010-01-29","  19.2","001000","999.9","  25.3","  12.0","  9.7"," 0.39","1000.1","  9.8","981.7","  20.2","  2.1","  7.1"
"34504099999","48.6","34.9666666","143.0","2010-01-30","  13.9","101000","999.9","  23.7","   9.1","  9.7"," 0.08","1010.2"," 12.2","991.4","  16.5","  4.8","  6.4"
"34504099999","48.6","34.9666666","143.0","2010-01-31","  30.3","110000","999.9","  38.1","  15.8"," 11.7"," 0.05","1007.4"," 11.4","989.4","  33.7","  5.2","  9.4"
"34504099999","48.6","34.9666666","143.0","2010-02-01","  31.5","110000","999.9","  34.3","  30.9"," 13.6"," 0.08","1006.4","  7.9","988.3","  32.6","  3.1","  8.4"
"34504099999","48.6","34.9666666","143.0","2010-02-02","  27.8","110000","999.9","  34.9","  24.8"," 17.5"," 0.08","1009.7","  5.9","991.5","  29.7","  4.5"," 10.8"
"34504099999","48.6","34.9666666","143.0","2010-02-03","  25.1","001000","999.9","  33.4","  24.6"," 21.4"," 0.24","1011.4","999.9","993.0","  27.3","  4.6"," 16.4"
"34504099999","48.6","34.9666666","143.0","2010-02-04","  18.2","011000","999.9","  26.2","  16.2"," 15.5"," 0.03","1020.3","  6.7","001.5","  20.9","  3.7"," 13.6"
"34504099999","48.6","34.9666666","143.0","2010-02-05","   9.2","001000","999.9","  20.8","   8.2"," 19.4"," 0.00","1032.9","  7.5","013.6","  14.8","  4.3"," 16.5"
"34504099999","48.6","34.9666666","143.0","2010-02-06","   3.5","000000","999.9","  23.5","   3.7"," 15.5"," 0.00","1033.4","  7.1","014.0","  12.1","  6.2"," 13.6"
"34504099999","48.6","34.9666666","143.0","2010-02-07","   9.7","001000","999.9","  23.0","   8.1"," 19.4"," 0.12","1025.4","  7.1","006.2","  14.2","  4.3"," 15.5"
"34504099999","48.6","34.9666666","143.0","2010-02-08","  19.5","011000","999.9","  25.5","  16.9"," 17.5"," 0.11","1014.3","  8.7","995.7","  22.6","  6.2"," 16.4"
"34504099999","48.6","34.9666666","143.0","2010-02-09","  24.0","011000","999.9","  28.6","  24.3"," 17.5"," 0.36","1011.5","  7.9","993.1","  25.9","  4.3"," 14.2"
"34504099999","48.6","34.9666666","143.0","2010-02-10","  26.1","011000","999.9","  33.1","  23.4"," 17.5"," 0.16","1019.5"," 10.2","001.0","  27.9","  3.8"," 13.9"
"34504099999","48.6","34.9666666","143.0","2010-02-11","  18.3","000000"," 36.9","  24.8","  18.7"," 23.3"," 0.00","1022.9"," 10.2","004.1","  21.7","  5.7"," 20.2"
"34504099999","48.6","34.9666666","143.0","2010-02-12","  18.7","001000"," 35.0","  24.8","  18.1"," 27.2"," 0.16","1021.7"," 10.2","002.9","  21.6","  4.9"," 22.2"
"34504099999","48.6","34.9666666","143.0","2010-02-13","  24.8","010000","999.9","  31.6","  21.6"," 19.4"," 0.28","1016.7"," 10.2","998.2","  26.0","  4.5"," 14.9"
"34504099999","48.6","34.9666666","143.0","2010-02-14","  31.6","010000","999.9","  35.6","  30.6"," 11.7"," 0.29","1010.5"," 10.2","992.3","  32.7","  4.1","  9.4"
"34504099999","48.6","34.9666666","143.0","2010-02-15","  30.7","111000","999.9","  34.5","  27.5"," 17.5"," 0.28","1003.8","  9.8","985.7","  31.1","  0.6","  9.2"
"34504099999","48.6","34.9666666","143.0","2010-02-16","  26.8","001000","999.9","  31.3","  27.0"," 19.4"," 0.91","1006.9"," 13.4","988.7","  29.0","  3.8"," 11.7"
"34504099999","48.6","34.9666666","143.0","2010-02-17","  21.1","000000","999.9","  31.3","  19.0","  5.8"," 0.00","1016.4"," 13.0","997.8","  25.1","  6.2","  3.4"
"34504099999","48.6","34.9666666","143.0","2010-02-18","  24.4","000000","999.9","  30.6","  22.1"," 11.7"," 0.00","1015.1"," 12.2","996.6","  26.8","  4.7"," 10.7"
"34504099999","48.6","34.9666666","143.0","2010-02-19","  29.5","010000","999.9","  34.3","  27.7","  9.7","99.99","1011.9"," 11.8","993.7","  31.3","  4.5","  8.0"
"34504099999","48.6","34.9666666","143.0","2010-02-20","  35.2","110000","999.9","  38.7","  31.8","  9.7"," 0.16","1001.4"," 11.4","983.5","  35.2","  0.1","  8.7"
"34504099999","48.6","34.9666666","143.0","2010-02-21","  35.6","100000","999.9","  38.8","  33.4","  7.8"," 0.12"," 991.9","  9.8","974.2","  35.6","  0.1","  4.2"
"34504099999","48.6","34.9666666","143.0","2010-02-22","  26.3","000000","999.9","  36.9","  25.2"," 19.4"," 0.00","1008.1","  8.7","989.9","  31.7","  6.2"," 14.7"
"34504099999","48.6","34.9666666","143.0","2010-02-23","  27.2","000000","999.9","  38.7","  22.3","  7.8"," 0.00","1016.7","  7.5","998.4","  31.0","  5.6","  5.8"
"34504099999","48.6","34.9666666","143.0","2010-02-24","  29.0","000000","999.9","  39.0","  29.3","  7.8"," 0.00","1014.0","  6.7","995.8","  33.7","  6.2","  6.6"
"34504099999","48.6","34.9666666","143.0","2010-02-25","  29.2","000000","999.9","  40.8","  29.5","  9.7"," 0.00","1014.3","  5.9","996.1","  33.6","  6.2","  8.5"
"34504099999","48.6","34.9666666","143.0","2010-02-26","  27.0","000000","999.9","  35.6","  25.5"," 11.7"," 0.00","1016.6","  5.5","998.2","  29.7","  5.3","  9.5"
"34504099999","48.6","34.9666666","143.0","2010-02-27","  26.2","000000","999.9","  30.6","  27.9"," 11.7"," 0.00","1014.6","  5.5","996.2","  29.2","  5.7"," 10.0"
"34504099999","48.6","34.9666666","143.0","2010-02-28","  27.3","001000","999.9","  32.2","  28.2","  7.8"," 0.00","1016.2","  5.5","997.9","  30.3","  6.2","  5.6"
"34504099999","48.6","34.9666666","143.0","2010-03-01","  32.0","100000","999.9","  34.3","  31.8","  9.7"," 0.00","1015.2","  5.1","997.0","  33.2","  3.6","  7.0"
"34504099999","48.6","34.9666666","143.0","2010-03-02","  34.5","100000","999.9","  37.9","  28.0","  3.9"," 0.02","1013.9","  3.9","995.7","  34.5","  0.1","  2.5"
"34504099999","48.6","34.9666666","143.0","2010-03-03","  24.8","000000","999.9","  40.8","  24.6","  7.8"," 0.00","1017.6","  3.1","999.2","  31.8","  6.2","  3.6"
"34504099999","48.6","34.9666666","143.0","2010-03-04","  27.2","001000","999.9","  38.7","  24.8","  7.8"," 0.00","1017.3","  2.8","999.0","  30.1","  4.6","  3.1"
"34504099999","48.6","34.9666666","143.0","2010-03-05","  29.5","001000","999.9","  38.1","  27.1","  9.7"," 0.01","1012.2","999.9","994.0","  32.2","  5.7","  6.9"
"34504099999","48.6","34.9666666","143.0","2010-03-06","  30.0","011100","999.9","  35.2","  30.7"," 11.7"," 0.01","1007.9","  1.2","989.7","  32.1","  6.2"," 10.0"
"34504099999","48.6","34.9666666","143.0","2010-03-07","  24.6","001000","999.9","  32.2","  24.8"," 13.6"," 0.05","1016.2","  1.6","997.7","  27.9","  3.7"," 11.0"
"34504099999","48.6","34.9666666","143.0","2010-03-08","  22.3","001000","999.9","  30.4","  22.1","  7.8"," 0.02","1026.7","  2.0","008.0","  25.6","  4.8","  6.5"
"34504099999","48.6","34.9666666","143.0","2010-03-09","  21.0","000000","999.9","  34.0","  24.1"," 15.5"," 0.00","1023.5","999.9","004.9","  28.0","  6.2"," 12.9"
"34504099999","48.6","34.9666666","143.0","2010-03-10","  14.7","000000","999.9","  34.0","  19.9"," 11.7"," 0.00","1030.0","  0.8","011.2","  25.8","  6.2","  7.0"
"34504099999","48.6","34.9666666","143.0","2010-03-11","  20.8","000000","999.9","  36.1","  17.1","  9.7"," 0.00","1024.9","  0.8","006.3","  28.2","  6.2","  6.1"
"34504099999","48.6","34.9666666","143.0","2010-03-12","  24.4","001000","999.9","  31.1","  27.5"," 13.6"," 0.02","1009.4","  0.8","991.1","  29.9","  5.7","  9.7"
"34504099999","48.6","34.9666666","143.0","2010-03-13","  26.5","001000","999.9","  33.1","  28.9","  9.7"," 0.00","1009.0","  0.8","990.8","  30.1","  5.0","  8.3"
"34504099999","48.6","34.9666666","143.0","2010-03-14","  26.7","001000","999.9","  37.0","  28.8"," 19.4"," 0.01","1007.8","  0.4","989.7","  32.2","  4.6"," 10.5"
"34504099999","48.6","34.9666666","143.0","2010-03-15","  29.3","011000","999.9","  46.2","  20.7"," 17.5"," 0.16","1006.4","  0.8","988.4","  33.9","  3.8","  9.4"
"34504099999","48.6","34.9666666","143.0","2010-03-16","  18.8","001000","999.9","  33.4","  14.7"," 17.5"," 0.16","1014.4","  3.5","995.9","  26.5","  5.7","  9.2"
"34504099999","48.6","34.9666666","143.0","2010-03-17","  21.5","001000","999.9","  35.1","  23.4"," 15.5"," 0.02","1020.1","  2.8","001.6","  29.1","  6.2"," 10.5"
"34504099999","48.6","34.9666666","143.0","2010-03-18","  24.5","101000","999.9","  33.6","  21.2","  5.8"," 0.16","1025.3","  2.0","006.6","  26.7","  3.1","  3.2"
"34504099999","48.6","34.9666666","143.0","2010-03-19","  27.2","010000","999.9","  38.1","  18.3"," 13.6"," 0.01","1030.1","  2.0","011.5","  31.0","  5.7","  6.6"
"34504099999","48.6","34.9666666","143.0","2010-03-20","  34.3","000000","999.9","  53.4","  34.5"," 19.4"," 0.00","1024.2","  0.8","006.2","  42.3","  6.2"," 14.1"
"34504099999","48.6","34.9666666","143.0","2010-03-21","  40.1","000000","999.9","  57.9","  35.8"," 15.5"," 0.00","1017.8","999.9","000.0","  45.0","  5.5","  9.7"
"34504099999","48.6","34.9666666","143.0","2010-03-22","  40.0","010000","999.9","  56.1","  39.7"," 13.6"," 0.03","1015.0","999.9","997.2","  44.5","  5.7","  8.6"
"34504099999","48.6","34.9666666","143.0","2010-03-23","  28.6","000000","999.9","  48.2","  34.0"," 11.7"," 0.00","1024.1","999.9","006.0","  39.9","  6.2","  7.5"
"34504099999","48.6","34.9666666","143.0","2010-03-24","  33.0","000000","999.9","  52.7","  29.8"," 13.6"," 0.00","1020.5","999.9","002.5","  41.0","  6.2","  8.7"
"34504099999","48.6","34.9666666","143.0","2010-03-25","  31.0","000000","999.9","  51.3","  30.7","  7.8"," 0.00","1027.6","999.9","009.5","  40.2","  6.2","  6.1"
"34504099999","48.6","34.9666666","143.0","2010-03-26","  29.8","000000","999.9","  53.8","  30.4","  9.7"," 0.00","1031.1","999.9","012.9","  41.7","  5.7","  7.5"
"34504099999","48.6","34.9666666","143.0","2010-03-27","  25.4","000000","999.9","  59.4","  30.4"," 13.6"," 0.00","1021.1","999.9","003.2","  43.5","  6.2","  9.7"
"34504099999","48.6","34.9666666","143.0","2010-03-28","  32.7","000000","999.9","  57.4","  34.7"," 13.6"," 0.00","1010.9","999.9","993.1","  44.2","  6.2"," 10.7"
"34504099999","48.6","34.9666666","143.0","2010-03-29","  37.0","000000","999.9","  63.3","  30.9"," 11.7"," 0.00","1009.2","999.9","991.5","  45.7","  5.3","  8.3"
"34504099999","48.6","34.9666666","143.0","2010-03-30","  41.8","000000","999.9","  57.4","  40.1","  5.8"," 0.00","1016.7","999.9","999.0","  47.8","  5.1","  3.6"
"34504099999","48.6","34.9666666","143.0","2010-03-31","  41.9","000000","999.9","  63.9","  36.7","  9.7"," 0.00","1017.4","999.9","999.8","  51.1","  5.3","  4.4"
"34504099999","48.6","34.9666666","143.0","2010-04-01","  42.1","010000","999.9","  58.6","  39.7","  9.7"," 0.00","1014.7","999.9","997.1","  49.8","  5.7","  5.6"
"34504099999","48.6","34.9666666","143.0","2010-04-02","  46.6","010000","999.9","  55.4","  45.5","  5.8"," 0.32","1012.8","999.9","995.2","  48.6","  3.0","  2.6"
"34504099999","48.6","34.9666666","143.0","2010-04-03","  46.0","100000","999.9","  54.9","  45.3","  5.8"," 0.03","1016.8","999.9","999.1","  49.2","  4.5","  2.5"
"34504099999","48.6","34.9666666","143.0","2010-04-04","  44.6","000000","999.9","  62.2","  43.5","  7.8"," 0.00","1023.5","999.9","005.8","  52.0","  5.6","  2.4"
"34504099999","48.6","34.9666666","143.0","2010-04-05","  42.5","000000","999.9","  64.4","  42.3","  5.8"," 0.00","1026.2","999.9","008.5","  53.9","  5.1","  4.4"
"34504099999","48.6","34.9666666","143.0","2010-04-06","  39.9","000000","999.9","  67.1","  43.9"," 15.5"," 0.00","1021.9","999.9","004.3","  54.2","  6.2"," 10.9"
"34504099999","48.6","34.9666666","143.0","2010-04-07","  34.6","000000","999.9","  64.6","  44.6"," 21.4"," 0.00","1019.7","999.9","002.1","  52.2","  6.2"," 14.3"
"34504099999","48.6","34.9666666","143.0","2010-04-08","  36.3","000000","999.9","  56.3","  39.9"," 17.5"," 0.00","1021.0","999.9","003.2","  47.6","  6.2"," 12.1"
"34504099999","48.6","34.9666666","143.0","2010-04-09","  36.6","010000","999.9","  49.1","  41.2"," 13.6"," 0.00","1023.0","999.9","005.0","  44.2","  6.2"," 10.5"
"34504099999","48.6","34.9666666","143.0","2010-04-10","  37.5","000000","999.9","  57.2","  41.0","  7.8"," 0.00","1019.7","999.9","001.9","  47.4","  6.2","  5.6"
"34504099999","48.6","34.9666666","143.0","2010-04-11","  37.4","010000","999.9","  48.4","  36.1"," 11.7"," 0.00","1018.7","999.9","000.8","  43.2","  6.2","  8.3"
"34504099999","48.6","34.9666666","143.0","2010-04-12","  37.0","010000","999.9","  54.0","  39.7"," 11.7"," 0.00","1017.9","999.9","000.1","  45.9","  6.2","  8.0"
"34504099999","48.6","34.9666666","143.0","2010-04-13","  39.7","010000","999.9","  56.7","  42.4","  5.8"," 0.13","1018.6","999.9","000.8","  46.9","  6.2","  2.8"
"34504099999","48.6","34.9666666","143.0","2010-04-14","  38.3","110000","999.9","  60.4","  36.7","  3.9"," 0.01","1019.2","999.9","001.5","  47.9","  5.0","  2.7"
"34504099999","48.6","34.9666666","143.0","2010-04-15","  33.6","000000","999.9","  63.1","  37.8","  5.8"," 0.00","1019.0","999.9","001.3","  51.3","  6.2","  3.9"
"34504099999","48.6","34.9666666","143.0","2010-04-16","  39.7","010000","999.9","  55.6","  39.7"," 11.7"," 0.08","1016.6","999.9","998.9","  47.3","  5.7","  5.1"
"34504099999","48.6","34.9666666","143.0","2010-04-17","  44.5","010000","999.9","  59.7","  43.5"," 13.6"," 0.02","1013.3","999.9","995.8","  50.8","  5.4","  8.9"
"34504099999","48.6","34.9666666","143.0","2010-04-18","  31.7","000000","999.9","  59.2","  34.0"," 13.6"," 0.00","1021.7","999.9","003.9","  48.6","  6.2","  8.5"
"34504099999","48.6","34.9666666","143.0","2010-04-19","  33.7","000000","999.9","  64.9","  37.8","  9.7"," 0.00","1021.1","999.9","003.5","  52.4","  6.2","  4.9"
"34504099999","48.6","34.9666666","143.0","2010-04-20","  40.9","010000","999.9","  69.6","  43.3"," 11.7","99.99","1009.6","999.9","992.4","  57.5","  6.2","  8.3"
"34504099999","48.6","34.9666666","143.0","2010-04-21","  51.4","010000","999.9","  62.6","  51.4","  5.8"," 0.20","1002.8","999.9","985.6","  55.6","  4.8","  4.2"
"34504099999","48.6","34.9666666","143.0","2010-04-22","  43.1","000000","999.9","  63.5","  42.1"," 13.6"," 0.00","1007.4","999.9","990.1","  52.6","  5.7","  7.8"
"34504099999","48.6","34.9666666","143.0","2010-04-23","  29.8","000000","999.9","  58.3","  33.3"," 17.5"," 0.00","1021.7","999.9","003.8","  46.9","  6.2","  8.7"
"34504099999","48.6","34.9666666","143.0","2010-04-24","  30.0","000000","999.9","  64.6","  37.6"," 11.7"," 0.00","1026.2","999.9","008.5","  52.8","  6.2","  7.3"
"34504099999","48.6","34.9666666","143.0","2010-04-25","  33.7","000000","999.9","  68.2","  44.6"," 17.5"," 0.00","1024.8","999.9","007.2","  54.8","  6.2","  7.8"
"34504099999","48.6","34.9666666","143.0","2010-04-26","  25.3","000000","999.9","  60.4","  36.1"," 13.6"," 0.00","1029.8","999.9","011.8","  48.3","  6.2","  9.0"
"34504099999","48.6","34.9666666","143.0","2010-04-27","  24.3","000000","999.9","  63.3","  36.0","  5.8"," 0.00","1028.7","999.9","010.8","  51.5","  6.2","  2.4"
"34504099999","48.6","34.9666666","143.0","2010-04-28","  28.2","000000","999.9","  63.7","  39.0","  7.8"," 0.00","1023.4","999.9","005.8","  53.9","  5.7","  4.6"
"34504099999","48.6","34.9666666","143.0","2010-04-29","  39.6","000000","999.9","  69.3","  46.0"," 11.7"," 0.00","1018.9","999.9","001.4","  57.2","  6.2","  5.8"
"34504099999","48.6","34.9666666","143.0","2010-04-30","  39.6","000000","999.9","  70.0","  44.2","  5.8"," 0.00","1017.2","999.9","999.9","  58.2","  6.2","  3.2"
"34504099999","48.6","34.9666666","143.0","2010-05-01","  41.4","000000","999.9","  73.2","  50.9","  5.8"," 0.00","1017.3","999.9","000.0","  62.0","  6.2","  1.7"
"34504099999","48.6","34.9666666","143.0","2010-05-02","  40.5","000000","999.9","  75.4","  48.6","  5.8"," 0.00","1018.6","999.9","001.3","  62.0","  6.2","  3.4"
"34504099999","48.6","34.9666666","143.0","2010-05-03","  42.3","000000","999.9","  73.4","  47.1","  9.7"," 0.00","1020.1","999.9","002.9","  62.7","  6.2","  5.8"
"34504099999","48.6","34.9666666","143.0","2010-05-04","  40.4","000000","999.9","  77.9","  50.0","  9.7"," 0.00","1020.6","999.9","003.4","  65.0","  6.2","  6.8"
"34504099999","48.6","34.9666666","143.0","2010-05-05","  42.1","000000","999.9","  77.7","  52.2"," 11.7"," 0.00","1018.2","999.9","001.0","  66.1","  6.2","  7.3"
"34504099999","48.6","34.9666666","143.0","2010-05-06","  42.8","000000","999.9","  83.7","  52.9","  9.7"," 0.00","1015.5","999.9","998.6","  68.7","  6.2","  7.0"
"34504099999","48.6","34.9666666","143.0","2010-05-07","  44.5","010010","999.9","  83.8","  54.9"," 13.6","99.99","1011.4","999.9","994.6","  70.3","  6.2","  9.2"
"34504099999","48.6","34.9666666","143.0","2010-05-08","  54.7","010010","999.9","  76.1","  54.9","  9.7"," 0.98","1008.0","999.9","991.0","  62.7","  6.2","  6.9"
"34504099999","48.6","34.9666666","143.0","2010-05-09","  55.4","000000","999.9","  75.6","  53.2","  7.8"," 0.00","1005.7","999.9","988.8","  64.4","  6.2","  5.3"
"34504099999","48.6","34.9666666","143.0","2010-05-10","  56.6","010000","999.9","  74.1","  55.8","  7.8"," 0.02","1007.0","999.9","990.0","  62.0","  6.2","  5.6"
"34504099999","48.6","34.9666666","143.0","2010-05-11","  56.3","000000","999.9","  68.2","  57.0","  5.8"," 0.03","1011.4","999.9","994.3","  61.5","  6.2","  3.2"
"34504099999","48.6","34.9666666","143.0","2010-05-12","  57.2","000000","999.9","  72.3","  57.2","  5.8"," 0.00","1013.6","999.9","996.5","  63.2","  5.0","  1.1"
"34504099999","48.6","34.9666666","143.0","2010-05-13","  55.9","110000","999.9","  75.7","  54.5","  7.8","99.99","1012.0","999.9","995.0","  65.7","  5.1","  2.9"
"34504099999","48.6","34.9666666","143.0","2010-05-14","  56.1","100000","999.9","  77.4","  56.8","  9.7"," 0.00","1010.0","999.9","993.1","  67.5","  5.6","  4.9"
"34504099999","48.6","34.9666666","143.0","2010-05-15","  57.0","010000","999.9","  76.5","  58.6","  7.8"," 0.00","1009.0","999.9","992.0","  66.7","  6.2","  4.7"
"34504099999","48.6","34.9666666","143.0","2010-05-16","  57.0","010000","999.9","  77.4","  58.5"," 13.6"," 0.01","1004.0","999.9","987.1","  64.4","  6.2","  7.8"
"34504099999","48.6","34.9666666","143.0","2010-05-17","  51.5","010000","999.9","  73.9","  53.2"," 15.5","99.99","1004.0","999.9","987.0","  62.8","  6.2","  8.7"
"34504099999","48.6","34.9666666","143.0","2010-05-18","  50.1","010000","999.9","  68.0","  50.5","  9.7"," 0.04","1009.0","999.9","991.8","  58.5","  6.2","  5.6"
"34504099999","48.6","34.9666666","143.0","2010-05-19","  54.2","010010","999.9","  74.7","  52.0"," 11.7"," 0.12","1011.4","999.9","994.2","  60.8","  5.1","  7.3"
"34504099999","48.6","34.9666666","143.0","2010-05-20","  56.2","010000","999.9","  62.8","  55.6","  5.8"," 0.10","1012.7","999.9","995.5","  58.7","  4.8","  1.6"
"34504099999","48.6","34.9666666","143.0","2010-05-21","  57.0","110000","999.9","  67.5","  53.1"," 11.7"," 0.39","1014.0","999.9","996.8","  59.9","  4.4","  5.2"
"34504099999","48.6","34.9666666","143.0","2010-05-22","  52.2","000000","999.9","  62.4","  52.2","  9.7"," 0.31","1013.5","999.9","996.2","  57.7","  6.2","  6.9"
"34504099999","48.6","34.9666666","143.0","2010-05-23","  52.4","000000","999.9","  69.1","  52.2","  7.8"," 0.00","1008.5","999.9","991.4","  60.8","  6.2","  6.3"
"34504099999","48.6","34.9666666","143.0","2010-05-24","  52.7","010000","999.9","  72.9","  52.2","  7.8"," 0.08","1006.5","999.9","989.5","  60.8","  6.2","  6.4"
"34504099999","48.6","34.9666666","143.0","2010-05-25","  55.0","010010","999.9","  73.9","  52.7"," 15.5"," 0.00","1006.2","999.9","989.2","  62.4","  6.2","  8.5"
"34504099999","48.6","34.9666666","143.0","2010-05-26","  48.7","010000","999.9","  70.2","  52.5"," 13.6"," 0.00","1008.1","999.9","991.0","  59.4","  6.2","  6.9"
"34504099999","48.6","34.9666666","143.0","2010-05-27","  43.2","000000","999.9","  72.5","  50.9","  9.7"," 0.00","1011.5","999.9","994.4","  62.4","  6.2","  4.9"
"34504099999","48.6","34.9666666","143.0","2010-05-28","  54.7","010010","999.9","  76.5","  54.7","  7.8"," 0.12","1011.6","999.9","994.5","  63.2","  5.7","  4.7"
"34504099999","48.6","34.9666666","143.0","2010-05-29","  59.1","110010","999.9","  77.2","  57.0","  7.8"," 0.16","1014.0","999.9","996.9","  64.6","  3.6","  4.9"
"34504099999","48.6","34.9666666","143.0","2010-05-30","  61.7","010010","999.9","  71.8","  59.4","  9.7"," 0.28","1012.7","999.9","995.6","  63.6","  4.1","  7.1"
"34504099999","48.6","34.9666666","143.0","2010-05-31","  62.2","110000","999.9","  78.1","  59.7","  7.8"," 0.00","1010.5","999.9","993.7","  68.0","  4.7","  5.8"
"34504099999","48.6","34.9666666","143.0","2010-06-01","  60.9","010000","999.9","  80.6","  62.8","  9.7"," 0.02","1010.3","999.9","993.5","  71.5","  6.2","  5.6"
"34504099999","48.6","34.9666666","143.0","2010-06-02","  62.7","000000","999.9","  86.7","  61.0"," 17.5"," 0.00","1008.7","999.9","992.0","  74.4","  6.2"," 11.4"
"34504099999","48.6","34.9666666","143.0","2010-06-03","  63.3","010000","999.9","  83.5","  64.4","  7.8","99.99","1007.1","999.9","990.5","  72.7","  6.2","  6.3"
"34504099999","48.6","34.9666666","143.0","2010-06-04","  57.3","000000","999.9","  78.8","  59.4"," 11.7"," 0.00","1011.0","999.9","994.2","  69.2","  6.2","  8.5"
"34504099999","48.6","34.9666666","143.0","2010-06-05","  57.3","000000","999.9","  77.2","  57.9"," 13.6"," 0.00","1014.0","999.9","997.0","  67.3","  6.2"," 10.0"
"34504099999","48.6","34.9666666","143.0","2010-06-06","  52.1","000000","999.9","  79.0","  53.1"," 11.7"," 0.00","1017.3","999.9","000.2","  66.4","  6.2","  9.5"
"34504099999","48.6","34.9666666","143.0","2010-06-07","  50.6","000000","999.9","  81.7","  56.5"," 13.6"," 0.00","1013.9","999.9","996.9","  69.3","  6.2","  9.2"
"34504099999","48.6","34.9666666","143.0","2010-06-08","  50.7","000000","999.9","  83.8","  58.8","  5.8"," 0.00","1012.8","999.9","996.0","  71.9","  6.2","  5.6"
"34504099999","48.6","34.9666666","143.0","2010-06-09","  49.0","000000","999.9","  85.5","  60.8","  5.8"," 0.00","1013.9","999.9","997.1","  73.9","  6.2","  3.9"
"34504099999","48.6","34.9666666","143.0","2010-06-10","  57.2","000000","999.9","  89.4","  61.2","  3.9"," 0.00","1014.4","999.9","997.7","  76.8","  6.2","  2.9"
"34504099999","48.6","34.9666666","143.0","2010-06-11","  58.9","000000","999.9","  91.0","  65.3","  7.8"," 0.00","1013.3","999.9","996.7","  79.5","  6.2","  2.7"
"34504099999","48.6","34.9666666","143.0","2010-06-12","  56.0","000000","999.9","  93.0","  68.2","  7.8"," 0.00","1013.0","999.9","996.5","  81.5","  6.2","  3.9"
"34504099999","48.6","34.9666666","143.0","2010-06-13","  61.7","000000","999.9","  95.0","  69.3"," 11.7"," 0.00","1011.2","999.9","994.7","  82.8","  6.2","  5.3"
"34504099999","48.6","34.9666666","143.0","2010-06-14","  67.1","010010","999.9","  92.8","  69.1"," 11.7"," 0.01","1011.9","999.9","995.4","  80.2","  6.2","  7.3"
"34504099999","48.6","34.9666666","143.0","2010-06-15","  66.1","010010","999.9","  92.7","  66.9","  7.8"," 0.01","1011.3","999.9","994.7","  76.9","  6.2","  5.5"
"34504099999","48.6","34.9666666","143.0","2010-06-16","  58.8","000000","999.9","  81.3","  63.9"," 11.7"," 0.00","1013.3","999.9","996.5","  72.1","  6.2","  8.5"
"34504099999","48.6","34.9666666","143.0","2010-06-17","  51.1","010000","999.9","  71.6","  56.7"," 11.7"," 0.03","1015.1","999.9","997.9","  62.1","  6.2","  7.5"
"34504099999","48.6","34.9666666","143.0","2010-06-18","  45.6","000000","999.9","  74.5","  53.8","  9.7"," 0.00","1015.0","999.9","997.8","  64.1","  6.2","  6.3"
"34504099999","48.6","34.9666666","143.0","2010-06-19","  46.9","000000","999.9","  81.1","  54.7"," 13.6"," 0.00","1012.5","999.9","995.6","  68.9","  6.2","  9.5"
"34504099999","48.6","34.9666666","143.0","2010-06-20","  52.8","010000","999.9","  88.9","  59.9"," 15.5"," 0.00","1011.2","999.9","994.4","  71.8","  6.2"," 12.2"
"34504099999","48.6","34.9666666","143.0","2010-06-21","  54.3","010010","999.9","  90.1","  65.7"," 21.4"," 0.01","1009.1","999.9","992.5","  76.8","  6.2"," 14.6"
"34504099999","48.6","34.9666666","143.0","2010-06-22","  58.6","010010","999.9","  85.6","  65.3","  9.7"," 0.12","1006.2","999.9","989.5","  71.0","  6.2","  7.2"
"34504099999","48.6","34.9666666","143.0","2010-06-23","  63.7","010010","999.9","  82.4","  62.4"," 11.7"," 1.14","1003.1","999.9","986.3","  68.2","  6.2","  6.1"
"34504099999","48.6","34.9666666","143.0","2010-06-24","  61.5","000000","999.9","  82.4","  62.1"," 15.5"," 0.00","1003.1","999.9","986.5","  71.8","  6.2"," 10.4"
"34504099999","48.6","34.9666666","143.0","2010-06-25","  62.2","010010","999.9","  80.6","  64.0"," 15.5"," 0.39","1004.1","999.9","987.4","  70.6","  5.5"," 10.2"
"34504099999","48.6","34.9666666","143.0","2010-06-26","  64.0","000000","999.9","  78.6","  66.4","  5.8"," 0.00","1008.8","999.9","992.1","  71.8","  6.2","  4.4"
"34504099999","48.6","34.9666666","143.0","2010-06-27","  63.5","000010","999.9","  86.0","  65.7","  7.8"," 0.00","1009.0","999.9","992.4","  75.4","  6.2","  5.1"
"34504099999","48.6","34.9666666","143.0","2010-06-28","  64.0","000000","999.9","  84.7","  66.9","  5.8"," 0.00","1010.0","999.9","993.4","  76.0","  6.2","  3.6"
"34504099999","48.6","34.9666666","143.0","2010-06-29","  66.2","010010","999.9","  84.7","  64.0"," 19.4"," 0.03","1009.5","999.9","992.8","  71.1","  5.7","  6.4"
"34504099999","48.6","34.9666666","143.0","2010-06-30","  66.0","010010","999.9","  86.5","  63.5"," 11.7"," 0.16","1006.1","999.9","989.5","  75.0","  6.2","  9.7"
"34504099999","48.6","34.9666666","143.0","2010-07-01","  65.5","010010","999.9","  75.4","  64.6","  9.7"," 0.67","1008.6","999.9","991.9","  69.3","  6.2","  6.2"
"34504099999","48.6","34.9666666","143.0","2010-07-02","  65.5","010010","999.9","  81.7","  64.6","  5.8"," 0.16","1010.5","999.9","993.7","  69.6","  5.5","  3.1"
"34504099999","48.6","34.9666666","143.0","2010-07-03","  66.1","110010","999.9","  83.3","  63.0","  7.8"," 0.16","1011.4","999.9","994.7","  70.6","  5.0","  3.2"
"34504099999","48.6","34.9666666","143.0","2010-07-04","  64.4","000000","999.9","  84.6","  64.0","  5.8"," 0.03","1012.5","999.9","995.8","  75.5","  6.2","  3.9"
"34504099999","48.6","34.9666666","143.0","2010-07-05","  65.6","010010","999.9","  86.5","  65.3","  7.8"," 0.16","1010.5","999.9","993.8","  71.5","  6.2","  5.0"
"34504099999","48.6","34.9666666","143.0","2010-07-06","  64.3","000010","999.9","  82.6","  63.7","  5.8"," 0.00","1007.7","999.9","991.0","  71.6","  5.3","  4.1"
"34504099999","48.6","34.9666666","143.0","2010-07-07","  62.7","000000","999.9","  82.2","  63.5","  9.7"," 0.00","1009.2","999.9","992.5","  74.7","  6.2","  5.0"
"34504099999","48.6","34.9666666","143.0","2010-07-08","  64.0","000000","999.9","  86.4","  65.7","  5.8"," 0.00","1013.2","999.9","996.5","  75.8","  6.2","  2.7"
"34504099999","48.6","34.9666666","143.0","2010-07-09","  67.2","000010","999.9","  85.8","  69.3","  9.7"," 0.16","1013.4","999.9","996.7","  74.7","  6.2","  5.3"
"34504099999","48.6","34.9666666","143.0","2010-07-10","  69.2","000010","999.9","  88.2","  69.1","  7.8"," 0.06","1011.9","999.9","995.3","  77.3","  6.2","  4.4"
"34504099999","48.6","34.9666666","143.0","2010-07-11","  67.6","000010","999.9","  84.6","  67.5"," 13.6"," 1.28","1011.8","999.9","995.1","  71.9","  6.2","  5.8"
"34504099999","48.6","34.9666666","143.0","2010-07-12","  68.1","010010","999.9","  84.0","  66.7","  7.8"," 0.08","1011.0","999.9","994.3","  73.5","  6.2","  4.2"
"34504099999","48.6","34.9666666","143.0","2010-07-13","  69.8","000000","999.9","  84.9","  68.7","  5.8"," 0.01","1008.8","999.9","992.2","  75.4","  6.2","  3.1"
"34504099999","48.6","34.9666666","143.0","2010-07-14","  68.8","000000","999.9","  89.1","  69.8"," 11.7"," 0.00","1007.9","999.9","991.4","  78.5","  5.6","  7.3"
"34504099999","48.6","34.9666666","143.0","2010-07-15","  58.1","000000","999.9","  87.1","  65.5"," 11.7"," 0.00","1011.6","999.9","994.9","  75.8","  6.2","  9.2"
"34504099999","48.6","34.9666666","143.0","2010-07-16","  62.6","000000","999.9","  90.5","  65.3"," 11.7"," 0.00","1014.9","999.9","998.3","  78.2","  6.2","  7.0"
"34504099999","48.6","34.9666666","143.0","2010-07-17","  62.1","000000","999.9","  92.8","  67.5","  7.8"," 0.00","1015.7","999.9","999.1","  79.7","  6.2","  5.6"
"34504099999","48.6","34.9666666","143.0","2010-07-18","  64.6","000000","999.9","  95.5","  70.0","  7.8"," 0.00","1013.6","999.9","997.1","  82.5","  6.2","  6.1"
"34504099999","48.6","34.9666666","143.0","2010-07-19","  64.7","000010","999.9","  98.6","  71.2","  9.7"," 0.00","1012.8","999.9","996.3","  81.3","  6.2","  6.6"
"34504099999","48.6","34.9666666","143.0","2010-07-20","  62.8","000000","999.9","  94.6","  68.9"," 11.7"," 0.00","1013.2","999.9","996.7","  80.8","  6.2","  7.0"
"34504099999","48.6","34.9666666","143.0","2010-07-21","  58.4","000000","999.9","  94.6","  66.4"," 11.7"," 0.00","1012.3","999.9","995.7","  79.0","  6.2","  7.8"
"34504099999","48.6","34.9666666","143.0","2010-07-22","  61.8","000000","999.9","  92.5","  67.3"," 11.7"," 0.00","1012.4","999.9","995.8","  79.5","  6.2","  8.0"
"34504099999","48.6","34.9666666","143.0","2010-07-23","  58.0","000000","999.9","  94.5","  65.1"," 11.7"," 0.00","1012.6","999.9","995.9","  76.1","  6.2","  8.3"
"34504099999","48.6","34.9666666","143.0","2010-07-24","  55.9","000000","999.9","  88.2","  65.1"," 15.5"," 0.00","1007.3","999.9","990.7","  75.8","  6.2"," 12.3"
"34504099999","48.6","34.9666666","143.0","2010-07-25","  57.9","000000","999.9","  87.6","  68.4"," 13.6"," 0.00","1005.4","999.9","988.9","  75.6","  6.2","  9.2"
"34504099999","48.6","34.9666666","143.0","2010-07-26","  61.1","000000","999.9","  92.8","  65.1"," 11.7"," 0.00","1008.6","999.9","992.1","  78.6","  6.2","  6.6"
"34504099999","48.6","34.9666666","143.0","2010-07-27","  63.3","000000","999.9","  95.2","  68.2","  7.8"," 0.00","1009.6","999.9","993.1","  81.3","  6.2","  5.8"
"34504099999","48.6","34.9666666","143.0","2010-07-28","  66.1","000000","999.9","  95.5","  70.5","  7.8"," 0.00","1007.4","999.9","991.0","  81.0","  6.2","  4.9"
"34504099999","48.6","34.9666666","143.0","2010-07-29","  62.8","010010","999.9","  87.8","  66.9","  5.8"," 0.00","1010.0","999.9","993.3","  74.3","  6.2","  2.5"
"34504099999","48.6","34.9666666","143.0","2010-07-30","  62.5","000000","999.9","  91.6","  66.6","  5.8"," 0.00","1015.4","999.9","998.8","  78.6","  6.2","  4.6"
"34504099999","48.6","34.9666666","143.0","2010-07-31","  59.8","000000","999.9","  99.0","  69.6","  7.8"," 0.00","1015.4","999.9","998.9","  83.1","  6.2","  7.3"
"34504099999","48.6","34.9666666","143.0","2010-08-01","  54.3","000000","999.9"," 102.6","  68.2"," 19.4"," 0.00","1013.0","999.9","996.5","  85.0","  6.2"," 11.2"
"34504099999","48.6","34.9666666","143.0","2010-08-02","  55.1","000000","999.9"," 102.2","  68.7"," 17.5"," 0.00","1010.5","999.9","994.2","  85.9","  6.2","  8.7"
"34504099999","48.6","34.9666666","143.0","2010-08-03","  53.7","000000","999.9"," 100.8","  69.8","  9.7"," 0.00","1008.1","999.9","991.7","  84.1","  6.2","  6.1"
"34504099999","48.6","34.9666666","143.0","2010-08-04","  53.0","000000","999.9"," 102.2","  68.4"," 11.7"," 0.00","1007.1","999.9","990.8","  85.4","  6.2","  7.3"
"34504099999","48.6","34.9666666","143.0","2010-08-05","  52.9","000000","999.9"," 104.2","  71.6"," 13.6"," 0.00","1009.2","999.9","992.9","  86.9","  6.2","  9.0"
"34504099999","48.6","34.9666666","143.0","2010-08-06","  53.8","000000","999.9"," 101.8","  74.3"," 13.6"," 0.00","1013.4","999.9","997.1","  86.9","  6.2","  9.0"
"34504099999","48.6","34.9666666","143.0","2010-08-07","  55.4","000000","999.9"," 102.9","  72.5","  7.8"," 0.00","1014.3","999.9","997.9","  86.7","  6.2","  6.6"
"34504099999","48.6","34.9666666","143.0","2010-08-08","  52.4","000000","999.9"," 105.6","  72.5","  7.8"," 0.00","1014.1","999.9","997.7","  87.7","  6.2","  6.3"
"34504099999","48.6","34.9666666","143.0","2010-08-09","  55.8","000000","999.9"," 102.7","  74.5"," 11.7"," 0.00","1012.5","999.9","996.2","  86.4","  6.2","  7.3"
"34504099999","48.6","34.9666666","143.0","2010-08-10","  60.1","000000","999.9","  98.6","  73.0","  7.8"," 0.00","1011.3","999.9","994.9","  84.7","  6.2","  6.1"
"34504099999","48.6","34.9666666","143.0","2010-08-11","  57.6","010010","999.9"," 103.8","  73.9"," 11.7"," 0.08","1012.4","999.9","996.0","  83.6","  6.2","  8.6"
"34504099999","48.6","34.9666666","143.0","2010-08-12","  57.3","000000","999.9"," 101.1","  71.4"," 13.6"," 0.00","1013.5","999.9","997.1","  83.4","  6.2"," 10.5"
"34504099999","48.6","34.9666666","143.0","2010-08-13","  58.9","010000","999.9","  92.8","  72.7"," 15.5"," 0.00","1016.1","999.9","999.6","  81.1","  6.2","  7.2"
"34504099999","48.6","34.9666666","143.0","2010-08-14","  57.5","010010","999.9","  99.9","  74.1"," 17.5"," 0.00","1017.9","999.9","001.4","  85.2","  6.2"," 10.7"
"34504099999","48.6","34.9666666","143.0","2010-08-15","  56.0","000000","999.9","  97.7","  71.6","  9.7"," 0.00","1017.8","999.9","001.2","  83.3","  6.2","  8.5"
"34504099999","48.6","34.9666666","143.0","2010-08-16","  57.3","000000","999.9","  97.9","  72.1","  5.8"," 0.00","1016.4","999.9","999.8","  83.1","  6.2","  4.4"
"34504099999","48.6","34.9666666","143.0","2010-08-17","  54.6","000000","999.9","  97.2","  67.3","  3.9"," 0.00","1012.7","999.9","996.2","  81.4","  6.2","  2.2"
"34504099999","48.6","34.9666666","143.0","2010-08-18","  54.9","000000","999.9","  93.2","  66.7"," 17.5"," 0.00","1007.2","999.9","990.6","  77.0","  6.2","  5.8"
"34504099999","48.6","34.9666666","143.0","2010-08-19","  57.0","000000","999.9","  84.0","  60.8"," 13.6"," 0.00","1008.6","999.9","991.8","  71.4","  5.7","  7.0"
"34504099999","48.6","34.9666666","143.0","2010-08-20","  54.0","000000","999.9","  77.2","  59.2"," 15.5"," 0.08","1011.4","999.9","994.4","  66.1","  6.2"," 10.0"
"34504099999","48.6","34.9666666","143.0","2010-08-21","  50.5","010000","999.9","  75.0","  57.7"," 13.6"," 0.04","1019.7","999.9","002.6","  64.7","  5.6","  9.5"
"34504099999","48.6","34.9666666","143.0","2010-08-22","  48.1","000000","999.9","  80.8","  50.5","  7.8"," 0.00","1020.5","999.9","003.4","  66.6","  6.2","  4.6"
"34504099999","48.6","34.9666666","143.0","2010-08-23","  50.3","000000","999.9","  86.9","  57.4","  7.8"," 0.00","1015.7","999.9","998.9","  72.8","  6.2","  3.2"
"34504099999","48.6","34.9666666","143.0","2010-08-24","  51.1","000000","999.9","  91.0","  60.1","  9.7"," 0.00","1012.5","999.9","995.8","  75.9","  6.2","  3.9"
"34504099999","48.6","34.9666666","143.0","2010-08-25","  51.2","000000","999.9","  91.9","  62.8","  9.7"," 0.00","1009.7","999.9","993.1","  77.8","  6.2","  5.1"
"34504099999","48.6","34.9666666","143.0","2010-08-26","  51.6","000000","999.9","  80.6","  60.3"," 15.5"," 0.00","1011.3","999.9","994.5","  70.4","  6.2"," 11.2"
"34504099999","48.6","34.9666666","143.0","2010-08-27","  51.1","000000","999.9","  83.3","  55.0","  9.7"," 0.00","1011.3","999.9","994.5","  70.5","  6.2","  5.3"
"34504099999","48.6","34.9666666","143.0","2010-08-28","  62.4","000000","999.9","  90.3","  68.0"," 21.4"," 0.00","1004.3","999.9","987.9","  78.8","  6.2"," 13.6"
"34504099999","48.6","34.9666666","143.0","2010-08-29","  59.5","010000","999.9","  71.1","  55.2","  9.7"," 0.24","1006.7","999.9","989.8","  63.8","  6.2","  4.7"
"34504099999","48.6","34.9666666","143.0","2010-08-30","  52.1","100000","999.9","  75.6","  52.0","  7.8"," 0.00","1013.0","999.9","995.9","  62.7","  5.5","  4.1"
"34504099999","48.6","34.9666666","143.0","2010-08-31","  52.6","000000","999.9","  86.4","  54.9"," 15.5"," 0.00","1008.7","999.9","991.9","  71.1","  6.2"," 10.9"
"34504099999","48.6","34.9666666","143.0","2010-09-01","  57.9","010010","999.9","  87.6","  65.3","  9.7","99.99"," 999.8","999.9","983.3","  74.7","  5.7","  7.5"
"34504099999","48.6","34.9666666","143.0","2010-09-02","  51.5","010000","999.9","  73.9","  57.6"," 17.5"," 0.16","1005.6","999.9","988.7","  64.8","  6.2"," 10.8"
"34504099999","48.6","34.9666666","143.0","2010-09-03","  46.2","000000","999.9","  73.9","  50.5"," 11.7"," 0.00","1018.6","999.9","001.2","  61.0","  6.2","  7.8"
"34504099999","48.6","34.9666666","143.0","2010-09-04","  47.9","000000","999.9","  77.9","  52.5","  9.7"," 0.00","1020.9","999.9","003.7","  65.8","  6.2","  5.3"
"34504099999","48.6","34.9666666","143.0","2010-09-05","  50.8","010000","999.9","  64.0","  54.7"," 19.4"," 0.16","1015.0","999.9","997.8","  59.9","  6.2"," 15.0"
"34504099999","48.6","34.9666666","143.0","2010-09-06","  50.5","000000","999.9","  74.5","  52.2"," 15.5"," 0.00","1017.0","999.9","999.7","  60.6","  6.2"," 13.6"
"34504099999","48.6","34.9666666","143.0","2010-09-07","  46.0","010000","999.9","  64.6","  49.6"," 15.5"," 0.00","1018.1","999.9","000.7","  57.4","  6.2"," 11.4"
"34504099999","48.6","34.9666666","143.0","2010-09-08","  49.6","010000","999.9","  60.6","  50.0","  9.7"," 0.04","1020.3","999.9","002.8","  55.2","  6.2","  8.3"
"34504099999","48.6","34.9666666","143.0","2010-09-09","  42.5","000000","999.9","  62.2","  43.5"," 13.6"," 0.08","1027.1","999.9","009.4","  51.8","  6.2","  9.4"
"34504099999","48.6","34.9666666","143.0","2010-09-10","  41.8","000000","999.9","  71.4","  42.4"," 11.7"," 0.00","1027.2","999.9","009.6","  56.6","  6.2","  9.0"
"34504099999","48.6","34.9666666","143.0","2010-09-11","  42.8","000000","999.9","  76.3","  46.9"," 15.5"," 0.00","1024.1","999.9","006.7","  61.3","  6.2"," 10.4"
"34504099999","48.6","34.9666666","143.0","2010-09-12","  43.8","000000","999.9","  81.3","  52.2"," 17.5"," 0.00","1018.2","999.9","001.0","  65.7","  6.2"," 13.1"
"34504099999","48.6","34.9666666","143.0","2010-09-13","  42.6","000000","999.9","  81.3","  55.6"," 19.4"," 0.00","1015.5","999.9","998.5","  66.9","  6.2"," 14.3"
"34504099999","48.6","34.9666666","143.0","2010-09-14","  39.8","000000","999.9","  84.7","  52.3"," 13.6"," 0.00","1018.1","999.9","001.0","  66.2","  6.2","  9.2"
"34504099999","48.6","34.9666666","143.0","2010-09-15","  38.0","000000","999.9","  82.6","  52.5","  7.8"," 0.00","1018.1","999.9","001.0","  67.0","  6.2","  4.9"
"34504099999","48.6","34.9666666","143.0","2010-09-16","  38.7","000000","999.9","  83.7","  53.4","  3.9"," 0.00","1015.7","999.9","998.7","  67.9","  6.2","  2.2"
"34504099999","48.6","34.9666666","143.0","2010-09-17","  44.3","000000","999.9","  84.0","  52.3","  5.8"," 0.00","1014.8","999.9","997.8","  68.4","  6.2","  1.9"
"34504099999","48.6","34.9666666","143.0","2010-09-18","  49.3","000000","999.9","  82.2","  55.8","  9.7"," 0.00","1012.7","999.9","995.8","  69.6","  6.2","  4.6"
"34504099999","48.6","34.9666666","143.0","2010-09-19","  53.3","010000","999.9","  74.3","  57.9","  9.7"," 0.00","1015.4","999.9","998.2","  63.8","  6.2","  7.2"
"34504099999","48.6","34.9666666","143.0","2010-09-20","  53.9","010010","999.9","  66.2","  55.8"," 13.6"," 0.00","1015.7","999.9","998.4","  61.2","  6.2"," 10.4"
"34504099999","48.6","34.9666666","143.0","2010-09-21","  56.8","110010","999.9","  68.2","  55.9"," 13.6"," 0.35","1015.6","999.9","998.4","  59.6","  3.1","  8.9"
"34504099999","48.6","34.9666666","143.0","2010-09-22","  49.6","000000","999.9","  68.4","  52.2"," 15.5"," 0.00","1018.3","999.9","001.0","  58.6","  5.6","  7.3"
"34504099999","48.6","34.9666666","143.0","2010-09-23","  46.9","000000","999.9","  64.2","  46.4","  9.7"," 0.00","1022.1","999.9","004.5","  53.7","  6.2","  5.3"
"34504099999","48.6","34.9666666","143.0","2010-09-24","  46.8","000000","999.9","  69.1","  44.8","  9.7"," 0.00","1022.9","999.9","005.3","  55.9","  5.7","  4.4"
"34504099999","48.6","34.9666666","143.0","2010-09-25","  43.9","000000","999.9","  77.2","  46.0"," 11.7"," 0.00","1018.4","999.9","001.1","  60.6","  6.2","  9.2"
"34504099999","48.6","34.9666666","143.0","2010-09-26","  44.2","000000","999.9","  80.6","  50.7"," 15.5"," 0.00","1014.9","999.9","997.8","  65.4","  6.2","  9.2"
"34504099999","48.6","34.9666666","143.0","2010-09-27","  56.9","000000","999.9","  84.4","  57.0","  9.7"," 0.00","1011.8","999.9","995.0","  69.6","  6.2","  6.3"
"34504099999","48.6","34.9666666","143.0","2010-09-28","  56.0","000000","999.9","  80.2","  62.2"," 11.7"," 0.00","1008.3","999.9","991.5","  68.6","  6.2","  6.1"
"34504099999","48.6","34.9666666","143.0","2010-09-29","  48.6","000000","999.9","  71.8","  53.2"," 11.7"," 0.00","1009.2","999.9","992.0","  61.5","  6.2","  6.8"
"34504099999","48.6","34.9666666","143.0","2010-09-30","  48.9","010000","999.9","  54.5","  45.0"," 21.4"," 1.40","1005.3","999.9","987.9","  51.1","  4.2"," 13.0"
"34504099999","48.6","34.9666666","143.0","2010-10-01","  40.5","010000","999.9","  44.4","  41.4"," 15.5"," 0.51","1013.7","999.9","995.9","  42.8","  6.2"," 10.7"
"34504099999","48.6","34.9666666","143.0","2010-10-02","  38.1","000000","999.9","  52.9","  41.5"," 11.7"," 0.00","1022.5","999.9","004.6","  45.7","  6.2","  7.8"
"34504099999","48.6","34.9666666","143.0","2010-10-03","  32.9","000000","999.9","  53.4","  37.8"," 17.5"," 0.00","1026.9","999.9","008.9","  43.4","  6.2"," 11.4"
"34504099999","48.6","34.9666666","143.0","2010-10-04","  36.9","010000","999.9","  54.7","  39.7"," 13.6"," 0.02","1028.8","999.9","010.7","  44.1","  6.2"," 10.9"
"34504099999","48.6","34.9666666","143.0","2010-10-05","  30.8","000000","999.9","  45.9","  36.7"," 15.5"," 0.00","1030.6","999.9","012.4","  40.4","  6.2"," 13.6"
"34504099999","48.6","34.9666666","143.0","2010-10-06","  30.2","000000","999.9","  51.6","  31.6"," 15.5"," 0.00","1031.3","999.9","013.0","  40.9","  6.2"," 12.6"
"34504099999","48.6","34.9666666","143.0","2010-10-07","  32.2","000000","999.9","  47.8","  37.6"," 15.5"," 0.00","1031.8","999.9","013.6","  41.0","  6.2"," 14.2"
"34504099999","48.6","34.9666666","143.0","2010-10-08","  33.1","000000","999.9","  55.0","  34.2"," 15.5"," 0.00","1027.2","999.9","009.1","  44.6","  6.2"," 11.4"
"34504099999","48.6","34.9666666","143.0","2010-10-09","  38.8","010000","999.9","  47.3","  42.8"," 23.3"," 0.20","1016.5","999.9","998.8","  45.8","  6.2"," 16.9"
"34504099999","48.6","34.9666666","143.0","2010-10-10","  43.8","110000","999.9","  46.8","  44.2","  7.8"," 0.36","1010.8","999.9","993.1","  45.5","  3.8","  4.5"
"34504099999","48.6","34.9666666","143.0","2010-10-11","  42.6","100000","999.9","  50.5","  43.3"," 11.7"," 0.00","1007.1","999.9","989.4","  45.0","  3.8","  5.8"
"34504099999","48.6","34.9666666","143.0","2010-10-12","  36.0","000000","999.9","  54.5","  34.0"," 17.5"," 0.00","1012.7","999.9","994.9","  44.2","  6.2"," 10.2"
"34504099999","48.6","34.9666666","143.0","2010-10-13","  29.7","000000","999.9","  50.4","  31.1"," 15.5"," 0.00","1012.4","999.9","994.4","  39.5","  6.2","  8.7"
"34504099999","48.6","34.9666666","143.0","2010-10-14","  25.7","000000","999.9","  50.4","  28.4","  3.9"," 0.00","1016.1","999.9","998.0","  38.2","  6.2","  1.9"
"34504099999","48.6","34.9666666","143.0","2010-10-15","  32.4","000000","999.9","  55.0","  32.2","  9.7"," 0.00","1009.9","999.9","992.1","  43.3","  6.2","  4.4"
"34504099999","48.6","34.9666666","143.0","2010-10-16","  33.6","000000","999.9","  57.7","  37.6","  9.7"," 0.00","1016.7","999.9","998.9","  47.0","  6.2","  6.8"
"34504099999","48.6","34.9666666","143.0","2010-10-17","  32.9","010000","999.9","  59.4","  40.1"," 11.7","99.99","1020.6","999.9","002.8","  47.8","  6.2","  9.2"
"34504099999","48.6","34.9666666","143.0","2010-10-18","  40.6","010000","999.9","  45.9","  41.4"," 11.7"," 0.08","1023.0","999.9","005.1","  43.5","  6.2","  9.4"
"34504099999","48.6","34.9666666","143.0","2010-10-19","  43.1","010000","999.9","  49.6","  40.8"," 15.5"," 0.31","1018.2","999.9","000.4","  44.3","  3.0"," 12.2"
"34504099999","48.6","34.9666666","143.0","2010-10-20","  53.7","010000","999.9","  62.8","  45.5"," 13.6"," 0.12","1009.2","999.9","991.9","  55.8","  3.5"," 10.3"
"34504099999","48.6","34.9666666","143.0","2010-10-21","  48.5","010000","999.9","  58.6","  43.2"," 15.5"," 0.31","1011.8","999.9","994.4","  52.4","  5.7"," 10.3"
"34504099999","48.6","34.9666666","143.0","2010-10-22","  32.2","000000","999.9","  48.7","  35.8"," 13.6"," 0.00","1026.5","999.9","008.3","  41.1","  5.7","  8.7"
"34504099999","48.6","34.9666666","143.0","2010-10-23","  32.8","000000","999.9","  54.0","  32.0","  5.8"," 0.00","1028.2","999.9","010.1","  41.7","  6.2","  3.4"
"34504099999","48.6","34.9666666","143.0","2010-10-24","  36.6","000000","999.9","  54.9","  33.1","  5.8"," 0.00","1024.6","999.9","006.6","  43.7","  5.7","  3.2"
"34504099999","48.6","34.9666666","143.0","2010-10-25","  42.6","100000","999.9","  57.9","  33.3","  5.8"," 0.00","1022.3","999.9","004.3","  44.7","  3.0","  4.2"
"34504099999","48.6","34.9666666","143.0","2010-10-26","  45.1","110000","999.9","  49.8","  42.8","  7.8"," 0.01","1017.7","999.9","999.8","  47.0","  3.7","  4.2"
"34504099999","48.6","34.9666666","143.0","2010-10-27","  42.1","100000","999.9","  48.7","  38.3"," 15.5"," 0.05","1017.2","999.9","999.3","  43.7","  3.2","  9.4"
"34504099999","48.6","34.9666666","143.0","2010-10-28","  28.9","000000","999.9","  45.5","  29.7"," 15.5"," 0.00","1021.7","999.9","003.5","  36.2","  6.2"," 10.2"
"34504099999","48.6","34.9666666","143.0","2010-10-29","  27.5","000000","999.9","  46.6","  25.3","  7.8"," 0.00","1021.0","999.9","002.7","  35.4","  6.2","  3.4"
"34504099999","48.6","34.9666666","143.0","2010-10-30","  36.1","000000","999.9","  53.4","  34.3","  7.8"," 0.00","1023.1","999.9","005.1","  41.9","  5.0","  4.1"
"34504099999","48.6","34.9666666","143.0","2010-10-31","  34.0","100000","999.9","  51.3","  26.6","  5.8"," 0.00","1030.1","999.9","011.8","  40.2","  4.7","  2.9"
"34504099999","48.6","34.9666666","143.0","2010-11-01","  33.1","000000","999.9","  51.3","  33.1","  5.8"," 0.00","1029.0","999.9","010.9","  41.3","  6.2","  4.1"
"34504099999","48.6","34.9666666","143.0","2010-11-02","  35.4","000000","999.9","  55.2","  32.7"," 11.7"," 0.00","1024.9","999.9","006.9","  42.7","  6.2","  7.8"
"34504099999","48.6","34.9666666","143.0","2010-11-03","  42.3","100000","999.9","  56.3","  36.1","  7.8"," 0.00","1024.1","999.9","006.2","  44.6","  2.2","  5.1"
"34504099999","48.6","34.9666666","143.0","2010-11-04","  45.8","100000","999.9","  57.0","  44.4"," 13.6"," 0.00","1019.8","999.9","002.1","  49.3","  5.0","  8.5"
"34504099999","48.6","34.9666666","143.0","2010-11-05","  47.0","000000","999.9","  64.2","  46.9"," 17.5"," 0.04","1012.4","999.9","995.1","  56.8","  6.2"," 13.0"
"34504099999","48.6","34.9666666","143.0","2010-11-06","  45.3","000000","999.9","  61.9","  48.7"," 13.6"," 0.00","1011.2","999.9","993.8","  54.3","  6.2"," 10.8"
"34504099999","48.6","34.9666666","143.0","2010-11-07","  43.3","000000","999.9","  61.7","  42.6"," 11.7"," 0.00","1010.4","999.9","992.9","  50.6","  6.2","  8.5"
"34504099999","48.6","34.9666666","143.0","2010-11-08","  45.8","000000","999.9","  58.6","  42.6"," 11.7"," 0.00","1010.8","999.9","993.3","  49.0","  4.9"," 10.0"
"34504099999","48.6","34.9666666","143.0","2010-11-09","  48.0","000000","999.9","  65.7","  48.0"," 13.6"," 0.00","1007.1","999.9","989.9","  57.1","  6.2"," 10.4"
"34504099999","48.6","34.9666666","143.0","2010-11-10","  49.9","000000","999.9","  68.2","  54.0"," 15.5"," 0.00","1008.6","999.9","991.5","  59.9","  6.2"," 13.1"
"34504099999","48.6","34.9666666","143.0","2010-11-11","  52.6","100000","999.9","  61.5","  53.8","  9.7"," 0.00","1011.1","999.9","993.9","  56.6","  4.8","  6.3"
"34504099999","48.6","34.9666666","143.0","2010-11-12","  53.1","100000","999.9","  57.9","  52.0","  9.7"," 0.00","1007.6","999.9","990.2","  54.4","  3.0","  7.3"
"34504099999","48.6","34.9666666","143.0","2010-11-13","  42.4","000000","999.9","  60.4","  47.5"," 13.6"," 0.00","1010.1","999.9","992.7","  52.2","  5.7","  9.7"
"34504099999","48.6","34.9666666","143.0","2010-11-14","  45.9","000000","999.9","  69.1","  45.3"," 13.6"," 0.00","1017.4","999.9","000.0","  54.5","  6.2"," 10.2"
"34504099999","48.6","34.9666666","143.0","2010-11-15","  47.7","100000","999.9","  65.3","  45.5","  9.7"," 0.00","1022.5","999.9","004.9","  53.7","  4.8","  7.3"
"34504099999","48.6","34.9666666","143.0","2010-11-16","  45.1","000000","999.9","  65.8","  43.2","  5.8"," 0.00","1021.3","999.9","003.7","  53.2","  5.3","  3.2"
"34504099999","48.6","34.9666666","143.0","2010-11-17","  45.3","000000","999.9","  64.2","  45.5","  9.7"," 0.00","1019.9","999.9","002.3","  52.9","  4.3","  5.6"
"34504099999","48.6","34.9666666","143.0","2010-11-18","  40.5","000000","999.9","  50.0","  41.0"," 17.5"," 0.00","1023.2","999.9","005.3","  44.8","  4.2"," 12.4"
"34504099999","48.6","34.9666666","143.0","2010-11-19","  44.5","010000","999.9","  48.6","  42.4","  9.7"," 0.00","1025.6","999.9","007.8","  47.3","  6.2","  5.8"
"34504099999","48.6","34.9666666","143.0","2010-11-20","  44.1","110000","999.9","  47.3","  44.2","  7.8"," 0.00","1023.2","999.9","005.3","  45.4","  0.9","  4.6"
"34504099999","48.6","34.9666666","143.0","2010-11-21","  41.7","010000","999.9","  45.5","  41.9","  7.8"," 0.28","1019.6","999.9","001.7","  43.5","  1.9","  6.2"
"34504099999","48.6","34.9666666","143.0","2010-11-22","  42.9","110000","999.9","  45.1","  40.8","  5.8"," 0.06","1018.1","999.9","000.2","  43.2","  0.8","  4.4"
"34504099999","48.6","34.9666666","143.0","2010-11-23","  41.5","000000","999.9","  47.3","  40.5"," 15.5"," 0.01","1010.4","999.9","992.7","  43.9","  5.3"," 10.9"
"34504099999","48.6","34.9666666","143.0","2010-11-24","  44.2","010000","999.9","  52.0","  43.0"," 23.3"," 0.08"," 999.2","999.9","981.7","  47.4","  6.2"," 13.3"
"34504099999","48.6","34.9666666","143.0","2010-11-25","  36.9","010000","999.9","  43.3","  35.6","  5.8"," 0.03","1007.4","999.9","989.5","  40.1","  6.2","  2.5"
"34504099999","48.6","34.9666666","143.0","2010-11-26","  35.8","110000","999.9","  43.7","  30.2"," 11.7"," 0.03","1010.9","999.9","993.0","  37.4","  2.3","  5.8"
"34504099999","48.6","34.9666666","143.0","2010-11-27","  38.7","110000","999.9","  43.7","  36.3"," 11.7"," 0.36","1005.6","999.9","987.8","  39.9","  1.5","  6.2"
"34504099999","48.6","34.9666666","143.0","2010-11-28","  32.5","000000","999.9","  39.6","  33.4"," 11.7"," 0.03","1019.4","999.9","001.2","  36.7","  5.7","  5.8"
"34504099999","48.6","34.9666666","143.0","2010-11-29","  38.5","010100","999.9","  52.2","  33.1"," 13.6"," 0.47","1010.5","999.9","991.2","  41.4","  5.7"," 10.0"
"34504099999","48.6","34.9666666","143.0","2010-11-30","  32.5","000000","999.9","  46.9","  28.4"," 15.5"," 0.12","1007.5","999.9","989.5","  37.8","  6.2"," 13.6"
"34504099999","48.6","34.9666666","143.0","2010-12-01","  13.2","000000","999.9","  21.6","  15.8"," 11.7"," 0.00","1022.2","999.9","003.3","  19.0","  6.2"," 10.4"
"34504099999","48.6","34.9666666","143.0","2010-12-02","  16.8","001000","999.9","  21.6","  17.2"," 17.5"," 0.16","1022.9","  0.4","004.0","  19.8","  4.7"," 16.5"
"34504099999","48.6","34.9666666","143.0","2010-12-03","  27.7","111000","999.9","  33.6","  19.9"," 13.6"," 0.02","1021.4","  0.8","002.9","  28.8","  1.8"," 10.0"
"34504099999","48.6","34.9666666","143.0","2010-12-04","  40.6","100000","999.9","  46.8","  31.6"," 13.6"," 0.00","1014.2","999.9","996.3","  41.6","  2.2","  7.2"
"34504099999","48.6","34.9666666","143.0","2010-12-05","  32.7","110000","999.9","  37.0","  29.7"," 15.5"," 0.02","1012.1","999.9","994.0","  34.0","  2.7"," 11.4"
"34504099999","48.6","34.9666666","143.0","2010-12-06","  23.7","000000","999.9","  30.6","  18.7","  9.7"," 0.00","1021.1","999.9","002.5","  25.9","  2.8","  5.8"
"34504099999","48.6","34.9666666","143.0","2010-12-07","  29.3","000000","999.9","  39.7","  27.0"," 11.7"," 0.00","1018.7","999.9","000.4","  32.2","  5.0","  8.3"
"34504099999","48.6","34.9666666","143.0","2010-12-08","  41.0","000000","999.9","  47.5","  31.5","  9.7"," 0.02","1015.0","999.9","997.1","  43.0","  4.0","  7.5"
"34504099999","48.6","34.9666666","143.0","2010-12-09","  47.0","100000","999.9","  51.6","  46.2"," 13.6"," 0.00","1006.4","999.9","988.9","  48.6","  3.3"," 11.1"
"34504099999","48.6","34.9666666","143.0","2010-12-10","  32.7","111000","999.9","  50.2","  28.6"," 15.5"," 0.28","1000.5","999.9","982.6","  34.4","  4.4"," 13.3"
"34504099999","48.6","34.9666666","143.0","2010-12-11","  22.3","000000","999.9","  28.8","  24.6"," 17.5"," 0.00","1009.3","  1.2","991.0","  26.8","  6.2"," 12.4"
"34504099999","48.6","34.9666666","143.0","2010-12-12","  21.9","001000","999.9","  25.2","  22.6"," 15.5"," 0.36","1002.9","  2.4","984.6","  24.0","  2.5"," 10.7"
"34504099999","48.6","34.9666666","143.0","2010-12-13","  20.4","000000","999.9","  26.4","  21.6","  7.8"," 0.00","1009.9","  3.1","991.5","  23.6","  6.2","  4.7"
"34504099999","48.6","34.9666666","143.0","2010-12-14","  21.3","001000","999.9","  26.4","  18.3"," 13.6","99.99","1013.2","  2.8","994.7","  23.7","  4.3","  7.5"
"34504099999","48.6","34.9666666","143.0","2010-12-15","  17.1","001000","999.9","  24.8","  18.0","  9.7"," 0.06","1017.1","  3.1","998.3","  19.6","  3.3","  6.2"
"34504099999","48.6","34.9666666","143.0","2010-12-16","  18.6","001000","999.9","  25.2","  15.3"," 15.5"," 0.12","1016.4","  3.5","997.7","  20.1","  2.6","  8.1"
"34504099999","48.6","34.9666666","143.0","2010-12-17","  25.3","011000","999.9","  36.7","  18.9"," 19.4"," 0.36","1004.1","  3.5","985.9","  27.2","  3.9"," 16.6"
"34504099999","48.6","34.9666666","143.0","2010-12-18","  24.6","000000","999.9","  32.7","  21.7"," 15.5"," 0.12","1008.7","  3.5","990.4","  28.0","  6.2","  9.4"
"34504099999","48.6","34.9666666","143.0","2010-12-19","  28.3","011000","999.9","  39.6","  19.0"," 17.5"," 0.41","1010.8","  0.8","992.6","  30.8","  5.5"," 13.3"
"34504099999","48.6","34.9666666","143.0","2010-12-20","  23.2","000000","999.9","  35.1","  17.4"," 11.7"," 0.00","1021.0","999.9","002.5","  27.5","  6.2","  9.5"
"34504099999","48.6","34.9666666","143.0","2010-12-21","  36.2","110000","999.9","  39.2","  33.1","  9.7"," 0.02","1018.2","999.9","000.0","  36.5","  0.4","  4.4"
"34504099999","48.6","34.9666666","143.0","2010-12-22","  39.4","110000","999.9","  41.9","  34.2","  9.7"," 0.00","1020.0","999.9","001.9","  39.4","  0.1","  5.8"
"34504099999","48.6","34.9666666","143.0","2010-12-23","  45.3","110000","999.9","  49.5","  40.3","  7.8"," 0.03","1016.7","999.9","998.9","  45.6","  0.6","  5.2"
"34504099999","48.6","34.9666666","143.0","2010-12-24","  42.9","110000","999.9","  48.0","  38.3","  7.8"," 0.00","1014.5","999.9","996.7","  44.4","  3.4","  6.8"
"34504099999","48.6","34.9666666","143.0","2010-12-25","  42.7","110000","999.9","  49.6","  39.4"," 11.7"," 0.02","1009.7","999.9","992.0","  44.4","  3.6","  9.4"
"34504099999","48.6","34.9666666","143.0","2010-12-26","  38.3","100000","999.9","  47.5","  34.7","  9.7"," 0.00","1010.3","999.9","992.5","  41.6","  5.3","  7.5"
"34504099999","48.6","34.9666666","143.0","2010-12-27","  29.8","000000","999.9","  34.3","  32.2","  9.7"," 0.00","1019.8","999.9","001.5","  33.2","  6.2","  6.1"
"34504099999","48.6","34.9666666","143.0","2010-12-28","  30.4","110000","999.9","  34.3","  30.9"," 11.7"," 0.31","1016.8","999.9","998.5","  32.2","  3.0","  7.5"
"34504099999","48.6","34.9666666","143.0","2010-12-29","  21.4","001000","999.9","  29.5","  17.1"," 11.7","99.99","1021.4","999.9","002.7","  24.4","  5.3","  8.0"
"34504099999","48.6","34.9666666","143.0","2010-12-30","  16.1","100000","999.9","  21.4","  15.1","  5.8"," 0.00","1025.2","999.9","006.2","  17.8","  2.9","  3.3"
"34504099999","48.6","34.9666666","143.0","2010-12-31","  17.7","000000","999.9","  28.2","  14.5","  9.7"," 0.00","1022.4","999.9","003.6","  21.4","  6.2","  6.3"
"34504099999","48.6","34.9666666","143.0","2011-01-01","  23.9","001000","999.9","  30.9","  22.6","  9.7"," 0.00","1015.4","999.9","997.0","  27.2","  5.7","  6.7"
"34504099999","48.6","34.9666666","143.0","2011-01-02","  24.7","000000","999.9","  35.2","  24.4","  9.7"," 0.00","1012.6","999.9","994.2","  27.9","  5.3","  7.8"
"34504099999","48.6","34.9666666","143.0","2011-01-03","  23.0","001000","999.9","  31.6","  21.7","  5.8","99.99","1019.3","999.9","000.8","  26.3","  5.6","  4.4"
"34504099999","48.6","34.9666666","143.0","2011-01-04","  18.9","001000","999.9","  27.3","  16.2"," 11.7"," 0.15","1019.4","  1.6","000.7","  21.6","  4.0","  9.7"
"34504099999","48.6","34.9666666","143.0","2011-01-05","  16.3","000000","999.9","  25.5","  11.8","  7.8"," 0.00","1030.0","  1.6","011.0","  19.4","  4.8","  3.9"
"34504099999","48.6","34.9666666","143.0","2011-01-06","  11.0","100000","999.9","  21.7","  10.0"," 11.7"," 0.00","1034.3","  1.2","015.0","  14.4","  5.5","  8.0"
"34504099999","48.6","34.9666666","143.0","2011-01-07","  16.3","001000","999.9","  24.1","   9.3","  7.8"," 0.00","1032.5","  2.0","013.4","  19.4","  5.7","  5.5"
"34504099999","48.6","34.9666666","143.0","2011-01-08","  24.2","100000","999.9","  29.7","  23.5","  7.8"," 0.00","1031.1","  1.6","012.3","  26.1","  3.9","  3.9"
"34504099999","48.6","34.9666666","143.0","2011-01-09","  25.6","100000","999.9","  29.5","  24.4","  7.8"," 0.00","1030.7","  0.8","012.0","  27.1","  4.3","  5.3"
"34504099999","48.6","34.9666666","143.0","2011-01-10","  21.7","001000","999.9","  27.7","  18.1","  7.8"," 0.01","1032.7","  2.0","013.8","  23.8","  3.1","  5.2"
"34504099999","48.6","34.9666666","143.0","2011-01-11","  22.6","100000","999.9","  25.2","  17.8","  5.8"," 0.00","1030.6","  2.0","011.8","  23.4","  1.9","  4.4"
"34504099999","48.6","34.9666666","143.0","2011-01-12","  24.6","100000","999.9","  27.9","  19.9","  5.8"," 0.00","1026.5","  0.8","007.7","  25.1","  0.9","  5.6"
"34504099999","48.6","34.9666666","143.0","2011-01-13","9999.9","110000","999.9","  31.6","  24.8","  7.8"," 0.08","1018.1","  0.4","999.6","  28.7","  0.2","  5.3"
"34504099999","48.6","34.9666666","143.0","2011-01-14","  31.5","101000","999.9","  33.8","  30.9","  5.8"," 0.43","1012.7","  2.8","994.5","  32.1","  1.3","  3.6"
"34504099999","48.6","34.9666666","143.0","2011-01-15","  29.1","101000","999.9","  32.5","  27.7","  7.8","99.99","1017.0","  1.6","998.6","  30.9","  4.9","  5.1"
"34504099999","48.6","34.9666666","143.0","2011-01-16","  27.1","110000","999.9","  32.4","  24.1"," 13.6"," 0.04","1023.6","  2.4","005.0","  28.9","  3.8","  8.6"
"34504099999","48.6","34.9666666","143.0","2011-01-17","  20.2","001000","999.9","  24.6","  19.4","  5.8"," 0.08","1026.5","  1.6","007.6","  22.6","  4.4","  3.9"
"34504099999","48.6","34.9666666","143.0","2011-01-18","  24.1","101000","999.9","  31.5","  22.5","  7.8"," 0.06","1023.1","  2.4","004.5","  26.7","  1.4","  4.9"
"34504099999","48.6","34.9666666","143.0","2011-01-19","  17.0","000000","999.9","  25.0","  16.9","  7.8"," 0.00","1027.0","  2.8","008.1","  19.9","  5.1","  5.3"
"34504099999","48.6","34.9666666","143.0","2011-01-20","  17.9","000000","999.9","  27.5","  16.9","  7.8"," 0.00","1025.8","  2.8","006.9","  20.7","  6.2","  6.1"
"34504099999","48.6","34.9666666","143.0","2011-01-21","  15.8","000000","999.9","  27.3","  17.1","  9.7"," 0.00","1027.4","  1.6","008.5","  20.8","  6.2","  6.6"
"34504099999","48.6","34.9666666","143.0","2011-01-22","  21.2","001000","999.9","  28.0","  18.9","  5.8"," 0.08","1025.2","  1.6","006.5","  23.4","  3.3","  2.8"
"34504099999","48.6","34.9666666","143.0","2011-01-23","  24.4","001000","999.9","  29.7","  23.7"," 11.7"," 0.28","1015.8","  3.1","997.2","  25.1","  0.7","  8.4"
"34504099999","48.6","34.9666666","143.0","2011-01-24","  16.8","001000","999.9","  25.2","  13.6","  9.7"," 0.57","1014.1"," 12.6","995.3","  18.9","  4.3","  8.1"
"34504099999","48.6","34.9666666","143.0","2011-01-25","   9.7","001000","999.9","  19.2","   6.3","  9.7"," 0.02","1017.8"," 11.0","998.6","  10.8","  2.6","  7.1"
"34504099999","48.6","34.9666666","143.0","2011-01-26","   2.8","100000","999.9","  17.2","  -2.0","  5.8"," 0.04","1016.8"," 11.0","997.5","   4.8","  2.6","  2.2"
"34504099999","48.6","34.9666666","143.0","2011-01-27","   4.6","100000","999.9","  15.1","  -1.8","  3.9"," 0.00","1022.8"," 11.0","003.4","   5.8","  2.1","  1.5"
"34504099999","48.6","34.9666666","143.0","2011-01-28","   8.8","100000","999.9","  20.8","   0.3","  7.8"," 0.00","1026.7"," 10.6","007.3","  10.4","  2.4","  1.9"
"34504099999","48.6","34.9666666","143.0","2011-01-29","  13.1","000000","999.9","  25.0","   9.0","  5.8"," 0.00","1023.4","  9.1","004.3","  16.3","  4.0","  4.1"
"34504099999","48.6","34.9666666","143.0","2011-01-30","  11.0","000000","999.9","  25.2","   2.8"," 11.7"," 0.00","1015.4","  8.3","996.4","  13.8","  5.7","  6.8"
"34504099999","48.6","34.9666666","143.0","2011-01-31","  21.0","001000","999.9","  32.0","  11.5","  9.7"," 0.02","1017.3","  8.3","998.7","  23.8","  4.6","  5.8"
"34504099999","48.6","34.9666666","143.0","2011-02-01","  19.7","000000","999.9","  27.1","  18.3","  7.8"," 0.00","1021.2","  7.5","002.5","  23.3","  6.2","  5.5"
"34504099999","48.6","34.9666666","143.0","2011-02-02","  19.3","001000","999.9","  28.4","  19.4","  3.9"," 0.02","1018.9","  7.1","000.1","  22.0","  5.0","  1.7"
"34504099999","48.6","34.9666666","143.0","2011-02-03","  22.6","001000","999.9","  28.4","  20.8","  5.8"," 0.09","1020.8","  7.5","002.1","  24.5","  2.0","  3.2"
"34504099999","48.6","34.9666666","143.0","2011-02-04","  25.6","101000","999.9","  29.1","  25.3"," 13.6"," 0.04","1019.9","999.9","001.4","  27.2","  2.9","  7.4"
"34504099999","48.6","34.9666666","143.0","2011-02-05","  28.8","011000","999.9","  36.5","  22.5"," 15.5"," 0.16","1008.9","  8.7","990.8","  30.9","  4.9"," 13.0"
"34504099999","48.6","34.9666666","143.0","2011-02-06","  30.9","011000","999.9","  42.3","  34.9"," 19.4"," 0.01","1006.3","  5.9","988.4","  37.6","  6.2"," 16.5"
"34504099999","48.6","34.9666666","143.0","2011-02-07","  28.7","000000","999.9","  39.2","  28.6"," 11.7"," 0.00","1015.8","  3.5","997.6","  32.9","  5.1","  7.0"
"34504099999","48.6","34.9666666","143.0","2011-02-08","  31.7","100000","999.9","  36.1","  27.9"," 11.7"," 0.00","1013.5","  3.1","995.3","  32.2","  1.4","  6.3"
"34504099999","48.6","34.9666666","143.0","2011-02-09","  28.7","000000","999.9","  40.5","  31.1"," 21.4"," 0.00","1005.2","  2.4","987.2","  35.0","  6.2"," 12.1"
"34504099999","48.6","34.9666666","143.0","2011-02-10","  23.0","001000","999.9","  37.9","  21.2"," 17.5"," 0.02","1011.8","  2.0","993.4","  27.7","  6.2"," 13.9"
"34504099999","48.6","34.9666666","143.0","2011-02-11","  15.6","000000","999.9","  25.2","  13.8","  9.7"," 0.00","1016.7","  2.0","998.0","  21.9","  6.2","  6.4"
"34504099999","48.6","34.9666666","143.0","2011-02-12","  28.5","001000","999.9","  33.1","  20.3"," 23.3"," 0.44"," 994.2","  3.9","976.2","  29.7","  2.1"," 11.7"
"34504099999","48.6","34.9666666","143.0","2011-02-13","  10.8","001000","999.9","  17.4","  11.7"," 23.3"," 1.22","1007.5","  7.5","988.6","  14.0","  1.1"," 19.1"
"34504099999","48.6","34.9666666","143.0","2011-02-14","   3.1","001000","999.9","  16.0","   3.0"," 13.6"," 0.04","1012.6","  9.1","993.4","   6.6","  5.6","  9.1"
"34504099999","48.6","34.9666666","143.0","2011-02-15","   3.1","000000","999.9","  18.3","  -1.8","  9.7"," 0.00","1016.2","  7.1","997.0","   8.3","  6.2","  6.4"
"34504099999","48.6","34.9666666","143.0","2011-02-16","   1.1","000000","999.9","  18.9","  -3.8","  7.8"," 0.00","1023.7","999.9","004.3","   7.0","  6.2","  3.4"
"34504099999","48.6","34.9666666","143.0","2011-02-17","   4.1","000000","999.9","  23.9","  -3.5","  3.9"," 0.00","1027.0","  6.3","007.6","   8.9","  4.5","  2.4"
"34504099999","48.6","34.9666666","143.0","2011-02-18","   6.0","000000","999.9","  20.1","   0.5","  9.7"," 0.00","1027.3","  5.9","008.0","  10.7","  5.7","  6.1"
"34504099999","48.6","34.9666666","143.0","2011-02-19","   2.5","000000","999.9","  19.2","   1.0"," 13.6"," 0.00","1023.8","  5.5","004.4","   8.6","  6.2"," 11.4"
"34504099999","48.6","34.9666666","143.0","2011-02-20","   0.3","000000","999.9","  16.7","  -2.9"," 15.5"," 0.00","1022.8","  5.5","003.3","   6.3","  6.2"," 13.1"
"34504099999","48.6","34.9666666","143.0","2011-02-21","   2.4","000000","999.9","  18.7","   2.1"," 15.5"," 0.00","1026.4","  5.5","007.0","   9.2","  6.2"," 12.6"
"34504099999","48.6","34.9666666","143.0","2011-02-22","   6.9","000000","999.9","  18.5","   7.5"," 19.4"," 0.00","1026.9","  5.5","007.6","  11.9","  6.2"," 15.1"
"34504099999","48.6","34.9666666","143.0","2011-02-23","   9.0","001000","999.9","  20.8","   7.2"," 17.5"," 0.00","1028.0","  5.5","008.8","  13.3","  5.7"," 15.0"
"34504099999","48.6","34.9666666","143.0","2011-02-24","  13.2","010000","999.9","  23.9","  12.7"," 17.5"," 0.00","1030.6","  5.5","011.4","  17.4","  6.2"," 15.5"
"34504099999","48.6","34.9666666","143.0","2011-02-25","  10.8","001000","999.9","  16.7","  12.2"," 25.3"," 0.00","1031.3","  5.5","012.1","  14.1","  4.4"," 19.4"
"34504099999","48.6","34.9666666","143.0","2011-02-26","   9.0","001000","999.9","  19.8","   9.5"," 25.3"," 0.00","1028.9","  5.9","009.7","  13.3","  3.9"," 20.7"
"34504099999","48.6","34.9666666","143.0","2011-02-27","  10.9","001000","999.9","  20.1","  10.6"," 21.4"," 0.00","1028.5","  5.9","009.4","  15.7","  5.5"," 18.0"
"34504099999","48.6","34.9666666","143.0","2011-02-28","  12.4","001000","999.9","  20.8","  12.7"," 15.5"," 0.12","1030.6","  5.9","011.5","  15.7","  3.1"," 13.3"
"34504099999","48.6","34.9666666","143.0","2011-03-01","  15.1","001000","999.9","  22.8","  15.4"," 15.5"," 0.10","1033.2","  6.7","014.1","  18.0","  3.7"," 11.0"
"34504099999","48.6","34.9666666","143.0","2011-03-02","  10.0","000000","999.9","  27.9","   8.2","  9.7"," 0.01","1036.2","  7.1","016.9","  16.6","  6.2","  6.4"
"34504099999","48.6","34.9666666","143.0","2011-03-03","  13.5","000000","999.9","  36.0","   3.2"," 11.7"," 0.00","1034.3","  6.7","015.2","  19.2","  5.7","  5.1"
"34504099999","48.6","34.9666666","143.0","2011-03-04","  22.5","100000","999.9","  37.6","  10.9"," 13.6"," 0.00","1026.7","  6.3","007.9","  25.2","  3.9","  7.5"
"34504099999","48.6","34.9666666","143.0","2011-03-05","  26.5","000000","999.9","  40.8","  21.0"," 21.4"," 0.00","1013.2","  4.3","995.0","  32.0","  6.2"," 12.4"
"34504099999","48.6","34.9666666","143.0","2011-03-06","  28.9","111000","999.9","  37.2","  25.9"," 11.7"," 0.12","1006.9","  2.0","988.7","  31.1","  3.1","  5.2"
"34504099999","48.6","34.9666666","143.0","2011-03-07","  20.7","001000","999.9","  34.0","  21.9"," 13.6"," 0.03","1022.2","  2.0","003.6","  25.9","  5.7","  8.9"
"34504099999","48.6","34.9666666","143.0","2011-03-08","  18.1","000000","999.9","  31.1","  16.9"," 11.7"," 0.00","1032.2","  2.0","013.3","  23.7","  6.2","  8.7"
"34504099999","48.6","34.9666666","143.0","2011-03-09","  19.7","000000","999.9","  34.7","  16.7"," 21.4"," 0.00","1028.3","  1.2","009.5","  25.4","  6.2"," 16.8"
"34504099999","48.6","34.9666666","143.0","2011-03-10","  20.9","000000","999.9","  35.6","  19.9"," 19.4"," 0.00","1022.6","  0.8","004.0","  27.5","  6.2"," 15.8"
"34504099999","48.6","34.9666666","143.0","2011-03-11","  24.1","000000","999.9","  35.2","  24.8","  9.7"," 0.00","1021.3","  0.8","002.8","  28.5","  6.2","  6.3"
"34504099999","48.6","34.9666666","143.0","2011-03-12","  30.6","000000","999.9","  43.2","  25.2"," 11.7"," 0.00","1021.9","999.9","003.6","  34.6","  5.7","  8.0"
"34504099999","48.6","34.9666666","143.0","2011-03-13","  32.5","000000","999.9","  48.9","  28.6"," 11.7"," 0.00","1028.6","999.9","010.3","  38.7","  5.1","  6.1"
"34504099999","48.6","34.9666666","143.0","2011-03-14","  35.0","100000","999.9","  48.6","  31.3"," 13.6"," 0.00","1027.9","999.9","009.6","  38.3","  4.2","  8.3"
"34504099999","48.6","34.9666666","143.0","2011-03-15","  36.6","100000","999.9","  52.7","  30.6"," 13.6"," 0.00","1022.2","999.9","004.2","  41.2","  5.0","  7.5"
"34504099999","48.6","34.9666666","143.0","2011-03-16","  32.9","100000","999.9","  38.7","  31.1"," 11.7"," 0.02","1023.9","999.9","005.6","  35.7","  3.3","  7.5"
"34504099999","48.6","34.9666666","143.0","2011-03-17","  23.8","000000","999.9","  36.9","  26.8","  7.8"," 0.00","1026.9","999.9","008.4","  31.3","  6.2","  6.6"
"34504099999","48.6","34.9666666","143.0","2011-03-18","  24.6","000000","999.9","  37.2","  23.5","  9.7"," 0.00","1024.5","999.9","005.9","  29.0","  6.2","  7.8"
"34504099999","48.6","34.9666666","143.0","2011-03-19","  23.9","000000","999.9","  39.2","  23.0"," 11.7"," 0.00","1023.4","999.9","004.9","  31.0","  6.2","  6.1"
"34504099999","48.6","34.9666666","143.0","2011-03-20","  29.2","000000","999.9","  45.3","  28.2","  5.8"," 0.00","1026.2","999.9","008.0","  36.8","  6.2","  3.2"
"34504099999","48.6","34.9666666","143.0","2011-03-21","  31.0","000000","999.9","  44.1","  30.7"," 13.6"," 0.00","1028.9","999.9","010.5","  36.4","  5.3"," 10.4"
"34504099999","48.6","34.9666666","143.0","2011-03-22","  26.6","000000","999.9","  47.5","  25.3","  9.7"," 0.00","1028.5","999.9","010.2","  38.2","  6.2","  6.1"
"34504099999","48.6","34.9666666","143.0","2011-03-23","  35.2","000000","999.9","  50.5","  35.4"," 15.5"," 0.00","1018.7","999.9","000.8","  41.7","  6.2","  9.5"
"34504099999","48.6","34.9666666","143.0","2011-03-24","  31.8","010000","999.9","  50.9","  29.8"," 19.4"," 0.00","1012.4","999.9","994.5","  40.4","  5.7"," 12.4"
"34504099999","48.6","34.9666666","143.0","2011-03-25","  32.0","010000"," 35.0","  45.7","  32.5"," 25.3"," 0.14","1010.4","999.9","992.6","  40.5","  4.8"," 13.3"
"34504099999","48.6","34.9666666","143.0","2011-03-26","  37.3","010000","999.9","  54.5","  34.0"," 17.5"," 0.28","1008.5","999.9","990.7","  42.5","  4.6"," 11.4"
"34504099999","48.6","34.9666666","143.0","2011-03-27","  21.8","000000","999.9","  39.7","  28.2","  9.7"," 0.01","1022.7","999.9","004.3","  32.7","  6.2","  8.3"
"34504099999","48.6","34.9666666","143.0","2011-03-28","  24.7","001000","999.9","  36.3","  23.0"," 13.6"," 0.01","1022.9","999.9","004.5","  31.2","  5.1","  8.7"
"34504099999","48.6","34.9666666","143.0","2011-03-29","  34.4","111000","999.9","  41.4","  31.8","  5.8"," 0.39","1017.4","999.9","999.3","  35.6","  1.5","  3.6"
"34504099999","48.6","34.9666666","143.0","2011-03-30","  36.6","100000","999.9","  54.9","  29.8","  9.7"," 0.00","1020.2","999.9","002.2","  40.9","  3.9","  5.8"
"34504099999","48.6","34.9666666","143.0","2011-03-31","  36.9","100000","999.9","  60.1","  32.4","  7.8"," 0.00","1023.6","999.9","005.6","  45.3","  4.1","  4.9"
"34504099999","48.6","34.9666666","143.0","2011-04-01","  37.1","000000","999.9","  57.6","  34.2","  9.7"," 0.00","1028.8","999.9","010.8","  45.7","  6.2","  8.0"
"34504099999","48.6","34.9666666","143.0","2011-04-02","  31.1","000000","999.9","  56.5","  33.4"," 17.5"," 0.00","1027.1","999.9","009.1","  44.4","  6.2"," 12.9"
"34504099999","48.6","34.9666666","143.0","2011-04-03","  29.1","010000","999.9","  49.1","  33.6"," 23.3","99.99","1023.2","999.9","005.1","  41.8","  5.7"," 18.7"
"34504099999","48.6","34.9666666","143.0","2011-04-04","  34.5","000000","999.9","  49.1","  37.6"," 15.5"," 0.00","1019.4","999.9","001.5","  42.9","  6.2"," 11.1"
"34504099999","48.6","34.9666666","143.0","2011-04-05","  30.8","000000","999.9","  48.7","  36.7","  9.7"," 0.00","1015.7","999.9","997.8","  42.6","  6.2","  7.8"
"34504099999","48.6","34.9666666","143.0","2011-04-06","  33.6","000000","999.9","  53.6","  40.6"," 13.6"," 0.00","1013.2","999.9","995.4","  44.1","  6.2","  7.8"
"34504099999","48.6","34.9666666","143.0","2011-04-07","  41.1","110000","999.9","  53.8","  35.6","  9.7"," 0.04","1006.4","999.9","988.7","  44.9","  4.8","  5.8"
"34504099999","48.6","34.9666666","143.0","2011-04-08","  40.9","010000","999.9","  52.7","  39.2"," 21.4"," 0.28"," 991.5","999.9","974.1","  44.9","  5.3"," 16.5"
"34504099999","48.6","34.9666666","143.0","2011-04-09","  36.4","010000","999.9","  46.4","  37.2"," 17.5"," 0.10"," 989.3","999.9","971.8","  40.8","  6.2"," 11.7"
"34504099999","48.6","34.9666666","143.0","2011-04-10","  34.3","011000","999.9","  47.8","  36.5"," 13.6"," 0.02"," 998.6","999.9","980.9","  39.8","  6.2"," 10.3"
"34504099999","48.6","34.9666666","143.0","2011-04-11","  34.1","010000","999.9","  44.8","  32.0","  5.8"," 0.16","1005.0","999.9","987.1","  36.6","  5.1","  3.1"
"34504099999","48.6","34.9666666","143.0","2011-04-12","  33.1","010000","999.9","  46.0","  30.7","  3.9"," 0.04","1008.9","999.9","990.9","  36.8","  5.0","  2.8"
"34504099999","48.6","34.9666666","143.0","2011-04-13","  34.9","000000","999.9","  50.2","  31.3","  9.7"," 0.02","1010.8","999.9","993.0","  42.1","  6.2","  5.6"
"34504099999","48.6","34.9666666","143.0","2011-04-14","  42.4","010000","999.9","  50.2","  40.1","  9.7"," 0.12","1006.7","999.9","989.0","  44.0","  3.9","  6.4"
"34504099999","48.6","34.9666666","143.0","2011-04-15","  40.6","010000","999.9","  47.8","  41.7"," 13.6"," 0.16","1006.4","999.9","988.8","  43.8","  5.1","  6.9"
"34504099999","48.6","34.9666666","143.0","2011-04-16","  35.8","010000","999.9","  45.1","  34.3","  9.7"," 0.01","1014.0","999.9","996.0","  39.9","  6.2","  6.8"
"34504099999","48.6","34.9666666","143.0","2011-04-17","  33.3","000000","999.9","  57.6","  34.5"," 11.7"," 0.00","1020.4","999.9","002.6","  47.2","  6.2","  7.8"
"34504099999","48.6","34.9666666","143.0","2011-04-18","  39.8","000000","999.9","  65.7","  41.7","  9.7"," 0.00","1018.6","999.9","001.0","  52.7","  6.2","  4.6"
"34504099999","48.6","34.9666666","143.0","2011-04-19","  39.7","000000","999.9","  67.8","  41.0","  9.7"," 0.00","1010.2","999.9","992.8","  53.4","  6.2","  7.5"
"34504099999","48.6","34.9666666","143.0","2011-04-20","  26.2","000000","999.9","  57.2","  37.6"," 13.6"," 0.00","1016.2","999.9","998.4","  46.7","  6.2","  8.7"
"34504099999","48.6","34.9666666","143.0","2011-04-21","  24.4","000000","999.9","  57.0","  32.7","  5.8"," 0.00","1024.7","999.9","006.7","  45.8","  6.2","  3.9"
"34504099999","48.6","34.9666666","143.0","2011-04-22","  26.2","000000","999.9","  61.5","  36.1","  5.8"," 0.00","1025.4","999.9","007.6","  49.5","  6.2","  3.4"
"34504099999","48.6","34.9666666","143.0","2011-04-23","  27.0","000000","999.9","  64.8","  40.8"," 13.6"," 0.00","1023.0","999.9","005.3","  53.5","  6.2","  7.3"
"34504099999","48.6","34.9666666","143.0","2011-04-24","  31.7","000000","999.9","  71.2","  42.8","  7.8"," 0.00","1022.8","999.9","005.3","  58.5","  6.2","  3.9"
"34504099999","48.6","34.9666666","143.0","2011-04-25","  33.6","000000","999.9","  73.6","  46.8","  7.8"," 0.00","1022.1","999.9","004.7","  61.6","  6.2","  4.4"
"34504099999","48.6","34.9666666","143.0","2011-04-26","  37.2","000000","999.9","  76.3","  54.1","  7.8"," 0.00","1019.6","999.9","002.5","  64.9","  6.2","  5.8"
"34504099999","48.6","34.9666666","143.0","2011-04-27","  39.5","000000","999.9","  74.8","  50.9"," 13.6"," 0.00","1020.7","999.9","003.4","  62.2","  6.2","  8.0"
"34504099999","48.6","34.9666666","143.0","2011-04-28","  37.9","000000","999.9","  74.5","  48.9"," 15.5"," 0.00","1016.0","999.9","998.8","  61.9","  6.2","  9.7"
"34504099999","48.6","34.9666666","143.0","2011-04-29","  39.6","000000","999.9","  72.5","  50.9"," 17.5"," 0.00","1011.3","999.9","994.2","  62.4","  6.2"," 11.4"
"34504099999","48.6","34.9666666","143.0","2011-04-30","  46.9","000000","999.9","  63.5","  48.0"," 15.5"," 0.00","1008.9","999.9","991.6","  55.3","  6.2","  9.0"
"34504099999","48.6","34.9666666","143.0","2011-05-01","  45.8","100000","999.9","  71.6","  42.1","  5.8"," 0.00","1009.9","999.9","992.6","  58.4","  5.4","  3.4"
"34504099999","48.6","34.9666666","143.0","2011-05-02","  47.2","000000","999.9","  73.9","  48.9","  9.7"," 0.00","1010.2","999.9","993.1","  61.7","  6.2","  6.3"
"34504099999","48.6","34.9666666","143.0","2011-05-03","  47.6","000000","999.9","  71.1","  46.8","  7.8"," 0.00","1008.8","999.9","991.7","  59.6","  6.2","  4.4"
"34504099999","48.6","34.9666666","143.0","2011-05-04","  50.2","000000","999.9","  74.1","  49.8","  5.8"," 0.00","1006.6","999.9","989.5","  62.5","  6.2","  3.6"
"34504099999","48.6","34.9666666","143.0","2011-05-05","  51.9","010010","999.9","  76.5","  52.9"," 19.4"," 0.08","1007.8","999.9","990.7","  60.8","  6.2","  7.5"
"34504099999","48.6","34.9666666","143.0","2011-05-06","  46.8","010000","999.9","  54.5","  43.3"," 15.5"," 0.06","1013.9","999.9","996.3","  49.4","  6.2"," 11.3"
"34504099999","48.6","34.9666666","143.0","2011-05-07","  37.6","000000","999.9","  56.3","  40.5"," 11.7"," 0.00","1019.9","999.9","002.0","  46.6","  6.2","  7.0"
"34504099999","48.6","34.9666666","143.0","2011-05-08","  43.6","010000","999.9","  64.8","  41.5"," 15.5"," 0.03","1022.7","999.9","005.0","  52.0","  6.2"," 10.3"
"34504099999","48.6","34.9666666","143.0","2011-05-09","  38.4","000000","999.9","  76.3","  50.5"," 17.5"," 0.00","1019.4","999.9","002.2","  63.6","  6.2"," 10.0"
"34504099999","48.6","34.9666666","143.0","2011-05-10","  48.0","010000","999.9","  70.9","  53.1"," 15.5"," 0.02","1016.2","999.9","999.0","  59.8","  6.2"," 10.0"
"34504099999","48.6","34.9666666","143.0","2011-05-11","  52.3","010000","999.9","  67.1","  50.9","  7.8"," 0.20","1015.7","999.9","998.3","  55.7","  6.2","  4.9"
"34504099999","48.6","34.9666666","143.0","2011-05-12","  52.5","110000","999.9","  75.9","  49.3","  9.7"," 0.04","1013.8","999.9","996.6","  61.4","  5.0","  6.1"
"34504099999","48.6","34.9666666","143.0","2011-05-13","  50.4","000000","999.9","  77.4","  51.4","  9.7"," 0.00","1012.2","999.9","995.2","  65.0","  6.2","  6.3"
"34504099999","48.6","34.9666666","143.0","2011-05-14","  48.9","000000","999.9","  76.3","  52.9"," 19.4"," 0.00","1012.2","999.9","995.1","  63.0","  6.2","  7.0"
"34504099999","48.6","34.9666666","143.0","2011-05-15","  44.4","000000","999.9","  69.6","  46.2","  7.8"," 0.00","1013.8","999.9","996.5","  59.0","  6.2","  5.1"
"34504099999","48.6","34.9666666","143.0","2011-05-16","  50.2","000000","999.9","  74.7","  50.4","  5.8"," 0.00","1016.8","999.9","999.6","  63.5","  6.2","  2.7"
"34504099999","48.6","34.9666666","143.0","2011-05-17","  47.6","000000","999.9","  75.6","  54.5"," 13.6"," 0.00","1020.4","999.9","003.2","  65.2","  6.2","  6.9"
"34504099999","48.6","34.9666666","143.0","2011-05-18","  52.3","000000","999.9","  81.0","  52.3","  7.8"," 0.00","1021.4","999.9","004.3","  69.1","  6.2","  4.4"
"34504099999","48.6","34.9666666","143.0","2011-05-19","  55.4","000000","999.9","  82.9","  57.7"," 11.7"," 0.00","1019.3","999.9","002.3","  71.4","  6.2","  7.5"
"34504099999","48.6","34.9666666","143.0","2011-05-20","  55.0","000000","999.9","  84.2","  60.1"," 13.6"," 0.00","1018.1","999.9","001.2","  71.4","  6.2","  7.0"
"34504099999","48.6","34.9666666","143.0","2011-05-21","  56.2","000000","999.9","  81.0","  61.5"," 11.7"," 0.00","1016.9","999.9","000.0","  69.5","  6.2","  5.8"
"34504099999","48.6","34.9666666","143.0","2011-05-22","  55.0","000000","999.9","  85.3","  58.6"," 11.7"," 0.00","1017.3","999.9","000.4","  71.0","  6.2","  6.6"
"34504099999","48.6","34.9666666","143.0","2011-05-23","  54.9","000000","999.9","  86.5","  59.2","  7.8"," 0.00","1018.3","999.9","001.4","  71.5","  6.2","  4.2"
"34504099999","48.6","34.9666666","143.0","2011-05-24","  58.3","000010","999.9","  89.1","  60.8","  7.8"," 0.02","1019.8","999.9","002.9","  72.5","  6.2","  3.4"
"34504099999","48.6","34.9666666","143.0","2011-05-25","  58.9","010010","999.9","  86.0","  61.0"," 15.5"," 0.63","1016.9","999.9","000.0","  70.4","  6.2","  6.6"
"34504099999","48.6","34.9666666","143.0","2011-05-26","  48.7","000000","999.9","  69.4","  51.8"," 15.5"," 0.08","1019.8","999.9","002.5","  61.2","  6.2"," 11.1"
"34504099999","48.6","34.9666666","143.0","2011-05-27","  41.7","000000","999.9","  72.5","  46.8","  5.8"," 0.00","1022.2","999.9","004.8","  61.3","  6.2","  3.9"
"34504099999","48.6","34.9666666","143.0","2011-05-28","  44.7","000000","999.9","  79.7","  50.5","  7.8"," 0.00","1017.4","999.9","000.3","  66.3","  6.2","  3.4"
"34504099999","48.6","34.9666666","143.0","2011-05-29","  52.2","000000","999.9","  87.3","  57.4","  9.7"," 0.00","1016.2","999.9","999.3","  72.3","  6.2","  7.0"
"34504099999","48.6","34.9666666","143.0","2011-05-30","  50.5","000000","999.9","  84.7","  58.1"," 11.7"," 0.00","1020.0","999.9","003.0","  71.9","  6.2","  8.3"
"34504099999","48.6","34.9666666","143.0","2011-05-31","  51.9","000000","999.9","  87.4","  58.5"," 15.5"," 0.00","1019.8","999.9","003.0","  73.6","  6.2"," 10.0"
"34504099999","48.6","34.9666666","143.0","2011-06-01","  53.5","000000","999.9","  90.5","  60.1"," 13.6"," 0.00","1017.2","999.9","000.5","  76.8","  6.2"," 10.9"
"34504099999","48.6","34.9666666","143.0","2011-06-02","  51.2","000000","999.9","  89.4","  66.4"," 13.6"," 0.00","1016.9","999.9","000.1","  76.4","  6.2"," 10.7"
"34504099999","48.6","34.9666666","143.0","2011-06-03","  51.0","000000","999.9","  87.6","  60.3"," 11.7"," 0.00","1017.4","999.9","000.6","  74.8","  6.2","  7.0"
"34504099999","48.6","34.9666666","143.0","2011-06-04","  52.5","000000","999.9","  83.1","  60.4"," 13.6"," 0.00","1013.7","999.9","996.9","  72.3","  6.2","  8.7"
"34504099999","48.6","34.9666666","143.0","2011-06-05","  47.9","000000","999.9","  79.2","  54.3"," 11.7"," 0.00","1015.0","999.9","998.0","  67.2","  6.2","  7.0"
"34504099999","48.6","34.9666666","143.0","2011-06-06","  50.8","000000","999.9","  84.6","  56.8"," 11.7"," 0.00","1015.9","999.9","999.0","  72.0","  6.2","  6.3"
"34504099999","48.6","34.9666666","143.0","2011-06-07","  52.5","000000","999.9","  88.0","  61.3","  7.8"," 0.00","1014.7","999.9","997.9","  75.1","  6.2","  4.1"
"34504099999","48.6","34.9666666","143.0","2011-06-08","  51.8","000000","999.9","  89.1","  62.1","  7.8"," 0.00","1011.9","999.9","995.2","  77.3","  6.2","  5.8"
"34504099999","48.6","34.9666666","143.0","2011-06-09","  56.2","000000","999.9","  90.0","  66.0","  7.8"," 0.00","1005.7","999.9","989.1","  76.9","  6.2","  5.5"
"34504099999","48.6","34.9666666","143.0","2011-06-10","  56.9","010000","999.9","  81.5","  62.8","  7.8","99.99","1001.2","999.9","984.6","  72.4","  6.2","  5.6"
"34504099999","48.6","34.9666666","143.0","2011-06-11","  61.7","010010","999.9","  72.7","  60.3"," 11.7"," 0.63","1002.0","999.9","985.1","  64.6","  4.8","  9.1"
"34504099999","48.6","34.9666666","143.0","2011-06-12","  61.7","010000","999.9","  72.0","  61.3","  9.7"," 0.01","1004.2","999.9","987.4","  66.2","  6.2","  8.1"
"34504099999","48.6","34.9666666","143.0","2011-06-13","  63.1","000010","999.9","  77.7","  62.2","  7.8"," 0.00","1004.7","999.9","987.9","  68.9","  6.2","  6.1"
"34504099999","48.6","34.9666666","143.0","2011-06-14","  61.6","000010","999.9","  72.0","  59.0","  7.8"," 0.02","1006.4","999.9","989.5","  64.9","  5.1","  2.2"
"34504099999","48.6","34.9666666","143.0","2011-06-15","  62.0","000010","999.9","  81.3","  58.6","  9.7"," 0.31","1011.4","999.9","994.5","  67.3","  5.1","  4.4"
"34504099999","48.6","34.9666666","143.0","2011-06-16","  58.0","000000","999.9","  84.2","  59.2","  5.8"," 0.00","1014.9","999.9","998.0","  72.3","  6.2","  4.1"
"34504099999","48.6","34.9666666","143.0","2011-06-17","  59.9","000000","999.9","  84.4","  62.2"," 11.7"," 0.00","1014.5","999.9","997.7","  73.6","  6.2","  5.1"
"34504099999","48.6","34.9666666","143.0","2011-06-18","  57.9","000000","999.9","  86.9","  61.3","  5.8"," 0.00","1014.3","999.9","997.6","  75.8","  6.2","  2.4"
"34504099999","48.6","34.9666666","143.0","2011-06-19","  58.6","000000","999.9","  89.1","  66.2","  7.8"," 0.00","1009.8","999.9","993.3","  79.0","  6.2","  4.9"
"34504099999","48.6","34.9666666","143.0","2011-06-20","  57.2","010000","999.9","  85.3","  60.4"," 13.6"," 0.02","1008.3","999.9","991.6","  70.1","  6.2","  6.7"
"34504099999","48.6","34.9666666","143.0","2011-06-21","  54.1","110000","999.9","  76.5","  55.0"," 13.6"," 0.08","1014.7","999.9","997.7","  66.4","  5.5","  8.0"
"34504099999","48.6","34.9666666","143.0","2011-06-22","  54.0","010000","999.9","  75.6","  52.7"," 11.7"," 0.04","1017.7","999.9","000.6","  63.9","  6.2","  5.5"
"34504099999","48.6","34.9666666","143.0","2011-06-23","  52.9","000000","999.9","  83.1","  54.5","  9.7"," 0.00","1017.0","999.9","000.0","  70.0","  6.2","  5.1"
"34504099999","48.6","34.9666666","143.0","2011-06-24","  61.4","010010","999.9","  79.2","  61.2","  9.7"," 0.08","1013.3","999.9","996.4","  68.8","  6.2","  5.3"
"34504099999","48.6","34.9666666","143.0","2011-06-25","  64.0","000010","999.9","  79.2","  61.9","  5.8"," 1.65","1007.2","999.9","990.5","  69.2","  6.2","  3.3"
"34504099999","48.6","34.9666666","143.0","2011-06-26","  63.6","010010","999.9","  69.6","  62.1"," 17.5"," 0.48","1002.3","999.9","985.5","  65.2","  4.5"," 10.0"
"34504099999","48.6","34.9666666","143.0","2011-06-27","  59.8","010010","999.9","  70.3","  60.3"," 15.5"," 0.47"," 999.4","999.9","982.6","  63.4","  6.2"," 11.9"
"34504099999","48.6","34.9666666","143.0","2011-06-28","  59.8","010000","999.9","  72.1","  59.2"," 13.6"," 0.17","1005.6","999.9","988.7","  63.4","  6.2","  8.1"
"34504099999","48.6","34.9666666","143.0","2011-06-29","  58.0","010000","999.9","  74.7","  58.3","  7.8"," 0.47","1011.0","999.9","994.1","  65.6","  6.2","  4.2"
"34504099999","48.6","34.9666666","143.0","2011-06-30","  61.9","000000","999.9","  74.8","  57.7","  5.8"," 0.08","1009.0","999.9","992.1","  66.0","  5.7","  2.8"
"34504099999","48.6","34.9666666","143.0","2011-07-01","  60.4","010000","999.9","  64.4","  61.3"," 11.7"," 0.28","1007.5","999.9","990.5","  63.0","  6.2","  6.8"
"34504099999","48.6","34.9666666","143.0","2011-07-02","  61.5","000000","999.9","  76.3","  59.4","  7.8"," 0.00","1010.1","999.9","993.2","  67.5","  6.2","  4.4"
"34504099999","48.6","34.9666666","143.0","2011-07-03","  63.6","000000","999.9","  79.0","  64.4","  5.8"," 0.00","1009.3","999.9","992.6","  71.4","  6.2","  3.4"
"34504099999","48.6","34.9666666","143.0","2011-07-04","  62.5","010010","999.9","  76.6","  61.9"," 15.5"," 0.16","1008.4","999.9","991.4","  65.6","  5.1","  4.4"
"34504099999","48.6","34.9666666","143.0","2011-07-05","  59.1","010010","999.9","  72.9","  57.7"," 11.7"," 0.24","1008.5","999.9","991.6","  66.4","  6.2","  6.7"
"34504099999","48.6","34.9666666","143.0","2011-07-06","  61.5","000000","999.9","  77.4","  60.8","  9.7"," 0.04","1010.0","999.9","993.2","  70.2","  6.2","  6.7"
"34504099999","48.6","34.9666666","143.0","2011-07-07","  63.8","010000","999.9","  79.9","  62.8","  7.8"," 0.00","1010.8","999.9","994.0","  72.3","  6.2","  3.9"
"34504099999","48.6","34.9666666","143.0","2011-07-08","  63.3","000000","999.9","  82.0","  61.5"," 11.7"," 0.01","1014.3","999.9","997.6","  74.1","  6.2","  5.8"
"34504099999","48.6","34.9666666","143.0","2011-07-09","  66.0","000010","999.9","  85.8","  64.0","  7.8"," 0.16","1016.1","999.9","999.3","  73.5","  6.2","  4.1"
"34504099999","48.6","34.9666666","143.0","2011-07-10","  66.7","000000","999.9","  84.6","  66.6"," 15.5"," 0.00","1014.1","999.9","997.4","  75.8","  6.2","  8.7"
"34504099999","48.6","34.9666666","143.0","2011-07-11","  67.1","010000","999.9","  85.6","  66.2","  9.7"," 0.00","1013.2","999.9","996.5","  75.3","  6.2","  7.3"
"34504099999","48.6","34.9666666","143.0","2011-07-12","  66.7","000000","999.9","  86.0","  64.2","  7.8"," 0.00","1014.1","999.9","997.4","  75.7","  6.2","  5.3"
"34504099999","48.6","34.9666666","143.0","2011-07-13","  59.0","000000","999.9","  87.4","  67.1"," 11.7"," 0.00","1015.5","999.9","998.8","  77.2","  6.2","  8.0"
"34504099999","48.6","34.9666666","143.0","2011-07-14","  57.9","000000","999.9","  90.0","  63.5"," 11.7"," 0.00","1017.0","999.9","000.2","  76.8","  6.2","  7.3"
"34504099999","48.6","34.9666666","143.0","2011-07-15","  62.1","000000","999.9","  90.7","  64.0"," 11.7"," 0.00","1015.8","999.9","999.2","  77.0","  6.2","  8.5"
"34504099999","48.6","34.9666666","143.0","2011-07-16","  60.1","000000","999.9","  94.6","  69.1"," 11.7"," 0.00","1011.8","999.9","995.3","  81.3","  6.2","  7.0"
"34504099999","48.6","34.9666666","143.0","2011-07-17","  64.2","000000","999.9","  82.2","  71.2","  7.8"," 0.00","1009.7","999.9","993.1","  77.0","  6.2","  5.6"
"34504099999","48.6","34.9666666","143.0","2011-07-18","  65.0","010010","999.9","  89.4","  66.9"," 11.7"," 0.47","1009.2","999.9","992.6","  73.9","  6.2","  9.2"
"34504099999","48.6","34.9666666","143.0","2011-07-19","  69.5","000000","999.9","  91.4","  66.6"," 13.6"," 0.00","1009.1","999.9","992.6","  79.3","  6.2","  8.7"
"34504099999","48.6","34.9666666","143.0","2011-07-20","  67.9","000000","999.9","  93.7","  69.8","  9.7"," 0.00","1007.0","999.9","990.6","  80.9","  6.2","  7.5"
"34504099999","48.6","34.9666666","143.0","2011-07-21","  66.8","000010","999.9","  90.9","  67.6"," 11.7"," 0.00","1002.4","999.9","986.1","  78.8","  6.2","  6.8"
"34504099999","48.6","34.9666666","143.0","2011-07-22","  66.4","000010","999.9","  86.2","  68.0","  5.8"," 0.00","1003.0","999.9","986.6","  77.0","  6.2","  4.1"
"34504099999","48.6","34.9666666","143.0","2011-07-23","  64.7","000000","999.9","  83.5","  63.5","  7.8"," 0.47","1008.8","999.9","992.2","  74.5","  6.2","  6.7"
"34504099999","48.6","34.9666666","143.0","2011-07-24","  65.7","000000","999.9","  84.9","  64.8"," 11.7"," 0.00","1010.6","999.9","993.9","  73.3","  6.2","  9.2"
"34504099999","48.6","34.9666666","143.0","2011-07-25","  63.5","000000","999.9","  88.2","  64.2","  5.8"," 0.00","1010.0","999.9","993.4","  76.9","  6.2","  4.4"
"34504099999","48.6","34.9666666","143.0","2011-07-26","  65.6","000000","999.9","  93.0","  68.0","  7.8"," 0.00","1012.8","999.9","996.3","  80.3","  5.7","  5.3"
"34504099999","48.6","34.9666666","143.0","2011-07-27","  65.8","000000","999.9","  96.3","  70.2","  3.9"," 0.00","1014.0","999.9","997.6","  84.6","  6.2","  2.2"
"34504099999","48.6","34.9666666","143.0","2011-07-28","  68.6","000000","999.9","  90.9","  71.8","  9.7"," 0.00","1012.5","999.9","996.0","  80.0","  6.2","  6.6"
"34504099999","48.6","34.9666666","143.0","2011-07-29","  64.3","000000","999.9","  88.7","  66.7","  7.8"," 0.00","1011.1","999.9","994.6","  77.2","  6.2","  6.3"
"34504099999","48.6","34.9666666","143.0","2011-07-30","  65.4","000000","999.9","  92.1","  67.3","  9.7"," 0.00","1005.2","999.9","988.8","  78.7","  6.2","  6.6"
"34504099999","48.6","34.9666666","143.0","2011-07-31","  68.1","010010","999.9","  82.6","  65.8"," 11.7"," 0.20","1002.6","999.9","986.1","  74.5","  6.2","  7.0"
"34504099999","48.6","34.9666666","143.0","2011-08-01","  61.2","000000","999.9","  83.1","  62.4","  9.7"," 0.00","1007.0","999.9","990.3","  72.7","  6.2","  6.8"
"34504099999","48.6","34.9666666","143.0","2011-08-02","  63.5","000000","999.9","  84.0","  66.0","  7.8"," 0.00","1007.7","999.9","991.1","  74.2","  6.2","  4.6"
"34504099999","48.6","34.9666666","143.0","2011-08-03","  60.5","010010","999.9","  76.1","  57.6"," 11.7"," 0.08","1011.1","999.9","994.1","  66.5","  5.3","  8.5"
"34504099999","48.6","34.9666666","143.0","2011-08-04","  54.7","000010","999.9","  73.8","  52.7"," 11.7"," 0.08","1011.7","999.9","994.6","  61.4","  6.2","  5.5"
"34504099999","48.6","34.9666666","143.0","2011-08-05","  55.7","010000","999.9","  75.2","  57.0"," 11.7"," 0.00","1013.9","999.9","996.7","  61.4","  5.7","  7.5"
"34504099999","48.6","34.9666666","143.0","2011-08-06","  55.3","000000","999.9","  79.7","  55.9","  7.8"," 0.00","1017.3","999.9","000.2","  66.7","  5.7","  5.3"
"34504099999","48.6","34.9666666","143.0","2011-08-07","  53.4","000000","999.9","  83.8","  59.2","  5.8"," 0.00","1017.1","999.9","000.2","  70.3","  6.2","  2.7"
"34504099999","48.6","34.9666666","143.0","2011-08-08","  52.4","000000","999.9","  88.0","  59.9","  5.8"," 0.00","1016.5","999.9","999.7","  74.1","  6.2","  3.6"
"34504099999","48.6","34.9666666","143.0","2011-08-09","  54.2","000000","999.9","  91.4","  61.7"," 11.7"," 0.00","1014.1","999.9","997.5","  77.3","  6.2","  4.9"
"34504099999","48.6","34.9666666","143.0","2011-08-10","  52.0","000000","999.9","  91.6","  64.4","  7.8"," 0.00","1011.0","999.9","994.4","  77.8","  6.2","  6.8"
"34504099999","48.6","34.9666666","143.0","2011-08-11","  55.9","000000","999.9","  94.3","  65.5"," 13.6"," 0.00","1008.0","999.9","991.5","  78.0","  6.2","  8.7"
"34504099999","48.6","34.9666666","143.0","2011-08-12","  55.4","000000","999.9","  95.4","  66.7"," 13.6"," 0.00","1006.2","999.9","989.8","  78.9","  6.2"," 10.2"
"34504099999","48.6","34.9666666","143.0","2011-08-13","  51.4","000000","999.9","  97.9","  66.7"," 13.6"," 0.00","1004.6","999.9","988.2","  80.7","  6.2","  7.5"
"34504099999","48.6","34.9666666","143.0","2011-08-14","  60.9","010000","999.9","  76.1","  65.5","  9.7"," 0.24","1005.9","999.9","989.2","  69.2","  6.2","  6.7"
"34504099999","48.6","34.9666666","143.0","2011-08-15","  64.3","010000","999.9","  70.5","  63.9","  7.8"," 0.06","1008.0","999.9","991.1","  66.4","  3.4","  6.8"
"34504099999","48.6","34.9666666","143.0","2011-08-16","  65.5","000010","999.9","  79.2","  64.2","  5.8"," 0.04","1008.6","999.9","991.8","  70.3","  5.7","  3.4"
"34504099999","48.6","34.9666666","143.0","2011-08-17","  65.5","100010","999.9","  84.9","  61.7","  9.7"," 0.00","1008.8","999.9","992.1","  71.9","  4.1","  5.3"
"34504099999","48.6","34.9666666","143.0","2011-08-18","  61.4","000000","999.9","  78.3","  65.5"," 15.5"," 0.00","1012.6","999.9","995.7","  69.1","  6.2"," 10.4"
"34504099999","48.6","34.9666666","143.0","2011-08-19","  57.5","000000","999.9","  81.3","  58.3"," 15.5"," 0.00","1014.7","999.9","997.8","  69.8","  6.2"," 10.0"
"34504099999","48.6","34.9666666","143.0","2011-08-20","  55.2","010000","999.9","  83.5","  55.2","  9.7","99.99","1014.5","999.9","997.6","  70.4","  6.2","  3.9"
"34504099999","48.6","34.9666666","143.0","2011-08-21","  55.4","000000","999.9","  72.5","  57.4"," 13.6"," 0.02","1014.0","999.9","997.0","  65.2","  5.7"," 10.0"
"34504099999","48.6","34.9666666","143.0","2011-08-22","  55.6","000000","999.9","  78.6","  53.6"," 11.7"," 0.00","1016.2","999.9","999.1","  64.3","  5.3","  6.1"
"34504099999","48.6","34.9666666","143.0","2011-08-23","  55.8","000000","999.9","  81.5","  55.6","  7.8"," 0.00","1017.6","999.9","000.6","  69.0","  6.2","  2.7"
"34504099999","48.6","34.9666666","143.0","2011-08-24","  61.1","000000","999.9","  79.3","  59.9"," 11.7"," 0.24","1014.9","999.9","998.0","  69.6","  6.2","  8.3"
"34504099999","48.6","34.9666666","143.0","2011-08-25","  55.2","000000","999.9","  79.7","  58.8"," 11.7"," 0.00","1020.1","999.9","003.0","  68.1","  6.2"," 10.0"
"34504099999","48.6","34.9666666","143.0","2011-08-26","  45.3","000000","999.9","  80.6","  52.9"," 11.7"," 0.00","1025.7","999.9","008.4","  66.3","  6.2","  7.8"
"34504099999","48.6","34.9666666","143.0","2011-08-27","  44.0","000000","999.9","  83.1","  54.9","  9.7"," 0.00","1025.0","999.9","007.9","  68.4","  6.2","  7.5"
"34504099999","48.6","34.9666666","143.0","2011-08-28","  47.8","000000","999.9","  85.1","  56.3","  7.8"," 0.00","1022.8","999.9","005.8","  70.8","  6.2","  5.3"
"34504099999","48.6","34.9666666","143.0","2011-08-29","  52.6","000000","999.9","  88.2","  60.3","  7.8"," 0.00","1018.5","999.9","001.6","  74.0","  6.2","  6.3"
"34504099999","48.6","34.9666666","143.0","2011-08-30","  50.7","000000","999.9","  90.7","  61.9"," 11.7"," 0.00","1011.8","999.9","995.1","  75.4","  6.2","  7.8"
"34504099999","48.6","34.9666666","143.0","2011-08-31","  53.3","000000","999.9","  89.2","  60.1","  7.8"," 0.00","1007.6","999.9","991.0","  75.7","  6.2","  5.3"
"34504099999","48.6","34.9666666","143.0","2011-09-01","  59.7","000000","999.9","  90.1","  66.2"," 13.6"," 0.00","1009.0","999.9","992.3","  72.9","  6.2","  6.9"
"34504099999","48.6","34.9666666","143.0","2011-09-02","  48.8","000000","999.9","  77.0","  56.7"," 13.6"," 0.00","1012.8","999.9","995.8","  65.8","  6.2","  8.3"
"34504099999","48.6","34.9666666","143.0","2011-09-03","  46.2","000000","999.9","  79.2","  51.4"," 11.7"," 0.00","1015.1","999.9","998.0","  65.2","  6.2","  6.1"
"34504099999","48.6","34.9666666","143.0","2011-09-04","  49.3","000000","999.9","  79.0","  56.1","  9.7"," 0.01","1017.8","999.9","000.7","  66.5","  6.2","  6.7"
"34504099999","48.6","34.9666666","143.0","2011-09-05","  48.8","000000","999.9","  77.0","  51.6","  9.7"," 0.00","1020.1","999.9","002.9","  63.5","  6.2","  7.0"
"34504099999","48.6","34.9666666","143.0","2011-09-06","  48.8","000000","999.9","  76.6","  50.5","  9.7"," 0.00","1019.2","999.9","001.9","  62.1","  6.2","  4.2"
"34504099999","48.6","34.9666666","143.0","2011-09-07","  52.3","000000","999.9","  82.4","  51.1"," 13.6"," 0.00","1011.5","999.9","994.6","  66.9","  6.2","  5.8"
"34504099999","48.6","34.9666666","143.0","2011-09-08","  57.2","010000","999.9","  76.5","  55.4"," 11.7"," 0.02","1004.5","999.9","987.6","  65.3","  6.2","  5.3"
"34504099999","48.6","34.9666666","143.0","2011-09-09","  52.4","010010","999.9","  63.9","  50.7","  7.8"," 0.51","1003.4","999.9","986.1","  54.4","  5.6","  6.5"
"34504099999","48.6","34.9666666","143.0","2011-09-10","  48.4","000000","999.9","  68.2","  47.3"," 15.5"," 0.00","1013.0","999.9","995.7","  57.2","  5.7"," 10.0"
"34504099999","48.6","34.9666666","143.0","2011-09-11","  47.2","000000","999.9","  70.7","  46.9"," 15.5"," 0.00","1014.7","999.9","997.4","  57.7","  6.2","  8.3"
"34504099999","48.6","34.9666666","143.0","2011-09-12","  47.2","000000","999.9","  72.9","  45.5"," 11.7"," 0.00","1014.3","999.9","997.0","  59.1","  6.2","  6.1"
"34504099999","48.6","34.9666666","143.0","2011-09-13","  56.4","000000","999.9","  84.9","  53.2","  9.7"," 0.00","1011.4","999.9","994.4","  66.0","  6.2","  6.1"
"34504099999","48.6","34.9666666","143.0","2011-09-14","  55.3","000000","999.9","  85.3","  55.4","  7.8"," 0.00","1014.0","999.9","997.2","  71.3","  6.2","  4.1"
"34504099999","48.6","34.9666666","143.0","2011-09-15","  60.6","010010","999.9","  86.2","  60.3","  7.8"," 0.20","1013.4","999.9","996.6","  69.9","  6.2","  5.3"
"34504099999","48.6","34.9666666","143.0","2011-09-16","  52.3","010000","999.9","  73.4","  53.6"," 11.7"," 0.03","1015.9","999.9","998.8","  62.8","  5.7","  7.3"
"34504099999","48.6","34.9666666","143.0","2011-09-17","  45.9","000000","999.9","  71.6","  48.2"," 11.7"," 0.00","1019.1","999.9","001.6","  56.7","  6.2","  5.0"
"34504099999","48.6","34.9666666","143.0","2011-09-18","  44.3","000000","999.9","  72.3","  45.5"," 11.7"," 0.00","1020.8","999.9","003.4","  58.8","  6.2","  4.4"
"34504099999","48.6","34.9666666","143.0","2011-09-19","  44.4","000000","999.9","  74.3","  49.3","  7.8"," 0.00","1022.0","999.9","004.7","  60.9","  6.2","  6.6"
"34504099999","48.6","34.9666666","143.0","2011-09-20","  43.9","000000","999.9","  77.0","  49.8","  9.7"," 0.00","1023.1","999.9","005.8","  63.1","  6.2","  7.3"
"34504099999","48.6","34.9666666","143.0","2011-09-21","  45.6","000000","999.9","  77.4","  50.5","  7.8"," 0.00","1020.0","999.9","002.8","  63.7","  6.2","  4.4"
"34504099999","48.6","34.9666666","143.0","2011-09-22","  50.9","000000","999.9","  81.0","  50.0","  7.8"," 0.00","1016.0","999.9","999.0","  65.6","  5.3","  3.6"
"34504099999","48.6","34.9666666","143.0","2011-09-23","  48.5","000000","999.9","  80.1","  54.9","  9.7"," 0.00","1012.9","999.9","995.9","  67.0","  6.2","  4.1"
"34504099999","48.6","34.9666666","143.0","2011-09-24","  49.3","000000","999.9","  71.1","  52.7"," 13.6"," 0.00","1013.9","999.9","996.7","  61.1","  6.2","  8.7"
"34504099999","48.6","34.9666666","143.0","2011-09-25","  43.3","000000","999.9","  68.7","  45.7"," 11.7"," 0.00","1020.8","999.9","003.2","  54.8","  6.2","  6.9"
"34504099999","48.6","34.9666666","143.0","2011-09-26","  43.5","000000","999.9","  68.5","  43.2","  9.7"," 0.00","1027.4","999.9","009.8","  55.5","  6.2","  6.6"
"34504099999","48.6","34.9666666","143.0","2011-09-27","  43.2","000000","999.9","  74.8","  43.5","  7.8"," 0.00","1027.6","999.9","010.0","  58.2","  6.2","  4.4"
"34504099999","48.6","34.9666666","143.0","2011-09-28","  47.2","000000","999.9","  76.5","  46.6"," 11.7"," 0.00","1020.8","999.9","003.5","  59.9","  6.2","  7.3"
"34504099999","48.6","34.9666666","143.0","2011-09-29","  45.8","010000","999.9","  51.1","  46.2","  7.8"," 0.16","1015.8","999.9","998.2","  48.8","  5.7","  6.7"
"34504099999","48.6","34.9666666","143.0","2011-09-30","  44.1","000000","999.9","  56.5","  45.0","  9.7"," 0.00","1020.3","999.9","002.6","  50.2","  6.2","  7.5"
"34504099999","48.6","34.9666666","143.0","2011-10-01","  49.5","000000","999.9","  71.8","  46.8"," 17.5"," 0.00","1013.3","999.9","996.0","  56.1","  6.2"," 11.2"
"34504099999","48.6","34.9666666","143.0","2011-10-02","  39.8","000000","999.9","  57.4","  43.7"," 17.5"," 0.00","1014.0","999.9","996.4","  49.3","  6.2"," 12.6"
"34504099999","48.6","34.9666666","143.0","2011-10-03","  36.7","000000","999.9","  58.8","  37.2"," 13.6"," 0.00","1018.6","999.9","000.9","  47.1","  6.2","  8.5"
"34504099999","48.6","34.9666666","143.0","2011-10-04","  46.0","110000","999.9","  67.5","  42.4","  7.8"," 0.02","1014.4","999.9","996.9","  51.6","  4.6","  5.3"
"34504099999","48.6","34.9666666","143.0","2011-10-05","  53.7","100000","999.9","  75.6","  48.9"," 13.6"," 0.00","1014.3","999.9","997.1","  61.1","  4.0","  7.3"
"34504099999","48.6","34.9666666","143.0","2011-10-06","  51.7","000000","999.9","  73.4","  55.0","  9.7"," 0.00","1016.5","999.9","999.3","  61.9","  6.2","  5.3"
"34504099999","48.6","34.9666666","143.0","2011-10-07","  50.7","000000","999.9","  77.7","  50.9"," 13.6"," 0.00","1013.0","999.9","995.9","  63.8","  5.7","  7.3"
"34504099999","48.6","34.9666666","143.0","2011-10-08","  53.3","000000","999.9","  73.0","  52.0"," 15.5"," 0.00","1009.2","999.9","992.1","  62.1","  6.2","  8.5"
"34504099999","48.6","34.9666666","143.0","2011-10-09","  55.1","010000","999.9","  72.5","  56.1"," 13.6","99.99","1008.2","999.9","991.3","  64.1","  5.0","  9.5"
"34504099999","48.6","34.9666666","143.0","2011-10-10","  53.8","000000","999.9","  63.7","  52.2","  9.7"," 0.04","1009.8","999.9","992.6","  57.9","  6.2","  6.9"
"34504099999","48.6","34.9666666","143.0","2011-10-11","  47.4","000000","999.9","  59.2","  48.4","  5.8"," 0.00","1012.9","999.9","995.4","  51.6","  3.4","  2.7"
"34504099999","48.6","34.9666666","143.0","2011-10-12","  50.1","000000","999.9","  65.5","  49.1","  9.7"," 0.00","1006.3","999.9","989.1","  57.0","  4.1","  3.2"
"34504099999","48.6","34.9666666","143.0","2011-10-13","  38.9","000000","999.9","  58.6","  41.0"," 15.5"," 0.00","1011.9","999.9","994.4","  49.9","  6.2","  8.3"
"34504099999","48.6","34.9666666","143.0","2011-10-14","  35.9","000000","999.9","  54.5","  33.6","  9.7"," 0.00","1019.8","999.9","001.9","  42.0","  6.2","  4.2"
"34504099999","48.6","34.9666666","143.0","2011-10-15","  35.6","000000","999.9","  51.1","  32.0","  9.7"," 0.03","1023.8","999.9","005.7","  40.2","  6.2","  6.1"
"34504099999","48.6","34.9666666","143.0","2011-10-16","  35.4","000000","999.9","  54.9","  36.7"," 15.5"," 0.00","1027.2","999.9","009.1","  43.2","  6.2"," 11.7"
"34504099999","48.6","34.9666666","143.0","2011-10-17","  30.3","000000","999.9","  52.3","  30.4"," 17.5"," 0.00","1027.1","999.9","008.9","  40.2","  6.2"," 13.4"
"34504099999","48.6","34.9666666","143.0","2011-10-18","  36.2","010000","999.9","  40.8","  36.5"," 15.5"," 0.35","1017.0","999.9","999.0","  38.5","  5.0"," 12.8"
"34504099999","48.6","34.9666666","143.0","2011-10-19","  40.9","010000","999.9","  42.8","  39.9","  9.7"," 0.04","1018.6","999.9","000.7","  41.7","  0.7","  6.5"
"34504099999","48.6","34.9666666","143.0","2011-10-20","  42.8","000000","999.9","  47.5","  41.4","  5.8"," 0.00","1024.0","999.9","006.1","  44.7","  3.0","  2.7"
"34504099999","48.6","34.9666666","143.0","2011-10-21","  43.4","100000","999.9","  48.7","  39.7","  5.8"," 0.00","1025.6","999.9","007.7","  45.1","  2.5","  3.6"
"34504099999","48.6","34.9666666","143.0","2011-10-22","  43.0","100000","999.9","  50.4","  40.5","  9.7"," 0.00","1028.7","999.9","010.7","  45.5","  3.6","  6.3"
"34504099999","48.6","34.9666666","143.0","2011-10-23","  36.7","000000","999.9","  54.1","  34.9","  9.7"," 0.00","1029.7","999.9","011.6","  42.4","  4.8","  6.6"
"34504099999","48.6","34.9666666","143.0","2011-10-24","  36.0","000000","999.9","  51.4","  30.6","  9.7"," 0.00","1029.2","999.9","010.9","  39.8","  5.4","  5.6"
"34504099999","48.6","34.9666666","143.0","2011-10-25","  31.3","000000","999.9","  43.7","  30.6"," 11.7"," 0.00","1031.9","999.9","013.6","  37.8","  6.2","  9.5"
"34504099999","48.6","34.9666666","143.0","2011-10-26","  28.0","000000","999.9","  46.9","  27.0","  7.8"," 0.00","1032.6","999.9","014.1","  35.3","  6.2","  6.1"
"34504099999","48.6","34.9666666","143.0","2011-10-27","  29.3","000000","999.9","  46.0","  26.4","  5.8"," 0.00","1034.1","999.9","015.7","  36.4","  5.5","  3.4"
"34504099999","48.6","34.9666666","143.0","2011-10-28","  30.9","000000","999.9","  45.0","  37.9","  5.8"," 0.00","1035.3","999.9","017.1","  41.6","  6.2","  2.9"
"34504099999","48.6","34.9666666","143.0","2011-10-29","  32.2","000000","999.9","  42.4","  33.6","  5.8"," 0.00","1033.6","999.9","015.3","  39.4","  6.2","  2.4"
"34504099999","48.6","34.9666666","143.0","2011-10-30","  31.2","100000","999.9","  48.9","  26.1","  5.8"," 0.00","1028.7","999.9","010.3","  34.0","  1.3","  2.5"
"34504099999","48.6","34.9666666","143.0","2011-10-31","  29.4","100000","999.9","  50.0","  26.1","  5.8"," 0.00","1024.1","999.9","005.8","  36.1","  3.0","  3.6"
"34504099999","48.6","34.9666666","143.0","2011-11-01","  33.4","000000","999.9","  53.1","  28.2","  9.7"," 0.00","1021.6","999.9","003.6","  40.7","  3.7","  5.3"
"34504099999","48.6","34.9666666","143.0","2011-11-02","  40.6","010000","999.9","  50.0","  42.4","  7.8"," 0.00","1023.5","999.9","005.5","  44.7","  4.6","  6.1"
"34504099999","48.6","34.9666666","143.0","2011-11-03","  38.1","000000","999.9","  45.5","  37.4","  5.8"," 0.00","1024.4","999.9","006.3","  42.4","  6.2","  4.6"
"34504099999","48.6","34.9666666","143.0","2011-11-04","  34.0","000000","999.9","  43.7","  37.4","  9.7"," 0.00","1024.1","999.9","006.0","  41.5","  6.2","  5.6"
"34504099999","48.6","34.9666666","143.0","2011-11-05","  37.5","000000","999.9","  49.3","  41.4"," 11.7"," 0.00","1028.0","999.9","009.9","  44.2","  6.2","  4.6"
"34504099999","48.6","34.9666666","143.0","2011-11-06","  19.8","000000","999.9","  41.4","  22.3"," 13.6"," 0.00","1037.0","999.9","018.4","  32.4","  6.2"," 10.0"
"34504099999","48.6","34.9666666","143.0","2011-11-07","   7.7","000000","999.9","  33.6","  13.5","  7.8"," 0.00","1041.4","999.9","022.3","  24.1","  6.2","  4.9"
"34504099999","48.6","34.9666666","143.0","2011-11-08","  13.2","000000","999.9","  40.8","  20.3"," 13.6"," 0.00","1030.3","999.9","011.8","  31.5","  6.2","  8.7"
"34504099999","48.6","34.9666666","143.0","2011-11-09","  32.2","010000","999.9","  41.0","  34.3"," 19.4"," 0.08","1013.3","999.9","995.2","  37.8","  5.8"," 13.0"
"34504099999","48.6","34.9666666","143.0","2011-11-10","  26.0","011000","999.9","  35.2","  28.9"," 13.6"," 0.03","1019.3","999.9","001.0","  32.6","  5.8"," 11.4"
"34504099999","48.6","34.9666666","143.0","2011-11-11","  22.8","001000","999.9","  31.8","  28.0"," 15.5"," 0.01","1029.8","999.9","011.2","  29.2","  5.8"," 10.8"
"34504099999","48.6","34.9666666","143.0","2011-11-12","  27.9","000000","999.9","  35.2","  28.9","  5.8"," 0.00","1032.9","999.9","014.3","  32.6","  5.8","  3.2"
"34504099999","48.6","34.9666666","143.0","2011-11-13","  31.9","011000","999.9","  36.9","  32.9","  3.9"," 0.00","1036.7","999.9","018.1","  34.1","  5.2","  2.9"
"34504099999","48.6","34.9666666","143.0","2011-11-14","  28.8","000000","999.9","  34.2","  30.9","  9.7"," 0.00","1030.9","999.9","012.4","  32.2","  5.4","  3.6"
"34504099999","48.6","34.9666666","143.0","2011-11-15","  27.8","001000","999.9","  33.6","  30.7"," 13.6"," 0.00","1019.7","999.9","001.4","  32.2","  5.5","  8.9"
"34504099999","48.6","34.9666666","143.0","2011-11-16","  24.3","001000","999.9","  36.3","  28.8"," 11.7"," 0.04","1021.5","999.9","003.1","  31.6","  5.5","  7.5"
"34504099999","48.6","34.9666666","143.0","2011-11-17","  19.3","000000","999.9","  35.8","  20.3","  9.7"," 0.00","1025.7","999.9","007.2","  29.1","  6.2","  6.6"
"34504099999","48.6","34.9666666","143.0","2011-11-18","  21.4","000000","999.9","  43.5","  26.1","  9.7"," 0.00","1022.8","999.9","004.4","  32.7","  6.2","  5.8"
"34504099999","48.6","34.9666666","143.0","2011-11-19","  25.2","000000","999.9","  34.3","  25.5"," 11.7"," 0.00","1021.6","999.9","003.1","  30.3","  5.4","  4.9"
"34504099999","48.6","34.9666666","143.0","2011-11-20","  31.3","000000","999.9","  37.0","  29.7","  9.7"," 0.00","1023.0","999.9","004.7","  34.5","  2.4","  5.3"
"34504099999","48.6","34.9666666","143.0","2011-11-21","  32.9","000000","999.9","  39.7","  32.2","  5.8"," 0.00","1028.3","999.9","009.9","  35.6","  3.5","  3.4"
"34504099999","48.6","34.9666666","143.0","2011-11-22","  34.6","010000","999.9","  41.0","  32.2","  9.7"," 0.00","1026.3","999.9","008.0","  36.3","  2.2","  4.7"
"34504099999","48.6","34.9666666","143.0","2011-11-23","  18.8","010000","999.9","  35.2","  19.8"," 13.6"," 0.00","1035.1","999.9","016.3","  29.0","  6.2"," 11.4"
"34504099999","48.6","34.9666666","143.0","2011-11-24","   9.8","000000","999.9","  30.6","  11.3","  7.8"," 0.00","1041.7","999.9","022.5","  19.7","  6.2","  4.1"
"34504099999","48.6","34.9666666","143.0","2011-11-25","   9.4","000000","999.9","  30.9","  12.4","  7.8"," 0.00","1035.6","999.9","016.5","  20.9","  6.2","  5.1"
"34504099999","48.6","34.9666666","143.0","2011-11-26","  21.5","000000","999.9","  36.5","  19.0"," 13.6"," 0.00","1023.4","999.9","004.9","  30.4","  6.2","  7.5"
"34504099999","48.6","34.9666666","143.0","2011-11-27","  30.2","000000","999.9","  42.4","  27.1","  9.7"," 0.00","1020.0","999.9","001.7","  33.0","  4.5","  6.1"
"34504099999","48.6","34.9666666","143.0","2011-11-28","  31.8","010000"," 36.9","  43.0","  27.1"," 23.3"," 0.02","1013.5","999.9","995.4","  35.5","  5.0"," 13.9"
"34504099999","48.6","34.9666666","143.0","2011-11-29","  29.6","000000","999.9","  40.8","  34.2"," 21.4"," 0.04","1021.1","999.9","002.9","  37.3","  6.2"," 14.4"
"34504099999","48.6","34.9666666","143.0","2011-11-30","  29.6","100000","999.9","  38.5","  27.3","  7.8"," 0.00","1025.1","999.9","006.7","  31.8","  3.4","  4.1"
"34504099999","48.6","34.9666666","143.0","2011-12-01","  30.8","101000","999.9","  37.2","  23.2"," 11.7"," 0.00","1020.6","999.9","002.2","  32.1","  2.9","  7.8"
"34504099999","48.6","34.9666666","143.0","2011-12-02","  30.5","001000","999.9","  37.6","  31.5","  9.7"," 0.01","1023.2","999.9","004.9","  34.1","  5.6","  5.6"
"34504099999","48.6","34.9666666","143.0","2011-12-03","  31.4","010000","999.9","  37.4","  29.1"," 11.7","99.99","1023.4","999.9","005.1","  34.4","  5.4","  8.7"
"34504099999","48.6","34.9666666","143.0","2011-12-04","  40.1","000000","999.9","  47.3","  36.9"," 13.6"," 0.00","1015.2","999.9","997.3","  43.2","  5.0"," 10.5"
"34504099999","48.6","34.9666666","143.0","2011-12-05","  44.4","000000","999.9","  54.3","  42.4"," 17.5"," 0.00","1009.3","999.9","991.7","  47.4","  4.2"," 13.4"
"34504099999","48.6","34.9666666","143.0","2011-12-06","  43.1","010000","999.9","  48.4","  38.3"," 13.6"," 0.43","1007.6","999.9","990.0","  44.8","  4.5"," 10.8"
"34504099999","48.6","34.9666666","143.0","2011-12-07","  32.7","000000","999.9","  39.6","  30.2","  7.8"," 0.16","1015.3","999.9","997.2","  35.1","  5.6","  5.3"
"34504099999","48.6","34.9666666","143.0","2011-12-08","  30.3","100000","999.9","  33.6","  28.4","  5.8"," 0.00","1014.1","999.9","995.8","  31.1","  1.9","  2.2"
"34504099999","48.6","34.9666666","143.0","2011-12-09","  30.5","100000","999.9","  33.4","  28.2","  7.8"," 0.00","1020.5","999.9","002.2","  31.3","  1.9","  2.9"
"34504099999","48.6","34.9666666","143.0","2011-12-10","  34.4","001000","999.9","  41.0","  30.7"," 13.6","99.99","1021.2","999.9","003.0","  36.4","  4.2"," 10.2"
"34504099999","48.6","34.9666666","143.0","2011-12-11","  34.2","010000","999.9","  43.2","  27.9"," 15.5"," 0.20","1018.7","999.9","000.5","  35.9","  4.8","  9.7"
"34504099999","48.6","34.9666666","143.0","2011-12-12","  27.8","100000","999.9","  37.4","  26.1","  5.8"," 0.00","1028.7","999.9","010.2","  30.0","  4.9","  4.1"
"34504099999","48.6","34.9666666","143.0","2011-12-13","  28.6","010000","999.9","  34.2","  25.2"," 11.7"," 0.01","1026.7","999.9","008.1","  30.4","  4.5","  7.8"
"34504099999","48.6","34.9666666","143.0","2011-12-14","  36.0","100000","999.9","  41.4","  31.8","  7.8"," 0.12","1023.2","999.9","005.0","  37.6","  2.6","  6.8"
"34504099999","48.6","34.9666666","143.0","2011-12-15","  37.8","110000","999.9","  41.2","  35.6","  7.8"," 0.00","1023.1","999.9","004.9","  38.3","  1.1","  7.3"
"34504099999","48.6","34.9666666","143.0","2011-12-16","  35.3","000000","999.9","  41.5","  36.3"," 15.5"," 0.00","1012.8","999.9","994.8","  38.1","  5.3"," 12.8"
"34504099999","48.6","34.9666666","143.0","2011-12-17","  36.6","010000","999.9","  42.4","  35.1"," 15.5"," 0.00","1006.8","999.9","988.9","  38.5","  5.8"," 13.0"
"34504099999","48.6","34.9666666","143.0","2011-12-18","  38.4","010000","999.9","  46.8","  32.9"," 17.5"," 0.43","1009.7","999.9","991.8","  40.0","  5.0","  9.4"
"34504099999","48.6","34.9666666","143.0","2011-12-19","  32.7","100000","999.9","  38.3","  27.5"," 11.7"," 0.00","1026.1","999.9","007.7","  34.0","  4.2","  6.6"
"34504099999","48.6","34.9666666","143.0","2011-12-20","  37.9","010000","999.9","  43.0","  35.4"," 11.7"," 0.08","1013.0","999.9","995.1","  39.5","  4.3"," 11.3"
"34504099999","48.6","34.9666666","143.0","2011-12-21","  38.8","110000","999.9","  46.0","  34.9"," 21.4"," 0.20","1006.4","999.9","988.6","  40.5","  2.8"," 12.6"
"34504099999","48.6","34.9666666","143.0","2011-12-22","  26.8","001000","999.9","  31.3","  30.2"," 15.5"," 0.04","1018.1","  0.4","999.7","  30.5","  5.9"," 10.3"
"34504099999","48.6","34.9666666","143.0","2011-12-23","  24.2","000000","999.9","  30.4","  26.4","  7.8"," 0.00","1020.3","999.9","001.8","  28.8","  6.2","  6.6"
"34504099999","48.6","34.9666666","143.0","2011-12-24","  21.7","000000","999.9","  28.8","  24.6"," 15.5"," 0.00","1018.8","999.9","000.3","  26.7","  6.2"," 12.8"
"34504099999","48.6","34.9666666","143.0","2011-12-25","  20.9","001000","999.9","  27.1","  23.2","  9.7"," 0.00","1025.4","999.9","006.7","  24.3","  5.4","  5.5"
"34504099999","48.6","34.9666666","143.0","2011-12-26","  24.9","000000","999.9","  32.5","  21.2"," 17.5"," 0.00","1029.0","999.9","010.3","  27.4","  4.7"," 10.8"
"34504099999","48.6","34.9666666","143.0","2011-12-27","  36.0","010000","999.9","  38.8","  32.0"," 13.6"," 0.01","1025.1","999.9","006.8","  37.2","  3.9"," 11.1"
"34504099999","48.6","34.9666666","143.0","2011-12-28","  32.5","000000","999.9","  43.2","  29.7"," 19.4"," 0.02","1025.0","999.9","006.8","  36.8","  5.8"," 10.5"
"34504099999","48.6","34.9666666","143.0","2011-12-29","  27.1","100000","999.9","  37.2","  23.5","  7.8"," 0.00","1026.3","999.9","007.7","  29.4","  3.7","  4.1"
"34504099999","48.6","34.9666666","143.0","2011-12-30","  30.5","010000","999.9","  34.0","  28.0","  5.8"," 0.04","1014.7","999.9","996.5","  31.7","  3.7","  5.8"
"34504099999","48.6","34.9666666","143.0","2011-12-31","  32.5","100000","999.9","  35.2","  30.4","  5.8"," 0.01","1013.7","999.9","995.5","  32.6","  0.1","  2.9"
"34504099999","48.6","34.9666666","143.0","2012-01-01","  30.5","101000","999.9","  32.9","  29.7","  9.7"," 0.11","1015.8","999.9","997.4","  31.3","  2.9","  4.4"
"34504099999","48.6","34.9666666","143.0","2012-01-02","  23.1","000000","999.9","  32.9","  23.0"," 11.7"," 0.00","1021.0","999.9","002.4","  27.0","  6.2","  6.8"
"34504099999","48.6","34.9666666","143.0","2012-01-03","  29.6","111000","999.9","  36.7","  22.8","  9.7"," 0.01","1021.0","999.9","002.5","  30.4","  1.6","  5.6"
"34504099999","48.6","34.9666666","143.0","2012-01-04","  35.8","100000","999.9","  41.5","  33.1","  7.8"," 0.00","1018.5","999.9","000.3","  36.6","  3.2","  5.0"
"34504099999","48.6","34.9666666","143.0","2012-01-05","  40.2","010000","999.9","  42.3","  36.9"," 13.6"," 0.02","1006.7","999.9","988.9","  41.1","  3.1"," 11.3"
"34504099999","48.6","34.9666666","143.0","2012-01-06","  40.0","010000","999.9","  45.0","  39.6"," 13.6"," 0.28","1002.2","999.9","984.5","  41.6","  3.9"," 10.4"
"34504099999","48.6","34.9666666","143.0","2012-01-07","  36.7","010000","999.9","  44.4","  35.6","  9.7"," 0.24","1007.9","999.9","990.1","  40.3","  6.2","  6.7"
"34504099999","48.6","34.9666666","143.0","2012-01-08","  38.2","010000","999.9","  40.5","  38.5"," 11.7"," 0.28","1007.4","999.9","989.5","  39.0","  3.9","  8.4"
"34504099999","48.6","34.9666666","143.0","2012-01-09","  36.6","010000","999.9","  40.8","  36.5","  7.8"," 0.16","1010.4","999.9","992.4","  37.7","  4.3","  6.2"
"34504099999","48.6","34.9666666","143.0","2012-01-10","  35.0","010000","999.9","  36.9","  34.7","  9.7"," 0.05","1016.6","999.9","998.5","  35.9","  2.8","  5.8"
"34504099999","48.6","34.9666666","143.0","2012-01-11","  29.0","000000","999.9","  32.7","  30.2","  7.8"," 0.00","1021.5","999.9","003.2","  31.3","  6.2","  6.1"
"34504099999","48.6","34.9666666","143.0","2012-01-12","  27.2","110000","999.9","  32.0","  22.6","  9.7"," 0.00","1019.1","999.9","000.7","  29.4","  3.7","  4.4"
"34504099999","48.6","34.9666666","143.0","2012-01-13","  32.2","001000","999.9","  39.7","  31.3"," 15.5"," 0.02","1008.6","999.9","990.6","  34.0","  4.1"," 10.4"
"34504099999","48.6","34.9666666","143.0","2012-01-14","  27.0","100000","999.9","  34.9","  27.0"," 11.7"," 0.00","1005.9","999.9","987.7","  29.4","  5.1","  5.0"
"34504099999","48.6","34.9666666","143.0","2012-01-15","  25.1","000000","999.9","  31.3","  24.1","  9.7"," 0.00","1008.7","999.9","990.4","  27.6","  5.6","  6.3"
"34504099999","48.6","34.9666666","143.0","2012-01-16","  23.0","100000","999.9","  28.4","  21.7","  3.9"," 0.00","1013.4","999.9","994.9","  24.5","  4.2","  1.0"
"34504099999","48.6","34.9666666","143.0","2012-01-17","  22.6","101000","999.9","  27.1","  20.3","  3.9"," 0.02","1019.5","999.9","000.8","  23.3","  1.5","  1.9"
"34504099999","48.6","34.9666666","143.0","2012-01-18","  19.2","101000","999.9","  28.2","  16.9","  7.8"," 0.00","1027.4","999.9","008.5","  20.9","  1.9","  2.5"
"34504099999","48.6","34.9666666","143.0","2012-01-19","  20.0","001000","999.9","  25.5","  17.2","  7.8"," 0.04","1026.9","999.9","008.1","  22.3","  2.4","  6.8"
"34504099999","48.6","34.9666666","143.0","2012-01-20","  24.2","001000","999.9","  30.0","  21.2"," 13.6"," 0.00","1020.2","  0.4","001.6","  26.0","  3.0"," 11.3"
"34504099999","48.6","34.9666666","143.0","2012-01-21","  21.9","000000","999.9","  29.7","  19.6"," 15.5"," 0.03","1017.7","  1.2","999.1","  25.3","  6.2"," 13.6"
"34504099999","48.6","34.9666666","143.0","2012-01-22","  22.2","001000","999.9","  27.1","  18.7"," 19.4"," 0.16","1011.1","  1.2","992.6","  24.5","  4.3"," 17.5"
"34504099999","48.6","34.9666666","143.0","2012-01-23","  26.7","001000","999.9","  29.1","  24.3"," 13.6"," 0.23","1011.8","  2.0","993.4","  28.1","  3.4"," 12.0"
"34504099999","48.6","34.9666666","143.0","2012-01-24","  20.9","001000","999.9","  27.9","  17.2"," 13.6"," 0.05","1021.3","  3.1","002.6","  22.9","  3.5","  8.3"
"34504099999","48.6","34.9666666","143.0","2012-01-25","   3.3","000000","999.9","  15.4","   5.0"," 17.5"," 0.00","1026.3","  3.1","007.0","  10.6","  6.2"," 14.7"
"34504099999","48.6","34.9666666","143.0","2012-01-26","  -0.7","000000","999.9","  10.9","   1.0"," 23.3"," 0.00","1030.5","  3.1","010.9","   5.2","  5.3"," 20.4"
"34504099999","48.6","34.9666666","143.0","2012-01-27","  -0.1","000000","999.9","  13.8","   0.5"," 21.4"," 0.00","1034.3","  2.8","014.6","   6.1","  6.2"," 18.7"
"34504099999","48.6","34.9666666","143.0","2012-01-28","  -0.6","000000","999.9","  14.4","   1.8"," 15.5"," 0.00","1034.8","  2.8","015.1","   6.8","  6.2","  9.7"
"34504099999","48.6","34.9666666","143.0","2012-01-29","   2.7","001000","999.9","  16.9","   2.1"," 13.6"," 0.08","1033.4","  2.8","013.8","   7.0","  4.9","  9.7"
"34504099999","48.6","34.9666666","143.0","2012-01-30","   4.4","000000","999.9","  16.7","   2.5"," 21.4"," 0.00","1034.7","  3.5","015.3","  10.0","  6.2"," 17.2"
"34504099999","48.6","34.9666666","143.0","2012-01-31","  -4.5","000000","999.9","   8.6","  -4.0"," 23.3"," 0.00","1034.1","  3.1","014.2","   1.3","  6.2"," 19.2"
"34504099999","48.6","34.9666666","143.0","2012-02-01"," -11.7","000000","999.9","   2.1","  -8.7"," 19.4"," 0.00","1033.0","  2.8","012.9","  -4.9","  6.2"," 14.3"
"34504099999","48.6","34.9666666","143.0","2012-02-02"," -10.9","100000","999.9","   5.4"," -12.3","  7.8"," 0.01","1037.1","  3.1","016.9","  -4.6","  4.9","  4.7"
"34504099999","48.6","34.9666666","143.0","2012-02-03","  -4.5","000000","999.9","  14.5","  -7.8"," 15.5"," 0.00","1042.1","  3.1","022.1","   2.0","  6.2","  9.2"
"34504099999","48.6","34.9666666","143.0","2012-02-04","   4.3","000000","999.9","  18.0","   1.2"," 21.4"," 0.00","1040.5","  3.1","020.9","   9.9","  6.2"," 13.8"
"34504099999","48.6","34.9666666","143.0","2012-02-05","   7.1","000000","999.9","  22.6","   8.6"," 17.5"," 0.00","1035.4","  3.1","016.1","  14.2","  6.2"," 14.3"
"34504099999","48.6","34.9666666","143.0","2012-02-06","   0.5","000000","999.9","  17.4","   2.1"," 17.5"," 0.00","1035.1","  3.1","015.5","   9.0","  6.2"," 15.5"
"34504099999","48.6","34.9666666","143.0","2012-02-07","  -6.7","000000","999.9","  10.6","  -6.3"," 21.4"," 0.00","1038.5","  3.1","018.6","   1.4","  6.2"," 18.5"
"34504099999","48.6","34.9666666","143.0","2012-02-08","  -4.6","000000","999.9","  10.8","  -4.2"," 15.5"," 0.00","1034.8","  2.8","015.0","   2.5","  6.2"," 11.7"
"34504099999","48.6","34.9666666","143.0","2012-02-09","  -4.6","000000","999.9","  11.8","  -4.2","  9.7"," 0.00","1029.6","  2.8","009.9","   2.3","  6.2","  6.6"
"34504099999","48.6","34.9666666","143.0","2012-02-10","  -3.4","000000","999.9","  12.0","  -4.4","  7.8"," 0.00","1030.5","  2.8","010.7","   2.5","  5.0","  5.6"
"34504099999","48.6","34.9666666","143.0","2012-02-11","  -5.0","001000","999.9","  12.0","  -7.4","  7.8"," 0.00","1034.1","  2.4","014.2","  -0.3","  3.4","  3.9"
"34504099999","48.6","34.9666666","143.0","2012-02-12","  -2.5","100000","999.9","  11.7","  -6.3","  5.8"," 0.00","1035.0","  2.4","015.1","   1.3","  4.0","  3.1"
"34504099999","48.6","34.9666666","143.0","2012-02-13","   3.3","001000","999.9","  17.1","  -2.4"," 11.7"," 0.00","1027.0","  2.4","007.6","   9.0","  5.4","  8.3"
"34504099999","48.6","34.9666666","143.0","2012-02-14","  18.2","001000","999.9","  30.6","  11.8"," 17.5"," 0.08","1010.9","  2.8","992.3","  21.0","  4.7"," 13.9"
"34504099999","48.6","34.9666666","143.0","2012-02-15","  10.9","001000","999.9","  20.5","  11.7","  9.7"," 0.04","1007.4","  3.1","988.6","  15.5","  4.4","  4.4"
"34504099999","48.6","34.9666666","143.0","2012-02-16","  12.5","100000","999.9","  30.2","   4.6","  7.8"," 0.00","1008.1","  3.1","989.4","  17.6","  3.3","  4.1"
"34504099999","48.6","34.9666666","143.0","2012-02-17","  18.0","000000","999.9","  29.7","  13.8"," 11.7"," 0.00","1013.2","  3.1","994.6","  21.9","  4.0","  9.0"
"34504099999","48.6","34.9666666","143.0","2012-02-18","  11.0","001000","999.9","  26.1","  12.6"," 13.6"," 0.02","1019.4","  3.1","000.5","  17.6","  5.6"," 10.5"
"34504099999","48.6","34.9666666","143.0","2012-02-19","  10.3","001000","999.9","  22.6","  10.9","  7.8"," 0.05","1027.5","  3.1","008.3","  15.1","  4.4","  6.7"
"34504099999","48.6","34.9666666","143.0","2012-02-20","  11.6","001000","999.9","  22.6","   5.9","  7.8"," 0.00","1036.1","  3.1","016.8","  16.2","  5.4","  5.6"
"34504099999","48.6","34.9666666","143.0","2012-02-21","  24.4","001000","999.9","  28.4","  20.5"," 11.7"," 0.14","1031.1","  3.5","012.3","  25.9","  1.5","  5.8"
"34504099999","48.6","34.9666666","143.0","2012-02-22","  24.5","001000","999.9","  29.8","  24.3"," 13.6"," 0.03","1025.7","  4.7","007.0","  27.2","  5.2","  7.8"
"34504099999","48.6","34.9666666","143.0","2012-02-23","  24.8","100000","999.9","  34.0","  19.9"," 15.5"," 0.00","1018.9","  4.7","000.4","  28.0","  4.0"," 10.0"
"34504099999","48.6","34.9666666","143.0","2012-02-24","  31.2","001000","999.9","  37.9","  30.0"," 13.6"," 0.09","1003.5","999.9","985.5","  33.6","  5.1","  9.1"
"34504099999","48.6","34.9666666","143.0","2012-02-25","  32.8","101000","999.9","  36.3","  31.6"," 13.6"," 0.40"," 996.2","999.9","978.4","  33.8","  3.8"," 10.7"
"34504099999","48.6","34.9666666","143.0","2012-02-26","  31.9","011000","999.9","  37.6","  32.2"," 13.6"," 0.04","1001.1","  2.8","983.1","  33.8","  6.2"," 10.7"
"34504099999","48.6","34.9666666","143.0","2012-02-27","  28.6","011000","999.9","  37.8","  28.2","  5.8"," 0.03","1008.2","  1.2","990.1","  32.0","  5.7","  3.9"
"34504099999","48.6","34.9666666","143.0","2012-02-28","  30.2","101000","999.9","  33.3","  27.5","  5.8"," 0.12","1006.9","  0.8","988.7","  30.4","  0.6","  4.2"
"34504099999","48.6","34.9666666","143.0","2012-02-29","  29.9","001000","999.9","  33.8","  29.5"," 13.6"," 0.24","1004.1","  3.9","986.0","  30.9","  1.6","  9.7"
"34504099999","48.6","34.9666666","143.0","2012-03-01","  21.9","001000","999.9","  32.7","  20.1"," 15.5"," 0.02","1013.9","  3.1","995.5","  27.1","  5.8"," 12.5"
"34504099999","48.6","34.9666666","143.0","2012-03-02","  21.4","001000","999.9","  30.4","  19.0","  7.8"," 0.08","1011.7","  2.4","993.2","  25.5","  4.5","  5.3"
"34504099999","48.6","34.9666666","143.0","2012-03-03","  24.1","001000","999.9","  31.1","  22.8"," 11.7"," 0.04","1006.4","  3.1","988.1","  27.2","  3.7","  6.8"
"34504099999","48.6","34.9666666","143.0","2012-03-04","  21.8","001000","999.9","  36.1","  15.1"," 11.7"," 0.00","1011.0","  2.8","992.5","  26.3","  5.2","  6.7"
"34504099999","48.6","34.9666666","143.0","2012-03-05","  24.9","001000","999.9","  33.1","  26.1","  5.8"," 0.12","1014.3","  3.1","995.9","  28.2","  2.9","  4.5"
"34504099999","48.6","34.9666666","143.0","2012-03-06","  19.2","001000","999.9","  30.6","  14.5","  9.7"," 0.16","1018.9","  4.7","000.2","  22.8","  4.1","  7.1"
"34504099999","48.6","34.9666666","143.0","2012-03-07","  14.8","001000","999.9","  27.7","  12.9"," 11.7"," 0.00","1025.8","  4.3","006.9","  19.8","  4.4","  8.4"
"34504099999","48.6","34.9666666","143.0","2012-03-08","  14.6","001000","999.9","  27.9","  11.1","  9.7"," 0.03","1027.1","  4.3","008.1","  18.0","  3.5","  5.5"
"34504099999","48.6","34.9666666","143.0","2012-03-09","  10.2","000000","999.9","  32.7","   6.6"," 11.7"," 0.00","1031.5","  4.3","012.5","  20.8","  6.2","  7.5"
"34504099999","48.6","34.9666666","143.0","2012-03-10","  10.3","000000","999.9","  33.1","   8.8"," 11.7"," 0.00","1032.3","  3.9","013.2","  20.5","  6.2","  6.8"
"34504099999","48.6","34.9666666","143.0","2012-03-11","  20.1","000000","999.9","  34.5","  10.9"," 13.6"," 0.00","1020.9","  3.5","002.3","  25.5","  6.2","  8.5"
"34504099999","48.6","34.9666666","143.0","2012-03-12","  22.6","000000","999.9","  42.1","  25.7","  9.7"," 0.00","1014.9","  2.8","996.6","  31.9","  6.2","  5.6"
"34504099999","48.6","34.9666666","143.0","2012-03-13","  27.9","000000","999.9","  44.8","  24.1"," 15.5"," 0.00","1013.9","  2.4","995.7","  34.3","  5.8"," 10.2"
"34504099999","48.6","34.9666666","143.0","2012-03-14","  27.2","010100","999.9","  40.5","  29.1"," 17.5"," 0.00","1008.1","999.9","990.1","  34.3","  6.2"," 12.8"
"34504099999","48.6","34.9666666","143.0","2012-03-15","  24.0","001000","999.9","  34.9","  26.6"," 13.6"," 0.06","1013.5","999.9","995.2","  28.8","  4.6"," 11.0"
"34504099999","48.6","34.9666666","143.0","2012-03-16","  20.2","000000","999.9","  35.2","  20.5","  9.7"," 0.00","1022.3","  0.8","003.8","  28.2","  6.2","  6.7"
"34504099999","48.6","34.9666666","143.0","2012-03-17","  27.7","000000","999.9","  40.3","  22.5","  9.7"," 0.00","1023.7","999.9","005.3","  33.0","  5.8","  6.3"
"34504099999","48.6","34.9666666","143.0","2012-03-18","  37.3","100000","999.9","  58.3","  30.6"," 11.7"," 0.00","1020.6","999.9","002.6","  41.8","  5.0","  8.3"
"34504099999","48.6","34.9666666","143.0","2012-03-19","  40.8","100000","999.9","  55.9","  33.6","  9.7"," 0.00","1018.8","999.9","000.9","  43.7","  4.1","  8.3"
"34504099999","48.6","34.9666666","143.0","2012-03-20","  30.0","000000","999.9","  51.4","  35.6"," 19.4"," 0.00","1022.9","999.9","004.9","  43.7","  6.2"," 11.7"
"34504099999","48.6","34.9666666","143.0","2012-03-21","  34.5","010000","999.9","  49.3","  33.6"," 19.4"," 0.00","1021.3","999.9","003.3","  40.5","  6.2"," 10.0"
"34504099999","48.6","34.9666666","143.0","2012-03-22","  31.2","000000","999.9","  48.0","  34.2"," 11.7"," 0.00","1024.7","999.9","006.6","  40.3","  6.2","  9.2"
"34504099999","48.6","34.9666666","143.0","2012-03-23","  39.4","010000"," 35.0","  58.1","  33.6"," 17.5"," 0.02","1017.9","999.9","000.1","  45.6","  6.2"," 11.1"
"34504099999","48.6","34.9666666","143.0","2012-03-24","  28.7","000000","999.9","  47.7","  35.6"," 13.6"," 0.00","1021.1","999.9","003.0","  41.3","  6.2","  8.3"
"34504099999","48.6","34.9666666","143.0","2012-03-25","  33.4","010000","999.9","  55.0","  30.6"," 19.4","99.99","1015.7","999.9","997.8","  43.4","  5.8","  8.5"
"34504099999","48.6","34.9666666","143.0","2012-03-26","  26.1","011000","999.9","  37.0","  30.7"," 17.5"," 0.12","1010.1","999.9","992.0","  33.6","  5.4"," 15.5"
"34504099999","48.6","34.9666666","143.0","2012-03-27","  21.3","001000","999.9","  40.6","  26.1"," 13.6","99.99","1013.5","999.9","995.3","  33.3","  5.9","  7.5"
"34504099999","48.6","34.9666666","143.0","2012-03-28","  29.8","001000","999.9","  40.5","  32.4","  5.8"," 0.01","1012.2","999.9","994.2","  36.4","  5.8","  3.9"
"34504099999","48.6","34.9666666","143.0","2012-03-29","  37.0","010000","999.9","  52.2","  33.8"," 17.5"," 0.12","1003.5","999.9","985.8","  39.5","  6.2","  9.2"
"34504099999","48.6","34.9666666","143.0","2012-03-30","  39.5","110000","999.9","  49.8","  37.9"," 11.7"," 0.28"," 996.2","999.9","978.7","  42.2","  3.5","  6.9"
"34504099999","48.6","34.9666666","143.0","2012-03-31","  35.1","010000","999.9","  48.0","  31.3"," 17.5"," 0.38"," 996.2","999.9","978.5","  39.3","  5.7"," 11.7"
"34504099999","48.6","34.9666666","143.0","2012-04-01","  34.4","010000","999.9","  46.2","  34.2"," 15.5"," 0.01"," 997.2","999.9","979.5","  39.8","  6.2"," 11.3"
"34504099999","48.6","34.9666666","143.0","2012-04-02","  29.4","000000","999.9","  46.4","  29.7"," 15.5"," 0.00","1009.4","999.9","991.4","  37.2","  6.2"," 11.1"
"34504099999","48.6","34.9666666","143.0","2012-04-03","  35.8","000000","999.9","  59.7","  35.8"," 15.5"," 0.00","1016.3","999.9","998.5","  46.6","  6.2"," 11.4"
"34504099999","48.6","34.9666666","143.0","2012-04-04","  34.7","000000","999.9","  59.0","  34.7"," 11.7"," 0.00","1019.8","999.9","002.0","  46.8","  6.2","  8.5"
"34504099999","48.6","34.9666666","143.0","2012-04-05","  42.3","010000","999.9","  68.2","  36.7"," 13.6"," 0.00","1015.0","999.9","997.5","  51.6","  5.6","  7.5"
"34504099999","48.6","34.9666666","143.0","2012-04-06","  46.5","100000","999.9","  70.2","  48.7","  5.8"," 0.04","1009.2","999.9","992.0","  60.0","  5.4","  3.1"
"34504099999","48.6","34.9666666","143.0","2012-04-07","  48.1","010000","999.9","  65.5","  49.1","  7.8"," 0.00","1000.5","999.9","983.3","  53.9","  5.8","  5.3"
"34504099999","48.6","34.9666666","143.0","2012-04-08","  49.4","110000","999.9","  58.3","  48.7","  7.8"," 0.04"," 999.3","999.9","982.0","  51.9","  4.0","  6.7"
"34504099999","48.6","34.9666666","143.0","2012-04-09","  45.6","000000","999.9","  58.3","  43.5"," 11.7"," 0.03"," 999.2","999.9","981.9","  50.8","  6.2","  8.0"
"34504099999","48.6","34.9666666","143.0","2012-04-10","  35.7","000000","999.9","  44.8","  39.4","  9.7"," 0.00","1009.5","999.9","991.7","  42.0","  6.2","  6.6"
"34504099999","48.6","34.9666666","143.0","2012-04-11","  33.5","000000","999.9","  56.8","  36.3","  7.8"," 0.00","1012.9","999.9","995.1","  46.0","  6.2","  5.3"
"34504099999","48.6","34.9666666","143.0","2012-04-12","  38.1","000000","999.9","  63.3","  41.4","  7.8"," 0.00","1008.7","999.9","991.2","  51.9","  6.2","  4.6"
"34504099999","48.6","34.9666666","143.0","2012-04-13","  39.3","100000","999.9","  64.6","  40.5"," 15.5"," 0.00","1008.4","999.9","991.0","  50.9","  6.2"," 10.0"
"34504099999","48.6","34.9666666","143.0","2012-04-14","  42.5","100000","999.9","  71.2","  40.6","  9.7"," 0.00","1009.2","999.9","991.8","  55.1","  4.7","  6.8"
"34504099999","48.6","34.9666666","143.0","2012-04-15","  49.1","110000","999.9","  62.1","  52.3"," 11.7"," 0.16","1005.3","999.9","988.2","  57.1","  4.9","  6.7"
"34504099999","48.6","34.9666666","143.0","2012-04-16","  48.3","100000","999.9","  70.7","  47.3"," 15.5"," 0.01","1008.7","999.9","991.6","  59.7","  4.6","  8.6"
"34504099999","48.6","34.9666666","143.0","2012-04-17","  45.9","000000","999.9","  72.5","  46.4"," 11.7"," 0.00","1009.8","999.9","992.6","  59.8","  6.2","  7.3"
"34504099999","48.6","34.9666666","143.0","2012-04-18","  46.1","000000","999.9","  66.0","  52.3"," 15.5"," 0.00","1005.9","999.9","988.8","  59.3","  6.2","  9.0"
"34504099999","48.6","34.9666666","143.0","2012-04-19","  48.4","010000","999.9","  70.2","  50.5"," 17.5"," 0.02"," 998.7","999.9","981.7","  60.4","  6.2"," 11.7"
"34504099999","48.6","34.9666666","143.0","2012-04-20","  46.6","010000","999.9","  71.4","  50.0"," 17.5"," 0.00","1004.9","999.9","987.8","  59.7","  5.8","  9.2"
"34504099999","48.6","34.9666666","143.0","2012-04-21","  47.7","010010","999.9","  69.4","  52.0"," 13.6"," 0.00","1008.5","999.9","991.3","  56.8","  6.2","  5.6"
"34504099999","48.6","34.9666666","143.0","2012-04-22","  48.1","010000","999.9","  61.9","  48.7","  9.7"," 0.01","1009.6","999.9","992.2","  53.4","  6.2","  7.1"
"34504099999","48.6","34.9666666","143.0","2012-04-23","  49.2","010010","999.9","  69.4","  48.7","  7.8"," 0.24","1013.0","999.9","995.6","  56.6","  6.2","  5.0"
"34504099999","48.6","34.9666666","143.0","2012-04-24","  43.1","000000","999.9","  72.3","  46.9"," 11.7"," 0.00","1016.1","999.9","998.8","  60.4","  6.2","  6.8"
"34504099999","48.6","34.9666666","143.0","2012-04-25","  41.5","000000","999.9","  74.3","  49.6","  9.7"," 0.00","1016.3","999.9","999.1","  62.6","  6.2","  7.0"
"34504099999","48.6","34.9666666","143.0","2012-04-26","  39.7","000000","999.9","  80.1","  48.9","  7.8"," 0.00","1017.7","999.9","000.6","  66.3","  6.2","  4.4"
"34504099999","48.6","34.9666666","143.0","2012-04-27","  42.8","000000","999.9","  85.1","  54.3","  7.8"," 0.00","1021.2","999.9","004.2","  72.0","  6.2","  3.9"
"34504099999","48.6","34.9666666","143.0","2012-04-28","  48.8","000000","999.9","  86.2","  57.7"," 13.6"," 0.00","1022.8","999.9","005.8","  72.1","  6.2","  7.5"
"34504099999","48.6","34.9666666","143.0","2012-04-29","  45.3","000000","999.9","  86.4","  60.6","  5.8"," 0.00","1020.4","999.9","003.5","  73.7","  6.2","  2.4"
"34504099999","48.6","34.9666666","143.0","2012-04-30","  47.0","000000","999.9","  89.2","  58.5"," 13.6"," 0.00","1015.3","999.9","998.5","  74.8","  6.2","  8.5"
"34504099999","48.6","34.9666666","143.0","2012-05-01","  49.6","000000","999.9","  83.3","  54.9"," 13.6"," 0.00","1015.5","999.9","998.5","  69.4","  6.2","  6.6"
"34504099999","48.6","34.9666666","143.0","2012-05-02","  44.4","000000","999.9","  80.1","  57.2"," 11.7"," 0.00","1013.7","999.9","996.7","  68.2","  6.2","  8.3"
"34504099999","48.6","34.9666666","143.0","2012-05-03","  39.8","000000","999.9","  84.0","  53.2","  5.8"," 0.00","1009.8","999.9","992.9","  69.5","  6.2","  2.9"
"34504099999","48.6","34.9666666","143.0","2012-05-04","  49.5","010010","999.9","  86.9","  60.3","  9.7"," 0.00","1006.8","999.9","990.1","  71.4","  6.2","  4.6"
"34504099999","48.6","34.9666666","143.0","2012-05-05","  51.1","000000","999.9","  86.5","  61.9","  7.8"," 0.00","1009.3","999.9","992.6","  74.1","  6.2","  4.7"
"34504099999","48.6","34.9666666","143.0","2012-05-06","  53.7","010000","999.9","  84.2","  63.3","  9.7"," 0.00","1011.9","999.9","995.1","  70.9","  6.2","  6.5"
"34504099999","48.6","34.9666666","143.0","2012-05-07","  53.3","000010","999.9","  83.8","  59.2","  7.8"," 0.00","1013.7","999.9","996.9","  70.2","  6.2","  4.5"
"34504099999","48.6","34.9666666","143.0","2012-05-08","  51.2","000010","999.9","  86.0","  57.2","  9.7"," 0.00","1014.8","999.9","997.9","  72.1","  6.2","  4.1"
"34504099999","48.6","34.9666666","143.0","2012-05-09","  54.0","000010","999.9","  87.3","  61.2","  7.8"," 0.00","1017.0","999.9","000.2","  74.8","  6.2","  3.9"
"34504099999","48.6","34.9666666","143.0","2012-05-10","  54.3","000010","999.9","  90.5","  62.2","  9.7"," 0.00","1021.1","999.9","004.3","  76.2","  6.2","  7.8"
"34504099999","48.6","34.9666666","143.0","2012-05-11","  53.4","000010","999.9","  92.3","  64.6"," 11.7"," 0.00","1021.1","999.9","004.3","  76.6","  6.2","  9.2"
"34504099999","48.6","34.9666666","143.0","2012-05-12","  47.3","000000","999.9","  92.5","  63.0","  9.7"," 0.00","1015.9","999.9","999.2","  77.6","  6.2","  7.0"
"34504099999","48.6","34.9666666","143.0","2012-05-13","  48.8","000000","999.9","  91.4","  62.1"," 25.3"," 0.00","1009.2","999.9","992.5","  74.3","  6.2","  9.0"
"34504099999","48.6","34.9666666","143.0","2012-05-14","  52.9","000000","999.9","  84.0","  56.3"," 19.4"," 0.00","1009.1","999.9","992.3","  70.3","  6.2"," 11.4"
"34504099999","48.6","34.9666666","143.0","2012-05-15","  56.5","000000","999.9","  89.4","  63.7"," 15.5"," 0.00","1008.7","999.9","992.0","  70.9","  6.2","  9.7"
"34504099999","48.6","34.9666666","143.0","2012-05-16","  58.3","010010","999.9","  75.9","  59.2","  9.7"," 0.75","1009.3","999.9","992.4","  64.8","  5.4","  6.4"
"34504099999","48.6","34.9666666","143.0","2012-05-17","  58.0","010010","999.9","  72.3","  59.4","  5.8"," 0.15","1009.7","999.9","992.7","  63.8","  5.5","  4.9"
"34504099999","48.6","34.9666666","143.0","2012-05-18","  60.1","000010","999.9","  81.3","  58.1"," 15.5"," 0.00","1014.1","999.9","997.3","  69.5","  5.9","  9.0"
"34504099999","48.6","34.9666666","143.0","2012-05-19","  52.0","000000","999.9","  82.2","  61.0"," 17.5"," 0.00","1016.4","999.9","999.5","  71.6","  6.2"," 12.4"
"34504099999","48.6","34.9666666","143.0","2012-05-20","  43.9","000000","999.9","  87.8","  61.0"," 19.4"," 0.00","1016.5","999.9","999.6","  73.6","  6.2"," 13.8"
"34504099999","48.6","34.9666666","143.0","2012-05-21","  49.5","000000","999.9","  84.4","  59.4"," 15.5"," 0.00","1014.6","999.9","997.7","  71.5","  6.2","  9.7"
"34504099999","48.6","34.9666666","143.0","2012-05-22","  51.6","000000","999.9","  85.5","  60.4","  9.7"," 0.00","1011.3","999.9","994.6","  72.7","  6.2","  7.5"
"34504099999","48.6","34.9666666","143.0","2012-05-23","  56.9","010010","999.9","  86.9","  59.5","  9.7"," 0.04","1007.4","999.9","990.6","  68.7","  6.2","  7.5"
"34504099999","48.6","34.9666666","143.0","2012-05-24","  57.2","010000","999.9","  75.6","  55.2"," 21.4"," 0.04","1007.1","999.9","990.2","  64.3","  6.2"," 15.5"
"34504099999","48.6","34.9666666","143.0","2012-05-25","  49.3","010000","999.9","  53.4","  50.0"," 19.4"," 0.79","1009.9","999.9","992.5","  51.5","  5.3"," 16.8"
"34504099999","48.6","34.9666666","143.0","2012-05-26","  48.0","000000","999.9","  62.6","  49.6"," 15.5"," 0.00","1012.7","999.9","995.4","  55.7","  6.2","  8.0"
"34504099999","48.6","34.9666666","143.0","2012-05-27","  46.5","000000","999.9","  70.5","  49.6","  3.9"," 0.00","1015.6","999.9","998.4","  61.2","  6.2","  1.2"
"34504099999","48.6","34.9666666","143.0","2012-05-28","  48.7","000000","999.9","  71.6","  54.0","  5.8"," 0.00","1012.4","999.9","995.3","  63.0","  6.2","  2.9"
"34504099999","48.6","34.9666666","143.0","2012-05-29","  52.2","010000","999.9","  75.6","  56.1","  9.7"," 0.00","1009.1","999.9","992.1","  65.1","  6.2","  6.1"
"34504099999","48.6","34.9666666","143.0","2012-05-30","  54.6","010000","999.9","  75.2","  58.1","  3.9"," 0.04","1010.0","999.9","993.0","  65.8","  6.2","  2.8"
"34504099999","48.6","34.9666666","143.0","2012-05-31","  48.9","000000","999.9","  71.1","  52.7","  9.7"," 0.00","1013.3","999.9","996.1","  60.8","  6.2","  7.8"
"34504099999","48.6","34.9666666","143.0","2012-06-01","  39.0","000000","999.9","  72.3","  47.7","  7.8"," 0.00","1015.0","999.9","997.8","  61.5","  6.2","  2.7"
"34504099999","48.6","34.9666666","143.0","2012-06-02","  49.4","010000","999.9","  66.7","  52.7"," 13.6"," 0.16","1012.6","999.9","995.3","  58.8","  6.2","  7.8"
"34504099999","48.6","34.9666666","143.0","2012-06-03","  53.7","010000","999.9","  72.9","  51.8"," 15.5"," 0.20","1015.0","999.9","997.8","  64.2","  6.2","  5.8"
"34504099999","48.6","34.9666666","143.0","2012-06-04","  60.0","000000","999.9","  85.1","  60.8"," 17.5"," 0.00","1011.6","999.9","994.8","  73.7","  6.2"," 10.9"
"34504099999","48.6","34.9666666","143.0","2012-06-05","  56.1","000000","999.9","  86.5","  59.5","  9.7"," 0.00","1009.4","999.9","992.7","  74.4","  6.2","  6.1"
"34504099999","48.6","34.9666666","143.0","2012-06-06","  60.0","010010","999.9","  85.3","  65.1","  7.8"," 0.03","1005.2","999.9","988.5","  70.9","  6.2","  4.7"
"34504099999","48.6","34.9666666","143.0","2012-06-07","  59.5","010010","999.9","  82.2","  58.1"," 15.5"," 0.83","1005.0","999.9","988.2","  66.5","  6.2","  6.9"
"34504099999","48.6","34.9666666","143.0","2012-06-08","  52.0","000000","999.9","  77.0","  52.3"," 11.7"," 0.00","1011.9","999.9","994.9","  66.3","  6.2","  5.6"
"34504099999","48.6","34.9666666","143.0","2012-06-09","  58.6","000000","999.9","  85.3","  58.8","  9.7"," 0.00","1016.4","999.9","999.5","  73.1","  6.2","  4.1"
"34504099999","48.6","34.9666666","143.0","2012-06-10","  53.2","000000","999.9","  87.3","  62.6"," 13.6"," 0.00","1016.0","999.9","999.2","  76.5","  6.2","  8.3"
"34504099999","48.6","34.9666666","143.0","2012-06-11","  57.6","000000","999.9","  90.0","  64.6"," 11.7"," 0.00","1010.2","999.9","993.6","  78.1","  6.2","  4.9"
"34504099999","48.6","34.9666666","143.0","2012-06-12","  59.1","000000","999.9","  90.9","  66.6"," 11.7"," 0.00","1006.5","999.9","990.1","  79.7","  6.2","  5.8"
"34504099999","48.6","34.9666666","143.0","2012-06-13","  60.9","000000","999.9","  93.2","  67.6"," 13.6"," 0.00","1008.0","999.9","991.6","  81.8","  6.2","  7.8"
"34504099999","48.6","34.9666666","143.0","2012-06-14","  63.4","000000","999.9","  95.7","  70.7"," 17.5"," 0.00","1010.9","999.9","994.4","  79.5","  6.2","  8.0"
"34504099999","48.6","34.9666666","143.0","2012-06-15","  59.5","000000","999.9","  90.3","  66.7"," 17.5"," 0.00","1012.8","999.9","996.1","  74.8","  6.2"," 10.8"
"34504099999","48.6","34.9666666","143.0","2012-06-16","  54.2","000000","999.9","  76.1","  61.7"," 17.5"," 0.00","1016.1","999.9","999.1","  67.4","  6.2"," 13.4"
"34504099999","48.6","34.9666666","143.0","2012-06-17","  56.0","000000","999.9","  85.5","  62.1"," 17.5"," 0.00","1017.4","999.9","000.6","  74.2","  6.2"," 12.6"
"34504099999","48.6","34.9666666","143.0","2012-06-18","  58.9","000000","999.9","  93.9","  63.3","  9.7"," 0.00","1019.8","999.9","003.1","  79.1","  6.2","  8.0"
"34504099999","48.6","34.9666666","143.0","2012-06-19","  53.0","000000","999.9","  90.0","  63.9","  9.7"," 0.00","1019.2","999.9","002.4","  77.5","  6.2","  5.6"
"34504099999","48.6","34.9666666","143.0","2012-06-20","  57.5","010010","999.9","  95.0","  64.8"," 13.6"," 0.00","1014.2","999.9","997.6","  78.1","  6.2","  6.1"
"34504099999","48.6","34.9666666","143.0","2012-06-21","  56.4","000000","999.9","  91.9","  68.0"," 11.7"," 0.00","1011.8","999.9","995.3","  79.5","  6.2","  8.0"
"34504099999","48.6","34.9666666","143.0","2012-06-22","  51.7","000000","999.9","  91.0","  63.3","  9.7"," 0.00","1013.8","999.9","997.2","  77.7","  6.2","  8.0"
"34504099999","48.6","34.9666666","143.0","2012-06-23","  56.2","000000","999.9","  92.7","  66.9"," 11.7"," 0.00","1015.3","999.9","998.6","  78.2","  6.2","  6.4"
"34504099999","48.6","34.9666666","143.0","2012-06-24","  56.7","000000","999.9","  86.0","  67.5"," 11.7"," 0.00","1015.6","999.9","998.9","  75.7","  6.2","  9.7"
"34504099999","48.6","34.9666666","143.0","2012-06-25","  53.4","000000","999.9","  89.1","  60.8","  7.8"," 0.00","1013.1","999.9","996.4","  75.5","  6.2","  6.3"
"34504099999","48.6","34.9666666","143.0","2012-06-26","  58.4","010000","999.9","  93.6","  59.9"," 17.5"," 0.00","1008.6","999.9","992.0","  75.5","  6.2"," 10.0"
"34504099999","48.6","34.9666666","143.0","2012-06-27","  50.4","000000","999.9","  78.3","  54.9"," 13.6"," 0.04","1012.8","999.9","995.8","  68.2","  6.2","  8.6"
"34504099999","48.6","34.9666666","143.0","2012-06-28","  46.9","000000","999.9","  78.1","  54.1"," 11.7"," 0.00","1013.2","999.9","996.2","  66.9","  6.2","  5.6"
"34504099999","48.6","34.9666666","143.0","2012-06-29","  49.4","010000","999.9","  75.2","  59.2","  9.7"," 0.00","1014.5","999.9","997.5","  66.0","  6.2","  4.1"
"34504099999","48.6","34.9666666","143.0","2012-06-30","  48.3","010000","999.9","  82.2","  56.3","  9.7"," 0.00","1016.7","999.9","999.7","  68.4","  6.2","  7.5"
"34504099999","48.6","34.9666666","143.0","2012-07-01","  47.6","000000","999.9","  84.9","  55.2"," 11.7"," 0.00","1019.3","999.9","002.3","  70.9","  6.2","  7.3"
"34504099999","48.6","34.9666666","143.0","2012-07-02","  50.3","000000","999.9","  88.3","  59.0"," 11.7"," 0.00","1020.7","999.9","003.8","  74.7","  6.2","  7.3"
"34504099999","48.6","34.9666666","143.0","2012-07-03","  61.0","000010","999.9","  92.7","  63.3"," 13.6"," 0.16","1013.4","999.9","996.8","  75.5","  6.2","  6.6"
"34504099999","48.6","34.9666666","143.0","2012-07-04","  65.0","100010","999.9","  89.4","  65.5"," 11.7"," 0.31","1009.6","999.9","993.0","  74.3","  5.2","  5.8"
"34504099999","48.6","34.9666666","143.0","2012-07-05","  62.4","000000","999.9","  91.6","  63.3"," 11.7"," 0.00","1011.9","999.9","995.3","  76.0","  6.2","  8.5"
"34504099999","48.6","34.9666666","143.0","2012-07-06","  63.6","000000","999.9","  93.9","  68.9"," 15.5"," 0.00","1009.4","999.9","992.9","  80.4","  6.2","  9.2"
"34504099999","48.6","34.9666666","143.0","2012-07-07","  62.7","000000","999.9","  93.2","  69.1"," 13.6"," 0.00","1009.8","999.9","993.3","  79.4","  6.2","  8.0"
"34504099999","48.6","34.9666666","143.0","2012-07-08","  62.9","000000","999.9","  95.9","  68.9"," 13.6"," 0.00","1010.1","999.9","993.6","  80.8","  6.2","  9.0"
"34504099999","48.6","34.9666666","143.0","2012-07-09","  55.0","000000","999.9","  94.5","  68.2","  9.7"," 0.00","1011.5","999.9","995.0","  80.5","  6.2","  7.8"
"34504099999","48.6","34.9666666","143.0","2012-07-10","  57.7","000000","999.9","  95.4","  65.3","  5.8"," 0.00","1011.0","999.9","994.5","  80.5","  6.2","  4.9"
"34504099999","48.6","34.9666666","143.0","2012-07-11","  58.0","000010","999.9","  92.3","  68.5"," 11.7"," 0.00","1011.3","999.9","994.8","  80.3","  6.2","  6.3"
"34504099999","48.6","34.9666666","143.0","2012-07-12","  61.9","000000","999.9","  92.3","  65.5","  9.7"," 0.00","1008.7","999.9","992.3","  80.2","  6.2","  5.6"
"34504099999","48.6","34.9666666","143.0","2012-07-13","  62.0","000000","999.9","  88.3","  68.2"," 13.6"," 0.00","1009.8","999.9","993.2","  77.4","  6.2","  8.7"
"34504099999","48.6","34.9666666","143.0","2012-07-14","  52.5","000000","999.9","  89.4","  65.3","  9.7"," 0.00","1013.0","999.9","996.4","  77.6","  6.2","  6.8"
"34504099999","48.6","34.9666666","143.0","2012-07-15","  52.7","000000","999.9","  96.3","  66.9"," 11.7"," 0.00","1012.5","999.9","996.1","  83.3","  6.2","  6.1"
"34504099999","48.6","34.9666666","143.0","2012-07-16","  61.0","010010","999.9","  94.3","  68.9","  9.7","99.99","1010.6","999.9","994.1","  80.6","  5.5","  6.3"
"34504099999","48.6","34.9666666","143.0","2012-07-17","  56.8","000000","999.9","  79.5","  60.8"," 15.5"," 0.31","1012.0","999.9","995.2","  70.2","  6.2"," 10.5"
"34504099999","48.6","34.9666666","143.0","2012-07-18","  51.3","010000","999.9","  80.1","  56.5"," 11.7"," 0.10","1014.0","999.9","997.0","  67.0","  6.2","  5.8"
"34504099999","48.6","34.9666666","143.0","2012-07-19","  50.5","000000","999.9","  81.9","  53.8","  7.8"," 0.00","1015.1","999.9","998.2","  69.3","  6.2","  5.3"
"34504099999","48.6","34.9666666","143.0","2012-07-20","  58.4","000000","999.9","  91.9","  62.8"," 13.6"," 0.00","1012.8","999.9","996.2","  78.4","  6.2","  9.0"
"34504099999","48.6","34.9666666","143.0","2012-07-21","  61.6","000010","999.9","  93.2","  68.0","  9.7"," 1.85","1014.4","999.9","997.7","  74.1","  6.2","  4.7"
"34504099999","48.6","34.9666666","143.0","2012-07-22","  63.4","000000","999.9","  94.5","  66.4"," 13.6"," 0.00","1015.3","999.9","998.7","  79.8","  6.2","  9.0"
"34504099999","48.6","34.9666666","143.0","2012-07-23","  63.1","000000","999.9","  94.8","  70.5"," 17.5"," 0.00","1017.9","999.9","001.4","  81.7","  6.2"," 14.3"
"34504099999","48.6","34.9666666","143.0","2012-07-24","  60.0","000000","999.9","  89.6","  67.8"," 19.4"," 0.00","1020.8","999.9","004.0","  77.9","  6.2"," 14.3"
"34504099999","48.6","34.9666666","143.0","2012-07-25","  54.5","000000","999.9","  91.6","  64.4"," 11.7"," 0.00","1019.6","999.9","002.9","  78.1","  6.2"," 10.7"
"34504099999","48.6","34.9666666","143.0","2012-07-26","  58.0","000000","999.9","  95.7","  67.3"," 13.6"," 0.00","1014.8","999.9","998.3","  81.5","  6.2","  9.2"
"34504099999","48.6","34.9666666","143.0","2012-07-27","  57.0","000000","999.9","  93.7","  69.3"," 11.7"," 0.00","1011.5","999.9","995.0","  81.3","  6.2","  9.0"
"34504099999","48.6","34.9666666","143.0","2012-07-28","  57.1","000000","999.9","  98.1","  70.5"," 13.6"," 0.00","1010.7","999.9","994.3","  83.5","  6.2"," 10.4"
"34504099999","48.6","34.9666666","143.0","2012-07-29","  59.9","000010","999.9","  98.8","  72.9"," 13.6"," 0.00","1012.7","999.9","996.2","  83.7","  6.2"," 10.9"
"34504099999","48.6","34.9666666","143.0","2012-07-30","  51.2","000000","999.9","  94.8","  68.7"," 13.6"," 0.00","1014.9","999.9","998.3","  79.8","  6.2"," 10.4"
"34504099999","48.6","34.9666666","143.0","2012-07-31","  44.6","000000","999.9","  91.4","  64.4"," 13.6"," 0.00","1014.5","999.9","997.9","  77.9","  6.2","  9.7"
"34504099999","48.6","34.9666666","143.0","2012-08-01","  49.1","000000","999.9","  94.6","  67.1"," 13.6"," 0.00","1013.0","999.9","996.4","  80.2","  6.2","  9.2"
"34504099999","48.6","34.9666666","143.0","2012-08-02","  55.5","000000","999.9","  97.0","  69.8"," 11.7"," 0.00","1014.4","999.9","997.9","  81.8","  6.2","  8.7"
"34504099999","48.6","34.9666666","143.0","2012-08-03","  58.8","000000","999.9","  94.8","  69.4"," 13.6"," 0.00","1013.0","999.9","996.5","  80.6","  6.2","  9.7"
"34504099999","48.6","34.9666666","143.0","2012-08-04","  57.4","000000","999.9","  99.1","  69.1","  9.7"," 0.00","1010.3","999.9","993.9","  83.8","  6.2","  6.6"
"34504099999","48.6","34.9666666","143.0","2012-08-05","  61.0","010010","999.9"," 100.8","  72.3","  9.7"," 0.02","1010.9","999.9","994.4","  81.3","  6.2","  7.0"
"34504099999","48.6","34.9666666","143.0","2012-08-06","  59.4","000000","999.9"," 101.1","  69.3","  9.7"," 0.00","1012.5","999.9","996.1","  85.2","  6.2","  7.0"
"34504099999","48.6","34.9666666","143.0","2012-08-07","  57.0","000000","999.9"," 102.0","  72.9","  7.8"," 0.00","1013.0","999.9","996.7","  86.9","  6.2","  4.1"
"34504099999","48.6","34.9666666","143.0","2012-08-08","  61.2","010010","999.9","  99.7","  71.6"," 13.6"," 0.16","1012.6","999.9","996.1","  80.2","  6.2","  6.8"
"34504099999","48.6","34.9666666","143.0","2012-08-09","  57.8","000000","999.9","  87.8","  67.8"," 17.5"," 0.00","1013.6","999.9","996.9","  76.2","  6.2"," 11.2"
"34504099999","48.6","34.9666666","143.0","2012-08-10","  50.8","000000","999.9","  87.3","  62.8","  9.7"," 0.00","1013.4","999.9","996.6","  74.4","  6.2","  7.0"
"34504099999","48.6","34.9666666","143.0","2012-08-11","  49.8","000000","999.9","  85.6","  62.2"," 11.7"," 0.00","1014.0","999.9","997.2","  72.6","  6.2","  8.5"
"34504099999","48.6","34.9666666","143.0","2012-08-12","  56.4","010010","999.9","  91.0","  64.2"," 17.5"," 1.38","1011.4","999.9","994.6","  72.0","  5.5"," 12.4"
"34504099999","48.6","34.9666666","143.0","2012-08-13","  62.3","010010","999.9","  75.0","  63.1"," 11.7"," 0.91","1004.9","999.9","988.1","  66.4","  6.2","  9.4"
"34504099999","48.6","34.9666666","143.0","2012-08-14","  57.2","000000","999.9","  79.9","  58.3"," 13.6"," 0.02","1010.3","999.9","993.4","  68.6","  6.2","  7.0"
"34504099999","48.6","34.9666666","143.0","2012-08-15","  55.6","000000","999.9","  75.9","  60.1"," 11.7"," 0.00","1010.7","999.9","993.8","  67.8","  6.2","  5.6"
"34504099999","48.6","34.9666666","143.0","2012-08-16","  55.7","000010","999.9","  78.3","  59.2","  9.7"," 0.00","1009.7","999.9","992.8","  68.4","  6.2","  4.9"
"34504099999","48.6","34.9666666","143.0","2012-08-17","  57.0","000000","999.9","  78.4","  57.2"," 11.7"," 0.00","1010.9","999.9","994.0","  65.8","  5.5","  5.3"
"34504099999","48.6","34.9666666","143.0","2012-08-18","  58.1","000000","999.9","  79.0","  57.7"," 11.7"," 0.00","1013.8","999.9","996.9","  68.1","  5.6","  7.2"
"34504099999","48.6","34.9666666","143.0","2012-08-19","  57.5","000010","999.9","  77.7","  59.5"," 11.7"," 0.00","1016.4","999.9","999.4","  66.6","  6.2","  5.5"
"34504099999","48.6","34.9666666","143.0","2012-08-20","  59.0","000000","999.9","  78.8","  57.2"," 11.7"," 0.00","1015.2","999.9","998.2","  68.7","  6.2","  6.6"
"34504099999","48.6","34.9666666","143.0","2012-08-21","  54.6","000010","999.9","  77.7","  55.2"," 17.5"," 0.00","1012.5","999.9","995.5","  68.0","  6.2"," 11.4"
"34504099999","48.6","34.9666666","143.0","2012-08-22","  41.8","000000","999.9","  74.8","  45.9","  9.7"," 0.00","1018.4","999.9","001.1","  61.3","  6.2","  5.6"
"34504099999","48.6","34.9666666","143.0","2012-08-23","  56.6","010010","999.9","  87.6","  56.8"," 15.5"," 0.12","1015.0","999.9","998.1","  70.1","  6.2","  8.7"
"34504099999","48.6","34.9666666","143.0","2012-08-24","  61.1","000000","999.9","  86.2","  65.1","  9.7"," 0.00","1014.8","999.9","998.1","  75.2","  6.2","  4.7"
"34504099999","48.6","34.9666666","143.0","2012-08-25","  63.4","000000","999.9","  92.1","  66.0"," 11.7"," 0.00","1011.2","999.9","994.7","  78.5","  6.2","  6.3"
"34504099999","48.6","34.9666666","143.0","2012-08-26","  64.2","000000","999.9","  91.9","  67.8","  9.7"," 0.00","1010.0","999.9","993.5","  78.7","  6.2","  6.1"
"34504099999","48.6","34.9666666","143.0","2012-08-27","  63.2","010010","999.9","  95.2","  66.0"," 11.7"," 0.35","1005.9","999.9","989.5","  77.0","  6.2","  7.8"
"34504099999","48.6","34.9666666","143.0","2012-08-28","  62.3","010010","999.9","  72.0","  59.0"," 25.3"," 0.78","1004.4","999.9","987.5","  64.3","  4.2"," 11.9"
"34504099999","48.6","34.9666666","143.0","2012-08-29","  56.5","010000","999.9","  59.2","  55.2"," 25.3"," 1.14","1004.8","999.9","987.7","  57.5","  3.1"," 20.4"
"34504099999","48.6","34.9666666","143.0","2012-08-30","  54.3","000000","999.9","  61.9","  56.1"," 15.5"," 0.04","1015.5","999.9","998.2","  58.9","  6.2"," 10.8"
"34504099999","48.6","34.9666666","143.0","2012-08-31","  54.3","000000","999.9","  73.2","  56.3","  9.7"," 0.00","1020.2","999.9","002.9","  62.2","  6.2","  4.6"
"34504099999","48.6","34.9666666","143.0","2012-09-01","  51.2","000000","999.9","  75.2","  51.8","  7.8"," 0.00","1024.2","999.9","006.9","  62.8","  6.2","  3.4"
"34504099999","48.6","34.9666666","143.0","2012-09-02","  51.6","000000","999.9","  75.6","  54.5","  5.8"," 0.00","1026.3","999.9","009.0","  64.3","  6.2","  2.4"
"34504099999","48.6","34.9666666","143.0","2012-09-03","  53.1","000000","999.9","  80.2","  54.9","  5.8"," 0.00","1021.7","999.9","004.6","  66.9","  6.2","  3.4"
"34504099999","48.6","34.9666666","143.0","2012-09-04","  58.2","010010","999.9","  83.5","  58.1"," 11.7"," 0.03","1017.0","999.9","000.0","  68.6","  5.8","  4.9"
"34504099999","48.6","34.9666666","143.0","2012-09-05","  53.3","000000","999.9","  75.4","  57.6","  9.7"," 0.02","1017.3","999.9","000.2","  65.2","  5.4","  5.3"
"34504099999","48.6","34.9666666","143.0","2012-09-06","  51.8","000000","999.9","  76.6","  55.2","  7.8"," 0.00","1015.5","999.9","998.5","  66.3","  6.2","  4.4"
"34504099999","48.6","34.9666666","143.0","2012-09-07","  53.3","010010","999.9","  68.0","  52.7"," 13.6"," 0.31","1013.5","999.9","996.3","  60.0","  5.7","  8.9"
"34504099999","48.6","34.9666666","143.0","2012-09-08","  49.7","000000","999.9","  67.6","  49.3","  7.8"," 0.00","1016.1","999.9","998.8","  56.9","  5.5","  4.4"
"34504099999","48.6","34.9666666","143.0","2012-09-09","  48.1","100000","999.9","  71.8","  48.4"," 17.5"," 0.00","1015.2","999.9","997.9","  58.3","  5.6","  8.7"
"34504099999","48.6","34.9666666","143.0","2012-09-10","  43.5","000000","999.9","  68.2","  44.2","  9.7"," 0.00","1024.8","999.9","007.2","  55.3","  6.2","  6.1"
"34504099999","48.6","34.9666666","143.0","2012-09-11","  43.7","000000","999.9","  71.6","  45.7","  3.9"," 0.00","1025.4","999.9","007.9","  58.5","  6.2","  1.2"
"34504099999","48.6","34.9666666","143.0","2012-09-12","  45.1","000000","999.9","  74.3","  51.4","  7.8"," 0.00","1019.2","999.9","001.9","  61.9","  6.2","  4.1"
"34504099999","48.6","34.9666666","143.0","2012-09-13","  46.8","000000","999.9","  80.4","  49.8"," 11.7"," 0.00","1013.5","999.9","996.4","  64.2","  6.2","  8.5"
"34504099999","48.6","34.9666666","143.0","2012-09-14","  52.8","000000","999.9","  79.9","  55.6","  5.8"," 0.00","1012.9","999.9","995.9","  67.3","  6.2","  4.1"
"34504099999","48.6","34.9666666","143.0","2012-09-15","  53.9","000000","999.9","  81.0","  55.4"," 13.6"," 0.00","1012.1","999.9","995.2","  68.7","  6.2","  6.1"
"34504099999","48.6","34.9666666","143.0","2012-09-16","  55.4","010000","999.9","  72.0","  53.8"," 11.7"," 0.00","1014.5","999.9","997.3","  61.4","  6.2","  8.0"
"34504099999","48.6","34.9666666","143.0","2012-09-17","  50.1","000000","999.9","  73.4","  48.2","  9.7"," 0.00","1020.1","999.9","002.8","  59.7","  5.8","  7.3"
"34504099999","48.6","34.9666666","143.0","2012-09-18","  50.0","000000","999.9","  75.6","  52.2","  9.7"," 0.00","1019.2","999.9","002.0","  62.2","  6.2","  7.3"
"34504099999","48.6","34.9666666","143.0","2012-09-19","  48.8","000000","999.9","  78.8","  54.3","  9.7"," 0.00","1016.6","999.9","999.5","  64.9","  6.2","  7.5"
"34504099999","48.6","34.9666666","143.0","2012-09-20","  49.0","000000","999.9","  80.4","  54.3","  9.7"," 0.00","1014.0","999.9","997.0","  66.7","  6.2","  7.8"
"34504099999","48.6","34.9666666","143.0","2012-09-21","  53.4","010010","999.9","  83.7","  57.9","  9.7","99.99","1011.5","999.9","994.7","  69.2","  6.2","  6.3"
"34504099999","48.6","34.9666666","143.0","2012-09-22","  61.3","100010","999.9","  73.0","  60.3","  7.8"," 0.16","1011.8","999.9","994.8","  64.6","  4.8","  5.2"
"34504099999","48.6","34.9666666","143.0","2012-09-23","  53.1","100000","999.9","  67.3","  50.0"," 13.6"," 0.00","1014.6","999.9","997.3","  58.7","  4.3","  6.6"
"34504099999","48.6","34.9666666","143.0","2012-09-24","  48.4","010000","999.9","  64.4","  46.0","  5.8"," 0.00","1014.6","999.9","997.2","  53.6","  6.2","  2.8"
"34504099999","48.6","34.9666666","143.0","2012-09-25","  57.9","000000","999.9","  72.5","  53.1","  7.8"," 0.00","1011.5","999.9","994.4","  62.7","  5.2","  3.2"
"34504099999","48.6","34.9666666","143.0","2012-09-26","  60.1","110000","999.9","  66.0","  58.3","  7.8"," 0.79","1014.0","999.9","996.8","  61.0","  3.1","  6.1"
"34504099999","48.6","34.9666666","143.0","2012-09-27","  60.2","000000","999.9","  77.4","  57.0","  7.8"," 0.00","1019.0","999.9","001.8","  65.4","  4.1","  3.9"
"34504099999","48.6","34.9666666","143.0","2012-09-28","  60.5","100000","999.9","  74.5","  57.4"," 11.7"," 0.00","1019.8","999.9","002.7","  65.3","  4.0","  4.4"
"34504099999","48.6","34.9666666","143.0","2012-09-29","  53.7","010000","999.9","  71.1","  54.5","  9.7"," 0.08","1022.3","999.9","004.9","  59.2","  5.8","  3.6"
"34504099999","48.6","34.9666666","143.0","2012-09-30","  53.8","000000","999.9","  72.7","  49.8"," 11.7"," 0.00","1021.2","999.9","004.0","  62.9","  5.7","  4.6"
"34504099999","48.6","34.9666666","143.0","2012-10-01","  49.1","000000","999.9","  71.6","  52.0","  7.8"," 0.00","1025.7","999.9","008.3","  60.2","  6.2","  5.3"
"34504099999","48.6","34.9666666","143.0","2012-10-02","  45.1","000000","999.9","  71.8","  48.4","  7.8"," 0.00","1025.0","999.9","007.6","  59.6","  6.2","  5.8"
"34504099999","48.6","34.9666666","143.0","2012-10-03","  45.9","000000","999.9","  75.2","  52.9","  9.7"," 0.00","1019.4","999.9","002.1","  62.5","  6.2","  8.0"
"34504099999","48.6","34.9666666","143.0","2012-10-04","  47.4","010000","999.9","  72.9","  54.7"," 11.7"," 0.00","1015.0","999.9","997.8","  61.5","  6.2","  7.8"
"34504099999","48.6","34.9666666","143.0","2012-10-05","  55.1","000000","999.9","  70.0","  55.4","  9.7"," 0.00","1013.4","999.9","996.2","  61.3","  6.2","  5.5"
"34504099999","48.6","34.9666666","143.0","2012-10-06","  45.5","000000","999.9","  67.8","  45.1","  7.8"," 0.00","1019.5","999.9","002.1","  56.2","  6.2","  4.1"
"34504099999","48.6","34.9666666","143.0","2012-10-07","  53.8","000000","999.9","  75.7","  53.1"," 13.6"," 0.00","1014.2","999.9","997.0","  63.3","  6.2","  8.5"
"34504099999","48.6","34.9666666","143.0","2012-10-08","  54.7","110010","999.9","  72.7","  50.2"," 13.6"," 0.16","1004.3","999.9","987.3","  61.3","  5.5","  9.0"
"34504099999","48.6","34.9666666","143.0","2012-10-09","  43.1","010000","999.9","  49.3","  43.9"," 21.4"," 0.70","1007.8","999.9","990.2","  45.4","  4.2"," 11.7"
"34504099999","48.6","34.9666666","143.0","2012-10-10","  43.8","000000","999.9","  62.1","  38.5"," 13.6"," 0.00","1012.3","999.9","994.8","  50.4","  6.2","  5.6"
"34504099999","48.6","34.9666666","143.0","2012-10-11","  45.1","110000","999.9","  65.5","  42.3","  7.8","99.99","1014.1","999.9","996.6","  53.0","  4.4","  5.3"
"34504099999","48.6","34.9666666","143.0","2012-10-12","  43.9","010000","999.9","  55.6","  39.6"," 13.6"," 0.12","1015.3","999.9","997.6","  48.6","  5.6","  8.0"
"34504099999","48.6","34.9666666","143.0","2012-10-13","  39.3","010000","999.9","  57.7","  34.2","  7.8"," 0.00","1021.6","999.9","003.7","  45.5","  5.8","  4.1"
"34504099999","48.6","34.9666666","143.0","2012-10-14","  47.3","010010","999.9","  56.1","  46.4"," 11.7"," 0.08","1017.5","999.9","999.9","  51.4","  5.7","  9.7"
"34504099999","48.6","34.9666666","143.0","2012-10-15","  58.5","010000","999.9","  68.2","  52.2","  7.8"," 0.20","1016.3","999.9","999.1","  60.1","  3.8","  6.2"
"34504099999","48.6","34.9666666","143.0","2012-10-16","  59.8","100000","999.9","  65.5","  56.7","  7.8"," 0.03","1019.7","999.9","002.4","  60.6","  1.4","  4.1"
"34504099999","48.6","34.9666666","143.0","2012-10-17","  54.7","000000","999.9","  74.8","  52.9","  9.7"," 0.00","1016.8","999.9","999.6","  62.3","  6.2","  7.5"
"34504099999","48.6","34.9666666","143.0","2012-10-18","  48.8","010000","999.9","  53.4","  46.6","  9.7"," 0.03","1019.6","999.9","002.0","  50.9","  4.0","  6.7"
"34504099999","48.6","34.9666666","143.0","2012-10-19","  52.0","010000","999.9","  61.9","  50.9","  9.7"," 0.12","1024.2","999.9","006.6","  53.4","  3.8","  7.4"
"34504099999","48.6","34.9666666","143.0","2012-10-20","  51.6","100000","999.9","  69.6","  49.6"," 11.7"," 0.00","1026.5","999.9","008.9","  57.0","  5.5","  9.0"
"34504099999","48.6","34.9666666","143.0","2012-10-21","  44.5","000000","999.9","  68.0","  44.6","  9.7"," 0.00","1025.7","999.9","008.0","  53.6","  6.2","  7.8"
"34504099999","48.6","34.9666666","143.0","2012-10-22","  42.4","000000","999.9","  66.7","  42.4","  7.8"," 0.00","1022.0","999.9","004.3","  52.2","  5.4","  2.9"
"34504099999","48.6","34.9666666","143.0","2012-10-23","  45.8","100000","999.9","  65.1","  39.2","  7.8"," 0.00","1018.8","999.9","001.2","  50.9","  3.9","  3.2"
"34504099999","48.6","34.9666666","143.0","2012-10-24","  43.7","100000","999.9","  50.4","  43.7"," 11.7"," 0.00","1016.0","999.9","998.2","  46.5","  4.2","  7.3"
"34504099999","48.6","34.9666666","143.0","2012-10-25","  38.1","000000","999.9","  47.7","  41.5","  5.8"," 0.00","1013.8","999.9","996.0","  44.0","  6.2","  4.4"
"34504099999","48.6","34.9666666","143.0","2012-10-26","  42.3","010000","999.9","  58.8","  42.3"," 17.5"," 0.00","1007.3","999.9","989.8","  48.2","  6.2"," 11.3"
"34504099999","48.6","34.9666666","143.0","2012-10-27","  32.8","000000","999.9","  52.0","  32.0"," 13.6"," 0.00","1015.0","999.9","997.1","  43.2","  6.2","  9.5"
"34504099999","48.6","34.9666666","143.0","2012-10-28","  55.9","010000","999.9","  64.9","  45.1"," 15.5"," 0.16","1006.0","999.9","988.9","  58.9","  5.9"," 12.2"
"34504099999","48.6","34.9666666","143.0","2012-10-29","  58.1","110000","999.9","  65.7","  54.7","  9.7"," 0.47","1006.1","999.9","989.0","  58.8","  1.8","  5.0"
"34504099999","48.6","34.9666666","143.0","2012-10-30","  53.4","110000","999.9","  60.4","  50.7"," 17.5"," 0.06","1002.6","999.9","985.4","  54.4","  3.3","  8.6"
"34504099999","48.6","34.9666666","143.0","2012-10-31","  33.2","000000","999.9","  46.6","  36.0"," 15.5"," 0.02","1019.5","999.9","001.4","  39.6","  5.9","  9.4"
"34504099999","48.6","34.9666666","143.0","2012-11-01","  38.1","000000","999.9","  54.3","  36.5"," 11.7"," 0.00","1024.4","999.9","006.5","  44.8","  6.2","  9.0"
"34504099999","48.6","34.9666666","143.0","2012-11-02","  37.8","010000","999.9","  49.8","  36.1"," 15.5"," 0.00","1018.3","999.9","000.5","  43.4","  6.2"," 13.8"
"34504099999","48.6","34.9666666","143.0","2012-11-03","  42.8","010000","999.9","  46.4","  43.2","  9.7"," 0.47","1016.3","999.9","998.5","  44.9","  2.8","  3.9"
"34504099999","48.6","34.9666666","143.0","2012-11-04","  47.1","000000","999.9","  52.0","  45.9","  7.8"," 0.00","1020.9","999.9","003.2","  49.3","  3.7","  4.9"
"34504099999","48.6","34.9666666","143.0","2012-11-05","  49.9","010000","999.9","  57.7","  47.8"," 11.7","99.99","1014.8","999.9","997.3","  52.3","  3.9","  7.3"
"34504099999","48.6","34.9666666","143.0","2012-11-06","  48.4","010000","999.9","  58.8","  40.5"," 15.5"," 0.43","1006.1","999.9","988.6","  50.1","  4.8"," 11.0"
"34504099999","48.6","34.9666666","143.0","2012-11-07","  35.6","000000","999.9","  48.9","  34.7","  9.7"," 0.00","1015.9","999.9","997.9","  39.4","  5.8","  5.8"
"34504099999","48.6","34.9666666","143.0","2012-11-08","  36.1","000000","999.9","  49.1","  31.5"," 11.7"," 0.00","1017.8","999.9","999.8","  41.0","  6.2","  6.3"
"34504099999","48.6","34.9666666","143.0","2012-11-09","  40.8","000000","999.9","  54.3","  41.4","  9.7"," 0.00","1017.5","999.9","999.7","  45.4","  6.2","  4.1"
"34504099999","48.6","34.9666666","143.0","2012-11-10","  40.9","010000","999.9","  52.7","  38.7"," 11.7"," 0.00","1023.6","999.9","005.6","  43.9","  4.2","  7.8"
"34504099999","48.6","34.9666666","143.0","2012-11-11","  34.0","000000","999.9","  49.3","  34.2","  9.7"," 0.00","1031.0","999.9","012.7","  39.9","  6.2","  7.8"
"34504099999","48.6","34.9666666","143.0","2012-11-12","  27.6","000000","999.9","  46.4","  28.2","  7.8"," 0.00","1030.6","999.9","012.2","  36.3","  6.2","  4.9"
"34504099999","48.6","34.9666666","143.0","2012-11-13","  36.4","010000","999.9","  48.9","  30.9","  9.7","99.99","1026.5","999.9","008.4","  40.9","  5.4","  3.6"
"34504099999","48.6","34.9666666","143.0","2012-11-14","  33.4","000000","999.9","  45.5","  34.5"," 13.6"," 0.00","1030.1","999.9","011.8","  38.7","  5.9","  9.7"
"34504099999","48.6","34.9666666","143.0","2012-11-15","  27.8","100000","999.9","  33.6","  27.7","  9.7"," 0.00","1028.4","999.9","009.9","  30.5","  2.6","  6.1"
"34504099999","48.6","34.9666666","143.0","2012-11-16","  27.8","100000","999.9","  32.0","  26.1","  9.7"," 0.00","1026.3","999.9","007.7","  29.5","  2.4","  5.8"
"34504099999","48.6","34.9666666","143.0","2012-11-17","  29.8","100000","999.9","  32.4","  30.4","  7.8"," 0.00","1029.1","999.9","010.6","  31.2","  3.2","  3.9"
"34504099999","48.6","34.9666666","143.0","2012-11-18","  29.4","000000","999.9","  41.7","  27.1","  7.8"," 0.00","1028.1","999.9","009.7","  33.9","  5.6","  6.1"
"34504099999","48.6","34.9666666","143.0","2012-11-19","  31.2","100000","999.9","  45.7","  29.3","  9.7"," 0.00","1026.8","999.9","008.4","  35.4","  4.9","  6.6"
"34504099999","48.6","34.9666666","143.0","2012-11-20","  34.3","100000","999.9","  39.9","  30.0","  9.7"," 0.00","1029.2","999.9","010.9","  36.5","  3.6","  9.2"
"34504099999","48.6","34.9666666","143.0","2012-11-21","  36.3","000000","999.9","  46.9","  34.0"," 13.6"," 0.00","1031.0","999.9","012.8","  41.3","  6.2"," 10.7"
"34504099999","48.6","34.9666666","143.0","2012-11-22","  28.4","000000","999.9","  44.1","  28.0"," 15.5"," 0.00","1031.8","999.9","013.3","  33.5","  6.2"," 10.9"
"34504099999","48.6","34.9666666","143.0","2012-11-23","  23.3","000000","999.9","  41.4","  23.9"," 13.6"," 0.00","1029.6","999.9","011.0","  31.0","  6.2"," 10.0"
"34504099999","48.6","34.9666666","143.0","2012-11-24","  27.5","010000","999.9","  34.3","  31.1","  9.7","99.99","1025.3","999.9","006.8","  32.1","  4.9","  7.5"
"34504099999","48.6","34.9666666","143.0","2012-11-25","  33.3","010000","999.9","  37.9","  31.3","  5.8"," 0.01","1022.8","999.9","004.5","  35.0","  2.1","  3.4"
"34504099999","48.6","34.9666666","143.0","2012-11-26","  30.9","001000","999.9","  36.5","  29.7","  7.8"," 0.08","1021.2","999.9","002.9","  33.2","  2.7","  4.7"
"34504099999","48.6","34.9666666","143.0","2012-11-27","  36.9","100000","999.9","  39.4","  32.5","  7.8"," 0.00","1019.6","999.9","001.5","  37.4","  1.6","  4.7"
"34504099999","48.6","34.9666666","143.0","2012-11-28","  42.0","010000","999.9","  50.5","  38.1","  7.8"," 0.00","1014.7","999.9","996.9","  45.6","  4.8","  5.6"
"34504099999","48.6","34.9666666","143.0","2012-11-29","  48.2","000000","999.9","  53.6","  45.5","  9.7"," 0.00","1008.0","999.9","990.6","  50.1","  3.9","  6.8"
"34504099999","48.6","34.9666666","143.0","2012-11-30","  48.3","010000","999.9","  62.1","  49.6"," 15.5"," 0.00","1007.1","999.9","989.9","  55.2","  6.2"," 12.6"
"34504099999","48.6","34.9666666","143.0","2012-12-01","  51.2","110000","999.9","  54.1","  48.9","  5.8"," 0.31","1011.5","999.9","994.0","  52.3","  2.3","  4.2"
"34504099999","48.6","34.9666666","143.0","2012-12-02","  43.5","100000","999.9","  50.0","  40.5","  9.7"," 0.55","1014.5","999.9","996.8","  44.1","  3.2","  8.4"
"34504099999","48.6","34.9666666","143.0","2012-12-03","  41.5","110000","999.9","  51.3","  37.9"," 21.4"," 0.87"," 999.7","999.9","982.1","  43.6","  2.7"," 17.2"
"34504099999","48.6","34.9666666","143.0","2012-12-04","  27.8","000000","999.9","  34.7","  31.1"," 17.5"," 0.00","1002.6","999.9","984.6","  32.6","  6.2"," 10.3"
"34504099999","48.6","34.9666666","143.0","2012-12-05","  27.7","100000","999.9","  32.2","  30.0","  9.7"," 0.00","1009.5","999.9","991.3","  31.2","  4.9","  6.6"
"34504099999","48.6","34.9666666","143.0","2012-12-06","  34.3","110000","999.9","  36.9","  31.5"," 11.7"," 0.24","1006.4","999.9","988.4","  34.8","  1.3","  9.7"
"34504099999","48.6","34.9666666","143.0","2012-12-07","  33.5","101000","999.9","  38.7","  30.9","  9.7"," 0.15","1008.5","999.9","990.5","  34.2","  2.1","  5.2"
"34504099999","48.6","34.9666666","143.0","2012-12-08","  23.6","000000","999.9","  30.2","  28.0","  9.7"," 0.02","1021.0","999.9","002.5","  29.2","  6.2","  6.1"
"34504099999","48.6","34.9666666","143.0","2012-12-09","  23.3","000000","999.9","  30.2","  26.1"," 19.4"," 0.00","1024.9","999.9","006.3","  28.4","  6.2"," 12.4"
"34504099999","48.6","34.9666666","143.0","2012-12-10","  30.9","000000","999.9","  41.4","  28.6"," 19.4"," 0.00","1014.6","999.9","996.5","  35.6","  6.2"," 16.8"
"34504099999","48.6","34.9666666","143.0","2012-12-11","  28.0","001000","999.9","  35.1","  27.0"," 21.4"," 0.00","1015.4","999.9","997.1","  31.7","  6.0"," 17.8"
"34504099999","48.6","34.9666666","143.0","2012-12-12","  26.7","011000","999.9","  34.7","  25.2"," 19.4"," 0.16","1015.4","999.9","997.0","  28.8","  4.8"," 14.6"
"34504099999","48.6","34.9666666","143.0","2012-12-13","  30.7","001000","999.9","  36.9","  29.7"," 11.7","99.99","1021.2","999.9","002.9","  33.2","  5.8","  6.1"
"34504099999","48.6","34.9666666","143.0","2012-12-14","  22.3","001000","999.9","  28.9","  21.0"," 11.7"," 0.06","1032.3","999.9","013.4","  24.6","  2.5","  7.8"
"34504099999","48.6","34.9666666","143.0","2012-12-15","  14.4","001000","999.9","  22.3","  16.2"," 17.5"," 0.03","1037.9","  0.4","018.7","  18.5","  5.6"," 13.9"
"34504099999","48.6","34.9666666","143.0","2012-12-16","   4.3","000000","999.9","  17.1","   6.8"," 19.4"," 0.00","1035.2","  0.4","015.7","  10.4","  6.2"," 17.7"
"34504099999","48.6","34.9666666","143.0","2012-12-17","   1.1","000000","999.9","  16.3","   5.4"," 17.5"," 0.00","1030.5","  0.4","011.0","   8.5","  6.2"," 13.8"
"34504099999","48.6","34.9666666","143.0","2012-12-18","   4.1","001000","999.9","  15.1","   3.7"," 17.5"," 0.03","1029.3","999.9","009.9","   8.8","  5.9"," 14.4"
"34504099999","48.6","34.9666666","143.0","2012-12-19","   7.0","001000","999.9","  15.4","   9.9"," 21.4"," 0.00","1029.2","  0.4","010.0","  12.9","  5.8"," 17.8"
"34504099999","48.6","34.9666666","143.0","2012-12-20","   8.0","000000","999.9","  15.6","  12.6"," 23.3"," 0.00","1025.7","  0.4","006.5","  13.6","  6.2"," 18.9"
"34504099999","48.6","34.9666666","143.0","2012-12-21","   7.3","001000","999.9","  16.0","  13.1"," 19.4"," 0.00","1019.9","  0.4","000.9","  14.8","  6.2"," 16.1"
"34504099999","48.6","34.9666666","143.0","2012-12-22","   8.5","001000","999.9","  13.6","   8.4","  9.7"," 0.51","1021.3","  3.1","002.1","  11.5","  1.6","  6.5"
"34504099999","48.6","34.9666666","143.0","2012-12-23","   5.4","101000","999.9","  12.0","   4.8","  7.8"," 0.04","1025.3","  4.7","005.9","   7.7","  2.3","  2.9"
"34504099999","48.6","34.9666666","143.0","2012-12-24","   3.5","001000","999.9","  10.2","   0.1","  9.7"," 0.00","1028.6","  4.7","009.1","   7.0","  5.4","  8.3"
"34504099999","48.6","34.9666666","143.0","2012-12-25","  18.8","101000","999.9","  27.5","   9.0","  7.8"," 0.16","1024.3","  6.3","005.4","  20.0","  2.1","  6.5"
"34504099999","48.6","34.9666666","143.0","2012-12-26","  34.1","100000","999.9","  38.3","  22.3"," 13.6"," 0.00","1018.2","  3.9","000.0","  35.6","  2.7","  8.7"
"34504099999","48.6","34.9666666","143.0","2012-12-27","  36.5","100000","999.9","  38.3","  34.3","  7.8"," 0.00","1013.5","999.9","995.5","  36.5","  0.1","  6.3"
"34504099999","48.6","34.9666666","143.0","2012-12-28","  32.0","100000","999.9","  34.0","  29.3","  5.8"," 0.00","1018.7","999.9","000.4","  32.1","  0.6","  2.2"
"34504099999","48.6","34.9666666","143.0","2012-12-29","  24.5","001000","999.9","  32.9","  25.0","  9.7"," 0.04","1026.6","  0.4","007.9","  28.4","  6.2","  8.3"
"34504099999","48.6","34.9666666","143.0","2012-12-30","  20.9","000000","999.9","  28.8","  17.8","  9.7"," 0.00","1027.4","999.9","008.6","  24.2","  6.2","  7.3"
"34504099999","48.6","34.9666666","143.0","2012-12-31","  22.3","000000","999.9","  32.4","  21.2"," 13.6"," 0.00","1022.2","999.9","003.6","  26.7","  5.5","  8.0"
"34504099999","48.6","34.9666666","143.0","2013-01-01","  25.7","000000","999.9","  36.3","  19.9","  5.8"," 0.00","1022.6","999.9","004.1","  28.0","  3.8","  4.4"
"34504099999","48.6","34.9666666","143.0","2013-01-02","  30.4","100000","999.9","  35.6","  25.7","  7.8"," 0.00","1025.5","999.9","007.1","  31.6","  2.4","  6.1"
"34504099999","48.6","34.9666666","143.0","2013-01-03","  31.2","001000","999.9","  38.1","  31.1"," 11.7"," 0.00","1022.6","999.9","004.3","  34.1","  5.0","  8.7"
"34504099999","48.6","34.9666666","143.0","2013-01-04","  30.9","101000","999.9","  34.7","  30.2"," 11.7"," 0.08","1012.1","999.9","993.9","  31.9","  1.9","  6.9"
"34504099999","48.6","34.9666666","143.0","2013-01-05","  32.0","101000","999.9","  33.6","  31.5","  3.9"," 0.04","1003.3","999.9","985.2","  32.1","  0.2","  2.5"
"34504099999","48.6","34.9666666","143.0","2013-01-06","  28.7","001000","999.9","  32.0","  25.7"," 11.7"," 0.24","1004.3","  2.0","986.1","  29.2","  1.1","  6.8"
"34504099999","48.6","34.9666666","143.0","2013-01-07","  22.3","001000","999.9","  25.5","  22.8","  9.7"," 0.08","1010.3","  3.5","991.8","  24.1","  4.5","  5.5"
"34504099999","48.6","34.9666666","143.0","2013-01-08","  28.8","001000","999.9","  31.1","  24.6"," 17.5"," 0.44","1014.5","  3.9","996.2","  29.7","  1.3"," 14.2"
"34504099999","48.6","34.9666666","143.0","2013-01-09","  20.1","000000","999.9","  24.4","  19.8"," 11.7"," 0.01","1018.6","  4.3","999.9","  22.2","  5.3","  9.1"
"34504099999","48.6","34.9666666","143.0","2013-01-10","  13.8","001000","999.9","  19.9","  13.8"," 13.6"," 0.02","1017.2","  5.5","998.3","  16.5","  4.2","  6.2"
"34504099999","48.6","34.9666666","143.0","2013-01-11","  29.4","101000","999.9","  33.1","  13.3","  9.7"," 0.06","1010.4","  4.7","992.2","  30.3","  1.3","  5.5"
"34504099999","48.6","34.9666666","143.0","2013-01-12","  31.7","101000","999.9","  33.3","  30.6","  5.8"," 0.12","1013.7","  3.9","995.4","  31.8","  0.3","  2.8"
"34504099999","48.6","34.9666666","143.0","2013-01-13","  26.6","101000","999.9","  30.4","  25.2","  9.7"," 0.02","1018.9","  3.1","000.4","  28.1","  2.5","  5.8"
"34504099999","48.6","34.9666666","143.0","2013-01-14","  20.7","000000","999.9","  25.0","  22.6","  9.7"," 0.04","1030.2","  3.9","011.4","  23.8","  5.2","  7.5"
"34504099999","48.6","34.9666666","143.0","2013-01-15","  20.4","100000","999.9","  27.1","  18.1"," 11.7"," 0.00","1029.3","  3.1","010.4","  22.0","  3.6","  5.8"
"34504099999","48.6","34.9666666","143.0","2013-01-16","  33.1","000000","999.9","  36.3","  23.0"," 11.7"," 0.00","1016.5","  2.8","998.3","  34.6","  5.6","  9.0"
"34504099999","48.6","34.9666666","143.0","2013-01-17","  32.3","110000","999.9","  34.5","  32.2","  9.7"," 0.16","1005.9","  1.2","987.8","  33.4","  3.3","  6.9"
"34504099999","48.6","34.9666666","143.0","2013-01-18","  34.4","100000","999.9","  36.0","  33.3","  7.8"," 0.00","1010.7","  0.8","992.6","  34.5","  0.3","  3.6"
"34504099999","48.6","34.9666666","143.0","2013-01-19","  36.9","110000","999.9","  39.9","  34.0","  9.7"," 0.10","1003.5","  0.4","985.6","  37.7","  2.8","  7.2"
"34504099999","48.6","34.9666666","143.0","2013-01-20","  32.8","110000","999.9","  38.8","  32.9"," 11.7"," 0.08","1005.2","999.9","987.3","  34.6","  3.1","  6.7"
"34504099999","48.6","34.9666666","143.0","2013-01-21","  36.8","100000","999.9","  43.2","  30.7","  7.8"," 0.00","1007.1","999.9","989.2","  37.7","  2.4","  6.4"
"34504099999","48.6","34.9666666","143.0","2013-01-22","  42.7","110000","999.9","  52.3","  40.3","  9.7"," 0.00","1002.7","999.9","985.1","  44.3","  3.8","  5.5"
"34504099999","48.6","34.9666666","143.0","2013-01-23","  36.6","100000","999.9","  42.8","  30.4","  7.8"," 0.16","1003.6","999.9","985.7","  37.0","  1.5","  5.8"
"34504099999","48.6","34.9666666","143.0","2013-01-24","  22.7","001000","999.9","  26.8","  24.1","  9.7"," 0.43","1010.8","  7.5","992.3","  25.3","  5.1","  6.4"
"34504099999","48.6","34.9666666","143.0","2013-01-25","  19.8","001000","999.9","  24.4","  18.1"," 23.3"," 0.24","1013.1","  5.5","994.5","  21.9","  3.5"," 11.7"
"34504099999","48.6","34.9666666","143.0","2013-01-26","  14.8","001000","999.9","  22.5","  16.7"," 23.3"," 0.71","1017.4","  9.4","998.5","  18.1","  3.2"," 19.1"
"34504099999","48.6","34.9666666","143.0","2013-01-27","  18.0","011000","999.9","  24.1","  16.9"," 17.5"," 0.02","1016.3","  9.4","997.6","  20.4","  4.0"," 13.6"
"34504099999","48.6","34.9666666","143.0","2013-01-28","  25.6","101000","999.9","  28.4","  23.2","  7.8"," 0.08","1017.1","  9.4","998.6","  26.5","  2.5","  7.4"
"34504099999","48.6","34.9666666","143.0","2013-01-29","  28.2","101000","999.9","  30.6","  26.1","  5.8"," 0.05","1016.5","  7.5","998.1","  28.4","  0.4","  2.9"
"34504099999","48.6","34.9666666","143.0","2013-01-30","  26.0","001000","999.9","  30.9","  26.1","  3.9"," 0.03","1015.9","  7.1","997.4","  27.7","  2.5","  1.0"
"34504099999","48.6","34.9666666","143.0","2013-01-31","  27.6","101000","999.9","  32.2","  25.2"," 11.7"," 0.04","1009.7","  6.3","991.4","  28.4","  1.1","  8.0"
"34504099999","48.6","34.9666666","143.0","2013-02-01","  30.9","101000","999.9","  34.5","  30.9","  7.8"," 0.24","1004.9","  6.7","986.8","  32.5","  3.9","  6.1"
"34504099999","48.6","34.9666666","143.0","2013-02-02","  31.9","100000","999.9","  34.2","  29.8","  9.7"," 0.01","1009.8","  5.5","991.6","  32.1","  0.8","  6.1"
"34504099999","48.6","34.9666666","143.0","2013-02-03","  37.4","010000","999.9","  42.3","  30.4"," 15.5"," 0.00","1006.7","  3.1","988.8","  38.8","  4.8"," 10.3"
"34504099999","48.6","34.9666666","143.0","2013-02-04","  31.8","010000","999.9","  42.1","  30.6"," 15.5"," 0.03","1010.1","999.9","992.1","  35.8","  5.8"," 11.9"
"34504099999","48.6","34.9666666","143.0","2013-02-05","  29.1","000000","999.9","  36.9","  25.7"," 11.7"," 0.00","1015.0","999.9","996.8","  31.5","  5.2","  7.3"
"34504099999","48.6","34.9666666","143.0","2013-02-06","  30.1","100000","999.9","  36.0","  29.7"," 13.6"," 0.00","1013.7","999.9","995.5","  31.9","  4.6","  9.5"
"34504099999","48.6","34.9666666","143.0","2013-02-07","  35.5","110000","999.9","  39.7","  30.7"," 11.7"," 0.02","1011.7","999.9","993.6","  36.0","  2.4","  9.4"
"34504099999","48.6","34.9666666","143.0","2013-02-08","  35.9","010000","999.9","  52.9","  35.2"," 13.6"," 0.03","1012.4","999.9","994.5","  41.0","  6.2"," 11.0"
"34504099999","48.6","34.9666666","143.0","2013-02-09","  34.7","110000","999.9","  40.1","  32.4"," 13.6"," 0.03","1012.7","999.9","994.7","  36.3","  4.6"," 10.9"
"34504099999","48.6","34.9666666","143.0","2013-02-10","  36.5","010000","999.9","  39.4","  35.8"," 13.6"," 0.08","1018.0","999.9","999.9","  37.3","  2.4","  8.1"
"34504099999","48.6","34.9666666","143.0","2013-02-11","  35.7","000000","999.9","  40.1","  36.5"," 13.6"," 0.00","1014.2","999.9","996.2","  37.9","  4.3","  9.7"
"34504099999","48.6","34.9666666","143.0","2013-02-12","  33.7","010000","999.9","  36.5","  33.1","  7.8"," 0.06","1019.6","999.9","001.4","  34.7","  2.6","  3.9"
"34504099999","48.6","34.9666666","143.0","2013-02-13","  33.4","111000","999.9","  36.7","  32.0","  7.8"," 0.12","1026.9","999.9","008.6","  34.0","  1.2","  4.2"
"34504099999","48.6","34.9666666","143.0","2013-02-14","  31.3","110000","999.9","  34.5","  31.6","  9.7","99.99","1026.2","999.9","007.8","  33.0","  4.0","  7.5"
"34504099999","48.6","34.9666666","143.0","2013-02-15","  31.3","100000","999.9","  37.6","  30.4"," 13.6"," 0.00","1016.8","999.9","998.6","  33.6","  4.4"," 13.0"
"34504099999","48.6","34.9666666","143.0","2013-02-16","  27.7","001000","999.9","  34.7","  29.1"," 13.6"," 0.00","1016.4","999.9","998.0","  30.8","  5.7"," 10.2"
"34504099999","48.6","34.9666666","143.0","2013-02-17","  21.7","001000","999.9","  28.8","  25.7","  7.8"," 0.02","1018.9","999.9","000.3","  26.8","  5.6","  7.5"
"34504099999","48.6","34.9666666","143.0","2013-02-18","  18.7","001000","999.9","  29.3","  24.1","  7.8"," 0.02","1019.2","999.9","000.6","  25.3","  5.2","  5.8"
"34504099999","48.6","34.9666666","143.0","2013-02-19","  22.1","001000","999.9","  30.7","  21.6","  7.8"," 0.05","1019.3","  0.4","000.8","  26.1","  3.7","  4.5"
"34504099999","48.6","34.9666666","143.0","2013-02-20","  22.3","001000","999.9","  37.0","  24.4","  7.8"," 0.02","1020.2","  0.4","001.8","  29.7","  5.9","  5.0"
"34504099999","48.6","34.9666666","143.0","2013-02-21","  26.1","001000","999.9","  32.4","  23.7","  7.8"," 0.04","1023.1","999.9","004.6","  28.8","  3.2","  5.8"
"34504099999","48.6","34.9666666","143.0","2013-02-22","  26.7","000000","999.9","  34.2","  29.1"," 15.5"," 0.00","1023.1","999.9","004.7","  31.8","  4.3"," 13.3"
"34504099999","48.6","34.9666666","143.0","2013-02-23","  20.8","000000","999.9","  36.5","  25.9"," 21.4"," 0.00","1026.0","999.9","007.4","  29.3","  6.2"," 17.5"
"34504099999","48.6","34.9666666","143.0","2013-02-24","  18.9","000000","999.9","  41.5","  19.4"," 11.7"," 0.00","1032.3","999.9","013.6","  28.4","  6.2"," 10.4"
"34504099999","48.6","34.9666666","143.0","2013-02-25","  20.0","000000","999.9","  43.2","  20.5"," 15.5"," 0.00","1035.2","999.9","016.5","  30.4","  6.2"," 11.2"
"34504099999","48.6","34.9666666","143.0","2013-02-26","  18.3","000000","999.9","  45.5","  20.5"," 15.5"," 0.00","1031.2","999.9","012.6","  31.6","  6.2"," 11.9"
"34504099999","48.6","34.9666666","143.0","2013-02-27","  20.6","000000","999.9","  43.9","  22.6","  9.7"," 0.00","1024.1","999.9","005.7","  32.2","  6.2","  7.3"
"34504099999","48.6","34.9666666","143.0","2013-02-28","  25.6","000000","999.9","  48.9","  23.9","  9.7"," 0.00","1018.4","999.9","000.1","  34.5","  6.2","  5.1"
"34504099999","48.6","34.9666666","143.0","2013-03-01","  30.1","000000","999.9","  42.4","  26.6"," 15.5"," 0.01","1009.0","999.9","990.9","  33.6","  4.5","  9.7"
"34504099999","48.6","34.9666666","143.0","2013-03-02","  28.4","011000","999.9","  40.5","  29.8","  9.7"," 0.02","1010.1","999.9","992.0","  33.7","  5.9","  5.8"
"34504099999","48.6","34.9666666","143.0","2013-03-03","  23.8","000000","999.9","  44.1","  22.8"," 21.4"," 0.00","1011.3","999.9","993.2","  34.1","  6.1"," 11.7"
"34504099999","48.6","34.9666666","143.0","2013-03-04","  21.9","011000","999.9","  36.9","  23.4"," 13.6"," 0.00","1011.3","999.9","993.0","  28.7","  5.5"," 10.5"
"34504099999","48.6","34.9666666","143.0","2013-03-05","  16.0","001000","999.9","  33.4","  22.8"," 13.6"," 0.01","1027.2","999.9","008.4","  25.3","  5.8","  8.4"
"34504099999","48.6","34.9666666","143.0","2013-03-06","  20.6","000000","999.9","  45.0","  19.4"," 19.4"," 0.00","1027.4","999.9","008.9","  32.7","  6.2"," 11.9"
"34504099999","48.6","34.9666666","143.0","2013-03-07","  28.6","000000","999.9","  54.5","  27.9"," 17.5"," 0.00","1015.9","999.9","997.9","  40.2","  6.2"," 11.4"
"34504099999","48.6","34.9666666","143.0","2013-03-08","  34.4","011000","999.9","  41.9","  28.0"," 19.4"," 0.40","1011.7","999.9","993.7","  36.2","  3.6","  9.7"
"34504099999","48.6","34.9666666","143.0","2013-03-09","  30.1","111000","999.9","  32.4","  27.0"," 15.5"," 0.32","1008.6","999.9","990.4","  30.9","  2.0","  7.4"
"34504099999","48.6","34.9666666","143.0","2013-03-10","  34.3","110000","999.9","  38.1","  32.0","  7.8"," 0.04","1004.6","999.9","986.6","  34.8","  0.7","  5.5"
"34504099999","48.6","34.9666666","143.0","2013-03-11","  33.7","110000","999.9","  38.1","  30.0","  7.8"," 0.32"," 999.3","999.9","981.5","  33.9","  0.5","  4.9"
"34504099999","48.6","34.9666666","143.0","2013-03-12","  25.6","010000","999.9","  31.6","  25.5","  7.8"," 0.00","1003.7","999.9","985.5","  28.3","  4.9","  3.6"
"34504099999","48.6","34.9666666","143.0","2013-03-13","  29.0","001000","999.9","  36.5","  27.5","  5.8"," 0.02","1007.3","999.9","989.2","  32.6","  6.0","  4.4"
"34504099999","48.6","34.9666666","143.0","2013-03-14","  39.5","010000","999.9","  50.5","  34.2","  9.7"," 0.00","1007.9","999.9","990.2","  42.7","  4.7","  7.8"
"34504099999","48.6","34.9666666","143.0","2013-03-15","  45.4","010000","999.9","  60.8","  45.9"," 19.4"," 0.08"," 995.5","999.9","978.4","  52.4","  6.2"," 14.7"
"34504099999","48.6","34.9666666","143.0","2013-03-16","  23.1","001000","999.9","  45.9","  26.6"," 15.5"," 0.00","1005.7","999.9","987.7","  33.3","  5.9"," 12.4"
"34504099999","48.6","34.9666666","143.0","2013-03-17","  16.6","001000","999.9","  36.3","  21.6","  9.7"," 0.00","1017.2","999.9","998.8","  27.1","  6.2","  6.8"
"34504099999","48.6","34.9666666","143.0","2013-03-18","  13.9","000000","999.9","  39.2","  19.9","  9.7"," 0.00","1020.2","999.9","001.8","  29.5","  6.2","  5.8"
"34504099999","48.6","34.9666666","143.0","2013-03-19","  30.4","010000","999.9","  41.0","  26.1"," 11.7"," 0.04","1009.1","999.9","991.1","  35.6","  5.5","  6.9"
"34504099999","48.6","34.9666666","143.0","2013-03-20","  35.1","010000","999.9","  45.7","  34.7"," 19.4"," 0.12","1006.0","999.9","988.3","  41.1","  5.6"," 12.6"
"34504099999","48.6","34.9666666","143.0","2013-03-21","  30.2","000000","999.9","  53.8","  27.7","  9.7"," 0.00","1014.4","999.9","996.4","  40.8","  6.2","  5.8"
"34504099999","48.6","34.9666666","143.0","2013-03-22","  37.5","010000","999.9","  45.0","  38.1"," 17.5"," 0.47","1003.2","999.9","985.6","  41.3","  4.9"," 12.8"
"34504099999","48.6","34.9666666","143.0","2013-03-23","  37.8","011000","999.9","  47.5","  27.7"," 15.5"," 0.20"," 993.9","999.9","976.3","  40.4","  4.7","  9.4"
"34504099999","48.6","34.9666666","143.0","2013-03-24","  14.5","001000","999.9","  23.7","  18.0"," 27.2"," 0.24","1007.4","  0.4","988.8","  19.8","  3.4"," 18.5"
"34504099999","48.6","34.9666666","143.0","2013-03-25","  15.5","001000","999.9","  30.4","  17.1"," 15.5"," 0.04","1016.9","  0.4","998.3","  22.8","  4.9"," 11.3"
"34504099999","48.6","34.9666666","143.0","2013-03-26","  18.2","001000","999.9","  33.6","  18.9"," 11.7"," 0.00","1013.7","999.9","995.2","  26.4","  6.2","  7.0"
"34504099999","48.6","34.9666666","143.0","2013-03-27","  19.1","001000","999.9","  31.1","  22.8"," 15.5"," 0.02","1014.1","  0.4","995.6","  26.8","  5.4"," 13.6"
"34504099999","48.6","34.9666666","143.0","2013-03-28","  13.9","000000","999.9","  40.3","  23.2"," 15.5"," 0.00","1020.7","999.9","002.2","  29.4","  6.2"," 12.6"
"34504099999","48.6","34.9666666","143.0","2013-03-29","  16.0","000000","999.9","  41.4","  20.5"," 11.7"," 0.00","1027.4","999.9","008.8","  30.6","  6.2","  8.3"
"34504099999","48.6","34.9666666","143.0","2013-03-30","  28.3","010000","999.9","  41.4","  23.9"," 13.6"," 0.00","1019.8","999.9","001.5","  34.2","  6.2"," 11.2"
"34504099999","48.6","34.9666666","143.0","2013-03-31","  43.6","000000","999.9","  62.6","  38.7","  9.7"," 0.03","1011.8","999.9","994.2","  49.1","  5.0","  8.4"
"34504099999","48.6","34.9666666","143.0","2013-04-01","  43.1","010000","999.9","  72.0","  45.5"," 13.6"," 0.00","1008.1","999.9","990.8","  57.6","  6.2","  7.8"
"34504099999","48.6","34.9666666","143.0","2013-04-02","  43.5","000000","999.9","  54.0","  41.9"," 13.6"," 0.00","1011.6","999.9","994.0","  47.8","  6.2","  7.8"
"34504099999","48.6","34.9666666","143.0","2013-04-03","  41.4","100000","999.9","  59.4","  36.1"," 17.5"," 0.00","1013.3","999.9","995.6","  45.2","  4.1"," 11.1"
"34504099999","48.6","34.9666666","143.0","2013-04-04","  46.7","100000","999.9","  68.0","  43.7"," 11.7"," 0.00","1010.4","999.9","993.0","  55.1","  4.7"," 10.4"
"34504099999","48.6","34.9666666","143.0","2013-04-05","  48.1","000000","999.9","  66.0","  49.1"," 13.6"," 0.00","1009.9","999.9","992.5","  55.6","  6.2","  8.0"
"34504099999","48.6","34.9666666","143.0","2013-04-06","  46.3","000010","999.9","  66.4","  44.8"," 13.6"," 0.20","1006.4","999.9","989.1","  53.7","  4.9","  8.0"
"34504099999","48.6","34.9666666","143.0","2013-04-07","  33.5","000000","999.9","  43.7","  37.4"," 13.6"," 0.00","1012.8","999.9","994.9","  39.6","  6.2","  9.0"
"34504099999","48.6","34.9666666","143.0","2013-04-08","  32.0","000000","999.9","  42.3","  35.1"," 15.5"," 0.00","1009.3","999.9","991.4","  38.9","  6.2"," 11.4"
"34504099999","48.6","34.9666666","143.0","2013-04-09","  30.1","000000","999.9","  50.7","  36.1","  9.7"," 0.00","1013.9","999.9","996.1","  42.2","  6.2","  5.8"
"34504099999","48.6","34.9666666","143.0","2013-04-10","  34.0","000000","999.9","  52.3","  36.5","  7.8"," 0.00","1015.8","999.9","998.0","  44.0","  5.8","  5.1"
"34504099999","48.6","34.9666666","143.0","2013-04-11","  40.4","010000","999.9","  49.5","  40.3","  5.8"," 0.04","1016.6","999.9","998.8","  45.2","  4.2","  1.6"
"34504099999","48.6","34.9666666","143.0","2013-04-12","  37.8","000000","999.9","  56.1","  38.1","  1.9"," 0.00","1019.3","999.9","001.6","  48.0","  4.8","  1.5"
"34504099999","48.6","34.9666666","143.0","2013-04-13","  40.9","010000","999.9","  59.0","  43.0","  9.7"," 0.00","1021.0","999.9","003.3","  50.8","  6.2","  5.5"
"34504099999","48.6","34.9666666","143.0","2013-04-14","  44.8","010000","999.9","  52.3","  46.0","  7.8"," 0.16","1020.9","999.9","003.1","  49.3","  5.0","  5.5"
"34504099999","48.6","34.9666666","143.0","2013-04-15","  36.1","010000","999.9","  67.5","  46.0"," 17.5"," 0.00","1025.5","999.9","007.8","  54.8","  6.2"," 11.7"
"34504099999","48.6","34.9666666","143.0","2013-04-16","  29.1","000000","999.9","  64.8","  38.7"," 21.4"," 0.00","1026.2","999.9","008.5","  51.0","  6.2"," 15.1"
"34504099999","48.6","34.9666666","143.0","2013-04-17","  28.7","000000","999.9","  65.7","  39.2"," 21.4"," 0.00","1024.2","999.9","006.5","  53.2","  6.2"," 13.1"
"34504099999","48.6","34.9666666","143.0","2013-04-18","  34.6","000000","999.9","  71.6","  47.3"," 13.6"," 0.00","1021.9","999.9","004.4","  58.3","  6.2","  6.8"
"34504099999","48.6","34.9666666","143.0","2013-04-19","  33.4","000000","999.9","  71.6","  43.2"," 11.7"," 0.00","1020.4","999.9","002.9","  58.3","  6.2","  5.1"
"34504099999","48.6","34.9666666","143.0","2013-04-20","  35.3","000000","999.9","  72.3","  45.9"," 19.4"," 0.00","1016.8","999.9","999.4","  58.7","  6.2","  6.6"
"34504099999","48.6","34.9666666","143.0","2013-04-21","  40.3","010000","999.9","  67.1","  47.1"," 15.5","99.99","1012.7","999.9","995.3","  55.7","  6.2"," 10.7"
"34504099999","48.6","34.9666666","143.0","2013-04-22","  29.5","000000","999.9","  60.4","  39.2"," 15.5"," 0.00","1016.9","999.9","999.2","  48.5","  6.2"," 11.4"
"34504099999","48.6","34.9666666","143.0","2013-04-23","  27.2","000000","999.9","  63.0","  33.8"," 11.7"," 0.00","1020.5","999.9","002.8","  50.1","  6.2","  6.1"
"34504099999","48.6","34.9666666","143.0","2013-04-24","  38.0","000000","999.9","  73.2","  37.9"," 15.5"," 0.00","1018.4","999.9","001.0","  57.1","  6.2","  9.5"
"34504099999","48.6","34.9666666","143.0","2013-04-25","  38.6","000000","999.9","  71.1","  43.5"," 15.5"," 0.00","1017.7","999.9","000.3","  59.3","  6.2"," 10.0"
"34504099999","48.6","34.9666666","143.0","2013-04-26","  32.6","000000","999.9","  67.5","  45.3"," 11.7"," 0.00","1018.5","999.9","001.0","  57.1","  6.2","  7.0"
"34504099999","48.6","34.9666666","143.0","2013-04-27","  45.7","000000","999.9","  77.7","  47.3"," 17.5"," 0.00","1015.2","999.9","998.1","  63.3","  6.2"," 11.4"
"34504099999","48.6","34.9666666","143.0","2013-04-28","  46.0","000000","999.9","  81.1","  50.4"," 17.5"," 0.00","1012.5","999.9","995.5","  66.2","  6.2"," 12.6"
"34504099999","48.6","34.9666666","143.0","2013-04-29","  49.9","000000","999.9","  76.6","  51.3"," 11.7"," 0.00","1018.6","999.9","001.5","  63.5","  6.2","  9.0"
"34504099999","48.6","34.9666666","143.0","2013-04-30","  49.9","000000","999.9","  79.0","  49.3","  7.8"," 0.00","1023.5","999.9","006.3","  64.4","  6.2","  4.6"
"34504099999","48.6","34.9666666","143.0","2013-05-01","  49.0","000000","999.9","  83.7","  54.9","  9.7"," 0.00","1020.5","999.9","003.5","  70.4","  6.2","  5.1"
"34504099999","48.6","34.9666666","143.0","2013-05-02","  53.0","000000","999.9","  72.3","  56.1"," 13.6"," 0.00","1019.7","999.9","002.5","  62.7","  6.2"," 11.7"
"34504099999","48.6","34.9666666","143.0","2013-05-03","  52.2","000000","999.9","  83.5","  51.4"," 11.7"," 0.00","1016.7","999.9","999.7","  68.7","  6.2","  6.3"
"34504099999","48.6","34.9666666","143.0","2013-05-04","  47.2","000000","999.9","  85.3","  57.4","  5.8"," 0.00","1013.1","999.9","996.3","  71.3","  6.2","  3.3"
"34504099999","48.6","34.9666666","143.0","2013-05-05","  52.5","000000","999.9","  83.7","  56.1"," 11.7"," 0.00","1015.0","999.9","998.1","  68.7","  6.2","  9.2"
"34504099999","48.6","34.9666666","143.0","2013-05-06","  44.8","000000","999.9","  79.5","  50.2"," 13.6"," 0.00","1020.4","999.9","003.2","  65.1","  6.2","  8.0"
"34504099999","48.6","34.9666666","143.0","2013-05-07","  39.1","000000","999.9","  76.6","  50.5","  9.7"," 0.00","1024.1","999.9","006.8","  63.1","  6.2","  8.7"
"34504099999","48.6","34.9666666","143.0","2013-05-08","  40.0","000000","999.9","  78.8","  50.9","  9.7"," 0.00","1022.9","999.9","005.7","  64.8","  6.2","  6.3"
"34504099999","48.6","34.9666666","143.0","2013-05-09","  42.4","000000","999.9","  82.4","  53.2","  5.8"," 0.00","1021.3","999.9","004.2","  68.3","  6.2","  5.8"
"34504099999","48.6","34.9666666","143.0","2013-05-10","  41.5","000000","999.9","  85.1","  56.7"," 11.7"," 0.00","1018.4","999.9","001.3","  70.4","  6.2","  6.6"
"34504099999","48.6","34.9666666","143.0","2013-05-11","  39.4","000000","999.9","  85.6","  55.6"," 13.6"," 0.00","1013.2","999.9","996.3","  70.5","  6.2","  8.3"
"34504099999","48.6","34.9666666","143.0","2013-05-12","  44.9","000000","999.9","  82.4","  55.9"," 15.5"," 0.00","1007.8","999.9","990.9","  67.8","  6.2","  9.5"
"34504099999","48.6","34.9666666","143.0","2013-05-13","  52.9","000000","999.9","  79.9","  55.4"," 15.5"," 0.00","1006.2","999.9","989.4","  68.2","  6.2","  7.5"
"34504099999","48.6","34.9666666","143.0","2013-05-14","  56.6","000010","999.9","  75.9","  59.5","  7.8"," 0.00","1005.4","999.9","988.5","  64.2","  6.2","  4.7"
"34504099999","48.6","34.9666666","143.0","2013-05-15","  58.0","000010","999.9","  77.2","  57.2"," 11.7"," 0.00","1007.2","999.9","990.3","  65.8","  6.2","  6.6"
"34504099999","48.6","34.9666666","143.0","2013-05-16","  59.6","110010","999.9","  80.4","  56.8"," 11.7"," 0.09","1011.1","999.9","994.3","  68.7","  5.3","  5.8"
"34504099999","48.6","34.9666666","143.0","2013-05-17","  60.4","010010","999.9","  83.3","  58.3","  7.8"," 0.47","1012.5","999.9","995.5","  66.1","  6.0","  4.3"
"34504099999","48.6","34.9666666","143.0","2013-05-18","  60.5","000000","999.9","  76.1","  56.7","  5.8"," 0.00","1013.2","999.9","996.3","  68.1","  5.5","  4.5"
"34504099999","48.6","34.9666666","143.0","2013-05-19","  62.4","000010","999.9","  82.4","  60.8","  7.8"," 0.12","1014.3","999.9","997.4","  70.2","  5.1","  4.6"
"34504099999","48.6","34.9666666","143.0","2013-05-20","  60.8","000010","999.9","  82.4","  61.9","  7.8"," 0.00","1014.7","999.9","997.8","  70.8","  6.2","  6.1"
"34504099999","48.6","34.9666666","143.0","2013-05-21","  57.5","000010","999.9","  84.6","  60.6"," 11.7"," 0.00","1012.2","999.9","995.3","  70.4","  6.2","  7.1"
"34504099999","48.6","34.9666666","143.0","2013-05-22","  57.6","000000","999.9","  84.2","  58.6","  9.7"," 0.00","1010.0","999.9","993.3","  72.5","  6.2","  7.2"
"34504099999","48.6","34.9666666","143.0","2013-05-23","  56.6","010000","999.9","  82.8","  59.7"," 13.6"," 0.00","1007.9","999.9","991.1","  71.2","  6.2","  9.0"
"34504099999","48.6","34.9666666","143.0","2013-05-24","  58.9","000010","999.9","  83.3","  65.5"," 17.5"," 0.01","1003.5","999.9","986.9","  75.2","  6.2"," 12.8"
"34504099999","48.6","34.9666666","143.0","2013-05-25","  57.7","000010","999.9","  76.3","  60.4"," 17.5"," 0.12","1007.0","999.9","990.1","  66.2","  6.2","  9.2"
"34504099999","48.6","34.9666666","143.0","2013-05-26","  56.6","000010","999.9","  79.3","  58.1","  7.8"," 0.00","1011.3","999.9","994.3","  66.9","  5.7","  3.9"
"34504099999","48.6","34.9666666","143.0","2013-05-27","  53.4","000010","999.9","  82.2","  59.5"," 13.6"," 0.02","1009.1","999.9","992.3","  69.4","  6.2","  7.3"
"34504099999","48.6","34.9666666","143.0","2013-05-28","  45.9","000000","999.9","  75.7","  50.5"," 11.7"," 0.00","1012.4","999.9","995.4","  63.6","  6.2","  7.0"
"34504099999","48.6","34.9666666","143.0","2013-05-29","  49.2","000000","999.9","  78.1","  53.6","  9.7"," 0.00","1015.2","999.9","998.2","  66.2","  6.2","  5.8"
"34504099999","48.6","34.9666666","143.0","2013-05-30","  50.3","000000","999.9","  86.5","  55.4","  9.7"," 0.00","1011.3","999.9","994.5","  71.0","  6.2","  7.8"
"34504099999","48.6","34.9666666","143.0","2013-05-31","  50.8","000000","999.9","  87.8","  62.1"," 13.6"," 0.00","1006.4","999.9","989.7","  74.5","  6.2"," 10.0"
"34504099999","48.6","34.9666666","143.0","2013-06-01","  56.5","010010","999.9","  79.0","  59.5"," 13.6"," 0.03","1005.2","999.9","988.3","  66.5","  6.2","  5.8"
"34504099999","48.6","34.9666666","143.0","2013-06-02","  50.2","010000","999.9","  77.9","  54.1"," 11.7"," 0.02","1007.2","999.9","990.3","  66.2","  6.2","  6.9"
"34504099999","48.6","34.9666666","143.0","2013-06-03","  53.3","000000","999.9","  79.0","  57.7"," 13.6"," 0.00","1005.8","999.9","989.0","  66.7","  6.2","  7.4"
"34504099999","48.6","34.9666666","143.0","2013-06-04","  56.1","000010","999.9","  82.0","  57.9"," 13.6"," 0.00","1008.8","999.9","991.9","  68.0","  6.2","  9.4"
"34504099999","48.6","34.9666666","143.0","2013-06-05","  58.6","000000","999.9","  69.3","  57.4","  3.9"," 0.43","1011.1","999.9","994.1","  62.2","  5.8","  3.6"
"34504099999","48.6","34.9666666","143.0","2013-06-06","  59.6","000010","999.9","  75.4","  58.5","  7.8"," 0.08","1014.0","999.9","997.0","  63.1","  5.3","  4.9"
"34504099999","48.6","34.9666666","143.0","2013-06-07","  57.3","100010","999.9","  80.4","  57.0","  7.8"," 0.00","1014.6","999.9","997.7","  68.1","  5.5","  4.3"
"34504099999","48.6","34.9666666","143.0","2013-06-08","  57.2","000000","999.9","  82.6","  58.3","  9.7"," 0.00","1013.9","999.9","997.0","  69.6","  5.6","  5.8"
"34504099999","48.6","34.9666666","143.0","2013-06-09","  55.5","010010","999.9","  84.2","  59.7","  5.8"," 0.00","1013.1","999.9","996.3","  72.8","  5.6","  3.9"
"34504099999","48.6","34.9666666","143.0","2013-06-10","  52.5","000000","999.9","  86.5","  61.3","  5.8"," 0.00","1013.1","999.9","996.4","  75.3","  6.2","  3.6"
"34504099999","48.6","34.9666666","143.0","2013-06-11","  52.2","000000","999.9","  88.9","  63.5","  7.8"," 0.00","1012.2","999.9","995.5","  76.1","  6.2","  5.0"
"34504099999","48.6","34.9666666","143.0","2013-06-12","  54.3","000010","999.9","  92.1","  63.1","  9.7"," 0.08","1011.4","999.9","994.7","  74.0","  6.2","  6.3"
"34504099999","48.6","34.9666666","143.0","2013-06-13","  58.4","000010","999.9","  83.8","  65.1"," 13.6"," 0.04","1012.6","999.9","995.8","  70.5","  6.2"," 10.0"
"34504099999","48.6","34.9666666","143.0","2013-06-14","  60.9","000000","999.9","  91.4","  61.9"," 15.5"," 0.12","1011.5","999.9","994.9","  77.6","  6.2"," 12.8"
"34504099999","48.6","34.9666666","143.0","2013-06-15","  58.8","000000","999.9","  90.0","  68.0"," 17.5"," 0.00","1009.4","999.9","992.8","  76.1","  6.2"," 13.3"
"34504099999","48.6","34.9666666","143.0","2013-06-16","  60.9","010000","999.9","  77.2","  64.9"," 15.5"," 0.01","1009.5","999.9","992.6","  68.9","  6.2","  5.8"
"34504099999","48.6","34.9666666","143.0","2013-06-17","  58.7","000000","999.9","  91.9","  62.1"," 13.6"," 0.00","1008.3","999.9","991.8","  78.3","  6.2","  8.7"
"34504099999","48.6","34.9666666","143.0","2013-06-18","  57.0","000000","999.9","  84.4","  66.6"," 17.5"," 0.00","1011.9","999.9","995.2","  74.7","  6.2"," 12.6"
"34504099999","48.6","34.9666666","143.0","2013-06-19","  49.9","000000","999.9","  81.5","  58.6"," 13.6"," 0.00","1015.0","999.9","998.1","  70.4","  6.2","  9.2"
"34504099999","48.6","34.9666666","143.0","2013-06-20","  48.2","000000","999.9","  81.3","  54.5"," 13.6"," 0.00","1017.5","999.9","000.5","  69.3","  6.2","  8.0"
"34504099999","48.6","34.9666666","143.0","2013-06-21","  54.4","000000","999.9","  83.5","  55.6"," 19.4"," 0.00","1014.4","999.9","997.6","  71.4","  6.2","  9.5"
"34504099999","48.6","34.9666666","143.0","2013-06-22","  53.8","000000","999.9","  85.1","  61.9"," 13.6"," 0.00","1010.9","999.9","994.2","  73.4","  6.2","  7.5"
"34504099999","48.6","34.9666666","143.0","2013-06-23","  51.2","000000","999.9","  87.1","  56.8","  9.7"," 0.00","1010.8","999.9","994.1","  73.6","  6.2","  6.8"
"34504099999","48.6","34.9666666","143.0","2013-06-24","  53.5","000000","999.9","  84.6","  59.7","  9.7"," 0.00","1011.6","999.9","994.8","  72.6","  6.2","  7.0"
"34504099999","48.6","34.9666666","143.0","2013-06-25","  55.2","000000","999.9","  90.0","  63.0","  7.8"," 0.00","1012.8","999.9","996.1","  77.4","  6.2","  5.3"
"34504099999","48.6","34.9666666","143.0","2013-06-26","  60.4","010010","999.9","  93.6","  68.9"," 17.5"," 0.00","1014.2","999.9","997.7","  80.6","  6.2","  6.1"
"34504099999","48.6","34.9666666","143.0","2013-06-27","  60.1","000010","999.9","  96.8","  69.1","  7.8"," 0.00","1015.7","999.9","999.2","  82.8","  6.2","  5.0"
"34504099999","48.6","34.9666666","143.0","2013-06-28","  61.2","010010","999.9","  97.7","  68.9","  9.7"," 0.12","1012.8","999.9","996.3","  79.2","  6.2","  6.8"
"34504099999","48.6","34.9666666","143.0","2013-06-29","  62.9","010010","999.9","  90.1","  65.8"," 13.6"," 0.00","1008.7","999.9","992.1","  76.1","  6.2","  9.0"
"34504099999","48.6","34.9666666","143.0","2013-06-30","  60.4","000000","999.9","  87.1","  63.1","  9.7"," 0.01","1006.3","999.9","989.8","  76.2","  6.2","  5.8"
"34504099999","48.6","34.9666666","143.0","2013-07-01","  64.0","010010","999.9","  81.9","  63.7"," 11.7"," 0.39","1004.1","999.9","987.4","  69.6","  5.7","  9.2"
"34504099999","48.6","34.9666666","143.0","2013-07-02","  65.5","010000","999.9","  77.4","  63.5"," 13.6"," 0.63","1007.8","999.9","991.1","  70.2","  5.8","  9.2"
"34504099999","48.6","34.9666666","143.0","2013-07-03","  58.5","010000","999.9","  84.7","  63.3"," 17.5"," 0.08","1012.7","999.9","995.9","  74.5","  6.2"," 10.0"
"34504099999","48.6","34.9666666","143.0","2013-07-04","  58.2","000000","999.9","  89.4","  65.7"," 11.7"," 0.00","1015.1","999.9","998.5","  77.9","  6.2","  8.9"
"34504099999","48.6","34.9666666","143.0","2013-07-05","  59.2","000000","999.9","  91.9","  66.6"," 13.6"," 0.00","1015.9","999.9","999.2","  78.7","  6.2","  8.3"
"34504099999","48.6","34.9666666","143.0","2013-07-06","  56.3","000000","999.9","  90.1","  65.3"," 11.7"," 0.00","1017.0","999.9","000.4","  77.8","  6.2","  8.0"
"34504099999","48.6","34.9666666","143.0","2013-07-07","  56.7","000000","999.9","  92.8","  67.1","  7.8"," 0.00","1017.8","999.9","001.1","  79.7","  6.2","  6.4"
"34504099999","48.6","34.9666666","143.0","2013-07-08","  61.9","000010","999.9","  92.8","  65.7","  9.7"," 0.02","1017.1","999.9","000.5","  79.9","  6.2","  7.5"
"34504099999","48.6","34.9666666","143.0","2013-07-09","  56.9","000000","999.9","  84.7","  66.9"," 11.7"," 0.00","1016.0","999.9","999.2","  74.6","  6.2","  8.5"
"34504099999","48.6","34.9666666","143.0","2013-07-10","  57.2","000000","999.9","  86.5","  63.1","  7.8"," 0.00","1011.5","999.9","994.7","  73.8","  6.2","  4.9"
"34504099999","48.6","34.9666666","143.0","2013-07-11","  59.3","000000","999.9","  84.0","  63.3","  3.9"," 0.00","1009.5","999.9","992.8","  73.6","  6.2","  3.3"
"34504099999","48.6","34.9666666","143.0","2013-07-12","  55.7","000000","999.9","  89.6","  63.1","  7.8"," 0.00","1011.2","999.9","994.6","  76.0","  6.2","  4.9"
"34504099999","48.6","34.9666666","143.0","2013-07-13","  62.4","000010","999.9","  89.2","  67.3","  9.7"," 0.08","1011.5","999.9","994.8","  75.0","  6.2","  5.0"
"34504099999","48.6","34.9666666","143.0","2013-07-14","  60.9","010000","999.9","  83.5","  62.2","  7.8"," 0.01","1010.6","999.9","993.8","  70.8","  6.2","  4.2"
"34504099999","48.6","34.9666666","143.0","2013-07-15","  59.0","000000","999.9","  79.3","  59.4","  9.7"," 0.12","1009.3","999.9","992.5","  70.9","  5.6","  5.5"
"34504099999","48.6","34.9666666","143.0","2013-07-16","  57.7","000000","999.9","  83.1","  58.3","  9.7"," 0.00","1011.7","999.9","994.9","  71.0","  6.2","  6.8"
"34504099999","48.6","34.9666666","143.0","2013-07-17","  56.5","000000","999.9","  82.0","  62.6"," 11.7"," 0.00","1014.5","999.9","997.6","  71.2","  6.2","  7.0"
"34504099999","48.6","34.9666666","143.0","2013-07-18","  55.9","000000","999.9","  82.9","  60.3","  9.7"," 0.00","1015.6","999.9","998.7","  72.1","  6.2","  7.0"
"34504099999","48.6","34.9666666","143.0","2013-07-19","  52.0","000000","999.9","  86.7","  57.7","  9.7"," 0.00","1014.0","999.9","997.2","  73.8","  6.2","  5.0"
"34504099999","48.6","34.9666666","143.0","2013-07-20","  59.7","010010","999.9","  86.2","  62.2"," 23.3"," 0.20","1009.6","999.9","992.7","  69.3","  5.7","  8.1"
"34504099999","48.6","34.9666666","143.0","2013-07-21","  52.6","000010","999.9","  71.8","  54.9"," 13.6"," 0.00","1010.5","999.9","993.5","  61.5","  6.2","  7.5"
"34504099999","48.6","34.9666666","143.0","2013-07-22","  52.7","000000","999.9","  74.8","  51.1"," 11.7"," 0.00","1008.4","999.9","991.4","  62.7","  6.2","  8.1"
"34504099999","48.6","34.9666666","143.0","2013-07-23","  50.3","010000","999.9","  74.3","  52.3"," 13.6"," 0.02","1006.5","999.9","989.5","  63.2","  6.2","  7.5"
"34504099999","48.6","34.9666666","143.0","2013-07-24","  54.5","010000","999.9","  76.3","  57.6"," 13.6"," 0.01","1007.8","999.9","990.9","  64.2","  6.2"," 11.2"
"34504099999","48.6","34.9666666","143.0","2013-07-25","  58.0","000010","999.9","  75.4","  56.7","  9.7"," 0.08","1008.4","999.9","991.5","  64.7","  6.2","  5.8"
"34504099999","48.6","34.9666666","143.0","2013-07-26","  58.1","000000","999.9","  81.3","  56.1"," 11.7"," 0.00","1007.6","999.9","990.8","  68.3","  6.2","  7.3"
"34504099999","48.6","34.9666666","143.0","2013-07-27","  57.6","000000","999.9","  80.8","  60.8"," 11.7"," 0.00","1009.3","999.9","992.5","  69.2","  6.2","  7.8"
"34504099999","48.6","34.9666666","143.0","2013-07-28","  55.3","000000","999.9","  82.0","  59.5"," 11.7"," 0.00","1013.2","999.9","996.3","  70.5","  6.2","  7.3"
"34504099999","48.6","34.9666666","143.0","2013-07-29","  55.7","000000","999.9","  86.2","  58.8"," 11.7"," 0.00","1013.4","999.9","996.6","  72.8","  6.2","  9.4"
"34504099999","48.6","34.9666666","143.0","2013-07-30","  55.4","000000","999.9","  84.6","  58.6"," 11.7"," 0.00","1010.2","999.9","993.4","  71.3","  6.2","  6.6"
"34504099999","48.6","34.9666666","143.0","2013-07-31","  56.9","000000","999.9","  83.8","  57.9","  9.7"," 0.00","1007.2","999.9","990.5","  71.7","  6.2","  6.1"
"34504099999","48.6","34.9666666","143.0","2013-08-01","  60.7","010000","999.9","  87.4","  61.5","  9.7"," 0.02","1009.1","999.9","992.4","  71.9","  6.2","  5.5"
"34504099999","48.6","34.9666666","143.0","2013-08-02","  57.1","000000","999.9","  86.2","  61.7"," 11.7"," 0.00","1011.2","999.9","994.4","  71.9","  6.2","  6.8"
"34504099999","48.6","34.9666666","143.0","2013-08-03","  56.4","010000","999.9","  73.6","  58.8"," 13.6"," 0.21","1009.2","999.9","992.2","  63.5","  6.2"," 10.1"
"34504099999","48.6","34.9666666","143.0","2013-08-04","  59.7","010000","999.9","  72.0","  56.8"," 11.7"," 0.71","1011.2","999.9","994.2","  63.8","  6.2","  8.4"
"34504099999","48.6","34.9666666","143.0","2013-08-05","  60.2","000000","999.9","  81.7","  61.0"," 13.6"," 0.00","1013.1","999.9","996.2","  70.7","  6.2","  9.2"
"34504099999","48.6","34.9666666","143.0","2013-08-06","  62.6","000000","999.9","  82.4","  62.1"," 11.7"," 0.00","1013.9","999.9","997.1","  72.4","  6.2","  7.5"
"34504099999","48.6","34.9666666","143.0","2013-08-07","  63.4","000000","999.9","  87.3","  64.0","  9.7"," 0.03","1014.2","999.9","997.4","  72.3","  6.2","  6.7"
"34504099999","48.6","34.9666666","143.0","2013-08-08","  61.0","000000","999.9","  89.1","  64.6","  7.8"," 0.00","1016.5","999.9","999.8","  76.2","  6.2","  5.8"
"34504099999","48.6","34.9666666","143.0","2013-08-09","  56.8","000000","999.9","  88.3","  63.7"," 11.7"," 0.00","1016.3","999.9","999.5","  75.8","  6.2","  7.8"
"34504099999","48.6","34.9666666","143.0","2013-08-10","  55.3","000000","999.9","  90.5","  62.6","  9.7"," 0.00","1014.3","999.9","997.6","  76.2","  6.2","  8.0"
"34504099999","48.6","34.9666666","143.0","2013-08-11","  54.5","000000","999.9","  91.2","  66.4","  7.8"," 0.00","1011.8","999.9","995.2","  78.3","  6.2","  5.3"
"34504099999","48.6","34.9666666","143.0","2013-08-12","  55.8","000000","999.9","  93.9","  68.7","  5.8"," 0.00","1012.1","999.9","995.6","  80.7","  6.2","  4.3"
"34504099999","48.6","34.9666666","143.0","2013-08-13","  52.3","000000","999.9","  95.5","  67.5","  5.8"," 0.00","1012.7","999.9","996.1","  80.6","  6.2","  3.9"
"34504099999","48.6","34.9666666","143.0","2013-08-14","  57.9","000000","999.9","  95.0","  67.5","  9.7"," 0.00","1013.7","999.9","997.2","  79.9","  6.2","  6.6"
"34504099999","48.6","34.9666666","143.0","2013-08-15","  60.8","000000","999.9","  91.9","  68.4"," 15.5"," 0.00","1014.9","999.9","998.2","  78.5","  6.2"," 10.4"
"34504099999","48.6","34.9666666","143.0","2013-08-16","  57.0","000000","999.9","  87.3","  63.3"," 17.5"," 0.00","1016.8","999.9","000.0","  74.3","  6.2"," 13.8"
"34504099999","48.6","34.9666666","143.0","2013-08-17","  55.5","000000","999.9","  86.2","  65.7"," 15.5"," 0.00","1016.3","999.9","999.6","  75.0","  6.2"," 12.6"
"34504099999","48.6","34.9666666","143.0","2013-08-18","  55.4","000000","999.9","  87.1","  63.0"," 11.7"," 0.00","1016.9","999.9","000.0","  73.5","  6.2","  9.5"
"34504099999","48.6","34.9666666","143.0","2013-08-19","  53.4","000000","999.9","  87.8","  61.7"," 11.7"," 0.00","1017.1","999.9","000.3","  74.1","  6.2","  8.7"
"34504099999","48.6","34.9666666","143.0","2013-08-20","  47.8","000000","999.9","  86.9","  61.9"," 11.7"," 0.00","1018.8","999.9","001.9","  73.2","  6.2","  8.3"
"34504099999","48.6","34.9666666","143.0","2013-08-21","  48.1","000000","999.9","  86.7","  59.7"," 11.7"," 0.00","1019.8","999.9","002.8","  73.2","  6.2","  7.8"
"34504099999","48.6","34.9666666","143.0","2013-08-22","  49.0","000000","999.9","  89.1","  60.1","  7.8"," 0.00","1017.0","999.9","000.2","  74.9","  6.2","  5.5"
"34504099999","48.6","34.9666666","143.0","2013-08-23","  51.0","000000","999.9","  93.2","  66.2","  7.8"," 0.00","1012.7","999.9","996.0","  77.5","  6.2","  5.8"
"34504099999","48.6","34.9666666","143.0","2013-08-24","  54.4","000000","999.9","  87.4","  62.6"," 11.7"," 0.00","1011.2","999.9","994.4","  73.4","  6.2","  9.0"
"34504099999","48.6","34.9666666","143.0","2013-08-25","  49.6","000000","999.9","  81.1","  58.1"," 11.7"," 0.00","1013.8","999.9","996.8","  68.0","  6.2","  8.0"
"34504099999","48.6","34.9666666","143.0","2013-08-26","  52.2","010000","999.9","  81.9","  52.0"," 11.7"," 0.00","1015.2","999.9","998.1","  66.4","  6.2","  6.7"
"34504099999","48.6","34.9666666","143.0","2013-08-27","  59.9","010010","999.9","  75.2","  58.1","  9.7"," 0.16","1013.7","999.9","996.7","  64.1","  4.8","  5.5"
"34504099999","48.6","34.9666666","143.0","2013-08-28","  59.3","000000","999.9","  81.3","  60.1","  7.8"," 0.00","1015.7","999.9","998.8","  69.3","  4.8","  5.8"
"34504099999","48.6","34.9666666","143.0","2013-08-29","  56.4","000000","999.9","  75.7","  66.6"," 13.6"," 0.00","1012.8","999.9","995.9","  69.6","  6.2","  9.2"
"34504099999","48.6","34.9666666","143.0","2013-08-30","  57.8","000010","999.9","  85.1","  61.0","  7.8"," 0.00","1008.3","999.9","991.5","  71.0","  6.2","  5.5"
"34504099999","48.6","34.9666666","143.0","2013-08-31","  57.4","010000","999.9","  69.1","  57.6","  9.7"," 0.08","1008.3","999.9","991.2","  60.5","  4.4","  5.8"
"34504099999","48.6","34.9666666","143.0","2013-09-01","  52.3","000000","999.9","  77.0","  58.1"," 15.5"," 0.01","1012.5","999.9","995.5","  66.2","  6.2"," 10.7"
"34504099999","48.6","34.9666666","143.0","2013-09-02","  52.0","000000","999.9","  77.5","  54.3"," 11.7"," 0.00","1014.0","999.9","997.0","  64.4","  6.2","  8.3"
"34504099999","48.6","34.9666666","143.0","2013-09-03","  46.2","000000","999.9","  71.6","  53.2"," 15.5"," 0.00","1008.5","999.9","991.5","  61.6","  6.2","  6.7"
"34504099999","48.6","34.9666666","143.0","2013-09-04","  48.8","000000","999.9","  60.3","  50.0","  7.8"," 0.16","1006.8","999.9","989.5","  54.8","  6.2","  5.8"
"34504099999","48.6","34.9666666","143.0","2013-09-05","  49.4","010000","999.9","  63.9","  49.6"," 17.5"," 0.04","1008.6","999.9","991.2","  54.2","  6.2"," 11.7"
"34504099999","48.6","34.9666666","143.0","2013-09-06","  47.3","010000","999.9","  52.7","  47.3","  7.8"," 0.20","1008.1","999.9","990.6","  49.3","  5.7","  5.5"
"34504099999","48.6","34.9666666","143.0","2013-09-07","  51.4","010000","999.9","  61.5","  47.1","  9.7"," 0.22","1012.5","999.9","995.1","  55.2","  5.6","  6.7"
"34504099999","48.6","34.9666666","143.0","2013-09-08","  52.2","010000","999.9","  64.0","  50.7"," 13.6"," 0.20","1018.0","999.9","000.6","  55.5","  6.2","  9.7"
"34504099999","48.6","34.9666666","143.0","2013-09-09","  52.2","000000","999.9","  68.9","  50.2","  9.7"," 0.00","1018.8","999.9","001.4","  57.4","  6.2","  6.9"
"34504099999","48.6","34.9666666","143.0","2013-09-10","  51.2","100000","999.9","  71.8","  47.7","  5.8"," 0.00","1018.5","999.9","001.2","  60.0","  4.9","  3.9"
"34504099999","48.6","34.9666666","143.0","2013-09-11","  51.0","000000","999.9","  77.4","  55.9","  7.8"," 0.00","1018.6","999.9","001.6","  66.4","  6.2","  4.9"
"34504099999","48.6","34.9666666","143.0","2013-09-12","  51.4","000000","999.9","  79.0","  58.8","  7.8"," 0.00","1018.5","999.9","001.4","  66.6","  6.2","  5.6"
"34504099999","48.6","34.9666666","143.0","2013-09-13","  50.5","010000","999.9","  75.2","  57.9"," 13.6","99.99","1016.5","999.9","999.5","  65.5","  6.2","  9.0"
"34504099999","48.6","34.9666666","143.0","2013-09-14","  58.1","000010","999.9","  75.6","  58.5"," 13.6"," 0.25","1006.3","999.9","989.4","  63.5","  6.2"," 10.0"
"34504099999","48.6","34.9666666","143.0","2013-09-15","  51.9","010000","999.9","  66.7","  52.2","  9.7"," 0.04","1002.5","999.9","985.3","  55.5","  6.2","  7.4"
"34504099999","48.6","34.9666666","143.0","2013-09-16","  52.1","100000","999.9","  67.8","  49.6","  9.7"," 0.00","1005.6","999.9","988.5","  57.8","  5.5","  5.8"
"34504099999","48.6","34.9666666","143.0","2013-09-17","  53.6","000000","999.9","  71.2","  53.1","  5.8"," 0.00","1006.6","999.9","989.5","  61.2","  6.2","  4.7"
"34504099999","48.6","34.9666666","143.0","2013-09-18","  56.6","110000","999.9","  73.0","  53.1","  9.7"," 0.00","1002.9","999.9","986.0","  61.9","  4.9","  6.1"
"34504099999","48.6","34.9666666","143.0","2013-09-19","  50.3","010000","999.9","  63.1","  51.6"," 13.6"," 0.06","1002.2","999.9","985.0","  56.0","  6.2","  9.4"
"34504099999","48.6","34.9666666","143.0","2013-09-20","  51.0","010000","999.9","  60.1","  51.6"," 11.7"," 0.59","1005.7","999.9","988.5","  54.9","  4.8","  6.8"
"34504099999","48.6","34.9666666","143.0","2013-09-21","  50.0","000000","999.9","  59.2","  49.6","  9.7"," 0.00","1009.4","999.9","992.0","  54.4","  6.2","  6.6"
"34504099999","48.6","34.9666666","143.0","2013-09-22","  50.4","010000","999.9","  62.4","  49.5","  7.8"," 0.01","1011.5","999.9","994.1","  53.9","  5.7","  5.8"
"34504099999","48.6","34.9666666","143.0","2013-09-23","  48.1","010000","999.9","  58.5","  45.1"," 17.5"," 0.35","1002.0","999.9","984.7","  51.1","  4.8"," 10.0"
"34504099999","48.6","34.9666666","143.0","2013-09-24","  44.2","010000","999.9","  52.9","  42.4"," 23.3"," 0.03"," 996.3","999.9","979.0","  49.5","  6.2"," 15.2"
"34504099999","48.6","34.9666666","143.0","2013-09-25","  43.8","010000","999.9","  56.7","  41.7"," 11.7"," 0.03","1005.8","999.9","988.3","  47.7","  6.2","  8.3"
"34504099999","48.6","34.9666666","143.0","2013-09-26","  40.8","000000","999.9","  60.3","  36.5"," 13.6"," 0.00","1012.3","999.9","994.7","  49.9","  6.2","  9.0"
"34504099999","48.6","34.9666666","143.0","2013-09-27","  40.7","010000","999.9","  54.5","  38.1"," 15.5"," 0.35","1008.6","999.9","990.9","  46.4","  6.2"," 10.8"
"34504099999","48.6","34.9666666","143.0","2013-09-28","  35.9","010000","999.9","  54.5","  34.7","  9.7","99.99","1014.7","999.9","996.9","  44.3","  6.2","  5.1"
"34504099999","48.6","34.9666666","143.0","2013-09-29","  40.6","010000","999.9","  54.7","  39.9","  9.7"," 0.12","1015.2","999.9","997.5","  45.7","  5.7","  4.9"
"34504099999","48.6","34.9666666","143.0","2013-09-30","  36.6","000000","999.9","  55.6","  33.8","  5.8"," 0.00","1017.8","999.9","999.9","  42.4","  4.9","  3.9"
"34504099999","48.6","34.9666666","143.0","2013-10-01","  36.0","100000","999.9","  50.4","  36.3"," 11.7"," 0.00","1015.6","999.9","997.8","  43.4","  5.9","  7.3"
"34504099999","48.6","34.9666666","143.0","2013-10-02","  32.2","000000","999.9","  48.7","  36.9"," 17.5"," 0.00","1014.3","999.9","996.5","  42.8","  6.2"," 16.3"
"34504099999","48.6","34.9666666","143.0","2013-10-03","  33.4","011000","999.9","  39.6","  34.3"," 19.4"," 0.87","1017.8","999.9","999.6","  35.8","  2.8"," 17.8"
"34504099999","48.6","34.9666666","143.0","2013-10-04","  33.2","010000","999.9","  37.6","  32.7"," 17.5"," 0.39","1021.5","999.9","003.2","  34.6","  5.2"," 14.6"
"34504099999","48.6","34.9666666","143.0","2013-10-05","  29.1","000000","999.9","  37.6","  33.1"," 11.7"," 0.02","1025.1","999.9","006.8","  35.0","  6.2","  9.2"
"34504099999","48.6","34.9666666","143.0","2013-10-06","  29.5","000000","999.9","  48.6","  32.7","  3.9"," 0.00","1028.0","999.9","009.8","  38.8","  6.2","  3.2"
"34504099999","48.6","34.9666666","143.0","2013-10-07","  33.8","000000","999.9","  50.4","  36.3","  5.8"," 0.00","1031.1","999.9","012.9","  42.3","  6.2","  4.6"
"34504099999","48.6","34.9666666","143.0","2013-10-08","  39.5","000000","999.9","  57.4","  35.1"," 13.6"," 0.00","1030.5","999.9","012.5","  45.8","  5.8","  7.8"
"34504099999","48.6","34.9666666","143.0","2013-10-09","  41.2","100000","999.9","  60.6","  36.1","  9.7"," 0.00","1027.7","999.9","009.7","  47.3","  3.4","  5.8"
"34504099999","48.6","34.9666666","143.0","2013-10-10","  44.3","110000","999.9","  56.8","  37.4","  5.8"," 0.00","1023.7","999.9","005.8","  47.6","  3.4","  4.2"
"34504099999","48.6","34.9666666","143.0","2013-10-11","  47.6","000000","999.9","  68.2","  45.9","  7.8"," 0.01","1022.5","999.9","005.0","  55.6","  5.1","  4.7"
"34504099999","48.6","34.9666666","143.0","2013-10-12","  46.2","100000","999.9","  51.1","  42.1","  7.8"," 0.00","1024.7","999.9","006.9","  47.1","  0.7","  5.1"
"34504099999","48.6","34.9666666","143.0","2013-10-13","  45.0","000000","999.9","  63.9","  41.7","  7.8"," 0.00","1024.6","999.9","006.9","  50.6","  3.8","  5.2"
"34504099999","48.6","34.9666666","143.0","2013-10-14","  44.2","000000","999.9","  62.6","  43.3","  5.8"," 0.00","1023.1","999.9","005.4","  51.9","  4.4","  3.9"
"34504099999","48.6","34.9666666","143.0","2013-10-15","  45.8","000000","999.9","  56.8","  50.5","  7.8"," 0.00","1020.2","999.9","002.7","  52.8","  5.6","  4.9"
"34504099999","48.6","34.9666666","143.0","2013-10-16","  52.1","110000","999.9","  55.0","  49.6","  9.7"," 0.24","1009.9","999.9","992.5","  52.6","  1.0","  5.1"
"34504099999","48.6","34.9666666","143.0","2013-10-17","  53.3","110000","999.9","  57.2","  51.4","  9.7"," 0.00","1009.5","999.9","992.2","  54.0","  1.2","  8.7"
"34504099999","48.6","34.9666666","143.0","2013-10-18","  52.8","010000","999.9","  55.6","  50.2"," 13.6"," 1.06","1003.4","999.9","986.1","  53.4","  1.1","  8.4"
"34504099999","48.6","34.9666666","143.0","2013-10-19","  41.2","010000","999.9","  53.4","  36.5"," 19.4"," 0.31","1014.1","999.9","996.3","  44.9","  6.2"," 14.4"
"34504099999","48.6","34.9666666","143.0","2013-10-20","  29.9","000000","999.9","  50.4","  29.7","  9.7"," 0.00","1028.5","999.9","010.2","  39.3","  6.2","  5.8"
"34504099999","48.6","34.9666666","143.0","2013-10-21","  44.5","010000","999.9","  53.2","  36.7","  9.7"," 0.00","1021.5","999.9","003.6","  46.5","  5.5","  7.2"
"34504099999","48.6","34.9666666","143.0","2013-10-22","  49.2","110000","999.9","  63.7","  45.3"," 13.6"," 0.00","1018.8","999.9","001.2","  52.1","  4.0","  8.9"
"34504099999","48.6","34.9666666","143.0","2013-10-23","  37.3","000000","999.9","  49.3","  36.0"," 11.7"," 0.00","1032.2","999.9","014.0","  43.0","  6.2","  8.6"
"34504099999","48.6","34.9666666","143.0","2013-10-24","  34.0","000000","999.9","  51.4","  31.8","  9.7"," 0.00","1031.1","999.9","012.9","  40.9","  6.2","  7.0"
"34504099999","48.6","34.9666666","143.0","2013-10-25","  42.7","100000","999.9","  48.6","  36.3","  9.7"," 0.00","1025.4","999.9","007.4","  43.6","  2.5","  6.6"
"34504099999","48.6","34.9666666","143.0","2013-10-26","  46.3","100000","999.9","  54.1","  44.4","  9.7"," 0.00","1024.1","999.9","006.3","  48.0","  3.1","  4.7"
"34504099999","48.6","34.9666666","143.0","2013-10-27","  48.6","110000","999.9","  52.3","  46.0"," 15.5"," 0.00","1017.5","999.9","999.9","  49.7","  1.3"," 10.5"
"34504099999","48.6","34.9666666","143.0","2013-10-28","  50.7","100000","999.9","  54.1","  48.4"," 11.7"," 0.00","1014.8","999.9","997.3","  51.6","  1.2","  6.3"
"34504099999","48.6","34.9666666","143.0","2013-10-29","  48.4","100000","999.9","  58.6","  46.0","  7.8"," 0.00","1017.8","999.9","000.1","  49.3","  1.0","  5.6"
"34504099999","48.6","34.9666666","143.0","2013-10-30","  47.2","100000","999.9","  52.2","  40.3","  7.8"," 0.00","1020.7","999.9","002.9","  47.2","  0.2","  5.8"
"34504099999","48.6","34.9666666","143.0","2013-10-31","  45.2","100000","999.9","  57.4","  40.8"," 15.5"," 0.00","1025.3","999.9","007.5","  49.1","  3.6","  9.0"
"34504099999","48.6","34.9666666","143.0","2013-11-01","  37.8","100000","999.9","  55.9","  30.6","  5.8"," 0.00","1029.7","999.9","011.6","  43.8","  4.0","  3.6"
"34504099999","48.6","34.9666666","143.0","2013-11-02","  40.9","000000","999.9","  57.7","  37.2","  9.7"," 0.00","1022.3","999.9","004.5","  47.1","  4.9","  6.8"
"34504099999","48.6","34.9666666","143.0","2013-11-03","  47.0","000000","999.9","  54.5","  45.0"," 11.7"," 0.00","1015.4","999.9","997.8","  50.8","  5.2","  8.7"
"34504099999","48.6","34.9666666","143.0","2013-11-04","  51.3","000000","999.9","  57.2","  51.3"," 15.5"," 0.00","1012.6","999.9","995.2","  54.1","  3.7","  8.0"
"34504099999","48.6","34.9666666","143.0","2013-11-05","  52.2","000000","999.9","  60.1","  50.9"," 11.7"," 0.00","1012.5","999.9","995.2","  54.5","  2.3","  9.0"
"34504099999","48.6","34.9666666","143.0","2013-11-06","  49.6","100000","999.9","  64.6","  47.8","  9.7"," 0.00","1008.7","999.9","991.4","  54.6","  4.0","  8.3"
"34504099999","48.6","34.9666666","143.0","2013-11-07","  44.2","010000","999.9","  54.7","  41.0"," 17.5"," 0.12","1007.9","999.9","990.4","  46.7","  5.6","  8.3"
"34504099999","48.6","34.9666666","143.0","2013-11-08","  40.5","100000","999.9","  51.8","  34.5"," 13.6"," 0.00","1020.3","999.9","002.4","  43.9","  4.4","  7.5"
"34504099999","48.6","34.9666666","143.0","2013-11-09","  45.2","100000","999.9","  57.4","  42.6","  9.7"," 0.00","1023.7","999.9","005.9","  48.8","  4.5","  7.0"
"34504099999","48.6","34.9666666","143.0","2013-11-10","  41.1","000000","999.9","  54.5","  38.8"," 11.7"," 0.00","1019.4","999.9","001.6","  45.1","  5.4","  7.5"
"34504099999","48.6","34.9666666","143.0","2013-11-11","  39.3","100000","999.9","  54.7","  36.0"," 11.7"," 0.00","1021.4","999.9","003.4","  42.1","  4.1","  7.3"
"34504099999","48.6","34.9666666","143.0","2013-11-12","  40.1","110000","999.9","  42.6","  38.8","  9.7"," 0.00","1025.5","999.9","007.4","  41.1","  1.9","  6.8"
"34504099999","48.6","34.9666666","143.0","2013-11-13","  42.9","010000","999.9","  45.5","  42.3","  7.8"," 0.03","1021.4","999.9","003.4","  44.1","  2.4","  5.8"
"34504099999","48.6","34.9666666","143.0","2013-11-14","  36.1","110000","999.9","  42.3","  37.2"," 15.5"," 0.07","1019.7","999.9","001.6","  39.6","  4.8"," 12.3"
"34504099999","48.6","34.9666666","143.0","2013-11-15","  29.5","000000","999.9","  41.2","  34.9","  9.7"," 0.00","1027.9","999.9","009.6","  37.7","  6.2","  7.5"
"34504099999","48.6","34.9666666","143.0","2013-11-16","  29.2","000000","999.9","  39.6","  34.7","  9.7"," 0.00","1024.5","999.9","006.2","  37.0","  6.2","  5.3"
"34504099999","48.6","34.9666666","143.0","2013-11-17","  35.7","010000","999.9","  41.0","  32.9","  7.8"," 0.01","1020.1","999.9","002.0","  38.0","  3.7","  4.7"
"34504099999","48.6","34.9666666","143.0","2013-11-18","  35.2","010000","999.9","  48.6","  33.4","  9.7"," 0.00","1027.1","999.9","008.9","  40.5","  5.5","  6.7"
"34504099999","48.6","34.9666666","143.0","2013-11-19","  28.7","000000","999.9","  44.8","  30.7"," 11.7"," 0.00","1030.3","999.9","011.9","  35.9","  6.2","  9.5"
"34504099999","48.6","34.9666666","143.0","2013-11-20","  31.6","000000","999.9","  42.4","  28.4"," 11.7"," 0.00","1022.8","999.9","004.6","  36.3","  6.2","  9.0"
"34504099999","48.6","34.9666666","143.0","2013-11-21","  36.3","000000","999.9","  52.5","  33.6"," 13.6"," 0.00","1017.7","999.9","999.7","  41.1","  6.2","  9.0"
"34504099999","48.6","34.9666666","143.0","2013-11-22","  37.6","000000","999.9","  45.9","  34.5"," 11.7"," 0.00","1017.5","999.9","999.5","  39.9","  5.0","  8.7"
"34504099999","48.6","34.9666666","143.0","2013-11-23","  36.7","000000","999.9","  43.5","  37.0"," 11.7"," 0.00","1016.9","999.9","998.9","  39.3","  6.0"," 10.0"
"34504099999","48.6","34.9666666","143.0","2013-11-24","  35.9","000000","999.9","  46.4","  35.8","  7.8"," 0.00","1014.5","999.9","996.5","  38.5","  5.2","  5.8"
"34504099999","48.6","34.9666666","143.0","2013-11-25","  41.4","110000","999.9","  51.4","  34.2"," 11.7"," 0.04","1007.8","999.9","990.1","  42.9","  3.5","  8.9"
"34504099999","48.6","34.9666666","143.0","2013-11-26","  31.4","000000","999.9","  38.1","  34.9"," 17.5"," 0.00","1012.7","999.9","994.7","  36.9","  6.2"," 11.4"
"34504099999","48.6","34.9666666","143.0","2013-11-27","  26.7","000000","999.9","  35.1","  26.1"," 11.7"," 0.00","1020.6","999.9","002.3","  32.8","  6.2","  8.3"
"34504099999","48.6","34.9666666","143.0","2013-11-28","  22.4","010000","999.9","  36.1","  20.3"," 19.4"," 0.00","1015.7","999.9","997.3","  29.1","  5.2"," 13.6"
"34504099999","48.6","34.9666666","143.0","2013-11-29","  30.6","010000","999.9","  42.4","  31.5"," 11.7"," 0.08","1008.8","  0.4","990.8","  35.1","  5.9","  8.6"
"34504099999","48.6","34.9666666","143.0","2013-11-30","  30.9","001000","999.9","  37.0","  29.1","  7.8"," 0.01","1021.3","  0.4","003.0","  33.7","  6.2","  5.3"
"34504099999","48.6","34.9666666","143.0","2013-12-01","  30.1","000000","999.9","  42.6","  31.3"," 11.7"," 0.00","1020.5","999.9","002.3","  34.8","  6.2","  8.0"
"34504099999","48.6","34.9666666","143.0","2013-12-02","  28.4","011000","999.9","  43.5","  27.3"," 17.5"," 0.08","1012.6","999.9","994.5","  33.5","  5.9"," 12.9"
"34504099999","48.6","34.9666666","143.0","2013-12-03","  15.3","000000","999.9","  30.6","  23.0"," 19.4"," 0.02","1028.4","  0.4","009.7","  25.3","  6.2"," 12.2"
"34504099999","48.6","34.9666666","143.0","2013-12-04","  15.4","000000","999.9","  34.2","  20.7"," 15.5"," 0.00","1021.7","999.9","003.1","  27.4","  6.2"," 10.4"
"34504099999","48.6","34.9666666","143.0","2013-12-05","  24.3","001000","999.9","  34.7","  25.2"," 11.7"," 0.00","1011.0","999.9","992.8","  29.7","  5.3","  8.5"
"34504099999","48.6","34.9666666","143.0","2013-12-06","  27.4","010000","999.9","  37.0","  22.3"," 15.5"," 0.08","1006.2","  0.4","988.1","  30.9","  6.2"," 10.0"
"34504099999","48.6","34.9666666","143.0","2013-12-07","  24.7","001000","999.9","  37.6","  24.4"," 13.6"," 0.01","1003.5","  0.4","985.3","  30.3","  6.2"," 10.0"
"34504099999","48.6","34.9666666","143.0","2013-12-08","  26.8","001000","999.9","  33.1","  28.6"," 11.7"," 0.01","1011.9","  0.4","993.7","  30.7","  6.2","  8.4"
"34504099999","48.6","34.9666666","143.0","2013-12-09","  23.5","001000","999.9","  28.9","  23.2"," 13.6"," 0.04","1010.2","  0.4","991.8","  27.0","  4.0"," 10.3"
"34504099999","48.6","34.9666666","143.0","2013-12-10","  13.7","001000","999.9","  23.4","  13.6"," 19.4"," 0.29","1020.9","  3.1","002.0","  18.9","  4.2"," 17.2"
"34504099999","48.6","34.9666666","143.0","2013-12-11","   5.6","000000","999.9","  20.3","   8.8"," 15.5"," 0.00","1031.0","  3.1","011.7","  12.8","  6.2","  9.5"
"34504099999","48.6","34.9666666","143.0","2013-12-12","   9.3","000000","999.9","  28.8","   5.9","  7.8"," 0.00","1029.4","  2.4","010.4","  17.8","  5.4","  3.4"
"34504099999","48.6","34.9666666","143.0","2013-12-13","  17.3","001000","999.9","  25.3","  16.7"," 11.7","99.99","1021.8","  2.0","003.0","  21.5","  5.6","  9.7"
"34504099999","48.6","34.9666666","143.0","2013-12-14","  25.4","000000","999.9","  37.6","  23.0"," 13.6"," 0.01","1019.4","  0.4","000.9","  30.1","  5.0"," 10.0"
"34504099999","48.6","34.9666666","143.0","2013-12-15","  17.2","000000","999.9","  27.3","  16.2","  5.8"," 0.00","1030.5","  0.4","011.5","  21.9","  6.2","  4.3"
"34504099999","48.6","34.9666666","143.0","2013-12-16","  22.8","001000","999.9","  28.9","  20.5","  5.8"," 0.00","1034.9","  0.4","016.0","  26.0","  5.8","  4.4"
"34504099999","48.6","34.9666666","143.0","2013-12-17","  29.0","100000","999.9","  32.2","  27.7"," 15.5"," 0.00","1035.0","  0.4","016.3","  30.9","  2.8","  9.2"
"34504099999","48.6","34.9666666","143.0","2013-12-18","  27.3","100000","999.9","  37.4","  24.1"," 15.5"," 0.00","1028.8","  0.4","010.2","  29.2","  3.1","  9.2"
"34504099999","48.6","34.9666666","143.0","2013-12-19","  28.4","100000","999.9","  35.8","  21.2"," 11.7"," 0.00","1026.7","  0.4","008.1","  29.3","  2.4","  6.5"
"34504099999","48.6","34.9666666","143.0","2013-12-20","  33.5","000000","999.9","  38.3","  33.8"," 11.7"," 0.00","1027.9","  0.4","009.6","  36.2","  6.2","  9.5"
"34504099999","48.6","34.9666666","143.0","2013-12-21","  31.9","010000","999.9","  37.0","  32.9"," 17.5"," 0.02","1027.3","999.9","009.0","  35.2","  5.4"," 13.1"
"34504099999","48.6","34.9666666","143.0","2013-12-22","  28.1","000000","999.9","  37.9","  27.5"," 13.6"," 0.00","1031.7","999.9","013.2","  31.9","  5.7","  8.7"
"34504099999","48.6","34.9666666","143.0","2013-12-23","  33.1","100000","999.9","  36.5","  29.5"," 13.6"," 0.00","1026.9","999.9","008.5","  34.7","  3.8"," 11.7"
"34504099999","48.6","34.9666666","143.0","2013-12-24","  33.5","100000","999.9","  35.4","  32.2"," 11.7"," 0.00","1029.0","999.9","010.5","  34.0","  1.3","  7.3"
"34504099999","48.6","34.9666666","143.0","2013-12-25","  35.1","100000","999.9","  41.7","  31.1","  9.7"," 0.00","1029.6","999.9","011.2","  36.4","  2.9","  7.5"
"34504099999","48.6","34.9666666","143.0","2013-12-26","  31.0","100000","999.9","  37.2","  29.5","  9.7"," 0.00","1024.7","999.9","006.3","  32.3","  3.0","  8.0"
"34504099999","48.6","34.9666666","143.0","2013-12-27","  32.0","000000","999.9","  37.2","  31.3","  9.7"," 0.00","1024.1","999.9","005.8","  34.0","  3.0","  5.6"
"34504099999","48.6","34.9666666","143.0","2013-12-28","  32.1","100000","999.9","  34.0","  30.2","  7.8"," 0.00","1027.2","999.9","008.8","  32.1","  0.1","  6.4"
"34504099999","48.6","34.9666666","143.0","2013-12-29","  31.3","100000","999.9","  35.2","  28.0","  9.7"," 0.00","1026.2","999.9","007.8","  31.8","  1.3","  8.0"
"34504099999","48.6","34.9666666","143.0","2013-12-30","  31.3","110000","999.9","  33.3","  30.6","  7.8","99.99","1026.4","999.9","008.0","  32.0","  1.3","  5.3"
"34504099999","48.6","34.9666666","143.0","2013-12-31","  29.4","010000","999.9","  32.2","  28.6","  9.7"," 0.01","1030.0","999.9","011.4","  30.5","  3.4","  7.8"
"34504099999","48.6","34.9666666","143.0","2014-01-01","  27.9","000000","999.9","  32.7","  31.1","  9.7"," 0.00","1031.1","999.9","012.6","  31.8","  5.9","  7.2"
"34504099999","48.6","34.9666666","143.0","2014-01-02","  27.7","000000","999.9","  32.2","  29.5","  9.7"," 0.00","1028.1","999.9","009.6","  31.1","  6.2","  7.3"
"34504099999","48.6","34.9666666","143.0","2014-01-03","  29.2","010000","999.9","  32.9","  29.3","  7.8"," 0.00","1026.4","999.9","007.9","  31.5","  5.8","  5.6"
"34504099999","48.6","34.9666666","143.0","2014-01-04","  31.9","000000","999.9","  35.6","  31.3","  5.8"," 0.00","1026.6","999.9","008.2","  33.6","  3.2","  3.6"
"34504099999","48.6","34.9666666","143.0","2014-01-05","  31.7","100000","999.9","  35.8","  30.0"," 13.6"," 0.00","1026.2","999.9","007.8","  33.4","  3.5","  8.0"
"34504099999","48.6","34.9666666","143.0","2014-01-06","  32.9","110000","999.9","  35.8","  30.0"," 11.7"," 0.01","1022.7","999.9","004.4","  33.5","  1.1","  7.2"
"34504099999","48.6","34.9666666","143.0","2014-01-07","  33.3","110000","999.9","  37.6","  33.8","  9.7"," 0.12","1022.3","999.9","004.1","  35.6","  5.0","  7.8"
"34504099999","48.6","34.9666666","143.0","2014-01-08","  32.9","000000","999.9","  37.8","  33.6"," 13.6"," 0.00","1024.9","999.9","006.6","  35.4","  4.7","  8.0"
"34504099999","48.6","34.9666666","143.0","2014-01-09","  36.9","100000","999.9","  44.1","  35.6"," 15.5"," 0.00","1017.3","999.9","999.3","  39.6","  3.6"," 10.9"
"34504099999","48.6","34.9666666","143.0","2014-01-10","  36.2","110000","999.9","  41.7","  30.4"," 15.5"," 0.00","1011.7","999.9","993.6","  36.5","  1.1"," 11.7"
"34504099999","48.6","34.9666666","143.0","2014-01-11","  33.4","000000","999.9","  43.9","  34.0"," 19.4"," 0.08","1011.5","999.9","993.6","  39.0","  6.2"," 13.6"
"34504099999","48.6","34.9666666","143.0","2014-01-12","  31.6","010000","999.9","  42.1","  30.2"," 13.6"," 0.12","1009.7","999.9","991.7","  35.0","  5.7","  9.2"
"34504099999","48.6","34.9666666","143.0","2014-01-13","  28.3","011000","999.9","  39.7","  29.8"," 23.3"," 0.07","1007.1","999.9","989.0","  33.2","  5.5"," 12.8"
"34504099999","48.6","34.9666666","143.0","2014-01-14","  21.0","001000","999.9","  30.6","  22.3"," 15.5"," 0.01","1021.2","  0.4","002.6","  26.7","  6.0"," 11.2"
"34504099999","48.6","34.9666666","143.0","2014-01-15","  26.1","000000","999.9","  37.0","  20.3"," 11.7"," 0.00","1020.7","  0.4","002.2","  29.6","  6.2","  8.0"
"34504099999","48.6","34.9666666","143.0","2014-01-16","  33.8","010000","999.9","  41.9","  31.3"," 13.6"," 0.20","1011.8","999.9","993.8","  37.1","  5.3"," 10.5"
"34504099999","48.6","34.9666666","143.0","2014-01-17","  24.8","000000","999.9","  29.7","  27.9","  9.7"," 0.00","1018.6","999.9","000.1","  28.8","  5.5","  5.8"
"34504099999","48.6","34.9666666","143.0","2014-01-18","  33.0","111000","999.9","  41.7","  28.9"," 15.5"," 0.14","1012.3","  0.4","994.2","  34.6","  2.6"," 11.0"
"34504099999","48.6","34.9666666","143.0","2014-01-19","  19.6","001000","999.9","  28.6","  21.7"," 11.7","99.99","1024.0","999.9","005.3","  24.1","  5.8"," 10.2"
"34504099999","48.6","34.9666666","143.0","2014-01-20","  10.8","001000","999.9","  19.0","  12.7"," 17.5"," 0.04","1026.0","  0.8","006.9","  15.9","  6.0"," 13.3"
"34504099999","48.6","34.9666666","143.0","2014-01-21","  11.0","001000","999.9","  23.2","  10.8"," 19.4"," 0.00","1020.1","  0.8","001.2","  18.3","  6.2"," 16.4"
"34504099999","48.6","34.9666666","143.0","2014-01-22","  15.7","001000","999.9","  20.3","  17.1"," 15.5"," 0.47","1007.6","  1.2","989.0","  17.9","  3.1"," 13.6"
"34504099999","48.6","34.9666666","143.0","2014-01-23","  10.6","001000","999.9","  19.2","   9.9"," 13.6"," 0.04","1014.9","  1.6","995.9","  15.5","  5.4","  8.9"
"34504099999","48.6","34.9666666","143.0","2014-01-24","   2.2","000000","999.9","  17.8","   0.1","  9.7"," 0.01","1023.0","  1.6","003.6","   8.3","  4.7","  6.7"
"34504099999","48.6","34.9666666","143.0","2014-01-25","  -0.3","000000","999.9","  13.5","  -0.8"," 15.5"," 0.00","1026.8","  1.6","007.2","   5.1","  6.2"," 10.2"
"34504099999","48.6","34.9666666","143.0","2014-01-26","   2.1","000000","999.9","  19.2","   2.7"," 23.3"," 0.00","1023.2","  1.6","003.9","   8.5","  6.2"," 16.3"
"34504099999","48.6","34.9666666","143.0","2014-01-27","   6.1","001000","999.9","  16.0","   5.9"," 25.3"," 0.12","1016.2","  1.2","997.1","  11.5","  4.7"," 22.3"
"34504099999","48.6","34.9666666","143.0","2014-01-28","   8.7","001000","999.9","  14.2","   9.9"," 25.3"," 2.17","1017.2"," 13.8","998.1","  11.8","  0.9"," 21.7"
"34504099999","48.6","34.9666666","143.0","2014-01-29","  -2.9","000000","999.9","   9.7","  -3.8"," 27.2"," 0.08","1026.3"," 15.0","006.7","   3.7","  1.6"," 23.9"
"34504099999","48.6","34.9666666","143.0","2014-01-30"," -14.8","000000","999.9","   3.2"," -10.7"," 29.1"," 0.00","1039.2"," 14.6","019.0","  -5.3","  2.3"," 23.8"
"34504099999","48.6","34.9666666","143.0","2014-01-31"," -13.0","000000","999.9","   8.2"," -12.1"," 19.4"," 0.00","1050.0"," 13.8","029.7","  -2.7","  6.2"," 15.1"
"34504099999","48.6","34.9666666","143.0","2014-02-01","  -9.3","000000","999.9","  12.4","  -6.0"," 13.6"," 0.00","1048.3"," 13.8","028.2","   1.6","  6.2"," 10.7"
"34504099999","48.6","34.9666666","143.0","2014-02-02","   1.4","000000","999.9","  19.2","  -0.6"," 17.5"," 0.00","1043.1"," 12.6","023.4","   9.5","  6.2"," 13.6"
"34504099999","48.6","34.9666666","143.0","2014-02-03","   4.1","000000","999.9","  22.3","   0.1"," 13.6"," 0.00","1038.1"," 12.6","018.6","  10.9","  6.2"," 10.4"
"34504099999","48.6","34.9666666","143.0","2014-02-04","   6.3","000000","999.9","  26.8","   4.5","  7.8"," 0.00","1032.0"," 12.2","012.7","  13.5","  6.2","  5.2"
"34504099999","48.6","34.9666666","143.0","2014-02-05","   8.0","000000","999.9","  30.2","   5.9","999.9"," 0.00","1026.9"," 11.8","007.8","  17.3","  6.2","999.9"
"34504099999","48.6","34.9666666","143.0","2014-02-06","  13.0","100000","999.9","  23.4","   6.8","  5.8"," 0.00","1024.5"," 11.8","005.4","  15.5","  2.4","  4.2"
"34504099999","48.6","34.9666666","143.0","2014-02-07","  20.2","101000","999.9","  23.5","  17.6","  5.8"," 0.01","1022.1"," 11.4","003.3","  21.0","  1.9","  4.1"
"34504099999","48.6","34.9666666","143.0","2014-02-08","  28.6","111000","999.9","  32.7","  22.8","  9.7"," 0.02","1018.1"," 11.8","999.7","  29.7","  3.2","  7.8"
"34504099999","48.6","34.9666666","143.0","2014-02-09","  33.9","110000","999.9","  35.6","  32.0","  7.8"," 0.01","1012.0"," 11.0","993.9","  34.0","  0.4","  5.0"
"34504099999","48.6","34.9666666","143.0","2014-02-10","  36.2","110000","999.9","  37.9","  33.4","  9.7"," 0.08","1010.4","  8.7","992.3","  36.2","  0.0","  6.4"
"34504099999","48.6","34.9666666","143.0","2014-02-11","  34.8","100000","999.9","  36.1","  33.8","  7.8"," 0.00","1017.0","  6.3","998.8","  34.8","  0.1","  6.1"
"34504099999","48.6","34.9666666","143.0","2014-02-12","  37.3","100000","999.9","  45.9","  32.5","  7.8"," 0.00","1018.1","  4.3","000.0","  38.0","  1.6","  6.6"
"34504099999","48.6","34.9666666","143.0","2014-02-13","  37.8","000000","999.9","  47.8","  36.0"," 11.7"," 0.03","1013.7","  0.8","995.8","  40.6","  4.8","  6.9"
"34504099999","48.6","34.9666666","143.0","2014-02-14","  37.3","100000","999.9","  48.7","  35.4","  7.8"," 0.00","1012.2","  0.4","994.3","  40.1","  3.1","  5.3"
"34504099999","48.6","34.9666666","143.0","2014-02-15","  36.4","110000","999.9","  39.7","  35.1","  9.7"," 0.19","1016.1","999.9","998.0","  36.5","  0.2","  6.6"
"34504099999","48.6","34.9666666","143.0","2014-02-16","  34.2","100000","999.9","  37.4","  33.1","  7.8"," 0.00","1018.8","999.9","000.6","  35.1","  1.7","  5.4"
"34504099999","48.6","34.9666666","143.0","2014-02-17","  35.1","110000","999.9","  39.7","  33.3"," 13.6"," 0.08","1015.3","999.9","997.2","  35.8","  1.0","  8.0"
"34504099999","48.6","34.9666666","143.0","2014-02-18","  29.4","100000","999.9","  44.2","  29.3"," 15.5"," 0.02","1019.8","999.9","001.6","  34.0","  3.6","  7.8"
"34504099999","48.6","34.9666666","143.0","2014-02-19","  32.5","000000","999.9","  45.5","  29.3"," 11.7"," 0.00","1019.5","999.9","001.4","  36.9","  5.7","  7.5"
"34504099999","48.6","34.9666666","143.0","2014-02-20","  36.7","110000","999.9","  43.7","  38.1"," 11.7"," 0.02","1011.6","999.9","993.7","  39.5","  3.8","  8.7"
"34504099999","48.6","34.9666666","143.0","2014-02-21","  33.5","000000","999.9","  46.6","  31.1","  7.8"," 0.00","1019.6","999.9","001.5","  38.8","  5.8","  4.9"
"34504099999","48.6","34.9666666","143.0","2014-02-22","  30.7","000000","999.9","  46.2","  31.3"," 13.6"," 0.00","1024.0","999.9","005.8","  37.1","  5.3","  8.3"
"34504099999","48.6","34.9666666","143.0","2014-02-23","  25.8","000000","999.9","  41.0","  30.0"," 15.5"," 0.00","1026.4","999.9","008.0","  33.8","  6.2"," 12.6"
"34504099999","48.6","34.9666666","143.0","2014-02-24","  27.1","001000","999.9","  32.9","  28.9"," 19.4"," 0.00","1028.8","999.9","010.3","  30.6","  5.9"," 16.4"
"34504099999","48.6","34.9666666","143.0","2014-02-25","  25.7","001000","999.9","  34.2","  27.3"," 19.4"," 0.01","1027.3","999.9","008.7","  30.7","  6.2"," 17.2"
"34504099999","48.6","34.9666666","143.0","2014-02-26","  23.8","001000","999.9","  30.6","  25.0"," 17.5"," 0.04","1025.5","999.9","006.8","  27.3","  5.4"," 12.8"
"34504099999","48.6","34.9666666","143.0","2014-02-27","  30.5","011000","999.9","  34.0","  27.1","  9.7"," 0.06","1022.0","  0.8","003.5","  31.8","  2.5","  8.7"
"34504099999","48.6","34.9666666","143.0","2014-02-28","  31.6","010000","999.9","  35.6","  31.8","  7.8"," 0.00","1020.5","999.9","002.2","  32.9","  4.2","  5.5"
"34504099999","48.6","34.9666666","143.0","2014-03-01","  32.0","100000","999.9","  35.4","  31.3","  5.8"," 0.00","1019.8","999.9","001.5","  33.4","  3.3","  4.7"
"34504099999","48.6","34.9666666","143.0","2014-03-02","  34.1","000000","999.9","  40.1","  33.1"," 17.5"," 0.00","1015.2","999.9","997.1","  36.3","  4.2","  9.5"
"34504099999","48.6","34.9666666","143.0","2014-03-03","  36.0","010000","999.9","  47.5","  34.0"," 13.6"," 0.03","1007.9","999.9","990.0","  38.9","  5.2","  9.7"
"34504099999","48.6","34.9666666","143.0","2014-03-04","  39.0","110000","999.9","  42.1","  37.4"," 11.7"," 0.00","1009.3","999.9","991.5","  39.5","  1.1","  8.7"
"34504099999","48.6","34.9666666","143.0","2014-03-05","  40.8","010000","999.9","  49.1","  37.9","  7.8"," 0.09","1015.6","999.9","997.7","  42.5","  2.5","  6.5"
"34504099999","48.6","34.9666666","143.0","2014-03-06","  37.3","000000","999.9","  50.7","  37.8"," 11.7"," 0.00","1021.8","999.9","003.8","  42.5","  4.9","  9.7"
"34504099999","48.6","34.9666666","143.0","2014-03-07","  29.6","000000","999.9","  50.5","  30.7"," 17.5"," 0.00","1029.9","999.9","011.6","  38.7","  6.2"," 13.6"
"34504099999","48.6","34.9666666","143.0","2014-03-08","  25.4","000000","999.9","  49.6","  26.6"," 17.5"," 0.00","1030.3","999.9","011.9","  36.7","  6.2"," 12.9"
"34504099999","48.6","34.9666666","143.0","2014-03-09","  23.5","000000","999.9","  51.8","  26.2"," 19.4"," 0.00","1028.6","999.9","010.3","  37.6","  6.2"," 14.3"
"34504099999","48.6","34.9666666","143.0","2014-03-10","  26.2","000000","999.9","  50.2","  28.6"," 17.5"," 0.00","1029.5","999.9","011.2","  38.0","  6.2"," 13.4"
"34504099999","48.6","34.9666666","143.0","2014-03-11","  20.4","000000","999.9","  58.6","  31.5"," 17.5"," 0.00","1016.7","999.9","998.8","  43.8","  6.2"," 12.1"
"34504099999","48.6","34.9666666","143.0","2014-03-12","  27.3","000000","999.9","  54.3","  34.5"," 19.4"," 0.00","1018.0","999.9","000.1","  42.0","  6.2"," 13.1"
"34504099999","48.6","34.9666666","143.0","2014-03-13","  25.4","000000","999.9","  55.0","  27.0"," 13.6"," 0.00","1019.9","999.9","001.9","  41.8","  6.2","  7.5"
"34504099999","48.6","34.9666666","143.0","2014-03-14","  23.6","000000","999.9","  63.3","  32.4"," 13.6"," 0.00","1015.0","999.9","997.2","  46.8","  6.2","  8.0"
"34504099999","48.6","34.9666666","143.0","2014-03-15","  28.9","000000","999.9","  64.9","  34.2"," 21.4"," 0.00","1006.2","999.9","988.7","  49.8","  6.2"," 12.4"
"34504099999","48.6","34.9666666","143.0","2014-03-16","  30.2","010000","999.9","  45.3","  37.2"," 17.5"," 0.28"," 994.3","999.9","976.8","  41.0","  5.4"," 12.4"
"34504099999","48.6","34.9666666","143.0","2014-03-17","  26.7","011000","999.9","  40.3","  29.8"," 25.3"," 0.20"," 998.3","  1.6","980.4","  34.8","  5.8"," 16.8"
"34504099999","48.6","34.9666666","143.0","2014-03-18","  30.0","010000","999.9","  43.9","  32.5"," 25.3"," 0.13","1006.3","999.9","988.4","  38.5","  5.7"," 15.3"
"34504099999","48.6","34.9666666","143.0","2014-03-19","  35.7","010000","999.9","  57.6","  31.5"," 17.5"," 0.02","1010.5","999.9","992.8","  44.5","  5.6","  9.4"
"34504099999","48.6","34.9666666","143.0","2014-03-20","  39.6","000000","999.9","  55.4","  41.4"," 17.5"," 0.12","1011.7","999.9","994.0","  46.6","  5.9"," 12.8"
"34504099999","48.6","34.9666666","143.0","2014-03-21","  27.2","000000","999.9","  49.6","  30.9","  9.7"," 0.00","1026.1","999.9","007.9","  40.4","  6.2","  5.6"
"34504099999","48.6","34.9666666","143.0","2014-03-22","  29.3","000000","999.9","  61.5","  32.9"," 11.7"," 0.00","1022.3","999.9","004.4","  46.8","  6.2","  8.3"
"34504099999","48.6","34.9666666","143.0","2014-03-23","  33.5","100000","999.9","  65.5","  33.8"," 11.7"," 0.00","1016.5","999.9","998.8","  49.7","  5.0","  6.4"
"34504099999","48.6","34.9666666","143.0","2014-03-24","  36.6","000000","999.9","  66.0","  34.3","  9.7"," 0.00","1013.8","999.9","996.2","  50.6","  6.2","  5.1"
"34504099999","48.6","34.9666666","143.0","2014-03-25","  35.2","000000","999.9","  73.0","  39.6"," 13.6"," 0.00","1010.2","999.9","992.9","  55.8","  6.2","  9.5"
"34504099999","48.6","34.9666666","143.0","2014-03-26","  35.8","000000","999.9","  73.9","  38.5"," 15.5"," 0.00","1013.7","999.9","996.3","  55.6","  6.2"," 10.2"
"34504099999","48.6","34.9666666","143.0","2014-03-27","  38.2","000000","999.9","  65.3","  41.2"," 13.6"," 0.00","1016.4","999.9","998.9","  52.6","  6.2","  9.2"
"34504099999","48.6","34.9666666","143.0","2014-03-28","  40.9","000000","999.9","  58.5","  44.8"," 13.6"," 0.00","1010.1","999.9","992.6","  50.1","  4.7","  7.2"
"34504099999","48.6","34.9666666","143.0","2014-03-29","  12.4","000000","999.9","  42.1","  28.2"," 21.4"," 0.00","1014.5","999.9","996.3","  35.3","  6.2"," 17.2"
"34504099999","48.6","34.9666666","143.0","2014-03-30","  10.7","000000","999.9","  50.2","  27.0"," 13.6"," 0.00","1016.3","999.9","998.2","  38.2","  6.2","  9.0"
"34504099999","48.6","34.9666666","143.0","2014-03-31","  18.9","000000","999.9","  62.6","  31.1"," 13.6"," 0.00","1007.8","999.9","990.2","  46.3","  6.2","  8.6"
"34504099999","48.6","34.9666666","143.0","2014-04-01","  26.0","010000","999.9","  45.0","  32.2"," 11.7"," 0.00","1006.3","999.9","988.5","  39.6","  6.2","  9.7"
"34504099999","48.6","34.9666666","143.0","2014-04-02","  14.7","000000","999.9","  44.1","  25.7","  9.7"," 0.00","1018.0","999.9","999.8","  34.7","  5.7","  6.2"
"34504099999","48.6","34.9666666","143.0","2014-04-03","  15.7","000000","999.9","  50.4","  23.7"," 13.6"," 0.00","1019.7","999.9","001.6","  38.1","  6.2","  9.7"
"34504099999","48.6","34.9666666","143.0","2014-04-04","  32.8","110000","999.9","  45.3","  30.9"," 13.6"," 0.10","1012.3","999.9","994.3","  37.6","  4.3","  9.4"
"34504099999","48.6","34.9666666","143.0","2014-04-05","  21.7","000000","999.9","  48.0","  30.9"," 13.6"," 0.00","1021.6","999.9","003.4","  37.8","  6.2"," 10.0"
"34504099999","48.6","34.9666666","143.0","2014-04-06","  16.2","000000","999.9","  53.6","  23.5","  7.8"," 0.00","1027.0","999.9","008.9","  40.7","  6.2","  5.5"
"34504099999","48.6","34.9666666","143.0","2014-04-07","  22.1","000000","999.9","  55.2","  30.7","  7.8"," 0.00","1016.9","999.9","999.0","  44.1","  6.2","  4.6"
"34504099999","48.6","34.9666666","143.0","2014-04-08","  33.7","000000","999.9","  65.3","  34.3"," 11.7"," 0.00","1012.2","999.9","994.7","  52.2","  6.2","  5.8"
"34504099999","48.6","34.9666666","143.0","2014-04-09","  46.0","010000","999.9","  70.7","  48.6","  7.8"," 0.02","1008.0","999.9","990.7","  56.8","  6.2","  5.0"
"34504099999","48.6","34.9666666","143.0","2014-04-10","  44.6","010000","999.9","  52.5","  40.1"," 17.5"," 0.35","1012.3","999.9","994.6","  46.1","  4.3"," 10.0"
"34504099999","48.6","34.9666666","143.0","2014-04-11","  33.1","010000","999.9","  38.3","  35.2"," 19.4"," 0.04","1022.6","999.9","004.3","  36.3","  6.2"," 18.5"
"34504099999","48.6","34.9666666","143.0","2014-04-12","  36.8","010000","999.9","  46.9","  36.1"," 15.5"," 0.43","1020.4","999.9","002.4","  40.2","  5.1"," 13.0"
"34504099999","48.6","34.9666666","143.0","2014-04-13","  41.0","110000","999.9","  44.6","  39.4","  7.8"," 0.47","1015.6","999.9","997.8","  42.1","  3.4","  6.5"
"34504099999","48.6","34.9666666","143.0","2014-04-14","  42.8","110000","999.9","  55.0","  38.8","  9.7"," 0.08","1014.2","999.9","996.4","  45.1","  3.8","  7.5"
"34504099999","48.6","34.9666666","143.0","2014-04-15","  43.1","100000","999.9","  60.1","  41.5"," 11.7"," 0.00","1014.4","999.9","996.8","  50.3","  5.0","  8.5"
"34504099999","48.6","34.9666666","143.0","2014-04-16","  42.9","000000","999.9","  65.1","  41.4","  9.7"," 0.00","1017.6","999.9","000.1","  53.2","  6.2","  5.8"
"34504099999","48.6","34.9666666","143.0","2014-04-17","  44.7","000000","999.9","  73.8","  45.5","  9.7"," 0.00","1018.7","999.9","001.4","  59.6","  6.2","  7.5"
"34504099999","48.6","34.9666666","143.0","2014-04-18","  41.3","000000","999.9","  73.9","  47.1"," 19.4"," 0.00","1014.0","999.9","996.9","  61.3","  6.2"," 13.8"
"34504099999","48.6","34.9666666","143.0","2014-04-19","  50.7","010000","999.9","  70.9","  52.5"," 17.5"," 0.09","1014.6","999.9","997.3","  58.9","  6.2"," 13.6"
"34504099999","48.6","34.9666666","143.0","2014-04-20","  52.8","010010","999.9","  64.8","  52.9"," 11.7"," 0.28","1011.5","999.9","994.2","  56.2","  4.5","  7.2"
"34504099999","48.6","34.9666666","143.0","2014-04-21","  50.3","110000","999.9","  66.0","  51.3","  9.7"," 0.02","1015.5","999.9","998.0","  54.6","  5.2","  7.1"
"34504099999","48.6","34.9666666","143.0","2014-04-22","  48.7","000000","999.9","  68.4","  47.1","  5.8"," 0.00","1017.9","999.9","000.5","  57.6","  5.9","  3.3"
"34504099999","48.6","34.9666666","143.0","2014-04-23","  47.8","000000","999.9","  73.4","  48.2"," 11.7"," 0.00","1017.0","999.9","999.8","  61.2","  6.2","  5.3"
"34504099999","48.6","34.9666666","143.0","2014-04-24","  44.8","000000","999.9","  73.2","  47.8"," 15.5"," 0.00","1018.8","999.9","001.4","  59.0","  6.2","  9.7"
"34504099999","48.6","34.9666666","143.0","2014-04-25","  27.6","000000","999.9","  65.3","  38.3"," 11.7"," 0.00","1021.5","999.9","003.8","  51.8","  6.2","  9.0"
"34504099999","48.6","34.9666666","143.0","2014-04-26","  32.5","000000","999.9","  71.6","  39.9","  7.8"," 0.00","1017.0","999.9","999.6","  56.5","  6.2","  6.1"
"34504099999","48.6","34.9666666","143.0","2014-04-27","  35.9","000000","999.9","  70.7","  47.5","  9.7"," 0.00","1016.9","999.9","999.6","  59.3","  6.2","  6.7"
"34504099999","48.6","34.9666666","143.0","2014-04-28","  42.6","000000","999.9","  67.6","  45.9"," 19.4"," 0.00","1010.6","999.9","993.4","  57.6","  6.2"," 11.4"
"34504099999","48.6","34.9666666","143.0","2014-04-29","  50.6","010000","999.9","  57.0","  49.8","  7.8"," 0.15","1004.8","999.9","987.5","  53.5","  4.8","  5.5"
"34504099999","48.6","34.9666666","143.0","2014-04-30","  50.7","000000","999.9","  68.5","  52.0","  9.7"," 0.03","1005.1","999.9","988.0","  57.9","  5.4","  5.8"
"34504099999","48.6","34.9666666","143.0","2014-05-01","  49.8","100010","999.9","  73.8","  46.8","  7.8"," 0.00","1007.1","999.9","990.0","  59.6","  6.2","  5.3"
"34504099999","48.6","34.9666666","143.0","2014-05-02","  51.6","000000","999.9","  68.9","  51.6","  3.9"," 0.20","1007.8","999.9","990.6","  57.3","  5.6","  2.9"
"34504099999","48.6","34.9666666","143.0","2014-05-03","  47.8","000000","999.9","  73.9","  52.2","  7.8"," 0.02","1012.2","999.9","995.1","  61.0","  6.2","  4.6"
"34504099999","48.6","34.9666666","143.0","2014-05-04","  50.1","110000","999.9","  71.6","  47.8"," 13.6"," 0.00","1011.1","999.9","993.9","  60.0","  5.2","  7.5"
"34504099999","48.6","34.9666666","143.0","2014-05-05","  47.9","110000","999.9","  62.4","  45.9"," 11.7"," 0.17","1006.9","999.9","989.5","  52.2","  5.2","  9.1"
"34504099999","48.6","34.9666666","143.0","2014-05-06","  32.2","000000","999.9","  58.8","  38.7"," 11.7"," 0.00","1019.5","999.9","001.8","  47.4","  6.2","  8.1"
"34504099999","48.6","34.9666666","143.0","2014-05-07","  33.3","000000","999.9","  64.2","  39.4","  5.8"," 0.00","1026.1","999.9","008.4","  52.9","  6.2","  3.9"
"34504099999","48.6","34.9666666","143.0","2014-05-08","  38.5","000000","999.9","  69.3","  42.4"," 21.4"," 0.00","1023.8","999.9","006.2","  54.9","  6.2"," 13.6"
"34504099999","48.6","34.9666666","143.0","2014-05-09","  45.2","010000","999.9","  71.8","  46.8"," 15.5","99.99","1016.4","999.9","999.1","  59.5","  6.2"," 12.4"
"34504099999","48.6","34.9666666","143.0","2014-05-10","  56.1","010000","999.9","  78.8","  53.8"," 11.7"," 0.04","1007.6","999.9","990.7","  66.1","  6.2","  8.1"
"34504099999","48.6","34.9666666","143.0","2014-05-11","  56.3","000000","999.9","  66.7","  57.0","  7.8"," 0.00","1012.5","999.9","995.3","  60.7","  4.8","  5.3"
"34504099999","48.6","34.9666666","143.0","2014-05-12","  55.0","100000","999.9","  76.6","  53.1"," 13.6"," 0.00","1012.7","999.9","995.6","  65.3","  5.0","  6.9"
"34504099999","48.6","34.9666666","143.0","2014-05-13","  53.9","010000","999.9","  63.1","  52.5","  9.7"," 0.04","1013.9","999.9","996.7","  57.6","  4.9","  4.5"
"34504099999","48.6","34.9666666","143.0","2014-05-14","  55.2","100000","999.9","  73.9","  48.2","  7.8"," 0.00","1014.9","999.9","997.7","  62.3","  4.7","  6.7"
"34504099999","48.6","34.9666666","143.0","2014-05-15","  56.2","000000","999.9","  81.3","  53.8"," 15.5"," 0.00","1012.4","999.9","995.5","  69.2","  6.2","  8.7"
"34504099999","48.6","34.9666666","143.0","2014-05-16","  55.4","000000","999.9","  87.3","  58.5","  7.8"," 0.00","1011.2","999.9","994.5","  74.7","  6.2","  5.5"
"34504099999","48.6","34.9666666","143.0","2014-05-17","  59.1","000000","999.9","  91.0","  64.0","  5.8"," 0.00","1010.5","999.9","993.9","  75.4","  6.2","  4.3"
"34504099999","48.6","34.9666666","143.0","2014-05-18","  61.3","010000","999.9","  83.5","  63.1"," 13.6"," 0.16","1011.8","999.9","995.0","  70.9","  5.1"," 10.0"
"34504099999","48.6","34.9666666","143.0","2014-05-19","  61.7","010010","999.9","  83.7","  60.6","  7.8"," 1.10","1015.3","999.9","998.3","  67.4","  5.8","  4.9"
"34504099999","48.6","34.9666666","143.0","2014-05-20","  60.5","010010","999.9","  80.2","  58.1","  9.7"," 0.36","1019.9","999.9","002.8","  66.0","  6.2","  5.5"
"34504099999","48.6","34.9666666","143.0","2014-05-21","  52.8","000000","999.9","  84.2","  54.9","  9.7"," 0.00","1021.0","999.9","003.9","  69.6","  6.2","  7.8"
"34504099999","48.6","34.9666666","143.0","2014-05-22","  52.8","000000","999.9","  83.8","  56.5"," 11.7"," 0.00","1019.1","999.9","002.1","  70.5","  6.2"," 10.2"
"34504099999","48.6","34.9666666","143.0","2014-05-23","  50.3","010000","999.9","  81.9","  61.9"," 13.6"," 0.02","1016.5","999.9","999.7","  72.8","  6.2"," 10.3"
"34504099999","48.6","34.9666666","143.0","2014-05-24","  47.6","000000","999.9","  89.2","  61.2"," 15.5"," 0.00","1015.7","999.9","998.9","  74.1","  5.7","  8.6"
"34504099999","48.6","34.9666666","143.0","2014-05-25","  52.3","000000","999.9","  88.5","  61.0"," 13.6"," 0.00","1013.8","999.9","997.0","  74.8","  6.2","  8.6"
"34504099999","48.6","34.9666666","143.0","2014-05-26","  58.7","010000","999.9","  89.6","  64.0"," 11.7"," 0.87","1011.6","999.9","994.9","  73.7","  5.7","  7.3"
"34504099999","48.6","34.9666666","143.0","2014-05-27","  60.5","000010","999.9","  83.1","  61.5","999.9"," 0.04","1008.3","999.9","991.5","  71.7","  6.2","999.9"
"34504099999","48.6","34.9666666","143.0","2014-05-28","  59.5","000010","999.9","  83.8","  61.7","  9.7"," 0.00","1006.1","999.9","989.4","  70.3","  6.2","  5.8"
"34504099999","48.6","34.9666666","143.0","2014-05-29","  59.5","000010","999.9","  82.9","  61.0","  9.7"," 0.04","1008.2","999.9","991.4","  70.2","  6.2","  4.9"
"34504099999","48.6","34.9666666","143.0","2014-05-30","  62.3","010010","999.9","  83.3","  62.1"," 13.6"," 0.87","1009.2","999.9","992.4","  67.2","  5.8","  7.8"
"34504099999","48.6","34.9666666","143.0","2014-05-31","  60.1","010010","999.9","  72.9","  59.9"," 13.6"," 1.02","1006.3","999.9","989.3","  62.6","  5.5","  9.7"
"34504099999","48.6","34.9666666","143.0","2014-06-01","  61.4","010000","999.9","  76.5","  59.4"," 13.6"," 0.47","1006.2","999.9","989.3","  67.2","  6.2","  9.4"
"34504099999","48.6","34.9666666","143.0","2014-06-02","  61.7","010010","999.9","  76.8","  61.3"," 13.6"," 0.04","1011.3","999.9","994.5","  68.1","  6.2","  8.5"
"34504099999","48.6","34.9666666","143.0","2014-06-03","  55.3","000000","999.9","  78.1","  59.5"," 19.4"," 0.00","1012.6","999.9","995.7","  68.4","  6.2"," 12.9"
"34504099999","48.6","34.9666666","143.0","2014-06-04","  58.7","010010","999.9","  73.2","  61.2"," 13.6"," 1.22","1014.0","999.9","997.0","  64.1","  5.7","  8.3"
"34504099999","48.6","34.9666666","143.0","2014-06-05","  59.8","000000","999.9","  81.9","  59.4"," 17.5"," 0.00","1012.0","999.9","995.2","  70.4","  5.8"," 11.2"
"34504099999","48.6","34.9666666","143.0","2014-06-06","  58.1","000000","999.9","  87.1","  62.2"," 13.6"," 0.00","1011.2","999.9","994.5","  75.2","  6.2"," 10.7"
"34504099999","48.6","34.9666666","143.0","2014-06-07","  59.4","000000","999.9","  89.8","  66.9"," 11.7"," 0.00","1012.9","999.9","996.3","  76.9","  6.2","  9.2"
"34504099999","48.6","34.9666666","143.0","2014-06-08","  61.1","000000","999.9","  90.0","  65.3","  9.7"," 0.00","1015.3","999.9","998.5","  74.9","  6.2","  7.3"
"34504099999","48.6","34.9666666","143.0","2014-06-09","  60.1","000010","999.9","  85.3","  62.2"," 11.7"," 0.24","1014.0","999.9","997.2","  72.8","  6.2","  7.3"
"34504099999","48.6","34.9666666","143.0","2014-06-10","  56.1","000000","999.9","  80.1","  58.6"," 11.7"," 0.00","1010.7","999.9","993.9","  70.8","  6.2","  7.5"
"34504099999","48.6","34.9666666","143.0","2014-06-11","  56.9","010000","999.9","  72.9","  59.7"," 15.5"," 0.20","1007.9","999.9","991.0","  64.5","  6.2"," 10.8"
"34504099999","48.6","34.9666666","143.0","2014-06-12","  51.5","000000","999.9","  75.4","  55.9"," 15.5"," 0.00","1009.3","999.9","992.3","  63.3","  6.2","  9.7"
"34504099999","48.6","34.9666666","143.0","2014-06-13","  53.7","000000","999.9","  75.7","  54.3"," 13.6"," 0.08","1006.0","999.9","989.1","  64.9","  6.2","  7.3"
"34504099999","48.6","34.9666666","143.0","2014-06-14","  50.0","000000","999.9","  74.3","  55.2"," 19.4"," 0.00","1005.1","999.9","988.2","  64.8","  6.2","  9.7"
"34504099999","48.6","34.9666666","143.0","2014-06-15","  49.5","000000","999.9","  74.8","  50.5"," 11.7"," 0.00","1010.5","999.9","993.4","  63.0","  6.2","  7.2"
"34504099999","48.6","34.9666666","143.0","2014-06-16","  50.9","000000","999.9","  76.6","  51.3","  9.7"," 0.00","1013.9","999.9","996.8","  64.7","  6.2","  5.6"
"34504099999","48.6","34.9666666","143.0","2014-06-17","  53.1","010000","999.9","  75.6","  54.3","  9.7"," 0.00","1014.3","999.9","997.2","  64.8","  6.2","  6.4"
"34504099999","48.6","34.9666666","143.0","2014-06-18","  53.4","010000","999.9","  72.7","  54.3"," 13.6"," 0.11","1012.5","999.9","995.4","  62.8","  5.7","  5.5"
"34504099999","48.6","34.9666666","143.0","2014-06-19","  46.9","000000","999.9","  73.2","  47.8","  5.8"," 0.00","1013.9","999.9","996.7","  61.8","  6.2","  3.6"
"34504099999","48.6","34.9666666","143.0","2014-06-20","  51.3","010000","999.9","  77.7","  54.9"," 13.6"," 0.00","1006.7","999.9","989.7","  64.5","  6.2","  7.3"
"34504099999","48.6","34.9666666","143.0","2014-06-21","  56.8","010000","999.9","  72.0","  57.2"," 11.7"," 0.87","1003.8","999.9","986.8","  60.3","  4.5","  8.1"
"34504099999","48.6","34.9666666","143.0","2014-06-22","  51.2","000000","999.9","  76.3","  52.7","  5.8"," 0.00","1012.9","999.9","995.8","  65.0","  6.2","  4.2"
"34504099999","48.6","34.9666666","143.0","2014-06-23","  50.4","000000","999.9","  76.6","  58.1"," 13.6"," 0.00","1015.9","999.9","998.8","  66.1","  6.2","  6.8"
"34504099999","48.6","34.9666666","143.0","2014-06-24","  53.4","010010","999.9","  77.2","  53.4","  9.7"," 0.28","1014.5","999.9","997.4","  64.5","  5.5","  5.8"
"34504099999","48.6","34.9666666","143.0","2014-06-25","  59.3","010000","999.9","  77.5","  59.2","  7.8"," 0.20","1009.6","999.9","992.8","  67.9","  6.2","  4.5"
"34504099999","48.6","34.9666666","143.0","2014-06-26","  61.2","010000","999.9","  68.2","  60.6"," 13.6"," 0.31","1004.7","999.9","987.8","  63.9","  6.2","  8.3"
"34504099999","48.6","34.9666666","143.0","2014-06-27","  52.9","010000","999.9","  68.9","  54.3"," 19.4"," 0.20","1009.8","999.9","992.6","  58.6","  6.2"," 13.6"
"34504099999","48.6","34.9666666","143.0","2014-06-28","  51.0","100000","999.9","  72.9","  50.2"," 11.7"," 0.01","1019.2","999.9","001.9","  61.4","  5.2","  6.2"
"34504099999","48.6","34.9666666","143.0","2014-06-29","  50.0","000000","999.9","  76.6","  50.7","  5.8"," 0.00","1021.5","999.9","004.3","  63.8","  6.2","  4.1"
"34504099999","48.6","34.9666666","143.0","2014-06-30","  53.6","000000","999.9","  82.0","  56.5","  9.7"," 0.00","1019.1","999.9","002.1","  70.3","  6.2","  7.0"
"34504099999","48.6","34.9666666","143.0","2014-07-01","  55.4","000000","999.9","  85.5","  63.0"," 13.6"," 0.00","1014.0","999.9","997.3","  74.8","  6.2","  9.2"
"34504099999","48.6","34.9666666","143.0","2014-07-02","  58.9","000000","999.9","  78.6","  61.2","  9.7"," 0.00","1017.2","999.9","000.3","  69.2","  6.2","  6.8"
"34504099999","48.6","34.9666666","143.0","2014-07-03","  54.2","000000","999.9","  80.4","  56.8","  7.8"," 0.00","1019.0","999.9","002.0","  69.0","  6.2","  6.3"
"34504099999","48.6","34.9666666","143.0","2014-07-04","  54.9","000000","999.9","  81.1","  60.1"," 11.7"," 0.00","1016.0","999.9","999.1","  69.6","  6.2","  7.8"
"34504099999","48.6","34.9666666","143.0","2014-07-05","  58.1","000000","999.9","  84.7","  59.9"," 11.7"," 0.00","1015.2","999.9","998.4","  71.6","  6.2","  8.0"
"34504099999","48.6","34.9666666","143.0","2014-07-06","  59.1","000000","999.9","  85.1","  63.1"," 15.5"," 0.00","1014.8","999.9","998.0","  73.1","  6.2"," 10.4"
"34504099999","48.6","34.9666666","143.0","2014-07-07","  60.7","010000","999.9","  68.9","  61.3"," 11.7"," 0.12","1015.9","999.9","998.8","  64.0","  5.6","  9.7"
"34504099999","48.6","34.9666666","143.0","2014-07-08","  60.3","010000","999.9","  80.4","  61.3"," 13.6"," 0.09","1013.3","999.9","996.5","  70.6","  6.2"," 11.7"
"34504099999","48.6","34.9666666","143.0","2014-07-09","  58.9","000000","999.9","  84.0","  58.1","  9.7"," 0.00","1010.2","999.9","993.4","  71.0","  6.2","  6.6"
"34504099999","48.6","34.9666666","143.0","2014-07-10","  60.3","000000","999.9","  84.7","  62.8","  7.8"," 0.00","1008.7","999.9","992.1","  74.1","  6.2","  5.8"
"34504099999","48.6","34.9666666","143.0","2014-07-11","  62.2","010000","999.9","  90.1","  64.4","  9.7"," 0.00","1007.4","999.9","990.8","  76.7","  6.2","  6.3"
"34504099999","48.6","34.9666666","143.0","2014-07-12","  62.9","010010","999.9","  78.8","  65.3","  9.7","99.99","1007.0","999.9","990.3","  71.9","  6.2","  6.6"
"34504099999","48.6","34.9666666","143.0","2014-07-13","  64.4","010010","999.9","  80.1","  67.6","  7.8"," 0.24","1009.8","999.9","993.1","  70.6","  6.2","  4.7"
"34504099999","48.6","34.9666666","143.0","2014-07-14","  62.3","000000","999.9","  80.6","  65.8"," 11.7"," 0.00","1013.6","999.9","996.8","  71.4","  6.2","  8.7"
"34504099999","48.6","34.9666666","143.0","2014-07-15","  58.2","010000","999.9","  76.3","  64.2"," 13.6"," 0.03","1015.0","999.9","998.0","  69.2","  6.2","  9.4"
"34504099999","48.6","34.9666666","143.0","2014-07-16","  59.0","000000","999.9","  95.9","  66.6"," 13.6"," 0.00","1012.3","999.9","995.7","  78.2","  6.2"," 11.4"
"34504099999","48.6","34.9666666","143.0","2014-07-17","  58.5","010010","999.9","  80.1","  66.4"," 13.6"," 0.08","1010.8","999.9","994.0","  71.4","  6.2"," 11.4"
"34504099999","48.6","34.9666666","143.0","2014-07-18","  62.2","010000","999.9","  76.3","  66.9"," 11.7"," 0.01","1009.7","999.9","992.9","  71.6","  6.2","  7.8"
"34504099999","48.6","34.9666666","143.0","2014-07-19","  63.3","010010","999.9","  89.2","  66.0"," 13.6"," 0.32","1009.6","999.9","992.9","  72.6","  6.2","  8.3"
"34504099999","48.6","34.9666666","143.0","2014-07-20","  60.3","000000","999.9","  88.0","  63.9"," 11.7"," 0.00","1010.8","999.9","994.1","  75.3","  6.2","  9.0"
"34504099999","48.6","34.9666666","143.0","2014-07-21","  58.4","010010","999.9","  85.6","  64.0","  9.7"," 0.39","1009.4","999.9","992.6","  70.0","  5.7","  5.5"
"34504099999","48.6","34.9666666","143.0","2014-07-22","  62.2","100000","999.9","  81.5","  60.3","  7.8"," 0.12","1010.5","999.9","993.7","  71.4","  5.3","  5.5"
"34504099999","48.6","34.9666666","143.0","2014-07-23","  61.5","010010","999.9","  85.1","  61.2","  9.7","99.99","1012.4","999.9","995.6","  72.3","  6.2","  8.0"
"34504099999","48.6","34.9666666","143.0","2014-07-24","  59.6","000000","999.9","  87.4","  63.5"," 13.6"," 0.16","1010.2","999.9","993.6","  75.8","  6.2"," 11.9"
"34504099999","48.6","34.9666666","143.0","2014-07-25","  55.7","000000","999.9","  90.9","  65.3"," 15.5"," 0.00","1011.5","999.9","994.9","  77.4","  6.2"," 12.9"
"34504099999","48.6","34.9666666","143.0","2014-07-26","  55.2","000000","999.9","  88.5","  66.2"," 11.7"," 0.00","1015.1","999.9","998.4","  76.2","  6.2"," 10.2"
"34504099999","48.6","34.9666666","143.0","2014-07-27","  56.8","000000","999.9","  90.5","  63.0"," 13.6"," 0.00","1017.4","999.9","000.6","  76.1","  6.2","  9.7"
"34504099999","48.6","34.9666666","143.0","2014-07-28","  50.3","000000","999.9","  88.9","  61.9","  9.7"," 0.00","1018.6","999.9","001.7","  74.4","  6.2","  7.3"
"34504099999","48.6","34.9666666","143.0","2014-07-29","  49.8","000000","999.9","  91.2","  61.5"," 11.7"," 0.00","1015.9","999.9","999.1","  75.9","  6.2","  8.3"
"34504099999","48.6","34.9666666","143.0","2014-07-30","  54.7","000000","999.9","  93.6","  65.1","  9.7"," 0.00","1014.1","999.9","997.6","  79.4","  6.2","  7.8"
"34504099999","48.6","34.9666666","143.0","2014-07-31","  52.5","000000","999.9","  93.7","  65.8"," 11.7"," 0.00","1013.0","999.9","996.4","  79.6","  6.2","  7.8"
"34504099999","48.6","34.9666666","143.0","2014-08-01","  51.1","000000","999.9","  96.8","  64.0"," 15.5"," 0.00","1012.0","999.9","995.5","  79.9","  6.2"," 10.7"
"34504099999","48.6","34.9666666","143.0","2014-08-02","  47.8","000000","999.9","  99.0","  65.1"," 17.5"," 0.00","1012.7","999.9","996.1","  81.7","  6.2"," 11.7"
"34504099999","48.6","34.9666666","143.0","2014-08-03","  52.6","000000","999.9","  98.1","  71.1"," 17.5"," 0.00","1012.9","999.9","996.5","  83.6","  6.2"," 11.9"
"34504099999","48.6","34.9666666","143.0","2014-08-04","  59.8","000010","999.9","  95.0","  69.6"," 11.7"," 0.01","1010.9","999.9","994.3","  78.4","  5.8","  7.5"
"34504099999","48.6","34.9666666","143.0","2014-08-05","  56.1","000000","999.9","  90.5","  65.8"," 13.6"," 0.00","1009.7","999.9","993.1","  77.4","  6.2","  9.0"
"34504099999","48.6","34.9666666","143.0","2014-08-06","  56.6","000000","999.9","  91.4","  65.3","  9.7"," 0.00","1009.5","999.9","992.9","  77.7","  6.2","  7.5"
"34504099999","48.6","34.9666666","143.0","2014-08-07","  58.9","000000","999.9","  91.6","  64.6","  7.8"," 0.08","1009.8","999.9","993.2","  76.6","  6.2","  5.8"
"34504099999","48.6","34.9666666","143.0","2014-08-08","  60.1","000000","999.9","  92.5","  65.5","  9.7"," 0.00","1009.7","999.9","993.1","  77.0","  6.2","  6.6"
"34504099999","48.6","34.9666666","143.0","2014-08-09","  57.0","000000","999.9","  94.1","  67.3","  5.8"," 0.00","1010.8","999.9","994.3","  80.0","  6.2","  5.1"
"34504099999","48.6","34.9666666","143.0","2014-08-10","  59.0","000010","999.9","  94.8","  68.4"," 15.5"," 0.00","1012.4","999.9","995.9","  79.9","  6.2","  7.3"
"34504099999","48.6","34.9666666","143.0","2014-08-11","  60.1","010010","999.9","  92.3","  65.5"," 11.7"," 0.12","1012.4","999.9","995.7","  75.9","  6.2","  7.2"
"34504099999","48.6","34.9666666","143.0","2014-08-12","  60.2","000000","999.9","  90.9","  64.4","  5.8"," 0.03","1011.9","999.9","995.3","  78.9","  5.8","  3.4"
"34504099999","48.6","34.9666666","143.0","2014-08-13","  58.6","000000","999.9","  96.3","  67.6","  5.8"," 0.00","1013.0","999.9","996.6","  82.7","  6.2","  3.9"
"34504099999","48.6","34.9666666","143.0","2014-08-14","  60.5","000000","999.9","  98.1","  71.8","  5.8"," 0.00","1013.0","999.9","996.6","  84.4","  6.2","  4.4"
"34504099999","48.6","34.9666666","143.0","2014-08-15","  58.7","000000","999.9"," 102.2","  70.2"," 13.6"," 0.00","1006.9","999.9","990.7","  86.2","  6.2","  6.4"
"34504099999","48.6","34.9666666","143.0","2014-08-16","  58.3","000000","999.9","  90.3","  68.9"," 13.6"," 0.00","1006.2","999.9","989.7","  77.5","  6.2","  9.0"
"34504099999","48.6","34.9666666","143.0","2014-08-17","  57.7","010000","999.9","  80.8","  63.3","  7.8"," 0.02","1008.8","999.9","992.0","  69.4","  6.2","  7.1"
"34504099999","48.6","34.9666666","143.0","2014-08-18","  58.5","010000","999.9","  64.4","  58.1"," 11.7"," 0.28","1010.9","999.9","993.8","  61.0","  6.2"," 10.0"
"34504099999","48.6","34.9666666","143.0","2014-08-19","  53.7","000000","999.9","  83.7","  55.2","  9.7"," 0.00","1015.0","999.9","998.1","  69.3","  6.2","  6.2"
"34504099999","48.6","34.9666666","143.0","2014-08-20","  50.5","000000","999.9","  89.4","  56.8","  5.8"," 0.00","1016.6","999.9","999.7","  73.5","  6.2","  3.9"
"34504099999","48.6","34.9666666","143.0","2014-08-21","  50.4","000000","999.9","  87.8","  62.8","  7.8"," 0.00","1015.0","999.9","998.2","  74.8","  6.2","  3.3"
"34504099999","48.6","34.9666666","143.0","2014-08-22","  57.0","000000","999.9","  81.0","  61.0"," 11.7"," 0.47","1013.9","999.9","997.0","  68.4","  6.2","  7.1"
"34504099999","48.6","34.9666666","143.0","2014-08-23","  51.9","000000","999.9","  75.9","  57.4","  9.7"," 0.00","1017.1","999.9","000.0","  64.1","  6.2","  7.8"
"34504099999","48.6","34.9666666","143.0","2014-08-24","  51.0","000000","999.9","  80.6","  52.9","  7.8"," 0.00","1013.6","999.9","996.6","  68.3","  6.2","  5.8"
"34504099999","48.6","34.9666666","143.0","2014-08-25","  54.0","000000","999.9","  78.6","  57.6"," 11.7"," 0.00","1013.1","999.9","996.2","  68.0","  6.2","  7.3"
"34504099999","48.6","34.9666666","143.0","2014-08-26","  44.8","000000","999.9","  77.5","  52.5","  5.8"," 0.00","1016.6","999.9","999.5","  66.2","  6.2","  3.3"
"34504099999","48.6","34.9666666","143.0","2014-08-27","  53.3","000000","999.9","  85.5","  63.1"," 11.7"," 0.00","1008.7","999.9","992.0","  73.5","  6.2","  8.7"
"34504099999","48.6","34.9666666","143.0","2014-08-28","  58.9","010010","999.9","  73.9","  53.2"," 15.5"," 0.71","1008.3","999.9","991.3","  62.0","  4.7","  9.7"
"34504099999","48.6","34.9666666","143.0","2014-08-29","  50.7","000000","999.9","  72.7","  49.6"," 11.7"," 0.00","1016.3","999.9","999.0","  60.4","  6.2","  7.3"
"34504099999","48.6","34.9666666","143.0","2014-08-30","  48.3","000000","999.9","  76.8","  50.2","  9.7"," 0.00","1020.2","999.9","002.9","  62.9","  6.2","  5.5"
"34504099999","48.6","34.9666666","143.0","2014-08-31","  47.3","000000","999.9","  80.8","  54.3","  7.8"," 0.00","1018.5","999.9","001.4","  66.8","  6.2","  4.5"
"34504099999","48.6","34.9666666","143.0","2014-09-01","  49.7","000000","999.9","  87.1","  59.5"," 13.6"," 0.00","1014.9","999.9","998.0","  71.4","  6.2","  9.0"
"34504099999","48.6","34.9666666","143.0","2014-09-02","  49.1","000000","999.9","  90.5","  62.4"," 13.6"," 0.00","1014.6","999.9","997.8","  74.6","  6.2"," 10.7"
"34504099999","48.6","34.9666666","143.0","2014-09-03","  49.3","000000","999.9","  89.6","  62.1"," 13.6"," 0.00","1015.9","999.9","999.1","  74.0","  6.2"," 11.2"
"34504099999","48.6","34.9666666","143.0","2014-09-04","  50.5","000000","999.9","  84.0","  60.3"," 17.5"," 0.00","1017.8","999.9","000.8","  69.5","  6.2"," 14.8"
"34504099999","48.6","34.9666666","143.0","2014-09-05","  45.9","000000","999.9","  78.6","  51.6"," 15.5"," 0.00","1018.7","999.9","001.5","  64.2","  6.2"," 12.1"
"34504099999","48.6","34.9666666","143.0","2014-09-06","  46.3","000000","999.9","  83.7","  54.3"," 13.6"," 0.00","1014.9","999.9","997.9","  68.5","  6.2"," 11.2"
"34504099999","48.6","34.9666666","143.0","2014-09-07","  45.7","000000","999.9","  88.3","  57.0"," 13.6"," 0.00","1012.7","999.9","995.9","  71.5","  6.2","  9.7"
"34504099999","48.6","34.9666666","143.0","2014-09-08","  49.4","000000","999.9","  86.7","  60.6"," 13.6"," 0.00","1013.3","999.9","996.4","  70.5","  6.2","  9.0"
"34504099999","48.6","34.9666666","143.0","2014-09-09","  53.0","000000","999.9","  81.0","  57.7"," 13.6"," 0.00","1013.2","999.9","996.2","  67.0","  6.2"," 10.4"
"34504099999","48.6","34.9666666","143.0","2014-09-10","  58.9","010000","999.9","  72.7","  61.0"," 11.7"," 0.03","1014.9","999.9","997.8","  63.8","  6.2","  9.2"
"34504099999","48.6","34.9666666","143.0","2014-09-11","  51.5","000000","999.9","  78.4","  56.7"," 13.6"," 0.04","1018.6","999.9","001.5","  65.2","  6.2","  9.7"
"34504099999","48.6","34.9666666","143.0","2014-09-12","  46.0","000000","999.9","  82.2","  56.8"," 11.7"," 0.00","1019.4","999.9","002.3","  67.5","  6.2","  8.7"
"34504099999","48.6","34.9666666","143.0","2014-09-13","  49.8","000000","999.9","  81.7","  55.6","  9.7"," 0.00","1020.4","999.9","003.3","  66.7","  6.2","  7.3"
"34504099999","48.6","34.9666666","143.0","2014-09-14","  49.1","000000","999.9","  82.4","  55.2","  9.7"," 0.00","1018.9","999.9","001.8","  67.5","  6.2","  5.0"
"34504099999","48.6","34.9666666","143.0","2014-09-15","  46.9","000000","999.9","  74.7","  55.0"," 15.5"," 0.00","1018.4","999.9","001.2","  62.7","  6.2"," 12.1"
"34504099999","48.6","34.9666666","143.0","2014-09-16","  47.3","000000","999.9","  75.0","  48.6"," 13.6"," 0.00","1019.6","999.9","002.3","  60.3","  6.2"," 10.7"
"34504099999","48.6","34.9666666","143.0","2014-09-17","  40.9","000000","999.9","  73.6","  47.3"," 13.6"," 0.00","1021.9","999.9","004.5","  58.8","  6.2"," 11.2"
"34504099999","48.6","34.9666666","143.0","2014-09-18","  33.0","000000","999.9","  72.3","  46.6"," 15.5"," 0.00","1024.4","999.9","006.9","  56.8","  6.2"," 12.1"
"34504099999","48.6","34.9666666","143.0","2014-09-19","  29.6","000000","999.9","  73.0","  43.2"," 13.6"," 0.00","1025.5","999.9","007.9","  56.7","  6.2"," 10.2"
"34504099999","48.6","34.9666666","143.0","2014-09-20","  35.7","000000","999.9","  73.8","  45.0","  9.7"," 0.00","1022.4","999.9","004.9","  57.8","  6.2","  6.8"
"34504099999","48.6","34.9666666","143.0","2014-09-21","  37.7","000000","999.9","  68.4","  45.3","  9.7"," 0.00","1018.6","999.9","001.1","  55.4","  6.2","  6.1"
"34504099999","48.6","34.9666666","143.0","2014-09-22","  42.9","000000","999.9","  68.5","  45.0","  9.7"," 0.00","1012.5","999.9","995.2","  57.1","  6.2","  7.8"
"34504099999","48.6","34.9666666","143.0","2014-09-23","  55.3","010000","999.9","  64.8","  54.1"," 15.5"," 0.43","1000.4","999.9","983.3","  57.7","  4.8"," 10.0"
"34504099999","48.6","34.9666666","143.0","2014-09-24","  43.5","010000","999.9","  50.7","  40.8"," 31.1"," 2.40"," 997.3","999.9","979.8","  45.1","  3.7"," 28.2"
"34504099999","48.6","34.9666666","143.0","2014-09-25","  43.8","010000","999.9","  48.0","  40.8"," 17.5"," 0.12","1012.8","999.9","995.1","  46.3","  6.2"," 10.1"
"34504099999","48.6","34.9666666","143.0","2014-09-26","  47.6","000000","999.9","  61.7","  47.8","  3.9"," 0.00","1017.3","999.9","999.8","  52.3","  5.4","  3.2"
"34504099999","48.6","34.9666666","143.0","2014-09-27","  50.1","100000","999.9","  69.3","  46.0","  9.7"," 0.00","1017.6","999.9","000.2","  56.1","  4.3","  6.8"
"34504099999","48.6","34.9666666","143.0","2014-09-28","  48.0","000000","999.9","  66.6","  48.4"," 11.7"," 0.00","1019.9","999.9","002.4","  55.6","  6.2","  9.0"
"34504099999","48.6","34.9666666","143.0","2014-09-29","  45.8","000000","999.9","  65.8","  42.8","  7.8"," 0.00","1025.3","999.9","007.7","  53.8","  6.2","  4.7"
"34504099999","48.6","34.9666666","143.0","2014-09-30","  48.5","000000","999.9","  71.2","  46.9"," 13.6"," 0.00","1019.7","999.9","002.3","  58.2","  6.2","  7.8"
"34504099999","48.6","34.9666666","143.0","2014-10-01","  40.5","000000","999.9","  62.8","  43.3"," 15.5"," 0.00","1022.7","999.9","005.0","  53.0","  6.2","  9.5"
"34504099999","48.6","34.9666666","143.0","2014-10-02","  32.8","000000","999.9","  56.8","  37.8"," 11.7"," 0.00","1031.7","999.9","013.6","  45.2","  6.2","  7.3"
"34504099999","48.6","34.9666666","143.0","2014-10-03","  33.4","000000","999.9","  60.1","  34.5","  7.8"," 0.00","1030.4","999.9","012.4","  45.6","  6.2","  4.9"
"34504099999","48.6","34.9666666","143.0","2014-10-04","  34.8","000000","999.9","  62.4","  36.7","  9.7"," 0.00","1024.8","999.9","006.9","  47.7","  6.2","  6.1"
"34504099999","48.6","34.9666666","143.0","2014-10-05","  37.0","000000","999.9","  61.3","  39.6","  9.7"," 0.00","1024.9","999.9","007.0","  47.7","  6.2","  7.0"
"34504099999","48.6","34.9666666","143.0","2014-10-06","  34.6","000000","999.9","  61.2","  38.8"," 13.6"," 0.00","1031.6","999.9","013.6","  47.1","  6.2","  8.5"
"34504099999","48.6","34.9666666","143.0","2014-10-07","  30.7","000000","999.9","  57.9","  34.5"," 17.5"," 0.00","1034.9","999.9","016.8","  44.7","  6.2"," 12.1"
"34504099999","48.6","34.9666666","143.0","2014-10-08","  31.7","000000","999.9","  61.2","  34.7"," 13.6"," 0.00","1031.7","999.9","013.7","  45.8","  6.2","  9.0"
"34504099999","48.6","34.9666666","143.0","2014-10-09","  36.2","000000","999.9","  63.9","  35.4"," 11.7"," 0.00","1028.4","999.9","010.5","  48.6","  6.2","  6.1"
"34504099999","48.6","34.9666666","143.0","2014-10-10","  42.6","000000","999.9","  66.4","  40.8","  9.7"," 0.00","1027.0","999.9","009.3","  52.9","  6.2","  5.8"
"34504099999","48.6","34.9666666","143.0","2014-10-11","  45.1","000000","999.9","  70.7","  43.7","  5.8"," 0.00","1023.2","999.9","005.7","  54.7","  6.2","  4.4"
"34504099999","48.6","34.9666666","143.0","2014-10-12","  40.8","000000","999.9","  72.7","  43.5","  5.8"," 0.00","1020.1","999.9","002.6","  55.4","  5.6","  4.1"
"34504099999","48.6","34.9666666","143.0","2014-10-13","  40.7","000000","999.9","  72.9","  43.7","  5.8"," 0.00","1018.1","999.9","000.7","  56.0","  5.8","  3.5"
"34504099999","48.6","34.9666666","143.0","2014-10-14","  41.0","000000","999.9","  71.8","  43.2","999.9"," 0.00","1016.6","999.9","999.2","  55.9","  5.1","999.9"
"34504099999","48.6","34.9666666","143.0","2014-10-15","  47.5","000000","999.9","  70.7","  47.1","  9.7"," 0.00","1013.3","999.9","996.0","  57.5","  5.6","  5.6"
"34504099999","48.6","34.9666666","143.0","2014-10-16","  53.1","010000","999.9","  63.7","  50.9"," 13.6"," 0.00","1007.5","999.9","990.3","  55.9","  4.8","  9.7"
"34504099999","48.6","34.9666666","143.0","2014-10-17","  51.1","110000","999.9","  64.6","  48.0"," 11.7"," 0.01","1007.4","999.9","990.1","  54.6","  3.2","  5.3"
"34504099999","48.6","34.9666666","143.0","2014-10-18","  35.2","000000","999.9","  49.3","  34.9"," 17.5"," 0.04","1014.5","999.9","996.6","  41.1","  5.2"," 12.2"
"34504099999","48.6","34.9666666","143.0","2014-10-19","  24.8","000000","999.9","  46.4","  30.4"," 11.7"," 0.00","1025.6","999.9","007.3","  36.0","  6.2","  7.3"
"34504099999","48.6","34.9666666","143.0","2014-10-20","  39.2","010000","999.9","  57.7","  27.9"," 23.3","99.99","1014.6","999.9","996.9","  46.6","  6.2"," 12.6"
"34504099999","48.6","34.9666666","143.0","2014-10-21","  47.6","000000","999.9","  64.4","  46.9"," 15.5"," 0.01","1006.3","999.9","989.1","  55.3","  6.2","  8.9"
"34504099999","48.6","34.9666666","143.0","2014-10-22","  45.9","000000","999.9","  63.3","  44.1"," 11.7"," 0.00","1008.8","999.9","991.4","  51.6","  4.4","  5.1"
"34504099999","48.6","34.9666666","143.0","2014-10-23","  34.6","010000","999.9","  46.0","  32.5"," 19.4"," 0.02","1017.3","999.9","999.3","  38.5","  5.5"," 16.5"
"34504099999","48.6","34.9666666","143.0","2014-10-24","  17.1","010000","999.9","  33.8","  26.2"," 21.4"," 0.08","1028.7","999.9","010.1","  29.1","  6.2"," 18.3"
"34504099999","48.6","34.9666666","143.0","2014-10-25","  15.0","000000","999.9","  40.6","  21.2"," 17.5"," 0.00","1034.4","999.9","015.6","  29.0","  6.2"," 14.6"
"34504099999","48.6","34.9666666","143.0","2014-10-26","  13.2","000000","999.9","  44.1","  20.5"," 13.6"," 0.00","1037.3","999.9","018.5","  30.2","  6.2"," 11.9"
"34504099999","48.6","34.9666666","143.0","2014-10-27","  15.8","000000","999.9","  47.1","  22.1"," 15.5"," 0.00","1036.1","999.9","017.5","  32.9","  6.2"," 11.4"
"34504099999","48.6","34.9666666","143.0","2014-10-28","  22.1","000000","999.9","  53.2","  26.6"," 11.7"," 0.00","1033.2","999.9","014.8","  37.5","  6.2","  9.2"
"34504099999","48.6","34.9666666","143.0","2014-10-29","  26.0","000000","999.9","  57.7","  28.9"," 13.6"," 0.00","1028.7","999.9","010.5","  41.0","  6.2"," 10.0"
"34504099999","48.6","34.9666666","143.0","2014-10-30","  33.2","000000","999.9","  58.1","  32.2"," 15.5"," 0.00","1023.2","999.9","005.2","  43.1","  6.2"," 10.2"
"34504099999","48.6","34.9666666","143.0","2014-10-31","  37.0","000000","999.9","  56.7","  34.0"," 11.7"," 0.00","1019.4","999.9","001.5","  43.3","  5.9","  9.0"
"34504099999","48.6","34.9666666","143.0","2014-11-01","  29.9","000000","999.9","  42.8","  33.4"," 13.6"," 0.00","1017.9","999.9","999.9","  38.6","  4.8"," 10.4"
"34504099999","48.6","34.9666666","143.0","2014-11-02","  24.5","000000","999.9","  42.8","  28.6"," 11.7"," 0.00","1023.5","999.9","005.2","  34.7","  6.2"," 10.2"
"34504099999","48.6","34.9666666","143.0","2014-11-03","  19.2","000000","999.9","  39.7","  22.3","  5.8"," 0.00","1026.6","999.9","008.1","  31.8","  6.2","  3.9"
"34504099999","48.6","34.9666666","143.0","2014-11-04","  25.7","000000","999.9","  46.9","  31.6","  9.7"," 0.00","1026.1","999.9","007.8","  38.4","  6.2","  6.4"
"34504099999","48.6","34.9666666","143.0","2014-11-05","  31.7","000000","999.9","  53.4","  29.7"," 11.7"," 0.00","1024.3","999.9","006.2","  40.6","  5.7","  8.3"
"34504099999","48.6","34.9666666","143.0","2014-11-06","  39.9","000000","999.9","  55.8","  38.7"," 11.7"," 0.00","1024.4","999.9","006.5","  45.2","  6.2","  7.5"
"34504099999","48.6","34.9666666","143.0","2014-11-07","  42.9","000000","999.9","  52.7","  37.4","  7.8"," 0.00","1023.8","999.9","005.9","  46.1","  3.3","  4.4"
"34504099999","48.6","34.9666666","143.0","2014-11-08","  42.7","100000","999.9","  57.7","  43.2","  9.7"," 0.00","1023.6","999.9","005.7","  47.8","  4.3","  7.5"
"34504099999","48.6","34.9666666","143.0","2014-11-09","  35.3","000000","999.9","  64.2","  36.7","  9.7"," 0.00","1023.9","999.9","006.0","  47.4","  6.2","  6.1"
"34504099999","48.6","34.9666666","143.0","2014-11-10","  37.8","100000","999.9","  45.3","  34.2"," 11.7"," 0.00","1024.5","999.9","006.4","  40.9","  3.2"," 10.0"
"34504099999","48.6","34.9666666","143.0","2014-11-11","  41.0","000000","999.9","  47.5","  42.6"," 11.7"," 0.00","1026.5","999.9","008.5","  45.4","  6.1","  8.0"
"34504099999","48.6","34.9666666","143.0","2014-11-12","  40.5","010000","999.9","  45.1","  41.4","  7.8"," 0.00","1024.9","999.9","006.9","  43.6","  5.0","  5.5"
"34504099999","48.6","34.9666666","143.0","2014-11-13","  36.6","000000","999.9","  51.8","  38.7","  9.7"," 0.00","1022.7","999.9","004.8","  43.4","  5.3","  7.3"
"34504099999","48.6","34.9666666","143.0","2014-11-14","  36.7","000000","999.9","  50.2","  34.9"," 11.7"," 0.00","1023.0","999.9","004.9","  42.1","  5.8","  9.0"
"34504099999","48.6","34.9666666","143.0","2014-11-15","  38.8","000000","999.9","  45.7","  41.0"," 11.7"," 0.00","1023.0","999.9","005.1","  42.6","  6.2","  9.5"
"34504099999","48.6","34.9666666","143.0","2014-11-16","  33.7","000000","999.9","  42.1","  32.4"," 15.5"," 0.00","1024.0","999.9","005.8","  38.2","  6.2"," 11.7"
"34504099999","48.6","34.9666666","143.0","2014-11-17","  22.7","011010","999.9","  32.5","  26.4"," 15.5","99.99","1026.0","999.9","007.5","  29.4","  6.2"," 13.1"
"34504099999","48.6","34.9666666","143.0","2014-11-18","  29.1","010000","999.9","  32.2","  26.2","  7.8"," 0.35","1026.8","999.9","008.2","  30.5","  3.5","  6.8"
"34504099999","48.6","34.9666666","143.0","2014-11-19","  31.5","100000","999.9","  32.7","  31.3"," 13.6"," 0.00","1028.1","999.9","009.6","  32.1","  0.8","  9.7"
"34504099999","48.6","34.9666666","143.0","2014-11-20","  30.7","110000","999.9","  37.6","  32.0"," 17.5"," 0.00","1025.0","999.9","006.6","  34.1","  4.4"," 14.6"
"34504099999","48.6","34.9666666","143.0","2014-11-21","  15.4","000000","999.9","  39.9","  25.3"," 23.3"," 0.00","1025.5","999.9","007.0","  31.0","  6.2"," 19.2"
"34504099999","48.6","34.9666666","143.0","2014-11-22","  17.9","000000","999.9","  27.5","  18.7"," 13.6"," 0.00","1027.9","999.9","009.0","  22.3","  6.2"," 11.4"
"34504099999","48.6","34.9666666","143.0","2014-11-23","  16.5","000000","999.9","  28.8","  15.3","  7.8"," 0.00","1030.9","999.9","011.8","  20.4","  6.2","  7.8"
"34504099999","48.6","34.9666666","143.0","2014-11-24","  21.7","000000","999.9","  35.2","  19.4"," 15.5"," 0.00","1034.3","999.9","015.4","  26.0","  4.9"," 12.6"
"34504099999","48.6","34.9666666","143.0","2014-11-25","  19.7","001000","999.9","  28.8","  22.8"," 13.6","99.99","1032.9","999.9","014.0","  25.5","  6.2"," 12.4"
"34504099999","48.6","34.9666666","143.0","2014-11-26","  16.2","001000","999.9","  28.6","  21.7"," 15.5"," 0.02","1026.8","  0.4","008.0","  24.6","  5.7"," 13.6"
"34504099999","48.6","34.9666666","143.0","2014-11-27","  17.1","001000","999.9","  27.1","  22.5"," 11.7"," 0.00","1025.9","999.9","007.2","  24.8","  5.7","  9.4"
"34504099999","48.6","34.9666666","143.0","2014-11-28","  25.5","001000","999.9","  29.1","  25.5","999.9"," 0.03","1027.6","  0.4","008.9","  27.8","  3.5","999.9"
"34504099999","48.6","34.9666666","143.0","2014-11-29","  26.8","001000","999.9","  31.5","  27.0"," 11.7"," 0.53","1025.2","  0.4","006.7","  28.7","  2.1","  7.8"
"34504099999","48.6","34.9666666","143.0","2014-11-30","  20.1","001000","999.9","  25.2","  21.2"," 13.6"," 0.11","1021.2","  7.9","002.4","  22.6","  3.7"," 11.3"
"34504099999","48.6","34.9666666","143.0","2014-12-01","   9.9","001000","999.9","  18.5","   9.0"," 13.6"," 0.24","1026.2","  8.3","007.0","  13.9","  3.5"," 10.3"
"34504099999","48.6","34.9666666","143.0","2014-12-02","  10.3","100000","999.9","  22.6","   2.5","  9.7"," 0.00","1030.8","  7.9","011.5","  13.7","  2.8","  7.1"
"34504099999","48.6","34.9666666","143.0","2014-12-03","   8.6","100000","999.9","  20.1","   8.1","  9.7"," 0.00","1037.0","  5.9","017.5","  12.1","  4.2","  6.3"
"34504099999","48.6","34.9666666","143.0","2014-12-04","  10.4","000000","999.9","  21.2","   5.5","  7.8"," 0.00","1031.3","  5.5","012.1","  14.3","  5.5","  6.8"
"34504099999","48.6","34.9666666","143.0","2014-12-05","  12.0","001000","999.9","  24.1","   7.9"," 11.7","99.99","1031.1","  5.1","011.9","  16.2","  4.5","  9.0"
"34504099999","48.6","34.9666666","143.0","2014-12-06","  18.0","000000","999.9","  23.4","  18.9"," 11.7"," 0.00","1031.4","  4.7","012.4","  20.6","  3.7","  8.3"
"34504099999","48.6","34.9666666","143.0","2014-12-07","  21.5","010000","999.9","  29.3","  16.5","  9.7","99.99","1023.9","  4.3","005.1","  24.3","  5.7","  8.5"
"34504099999","48.6","34.9666666","143.0","2014-12-08","  31.4","110000","999.9","  32.5","  27.9","  5.8"," 0.03","1019.6","  4.3","001.3","  32.1","  1.5","  4.4"
"34504099999","48.6","34.9666666","143.0","2014-12-09","  31.8","100000","999.9","  34.0","  31.8"," 17.5"," 0.00","1020.8","  3.5","002.5","  32.4","  2.3"," 11.4"
"34504099999","48.6","34.9666666","143.0","2014-12-10","  33.3","110000","999.9","  35.8","  31.8"," 15.5","99.99","1019.7","  2.4","001.5","  34.1","  1.8","  9.7"
"34504099999","48.6","34.9666666","143.0","2014-12-11","  33.0","110000","999.9","  34.9","  32.5"," 11.7"," 0.20","1016.4","  2.0","998.2","  33.4","  0.8","  8.1"
"34504099999","48.6","34.9666666","143.0","2014-12-12","  33.5","100000","999.9","  36.3","  30.7","  9.7"," 0.00","1017.7","  0.4","999.4","  33.8","  1.1","  6.2"
"34504099999","48.6","34.9666666","143.0","2014-12-13","  28.6","100000","999.9","  34.2","  24.6","  9.7"," 0.00","1024.1","999.9","005.6","  29.5","  1.7","  8.2"
"34504099999","48.6","34.9666666","143.0","2014-12-14","  33.0","100000","999.9","  38.8","  29.3"," 11.7"," 0.00","1026.1","999.9","007.7","  33.5","  2.0","  7.3"
"34504099999","48.6","34.9666666","143.0","2014-12-15","  30.4","100000","999.9","  37.2","  29.8","  7.8"," 0.00","1026.9","999.9","008.4","  31.4","  2.5","  5.1"
"34504099999","48.6","34.9666666","143.0","2014-12-16","  32.3","000000","999.9","  36.9","  30.0","  7.8"," 0.00","1025.8","999.9","007.4","  34.4","  4.6","  4.6"
"34504099999","48.6","34.9666666","143.0","2014-12-17","  37.2","010000","999.9","  43.7","  34.9"," 11.7","99.99","1017.4","999.9","999.4","  39.1","  4.5","  9.2"
"34504099999","48.6","34.9666666","143.0","2014-12-18","  39.0","110000","999.9","  43.2","  36.1"," 13.6"," 0.03","1013.5","999.9","995.5","  39.4","  0.9"," 10.0"
"34504099999","48.6","34.9666666","143.0","2014-12-19","  30.0","100000","999.9","  33.8","  25.0"," 11.7"," 0.00","1017.2","999.9","998.9","  30.3","  0.6","  8.6"
"34504099999","48.6","34.9666666","143.0","2014-12-20","  39.4","110000","999.9","  43.5","  30.9"," 13.6"," 0.08","1012.6","999.9","994.7","  40.3","  2.5"," 11.7"
"34504099999","48.6","34.9666666","143.0","2014-12-21","  31.8","100000","999.9","  35.8","  29.1","  5.8"," 0.02","1012.1","999.9","993.9","  32.4","  1.6","  4.9"
"34504099999","48.6","34.9666666","143.0","2014-12-22","  30.2","011000","999.9","  37.8","  29.3"," 11.7"," 0.00","1013.1","999.9","994.9","  33.0","  6.2"," 10.8"
"34504099999","48.6","34.9666666","143.0","2014-12-23","  38.2","010000","999.9","  47.7","  33.1"," 13.6"," 0.15","1002.5","999.9","984.8","  40.6","  4.8"," 11.7"
"34504099999","48.6","34.9666666","143.0","2014-12-24","  37.2","010000","999.9","  46.0","  36.1"," 19.4"," 0.04","1008.6","999.9","990.9","  41.7","  5.5"," 10.8"
"34504099999","48.6","34.9666666","143.0","2014-12-25","  36.0","000000","999.9","  44.8","  35.8"," 15.5"," 0.00","1009.5","999.9","991.7","  41.3","  6.2"," 11.3"
"34504099999","48.6","34.9666666","143.0","2014-12-26","  24.9","000000","999.9","  36.3","  25.0"," 11.7"," 0.00","1018.8","999.9","000.4","  30.4","  6.2","  6.6"
"34504099999","48.6","34.9666666","143.0","2014-12-27","  18.8","001000","999.9","  24.3","  21.6"," 19.4"," 0.31","1013.6","999.9","995.0","  22.6","  3.9"," 15.3"
"34504099999","48.6","34.9666666","143.0","2014-12-28","  16.4","001000","999.9","  23.4","  17.1"," 19.4"," 0.76","1009.6","  7.5","991.0","  19.7","  4.9"," 11.0"
"34504099999","48.6","34.9666666","143.0","2014-12-29","  16.5","001000","999.9","  22.5","  14.9"," 27.2"," 0.71","1008.1","  7.5","989.4","  18.9","  2.9"," 17.2"
"34504099999","48.6","34.9666666","143.0","2014-12-30","  13.1","001000","999.9","  22.1","  12.0"," 19.4"," 0.22","1017.1"," 14.6","998.2","  16.8","  4.0"," 13.9"
"34504099999","48.6","34.9666666","143.0","2014-12-31","   1.0","000000","999.9","  12.2","  -2.7","  9.7"," 0.00","1031.5"," 13.4","011.8","   5.1","  4.5","  5.8"
"34504099999","48.6","34.9666666","143.0","2015-01-01","   3.1","100000","999.9","  17.6","  -8.0","  9.7"," 0.00","1025.3"," 13.0","005.8","   6.4","  4.8","  6.4"
"34504099999","48.6","34.9666666","143.0","2015-01-02","  25.1","101000","999.9","  31.6","  16.3"," 17.5"," 0.02","1017.9"," 12.2","999.4","  26.4","  2.1","  6.3"
"34504099999","48.6","34.9666666","143.0","2015-01-03","  29.9","001000","999.9","  36.7","  28.6"," 15.5"," 0.09","1009.1"," 11.8","991.0","  32.4","  4.1"," 10.8"
"34504099999","48.6","34.9666666","143.0","2015-01-04","  27.5","011000","999.9","  33.4","  28.8"," 13.6"," 0.04","1003.9"," 12.2","985.8","  30.7","  5.4"," 10.0"
"34504099999","48.6","34.9666666","143.0","2015-01-05","  24.6","101000","999.9","  30.2","  23.2","  7.8"," 0.01","1003.9"," 10.6","985.6","  26.9","  4.5","  5.8"
"34504099999","48.6","34.9666666","143.0","2015-01-06","  12.4","101000","999.9","  22.5","  10.2"," 17.5"," 0.03","1014.1"," 10.6","995.2","  15.8","  3.6"," 10.4"
"34504099999","48.6","34.9666666","143.0","2015-01-07","  -8.4","000000","999.9","   1.4","  -4.0"," 17.5"," 0.01","1028.5"," 10.6","008.6","  -0.9","  6.2"," 13.6"
"34504099999","48.6","34.9666666","143.0","2015-01-08"," -12.1","000000","999.9","   4.1","  -9.6"," 11.7"," 0.00","1037.5"," 10.6","017.3","  -4.6","  6.2","  5.6"
"34504099999","48.6","34.9666666","143.0","2015-01-09","   4.5","001000","999.9","  24.3"," -10.1"," 13.6"," 0.12","1021.0","  9.8","001.7","   8.4","  5.4"," 11.1"
"34504099999","48.6","34.9666666","143.0","2015-01-10","  29.8","001000","999.9","  32.7","  19.6"," 11.7"," 0.10","1001.8"," 10.6","983.8","  30.9","  4.3","  8.4"
"34504099999","48.6","34.9666666","143.0","2015-01-11","  31.4","010000","999.9","  39.0","  32.0"," 15.5"," 0.18","1001.9"," 10.6","984.0","  34.0","  4.9"," 12.5"
"34504099999","48.6","34.9666666","143.0","2015-01-12","  28.6","000000","999.9","  35.4","  29.7"," 11.7"," 0.00","1008.8","  8.7","990.6","  32.7","  6.2","  8.5"
"34504099999","48.6","34.9666666","143.0","2015-01-13","  24.5","000000","999.9","  37.2","  23.4"," 15.5"," 0.00","1022.3","  8.3","003.8","  29.7","  6.2"," 10.7"
"34504099999","48.6","34.9666666","143.0","2015-01-14","  28.1","100000","999.9","  35.6","  25.5"," 13.6"," 0.00","1021.4","  8.3","003.0","  30.2","  5.4","  9.5"
"34504099999","48.6","34.9666666","143.0","2015-01-15","  30.9","100000","999.9","  34.9","  29.7","  7.8"," 0.00","1018.1","  8.3","999.9","  33.0","  4.4","  3.9"
"34504099999","48.6","34.9666666","143.0","2015-01-16","  29.5","000000","999.9","  35.1","  30.9","  5.8"," 0.01","1026.0","  8.3","007.6","  32.7","  5.7","  5.3"
"34504099999","48.6","34.9666666","143.0","2015-01-17","  28.4","000000","999.9","  32.9","  30.9"," 11.7"," 0.00","1028.1","  8.3","009.6","  32.0","  5.4","  8.7"
"34504099999","48.6","34.9666666","143.0","2015-01-18","  31.3","100000","999.9","  34.7","  31.1"," 11.7"," 0.00","1024.7","999.9","006.2","  32.8","  2.7","  9.0"
"34504099999","48.6","34.9666666","143.0","2015-01-19","  32.8","110000","999.9","  36.0","  32.4","  7.8"," 0.08","1018.6","  7.5","000.4","  33.6","  1.1","  5.5"
"34504099999","48.6","34.9666666","143.0","2015-01-20","  33.9","110000","999.9","  36.1","  32.9","  9.7"," 0.21","1017.8","  5.9","999.6","  33.9","  0.2","  7.1"
"34504099999","48.6","34.9666666","143.0","2015-01-21","  32.8","100000","999.9","  34.7","  32.5"," 11.7"," 0.01","1021.8","  5.1","003.4","  32.9","  0.2","  7.8"
"34504099999","48.6","34.9666666","143.0","2015-01-22","  32.8","100000","999.9","  34.9","  32.2","  7.8"," 0.02","1025.5","  5.1","007.1","  32.8","  0.1","  5.8"
"34504099999","48.6","34.9666666","143.0","2015-01-23","  32.0","100000","999.9","  34.9","  30.9"," 17.5"," 0.00","1027.9","  3.9","009.4","  32.5","  2.0","  9.2"
"34504099999","48.6","34.9666666","143.0","2015-01-24","  25.9","100000","999.9","  30.9","  24.4"," 19.4"," 0.00","1024.4","  3.1","005.8","  27.1","  3.6"," 15.8"
"34504099999","48.6","34.9666666","143.0","2015-01-25","  26.2","000000","999.9","  29.7","  24.4"," 15.5"," 0.00","1021.2","  2.8","002.7","  28.1","  5.1"," 11.7"
"34504099999","48.6","34.9666666","143.0","2015-01-26","  30.0","110000","999.9","  33.6","  29.1","  9.7"," 0.01","1021.7","  2.8","003.3","  31.3","  4.0","  6.4"
"34504099999","48.6","34.9666666","143.0","2015-01-27","  30.6","110000","999.9","  31.1","  30.7","  5.8"," 0.16","1019.7","  2.4","001.3","  30.9","  1.0","  4.4"
"34504099999","48.6","34.9666666","143.0","2015-01-28","  29.9","100000","999.9","  31.1","  29.1","  9.7"," 0.02","1015.2","  2.4","996.8","  30.2","  1.0","  7.8"
"34504099999","48.6","34.9666666","143.0","2015-01-29","  30.5","110000","999.9","  31.3","  29.8","  5.8","99.99","1010.5","  2.4","992.3","  30.8","  0.8","  4.4"
"34504099999","48.6","34.9666666","143.0","2015-01-30","  34.5","110000","999.9","  38.7","  30.6"," 13.6"," 0.03","1006.1","  1.6","988.1","  34.6","  0.9"," 10.3"
"34504099999","48.6","34.9666666","143.0","2015-01-31","  40.2","010000","999.9","  46.0","  36.5"," 19.4"," 0.25"," 998.4","  0.4","980.9","  42.5","  5.6"," 13.6"
"34504099999","48.6","34.9666666","143.0","2015-02-01","  41.7","010000","999.9","  48.6","  37.9"," 23.3"," 0.87"," 994.4","999.9","977.0","  43.3","  4.5"," 14.2"
"34504099999","48.6","34.9666666","143.0","2015-02-02","  35.9","010000","999.9","  43.9","  35.4"," 13.6"," 0.31"," 998.5","999.9","980.8","  38.3","  5.0","  8.3"
"34504099999","48.6","34.9666666","143.0","2015-02-03","  30.9","010000","999.9","  34.5","  31.8"," 11.7"," 0.18","1003.2","999.9","985.2","  32.9","  4.5","  5.5"
"34504099999","48.6","34.9666666","143.0","2015-02-04","  27.4","010000","999.9","  36.9","  28.0"," 17.5"," 0.20","1015.9","  2.4","997.6","  31.7","  5.6","  9.4"
"34504099999","48.6","34.9666666","143.0","2015-02-05","  31.2","111000","999.9","  37.2","  27.0"," 11.7"," 0.01","1016.4","  0.4","998.2","  33.1","  4.9","  9.4"
"34504099999","48.6","34.9666666","143.0","2015-02-06","  25.1","000000","999.9","  32.5","  21.2"," 11.7"," 0.00","1020.4","999.9","001.9","  28.5","  6.2"," 10.0"
"34504099999","48.6","34.9666666","143.0","2015-02-07","  19.4","001000","999.9","  28.4","  19.9","  9.7"," 0.01","1014.3","999.9","995.8","  24.4","  6.1","  8.0"
"34504099999","48.6","34.9666666","143.0","2015-02-08","  26.1","010000","999.9","  36.5","  27.1"," 15.5","99.99","1001.5","999.9","983.4","  31.2","  5.8"," 10.9"
"34504099999","48.6","34.9666666","143.0","2015-02-09","  23.2","001000","999.9","  31.5","  27.1","  9.7"," 0.02","1005.0","  0.4","986.8","  29.0","  5.3","  6.7"
"34504099999","48.6","34.9666666","143.0","2015-02-10","  19.5","001000","999.9","  27.3","  22.8"," 13.6"," 0.02","1016.7","  0.4","998.1","  24.6","  5.5"," 10.0"
"34504099999","48.6","34.9666666","143.0","2015-02-11","  21.1","000000","999.9","  31.5","  21.2"," 19.4"," 0.01","1023.0","999.9","004.4","  25.6","  6.2"," 16.1"
"34504099999","48.6","34.9666666","143.0","2015-02-12","  20.8","000000","999.9","  39.6","  20.5"," 15.5"," 0.00","1027.3","999.9","008.7","  28.1","  6.2"," 11.7"
"34504099999","48.6","34.9666666","143.0","2015-02-13","  21.6","000000","999.9","  35.4","  20.7","  9.7"," 0.00","1027.9","999.9","009.1","  26.7","  5.5","  7.8"
"34504099999","48.6","34.9666666","143.0","2015-02-14","  23.6","100000","999.9","  31.1","  21.9","  5.8"," 0.00","1027.0","999.9","008.3","  24.8","  1.8","  4.4"
"34504099999","48.6","34.9666666","143.0","2015-02-15","  22.0","100000","999.9","  25.7","  19.8","  5.8"," 0.00","1024.6","999.9","005.8","  23.2","  2.2","  3.6"
"34504099999","48.6","34.9666666","143.0","2015-02-16","  14.5","001000","999.9","  26.4","  13.8"," 19.4"," 0.02","1028.1","  0.4","009.2","  19.9","  5.8"," 14.4"
"34504099999","48.6","34.9666666","143.0","2015-02-17","   7.5","000000","999.9","  24.3","  10.2"," 17.5"," 0.00","1037.0","  0.8","017.7","  17.4","  6.2"," 14.4"
"34504099999","48.6","34.9666666","143.0","2015-02-18","   5.7","000000","999.9","  29.1","   9.1"," 11.7"," 0.00","1035.9","  0.4","016.7","  17.8","  6.2","  6.7"
"34504099999","48.6","34.9666666","143.0","2015-02-19","  18.1","000000","999.9","  34.9","  12.2","  9.7"," 0.00","1022.4","  0.4","003.7","  25.1","  5.8","  6.1"
"34504099999","48.6","34.9666666","143.0","2015-02-20","  21.4","000000","999.9","  38.8","  25.9","  5.8"," 0.00","1023.1","999.9","004.6","  30.6","  5.9","  4.5"
"34504099999","48.6","34.9666666","143.0","2015-02-21","  19.1","000000","999.9","  38.3","  21.4","  9.7"," 0.00","1023.7","999.9","005.2","  29.5","  6.2","  6.6"
"34504099999","48.6","34.9666666","143.0","2015-02-22","  23.5","000000","999.9","  43.7","  20.5","  9.7"," 0.00","1023.3","999.9","004.9","  32.1","  6.2","  6.8"
"34504099999","48.6","34.9666666","143.0","2015-02-23","  28.9","000000","999.9","  50.7","  28.2","  9.7"," 0.00","1020.6","999.9","002.5","  38.0","  6.2","  8.3"
"34504099999","48.6","34.9666666","143.0","2015-02-24","  27.3","000000","999.9","  52.9","  29.5"," 13.6"," 0.00","1015.6","999.9","997.6","  39.7","  6.2","  9.7"
"34504099999","48.6","34.9666666","143.0","2015-02-25","  25.2","000000","999.9","  46.0","  30.6"," 13.6"," 0.00","1017.0","999.9","998.9","  36.1","  6.2","  7.8"
"34504099999","48.6","34.9666666","143.0","2015-02-26","  32.0","110000","999.9","  38.3","  33.1"," 13.6"," 0.16","1022.2","999.9","003.9","  36.7","  3.9","  9.2"
"34504099999","48.6","34.9666666","143.0","2015-02-27","  40.5","100000","999.9","  57.2","  34.9"," 11.7"," 0.00","1020.3","999.9","002.5","  45.3","  3.9","  7.8"
"34504099999","48.6","34.9666666","143.0","2015-02-28","  32.8","000000","999.9","  38.5","  33.8"," 13.6"," 0.00","1017.5","999.9","999.3","  35.8","  5.2"," 10.3"
"34504099999","48.6","34.9666666","143.0","2015-03-01","  29.7","000000","999.9","  38.1","  32.2","  7.8"," 0.00","1018.7","999.9","000.4","  34.2","  6.2","  5.3"
"34504099999","48.6","34.9666666","143.0","2015-03-02","  29.8","000000","999.9","  35.4","  31.1","  5.8"," 0.00","1017.6","999.9","999.4","  33.8","  5.2","  4.2"
"34504099999","48.6","34.9666666","143.0","2015-03-03","  35.3","000000","999.9","  43.3","  31.8","  9.7"," 0.03","1013.9","999.9","995.9","  37.6","  4.7","  6.8"
"34504099999","48.6","34.9666666","143.0","2015-03-04","  32.3","011000","999.9","  37.4","  32.4"," 13.6"," 0.59","1013.9","999.9","995.7","  33.4","  1.3","  9.4"
"34504099999","48.6","34.9666666","143.0","2015-03-05","  30.6","000000","999.9","  40.8","  30.6"," 15.5"," 0.16","1024.4","  0.8","006.1","  35.6","  6.2","  8.1"
"34504099999","48.6","34.9666666","143.0","2015-03-06","  28.1","000000","999.9","  43.7","  28.9","  5.8"," 0.00","1029.2","999.9","010.9","  35.8","  6.2","  3.3"
"34504099999","48.6","34.9666666","143.0","2015-03-07","  28.3","000000","999.9","  43.9","  29.1","  9.7"," 0.01","1032.1","999.9","013.6","  36.0","  6.2","  7.2"
"34504099999","48.6","34.9666666","143.0","2015-03-08","  27.0","000000","999.9","  45.1","  26.6","  5.8"," 0.00","1034.9","999.9","016.3","  35.1","  6.2","  4.9"
"34504099999","48.6","34.9666666","143.0","2015-03-09","  27.9","000000","999.9","  50.9","  27.7","  7.8"," 0.00","1032.3","999.9","014.0","  38.9","  6.2","  4.1"
"34504099999","48.6","34.9666666","143.0","2015-03-10","  30.1","000000","999.9","  57.0","  31.1","  7.8"," 0.00","1028.8","999.9","010.7","  43.9","  6.2","  4.9"
"34504099999","48.6","34.9666666","143.0","2015-03-11","  28.3","000000","999.9","  64.9","  36.1"," 15.5"," 0.00","1018.7","999.9","001.0","  50.5","  5.8","  9.7"
"34504099999","48.6","34.9666666","143.0","2015-03-12","  35.8","010000","999.9","  46.9","  41.5"," 11.7"," 0.40","1013.7","999.9","995.8","  43.3","  5.6","  7.5"
"34504099999","48.6","34.9666666","143.0","2015-03-13","  37.9","010000","999.9","  40.1","  38.8"," 17.5"," 1.54","1017.0","999.9","999.0","  39.1","  2.2"," 14.9"
"34504099999","48.6","34.9666666","143.0","2015-03-14","  38.2","000000","999.9","  45.0","  37.8"," 15.5"," 0.04","1029.7","999.9","011.5","  40.8","  5.2"," 13.0"
"34504099999","48.6","34.9666666","143.0","2015-03-15","  30.9","000000","999.9","  50.7","  33.4"," 19.4"," 0.00","1033.6","999.9","015.3","  41.4","  6.2"," 16.8"
"34504099999","48.6","34.9666666","143.0","2015-03-16","  21.6","000000","999.9","  54.0","  32.2"," 19.4"," 0.00","1037.8","999.9","019.5","  41.0","  6.2"," 16.0"
"34504099999","48.6","34.9666666","143.0","2015-03-17","  22.7","000000","999.9","  44.2","  27.3"," 23.3"," 0.00","1036.8","999.9","018.2","  33.6","  6.2"," 16.0"
"34504099999","48.6","34.9666666","143.0","2015-03-18","  28.4","000000","999.9","  44.2","  29.3"," 17.5"," 0.00","1031.3","999.9","012.9","  37.2","  6.2"," 15.8"
"34504099999","48.6","34.9666666","143.0","2015-03-19","  29.2","000000","999.9","  47.3","  35.8"," 13.6"," 0.00","1026.3","999.9","008.2","  40.9","  6.2","  9.5"
"34504099999","48.6","34.9666666","143.0","2015-03-20","  30.2","000000","999.9","  53.4","  40.1"," 13.6"," 0.00","1018.7","999.9","000.8","  44.1","  6.2","  9.7"
"34504099999","48.6","34.9666666","143.0","2015-03-21","  25.6","000000","999.9","  54.9","  38.5","  7.8"," 0.00","1014.2","999.9","996.4","  45.1","  6.2","  5.8"
"34504099999","48.6","34.9666666","143.0","2015-03-22","  27.0","010000","999.9","  59.9","  33.8"," 19.4","99.99","1012.8","999.9","995.0","  45.2","  5.8"," 10.9"
"34504099999","48.6","34.9666666","143.0","2015-03-23","  15.6","000000","999.9","  40.1","  25.2"," 13.6"," 0.04","1022.4","999.9","004.0","  31.7","  6.2","  9.2"
"34504099999","48.6","34.9666666","143.0","2015-03-24","  15.1","000000","999.9","  46.2","  23.2","  9.7"," 0.00","1024.8","999.9","006.4","  34.8","  6.2","  6.9"
"34504099999","48.6","34.9666666","143.0","2015-03-25","  25.8","000000","999.9","  55.4","  26.2"," 11.7"," 0.00","1024.6","999.9","006.5","  41.7","  6.2","  8.7"
"34504099999","48.6","34.9666666","143.0","2015-03-26","  32.8","000000","999.9","  59.4","  29.8","  7.8"," 0.00","1022.1","999.9","004.3","  46.2","  5.3","  5.4"
"34504099999","48.6","34.9666666","143.0","2015-03-27","  34.1","000000","999.9","  69.4","  37.2"," 15.5"," 0.00","1016.7","999.9","999.2","  53.8","  6.2","  9.7"
"34504099999","48.6","34.9666666","143.0","2015-03-28","  35.0","010000","999.9","  52.3","  37.2"," 29.1"," 0.16","1014.9","999.9","997.2","  45.8","  4.6"," 24.5"
"34504099999","48.6","34.9666666","143.0","2015-03-29","  35.6","010000","999.9","  42.1","  34.2"," 23.3"," 0.98","1009.9","999.9","992.0","  37.0","  3.1"," 19.4"
"34504099999","48.6","34.9666666","143.0","2015-03-30","  36.0","010000","999.9","  39.9","  34.5"," 13.6"," 0.09","1010.2","999.9","992.3","  37.0","  2.8"," 11.7"
"34504099999","48.6","34.9666666","143.0","2015-03-31","  38.5","010000","999.9","  42.1","  37.4"," 15.5"," 0.12","1006.8","999.9","989.0","  40.1","  4.2"," 12.3"
"34504099999","48.6","34.9666666","143.0","2015-04-01","  41.5","110000","999.9","  48.2","  39.4"," 11.7"," 0.12","1002.9","999.9","985.2","  42.5","  3.1","  7.4"
"34504099999","48.6","34.9666666","143.0","2015-04-02","  34.8","100000","999.9","  50.5","  34.3"," 11.7"," 0.00","1004.2","999.9","986.5","  42.0","  5.0","  7.2"
"34504099999","48.6","34.9666666","143.0","2015-04-03","  31.9","010000","999.9","  50.7","  30.6"," 13.6"," 0.03","1006.1","999.9","988.2","  39.2","  6.2","  9.2"
"34504099999","48.6","34.9666666","143.0","2015-04-04","  34.4","010000","999.9","  39.4","  33.3","  9.7"," 0.43","1005.0","999.9","987.1","  36.2","  6.2","  7.1"
"34504099999","48.6","34.9666666","143.0","2015-04-05","  30.2","000000","999.9","  50.7","  30.4"," 13.6"," 0.00","1015.8","999.9","997.8","  39.7","  6.2","  8.3"
"34504099999","48.6","34.9666666","143.0","2015-04-06","  34.3","010000","999.9","  52.0","  31.5","  7.8"," 0.00","1019.8","999.9","001.9","  43.4","  5.8","  4.6"
"34504099999","48.6","34.9666666","143.0","2015-04-07","  37.9","010000","999.9","  41.4","  38.7"," 27.2"," 0.98","1007.4","999.9","989.6","  39.2","  3.4"," 23.3"
"34504099999","48.6","34.9666666","143.0","2015-04-29","  47.6","010000","999.9","  67.3","  49.8","  9.7"," 0.16","1011.7","999.9","994.3","  54.6","  6.2","  5.8"
"34504099999","48.6","34.9666666","143.0","2015-04-30","  50.9","000010","999.9","  73.8","  51.8","  9.7"," 0.00","1010.8","999.9","993.7","  60.8","  6.2","  7.4"
"34504099999","48.6","34.9666666","143.0","2015-05-01","  51.8","010010","999.9","  70.0","  50.9","  9.7"," 0.13","1011.1","999.9","993.8","  57.6","  5.8","  5.5"
"34504099999","48.6","34.9666666","143.0","2015-05-02","  53.3","100000","999.9","  66.4","  52.0","  9.7"," 0.01","1011.8","999.9","994.6","  58.0","  5.4","  7.5"
"34504099999","48.6","34.9666666","143.0","2015-05-03","  52.2","010000","999.9","  57.7","  51.3","  7.8"," 0.24","1010.6","999.9","993.3","  53.7","  2.2","  6.6"
"34504099999","48.6","34.9666666","143.0","2015-05-04","  46.4","010000","999.9","  63.5","  48.4"," 13.6"," 0.24","1013.4","999.9","996.0","  54.7","  6.2","  9.2"
"34504099999","48.6","34.9666666","143.0","2015-05-05","  41.7","000000","999.9","  67.3","  45.0"," 11.7"," 0.00","1016.8","999.9","999.3","  55.3","  6.2","  6.3"
"34504099999","48.6","34.9666666","143.0","2015-05-06","  40.1","000000","999.9","  68.2","  44.1"," 11.7"," 0.00","1015.8","999.9","998.4","  57.0","  6.2","  8.0"
"34504099999","48.6","34.9666666","143.0","2015-05-07","  43.2","000000","999.9","  70.0","  46.6","  5.8"," 0.00","1012.9","999.9","995.6","  59.4","  6.2","  4.4"
"34504099999","48.6","34.9666666","143.0","2015-05-08","  49.3","010000","999.9","  61.7","  50.5","  9.7"," 0.02","1009.9","999.9","992.6","  54.6","  6.2","  7.4"
"34504099999","48.6","34.9666666","143.0","2015-05-09","  50.1","010000","999.9","  56.3","  49.8","  9.7"," 0.12","1010.2","999.9","992.8","  52.0","  4.8","  7.1"
"34504099999","48.6","34.9666666","143.0","2015-05-10","  41.8","000000","999.9","  72.9","  44.6","  9.7"," 0.00","1013.4","999.9","996.1","  59.5","  6.2","  5.3"
"34504099999","48.6","34.9666666","143.0","2015-05-11","  43.2","000000","999.9","  74.1","  50.0"," 11.7"," 0.00","1016.4","999.9","999.2","  62.2","  6.2","  6.1"
"34504099999","48.6","34.9666666","143.0","2015-05-12","  46.6","000000","999.9","  74.7","  52.5","  7.8"," 0.00","1018.7","999.9","001.5","  60.9","  6.2","  4.2"
"34504099999","48.6","34.9666666","143.0","2015-05-13","  43.9","000000","999.9","  74.7","  49.3","  5.8"," 0.00","1014.2","999.9","997.0","  63.9","  6.2","  3.6"
"34504099999","48.6","34.9666666","143.0","2015-05-14","  51.6","010000","999.9","  75.2","  55.8"," 11.7"," 0.06","1008.2","999.9","991.1","  62.2","  5.8","  7.2"
"34504099999","48.6","34.9666666","143.0","2015-05-15","  48.2","010000","999.9","  63.9","  49.5"," 23.3"," 0.20","1008.1","999.9","990.9","  57.0","  6.2"," 12.2"
"34504099999","48.6","34.9666666","143.0","2015-05-16","  40.1","000000","999.9","  64.9","  45.1"," 15.5"," 0.00","1013.7","999.9","996.3","  56.1","  6.2"," 10.2"
"34504099999","48.6","34.9666666","143.0","2015-05-17","  39.4","000000","999.9","  68.5","  41.5"," 15.5"," 0.00","1013.7","999.9","996.4","  56.4","  6.2","  9.2"
"34504099999","48.6","34.9666666","143.0","2015-05-18","  40.3","000000","999.9","  64.8","  48.2"," 17.5"," 0.00","1014.3","999.9","997.0","  57.6","  6.2"," 10.3"
"34504099999","48.6","34.9666666","143.0","2015-05-19","  40.1","000000","999.9","  70.7","  43.5","  9.7"," 0.00","1016.0","999.9","998.7","  59.3","  6.2","  5.8"
"34504099999","48.6","34.9666666","143.0","2015-05-20","  49.3","000000","999.9","  79.3","  53.2","  7.8"," 0.00","1017.5","999.9","000.4","  67.1","  6.2","  4.4"
"34504099999","48.6","34.9666666","143.0","2015-05-21","  48.9","000000","999.9","  79.5","  55.4"," 11.7"," 0.00","1018.7","999.9","001.6","  67.6","  6.2","  8.3"
"34504099999","48.6","34.9666666","143.0","2015-05-22","  50.0","000000","999.9","  81.3","  55.2"," 11.7"," 0.00","1018.4","999.9","001.4","  68.9","  6.2","  8.3"
"34504099999","48.6","34.9666666","143.0","2015-05-23","  47.9","000000","999.9","  82.6","  55.8"," 13.6"," 0.00","1015.3","999.9","998.4","  69.6","  6.2","  9.0"
"34504099999","48.6","34.9666666","143.0","2015-05-24","  46.1","000000","999.9","  81.0","  57.7"," 11.7"," 0.00","1012.4","999.9","995.5","  69.6","  6.2","  6.8"
"34504099999","48.6","34.9666666","143.0","2015-05-25","  54.0","000000","999.9","  84.0","  57.7"," 11.7"," 0.00","1009.9","999.9","993.1","  71.6","  6.2","  8.0"
"34504099999","48.6","34.9666666","143.0","2015-05-26","  57.3","000000","999.9","  85.1","  61.3","  7.8"," 0.00","1007.3","999.9","990.6","  71.4","  6.2","  5.2"
"34504099999","48.6","34.9666666","143.0","2015-05-27","  58.2","100000","999.9","  76.6","  60.3","  7.8"," 0.00","1006.3","999.9","989.5","  67.6","  5.5","  5.8"
"34504099999","48.6","34.9666666","143.0","2015-05-28","  60.0","010010","999.9","  75.4","  60.1","  7.8"," 0.08","1002.3","999.9","985.5","  66.9","  5.3","  6.6"
"34504099999","48.6","34.9666666","143.0","2015-05-29","  59.0","010000","999.9","  68.9","  57.4","  9.7"," 0.12","1002.1","999.9","985.2","  61.4","  4.7","  7.4"
"34504099999","48.6","34.9666666","143.0","2015-05-30","  53.4","000000","999.9","  73.2","  56.1","  9.7"," 0.00","1010.8","999.9","993.7","  63.4","  6.2","  7.3"
"34504099999","48.6","34.9666666","143.0","2015-05-31","  52.3","010000","999.9","  75.4","  53.8"," 13.6"," 0.00","1015.4","999.9","998.3","  64.8","  6.2","  7.2"
"34504099999","48.6","34.9666666","143.0","2015-06-01","  52.2","000000","999.9","  78.6","  55.4"," 11.7"," 0.04","1017.6","999.9","000.5","  66.6","  6.2","  6.8"
"34504099999","48.6","34.9666666","143.0","2015-06-02","  50.5","000000","999.9","  79.9","  52.2","  9.7"," 0.00","1018.5","999.9","001.4","  67.0","  6.2","  5.3"
"34504099999","48.6","34.9666666","143.0","2015-06-03","  51.1","000000","999.9","  82.2","  58.6","  5.8"," 0.00","1018.5","999.9","001.6","  72.2","  6.2","  5.0"
"34504099999","48.6","34.9666666","143.0","2015-06-04","  53.4","000000","999.9","  88.2","  59.9","  5.8"," 0.00","1015.9","999.9","999.1","  73.6","  6.2","  5.0"
"34504099999","48.6","34.9666666","143.0","2015-06-05","  51.2","000000","999.9","  79.5","  60.4"," 17.5"," 0.00","1018.9","999.9","001.9","  69.9","  6.2"," 13.6"
"34504099999","48.6","34.9666666","143.0","2015-06-06","  42.6","000000","999.9","  77.0","  55.4"," 15.5"," 0.00","1025.4","999.9","008.2","  65.8","  6.2"," 10.7"
"34504099999","48.6","34.9666666","143.0","2015-06-07","  45.9","000000","999.9","  81.3","  55.0","  5.8"," 0.00","1027.0","999.9","009.8","  68.9","  6.2","  4.2"
"34504099999","48.6","34.9666666","143.0","2015-06-08","  52.8","000000","999.9","  89.1","  58.8","  7.8"," 0.00","1020.8","999.9","004.0","  74.3","  6.2","  5.5"
"34504099999","48.6","34.9666666","143.0","2015-06-09","  53.7","000000","999.9","  88.2","  63.1","  9.7"," 0.00","1014.3","999.9","997.5","  75.6","  6.2","  7.5"
"34504099999","48.6","34.9666666","143.0","2015-06-10","  59.7","000000","999.9","  86.2","  64.4"," 13.6"," 0.00","1013.2","999.9","996.5","  75.2","  6.2"," 10.9"
"34504099999","48.6","34.9666666","143.0","2015-06-11","  55.1","000000","999.9","  84.7","  63.9"," 11.7"," 0.00","1014.2","999.9","997.5","  73.4","  6.2","  7.2"
"34504099999","48.6","34.9666666","143.0","2015-06-12","  51.0","000000","999.9","  82.0","  61.2"," 13.6"," 0.00","1016.1","999.9","999.2","  71.4","  6.2","  9.0"
"34504099999","48.6","34.9666666","143.0","2015-06-13","  50.6","000000","999.9","  85.3","  59.5","  7.8"," 0.00","1017.3","999.9","000.4","  73.9","  6.2","  5.2"
"34504099999","48.6","34.9666666","143.0","2015-06-14","  54.2","000000","999.9","  89.2","  64.4","999.9"," 0.00","1013.6","999.9","997.0","  77.7","  6.2","999.9"
"34504099999","48.6","34.9666666","143.0","2015-06-15","  56.5","000000","999.9","  89.1","  66.9","  7.8"," 0.00","1010.7","999.9","994.1","  78.8","  6.2","  5.3"
"34504099999","48.6","34.9666666","143.0","2015-06-16","  55.7","000000","999.9","  86.4","  64.4","  9.7"," 0.00","1007.6","999.9","991.0","  75.6","  6.2","  5.5"
"34504099999","48.6","34.9666666","143.0","2015-06-17","  62.4","010010","999.9","  85.1","  63.9"," 13.6"," 0.20","1005.7","999.9","988.9","  70.1","  6.2","  6.9"
"34504099999","48.6","34.9666666","143.0","2015-06-18","  60.1","000000","999.9","  66.9","  61.0"," 13.6"," 0.00","1006.2","999.9","989.2","  63.9","  6.1","  9.7"
"34504099999","48.6","34.9666666","143.0","2015-06-19","  63.7","100010","999.9","  76.6","  62.4","  9.7"," 0.28","1004.6","999.9","987.8","  67.2","  4.6","  4.4"
"34504099999","48.6","34.9666666","143.0","2015-06-20","  63.0","010000","999.9","  74.5","  62.2","  5.8","99.99","1005.3","999.9","988.5","  67.1","  4.7","  4.9"
"34504099999","48.6","34.9666666","143.0","2015-06-21","  62.0","100000","999.9","  78.1","  61.0","  7.8"," 0.79","1008.7","999.9","991.9","  68.8","  4.8","  5.4"
"34504099999","48.6","34.9666666","143.0","2015-06-22","  60.7","000000","999.9","  84.4","  60.4","  7.8"," 0.00","1011.1","999.9","994.3","  71.7","  5.7","  4.5"
"34504099999","48.6","34.9666666","143.0","2015-06-23","  64.1","000000","999.9","  84.7","  64.6","  9.7"," 0.00","1012.3","999.9","995.6","  72.7","  6.2","  7.5"
"34504099999","48.6","34.9666666","143.0","2015-06-24","  65.0","000010","999.9","  86.9","  64.8","  9.7"," 0.00","1012.1","999.9","995.4","  73.4","  6.2","  7.5"
"34504099999","48.6","34.9666666","143.0","2015-06-25","  65.2","010010","999.9","  81.7","  65.8","  9.7"," 0.03","1008.8","999.9","992.1","  71.9","  6.2","  9.2"
"34504099999","48.6","34.9666666","143.0","2015-06-26","  65.7","010010","999.9","  76.5","  65.8","  7.8"," 0.20","1001.6","999.9","984.9","  68.6","  5.3","  6.8"
"34504099999","48.6","34.9666666","143.0","2015-06-27","  61.2","010000","999.9","  66.7","  61.5","  9.7"," 0.04","1000.4","999.9","983.5","  62.9","  5.0","  6.4"
"34504099999","48.6","34.9666666","143.0","2015-06-28","  61.2","010000","999.9","  69.8","  61.3","  5.8"," 0.05","1002.8","999.9","986.0","  65.0","  6.2","  4.3"
"34504099999","48.6","34.9666666","143.0","2015-06-29","  61.3","110000","999.9","  66.7","  61.3","  7.8"," 0.28","1008.1","999.9","991.1","  63.1","  4.5","  5.4"
"34504099999","48.6","34.9666666","143.0","2015-06-30","  62.2","110000","999.9","  65.3","  61.0","999.9"," 0.20","1012.6","999.9","995.6","  63.0","  3.3","999.9"
"34504099999","48.6","34.9666666","143.0","2015-07-01","  57.7","000000","999.9","  80.4","  59.2","  7.8"," 0.00","1017.5","999.9","000.5","  68.7","  6.2","  5.8"
"34504099999","48.6","34.9666666","143.0","2015-07-02","  60.0","010010","999.9","  79.7","  59.2"," 11.7"," 0.47","1018.6","999.9","001.5","  65.8","  6.2","  6.2"
"34504099999","48.6","34.9666666","143.0","2015-07-03","  61.0","000000","999.9","  82.9","  60.8"," 13.6"," 0.00","1020.8","999.9","003.9","  73.5","  6.2"," 10.5"
"34504099999","48.6","34.9666666","143.0","2015-07-04","  57.1","000000","999.9","  81.7","  61.2"," 11.7"," 0.00","1022.6","999.9","005.6","  71.5","  6.2","  9.5"
"34504099999","48.6","34.9666666","143.0","2015-07-05","  59.1","000010","999.9","  84.9","  61.7","  7.8"," 0.00","1016.4","999.9","999.6","  72.0","  6.2","  4.2"
"34504099999","48.6","34.9666666","143.0","2015-07-06","  61.7","000000","999.9","  88.3","  64.6","  7.8"," 0.00","1012.8","999.9","996.1","  76.1","  6.2","  6.1"
"34504099999","48.6","34.9666666","143.0","2015-07-07","  63.3","000000","999.9","  90.9","  65.1","  7.8"," 0.00","1012.5","999.9","995.9","  78.4","  6.2","  3.6"
"34504099999","48.6","34.9666666","143.0","2015-07-08","  60.3","000000","999.9","  90.5","  66.2","  7.8"," 0.00","1011.6","999.9","995.1","  78.9","  6.2","  4.4"
"34504099999","48.6","34.9666666","143.0","2015-07-09","  63.1","000000","999.9","  94.3","  70.7","  9.7"," 0.00","1008.5","999.9","992.1","  83.3","  6.2","  5.8"
"34504099999","48.6","34.9666666","143.0","2015-07-10","  63.8","010000","999.9","  84.0","  68.5"," 11.7"," 0.00","1007.9","999.9","991.3","  73.8","  6.2","  8.3"
"34504099999","48.6","34.9666666","143.0","2015-07-11","  48.3","000000","999.9","  71.2","  55.4"," 17.5"," 0.01","1009.6","999.9","992.5","  63.9","  6.2"," 11.4"
"34504099999","48.6","34.9666666","143.0","2015-07-12","  50.8","000000","999.9","  74.1","  49.8"," 11.7"," 0.00","1010.3","999.9","993.2","  62.8","  6.2","  7.3"
"34504099999","48.6","34.9666666","143.0","2015-07-13","  51.4","000000","999.9","  78.1","  54.3","  9.7"," 0.00","1011.9","999.9","994.9","  66.7","  6.2","  5.5"
"34504099999","48.6","34.9666666","143.0","2015-07-14","  60.0","010000","999.9","  72.3","  60.3","  7.8"," 0.35","1010.6","999.9","993.6","  64.1","  4.9","  5.4"
"34504099999","48.6","34.9666666","143.0","2015-07-15","  59.2","110000","999.9","  79.9","  57.9","  9.7"," 0.00","1011.1","999.9","994.2","  67.4","  4.3","  5.8"
"34504099999","48.6","34.9666666","143.0","2015-07-16","  55.7","000000","999.9","  76.6","  57.6"," 11.7"," 0.28","1014.8","999.9","997.8","  66.7","  5.7","  7.2"
"34504099999","48.6","34.9666666","143.0","2015-07-17","  53.2","000000","999.9","  79.7","  56.7"," 13.6"," 0.00","1016.2","999.9","999.2","  68.1","  6.2","  6.1"
"34504099999","48.6","34.9666666","143.0","2015-07-18","  53.6","000000","999.9","  76.3","  59.5"," 17.5"," 0.02","1013.2","999.9","996.3","  68.2","  6.2"," 10.9"
"34504099999","48.6","34.9666666","143.0","2015-07-19","  52.7","000000","999.9","  81.0","  56.1","  5.8"," 0.00","1017.2","999.9","000.2","  69.7","  6.2","  3.9"
"34504099999","48.6","34.9666666","143.0","2015-07-20","  56.0","000000","999.9","  86.9","  61.5"," 15.5"," 0.00","1011.0","999.9","994.3","  75.2","  6.2","  9.7"
"34504099999","48.6","34.9666666","143.0","2015-07-21","  55.1","000000","999.9","  78.8","  60.4"," 17.5"," 0.00","1011.4","999.9","994.6","  70.5","  6.2","  9.2"
"34504099999","48.6","34.9666666","143.0","2015-07-22","  52.1","000000","999.9","  81.5","  54.5","  7.8"," 0.00","1016.6","999.9","999.6","  69.6","  6.2","  3.9"
"34504099999","48.6","34.9666666","143.0","2015-07-23","  59.9","000000","999.9","  88.3","  63.1","  9.7"," 0.00","1014.0","999.9","997.3","  75.2","  6.2","  6.8"
"34504099999","48.6","34.9666666","143.0","2015-07-24","  59.6","000000","999.9","  92.8","  63.5","  7.8"," 0.00","1013.9","999.9","997.3","  78.5","  6.2","  6.6"
"34504099999","48.6","34.9666666","143.0","2015-07-25","  59.2","000000","999.9","  97.7","  68.0","  9.7"," 0.00","1011.0","999.9","994.5","  82.8","  6.2","  8.5"
"34504099999","48.6","34.9666666","143.0","2015-07-26","  59.6","000000","999.9","  99.0","  72.7"," 19.4"," 0.00","1006.5","999.9","990.2","  84.7","  6.2"," 12.4"
"34504099999","48.6","34.9666666","143.0","2015-07-27","  67.5","000000","999.9","  95.2","  71.1","  9.7"," 0.00","1004.8","999.9","988.4","  81.7","  6.2","  6.1"
"34504099999","48.6","34.9666666","143.0","2015-07-28","  66.0","000010","999.9","  89.6","  67.8"," 11.7"," 0.00","1004.8","999.9","988.2","  75.1","  6.2","  6.1"
"34504099999","48.6","34.9666666","143.0","2015-07-29","  58.8","000000","999.9","  86.0","  63.9","  5.8"," 0.00","1011.0","999.9","994.3","  74.7","  6.2","  4.6"
"34504099999","48.6","34.9666666","143.0","2015-07-30","  58.3","000000","999.9","  89.4","  66.0","  7.8"," 0.00","1011.5","999.9","994.9","  77.8","  6.2","  6.1"
"34504099999","48.6","34.9666666","143.0","2015-07-31","  65.2","000000","999.9","  90.5","  68.0"," 13.6"," 0.00","1010.9","999.9","994.3","  77.3","  6.2","  9.4"
"34504099999","48.6","34.9666666","143.0","2015-08-01","  57.6","010010","999.9","  79.2","  61.3"," 17.5"," 0.20","1015.1","999.9","998.2","  69.4","  6.2"," 12.1"
"34504099999","48.6","34.9666666","143.0","2015-08-02","  55.2","000000","999.9","  85.1","  57.2"," 11.7"," 0.00","1022.6","999.9","005.6","  71.3","  6.2","  7.5"
"34504099999","48.6","34.9666666","143.0","2015-08-03","  53.1","000000","999.9","  90.3","  60.8"," 13.6"," 0.00","1020.9","999.9","004.0","  75.5","  6.2"," 10.2"
"34504099999","48.6","34.9666666","143.0","2015-08-04","  53.6","000000","999.9","  93.0","  65.7"," 15.5"," 0.00","1017.1","999.9","000.4","  78.2","  6.2"," 12.1"
"34504099999","48.6","34.9666666","143.0","2015-08-05","  52.9","000000","999.9","  92.5","  67.1"," 11.7"," 0.00","1015.7","999.9","999.0","  78.9","  6.2"," 10.7"
"34504099999","48.6","34.9666666","143.0","2015-08-06","  56.4","000000","999.9","  92.3","  66.2"," 13.6"," 0.00","1017.1","999.9","000.4","  78.2","  6.2","  9.2"
"34504099999","48.6","34.9666666","143.0","2015-08-07","  50.7","000000","999.9","  87.6","  63.1"," 11.7"," 0.00","1021.7","999.9","004.8","  74.4","  6.2"," 10.0"
"34504099999","48.6","34.9666666","143.0","2015-08-08","  51.9","000000","999.9","  90.1","  60.8","  9.7"," 0.00","1023.4","999.9","006.5","  74.8","  6.2","  7.8"
"34504099999","48.6","34.9666666","143.0","2015-08-09","  56.7","000000","999.9","  94.3","  64.9","  9.7"," 0.00","1020.1","999.9","003.4","  79.5","  6.2","  7.5"
"34504099999","48.6","34.9666666","143.0","2015-08-10","  58.9","000000","999.9","  98.1","  72.3"," 11.7"," 0.00","1015.4","999.9","998.9","  83.6","  6.2","  9.2"
"34504099999","48.6","34.9666666","143.0","2015-08-11","  55.1","000000","999.9"," 100.2","  68.2"," 11.7"," 0.00","1013.5","999.9","997.1","  83.7","  6.2","  9.0"
"34504099999","48.6","34.9666666","143.0","2015-08-12","  54.8","000000","999.9","  99.5","  72.0"," 15.5"," 0.00","1015.2","999.9","998.8","  84.6","  6.2"," 12.6"
"34504099999","48.6","34.9666666","143.0","2015-08-13","  56.3","000000","999.9","  89.2","  72.9"," 13.6"," 0.00","1012.8","999.9","996.3","  80.3","  6.2"," 10.0"
"34504099999","48.6","34.9666666","143.0","2015-08-14","  64.7","010010","999.9","  70.7","  65.7"," 15.5"," 1.34","1010.8","999.9","993.9","  67.4","  6.2"," 11.7"
"34504099999","48.6","34.9666666","143.0","2015-08-15","  65.5","000010","999.9","  88.2","  65.7"," 11.7"," 0.04","1007.2","999.9","990.5","  72.4","  6.2","  6.9"
"34504099999","48.6","34.9666666","143.0","2015-08-16","  65.1","010010","999.9","  83.1","  64.6"," 13.6"," 0.31","1006.7","999.9","990.0","  73.1","  5.6","  7.8"
"34504099999","48.6","34.9666666","143.0","2015-08-17","  56.3","000000","999.9","  80.2","  61.7"," 11.7"," 0.00","1011.7","999.9","994.9","  69.9","  6.2","  9.5"
"34504099999","48.6","34.9666666","143.0","2015-08-18","  51.1","000000","999.9","  75.7","  56.8"," 11.7"," 0.00","1012.9","999.9","995.9","  64.3","  6.2"," 10.4"
"34504099999","48.6","34.9666666","143.0","2015-08-19","  50.1","000000","999.9","  75.0","  55.8"," 13.6"," 0.00","1018.0","999.9","000.8","  64.0","  6.2"," 10.2"
"34504099999","48.6","34.9666666","143.0","2015-08-20","  47.7","000000","999.9","  74.3","  52.7"," 11.7"," 0.00","1022.5","999.9","005.2","  62.4","  6.2","  9.5"
"34504099999","48.6","34.9666666","143.0","2015-08-21","  49.6","000000","999.9","  71.4","  52.7","  9.7"," 0.00","1023.5","999.9","006.1","  61.2","  6.2","  7.5"
"34504099999","48.6","34.9666666","143.0","2015-08-22","  50.1","000000","999.9","  82.6","  53.1","  9.7"," 0.00","1018.8","999.9","001.7","  67.8","  6.2","  7.8"
"34504099999","48.6","34.9666666","143.0","2015-08-23","  50.8","000000","999.9","  85.8","  57.0"," 11.7"," 0.00","1014.4","999.9","997.5","  70.8","  6.2","  8.5"
"34504099999","48.6","34.9666666","143.0","2015-08-24","  51.7","000000","999.9","  85.8","  59.0"," 13.6"," 0.00","1016.6","999.9","999.7","  71.6","  6.2","  9.7"
"34504099999","48.6","34.9666666","143.0","2015-08-25","  42.6","000000","999.9","  81.1","  56.5","  7.8"," 0.00","1020.7","999.9","003.6","  67.7","  6.2","  6.1"
"34504099999","48.6","34.9666666","143.0","2015-08-26","  42.4","000000","999.9","  83.7","  55.4","  5.8"," 0.00","1019.7","999.9","002.6","  69.1","  6.2","  3.9"
"34504099999","48.6","34.9666666","143.0","2015-08-27","  49.2","000000","999.9","  83.8","  55.2","  5.8"," 0.00","1018.9","999.9","001.9","  69.8","  6.2","  3.9"
"34504099999","48.6","34.9666666","143.0","2015-08-28","  53.2","000000","999.9","  85.5","  61.0","  9.7"," 0.00","1019.8","999.9","002.9","  72.0","  6.2","  7.5"
"34504099999","48.6","34.9666666","143.0","2015-08-29","  54.6","000000","999.9","  91.9","  58.8"," 11.7"," 0.00","1018.3","999.9","001.6","  76.7","  6.2","  7.2"
"34504099999","48.6","34.9666666","143.0","2015-08-30","  47.7","000000","999.9","  80.4","  58.6"," 15.5"," 0.00","1021.1","999.9","004.1","  69.0","  6.2","  8.7"
"34504099999","48.6","34.9666666","143.0","2015-08-31","  49.1","000000","999.9","  84.7","  53.2"," 11.7"," 0.00","1018.9","999.9","001.9","  69.6","  6.2","  7.1"
"34504099999","48.6","34.9666666","143.0","2015-09-01","  56.5","000000","999.9","  90.3","  59.0","  7.8"," 0.00","1014.2","999.9","997.5","  76.1","  6.2","  5.0"
"34504099999","48.6","34.9666666","143.0","2015-09-02","  53.0","000000","999.9","  95.9","  63.0"," 17.5"," 0.00","1010.0","999.9","993.5","  80.3","  6.2"," 10.0"
"34504099999","48.6","34.9666666","143.0","2015-09-03","  58.5","000000","999.9","  95.7","  64.9","  7.8"," 0.00","1009.8","999.9","993.3","  79.2","  5.4","  5.3"
"34504099999","48.6","34.9666666","143.0","2015-09-04","  60.8","000000","999.9","  94.6","  67.8","  7.8"," 0.00","1011.3","999.9","994.7","  79.2","  5.3","  5.1"
"34504099999","48.6","34.9666666","143.0","2015-09-05","  59.4","000000","999.9","  91.0","  66.6","  7.8"," 0.00","1011.9","999.9","995.2","  77.1","  6.2","  5.1"
"34504099999","48.6","34.9666666","143.0","2015-09-06","  56.1","010000","999.9","  94.6","  66.2"," 17.5"," 0.00","1007.5","999.9","991.0","  78.4","  6.2","  9.5"
"34504099999","48.6","34.9666666","143.0","2015-09-07","  51.9","000000","999.9","  71.8","  55.4","  9.7"," 0.00","1013.0","999.9","995.9","  62.5","  6.2","  8.4"
"34504099999","48.6","34.9666666","143.0","2015-09-08","  45.9","000000","999.9","  73.2","  48.7","  9.7"," 0.00","1016.3","999.9","999.1","  60.2","  6.2","  5.8"
"34504099999","48.6","34.9666666","143.0","2015-09-09","  46.8","000000","999.9","  74.3","  50.7","  7.8"," 0.00","1020.9","999.9","003.6","  61.1","  6.2","  5.8"
"34504099999","48.6","34.9666666","143.0","2015-09-10","  45.2","000000","999.9","  75.0","  49.3"," 11.7"," 0.00","1024.7","999.9","007.3","  61.9","  6.2","  7.8"
"34504099999","48.6","34.9666666","143.0","2015-09-11","  44.0","000000","999.9","  77.4","  53.6"," 13.6"," 0.00","1025.5","999.9","008.2","  64.0","  6.2"," 12.1"
"34504099999","48.6","34.9666666","143.0","2015-09-12","  44.5","000000","999.9","  76.5","  52.2"," 15.5"," 0.00","1024.8","999.9","007.5","  63.0","  6.2"," 12.1"
"34504099999","48.6","34.9666666","143.0","2015-09-13","  43.2","010000","999.9","  73.6","  52.9"," 15.5","99.99","1024.4","999.9","007.0","  61.4","  6.2"," 12.4"
"34504099999","48.6","34.9666666","143.0","2015-09-14","  50.3","000000","999.9","  54.9","  52.7","  9.7"," 0.02","1023.3","999.9","005.7","  53.5","  5.4","  9.4"
"34504099999","48.6","34.9666666","143.0","2015-09-15","  50.8","000000","999.9","  69.8","  52.3","  9.7"," 0.00","1021.5","999.9","004.1","  59.1","  6.2","  7.3"
"34504099999","48.6","34.9666666","143.0","2015-09-16","  49.6","000000","999.9","  77.7","  52.5","  7.8"," 0.00","1021.6","999.9","004.3","  64.3","  6.2","  6.1"
"34504099999","48.6","34.9666666","143.0","2015-09-17","  46.7","000000","999.9","  80.6","  55.2","  9.7"," 0.00","1020.5","999.9","003.4","  67.8","  6.2","  6.1"
"34504099999","48.6","34.9666666","143.0","2015-09-18","  42.2","000000","999.9","  83.1","  55.9","  9.7"," 0.00","1020.9","999.9","003.9","  68.8","  6.2","  6.4"
"34504099999","48.6","34.9666666","143.0","2015-09-19","  39.7","000000","999.9","  85.6","  55.4","  9.7"," 0.00","1020.6","999.9","003.5","  69.8","  6.2","  5.3"
"34504099999","48.6","34.9666666","143.0","2015-09-20","  45.6","000000","999.9","  87.1","  52.9","  9.7"," 0.00","1014.1","999.9","997.1","  69.7","  6.2","  7.3"
"34504099999","48.6","34.9666666","143.0","2015-09-21","  56.8","010000","999.9","  83.5","  56.3","  9.7"," 0.00","1009.3","999.9","992.5","  68.2","  6.2","  6.4"
"34504099999","48.6","34.9666666","143.0","2015-09-22","  60.6","000000","999.9","  85.3","  60.3"," 15.5"," 0.00","1011.6","999.9","994.8","  71.0","  5.8","  8.3"
"34504099999","48.6","34.9666666","143.0","2015-09-23","  57.8","000000","999.9","  90.5","  61.7"," 11.7"," 0.00","1013.6","999.9","996.8","  73.3","  6.2","  9.0"
"34504099999","48.6","34.9666666","143.0","2015-09-24","  54.9","000000","999.9","  90.0","  62.4"," 11.7"," 0.00","1015.9","999.9","999.0","  73.2","  6.2","  8.0"
"34504099999","48.6","34.9666666","143.0","2015-09-25","  49.8","000000","999.9","  86.4","  60.3","  9.7"," 0.00","1016.8","999.9","999.9","  71.7","  6.2","  7.8"
"34504099999","48.6","34.9666666","143.0","2015-09-26","  45.1","000000","999.9","  86.9","  57.4","  9.7"," 0.00","1016.8","999.9","999.9","  69.9","  6.2","  7.0"
"34504099999","48.6","34.9666666","143.0","2015-09-27","  42.7","000000","999.9","  86.7","  55.8","  9.7"," 0.00","1016.6","999.9","999.6","  69.5","  6.2","  7.1"
"34504099999","48.6","34.9666666","143.0","2015-09-28","  53.2","000000","999.9","  76.8","  54.9"," 19.4"," 0.00","1018.2","999.9","001.1","  63.9","  6.2"," 12.4"
"34504099999","48.6","34.9666666","143.0","2015-09-29","  48.8","000000","999.9","  72.1","  52.0"," 23.3"," 0.00","1017.8","999.9","000.5","  59.7","  6.2"," 15.5"
"34504099999","48.6","34.9666666","143.0","2015-09-30","  46.8","000000","999.9","  70.0","  52.0"," 19.4"," 0.00","1019.7","999.9","002.3","  59.7","  6.2"," 17.2"
"34504099999","48.6","34.9666666","143.0","2015-10-01","  43.5","000000","999.9","  68.5","  48.6"," 15.5"," 0.00","1024.7","999.9","007.2","  57.1","  6.2"," 11.9"
"34504099999","48.6","34.9666666","143.0","2015-10-02","  37.9","000000","999.9","  69.4","  40.6","  9.7"," 0.00","1025.2","999.9","007.6","  54.4","  5.7","  6.4"
"34504099999","48.6","34.9666666","143.0","2015-10-03","  34.3","000000","999.9","  74.8","  42.1"," 13.6"," 0.00","1021.8","999.9","004.3","  56.8","  6.2","  7.0"
"34504099999","48.6","34.9666666","143.0","2015-10-04","  37.9","000000","999.9","  75.9","  44.4","  3.9"," 0.00","1022.6","999.9","005.2","  60.1","  6.2","  2.7"
"34504099999","48.6","34.9666666","143.0","2015-10-05","  41.6","000000","999.9","  77.9","  47.3","999.9"," 0.00","1016.9","999.9","999.7","  62.1","  6.2","999.9"
"34504099999","48.6","34.9666666","143.0","2015-10-06","  43.1","000000","999.9","  77.4","  48.6","  7.8"," 0.00","1009.3","999.9","992.2","  61.5","  6.2","  4.9"
"34504099999","48.6","34.9666666","143.0","2015-10-07","  33.2","010000","999.9","  56.5","  36.5"," 21.4"," 0.02","1013.9","999.9","996.2","  47.1","  5.8"," 14.3"
"34504099999","48.6","34.9666666","143.0","2015-10-08","  21.8","000000","999.9","  52.0","  27.7","  9.7"," 0.00","1024.3","999.9","006.1","  38.7","  6.2","  5.8"
"34504099999","48.6","34.9666666","143.0","2015-10-09","  19.6","000000","999.9","  52.9","  27.5","  9.7"," 0.00","1022.2","999.9","004.0","  38.2","  6.2","  5.1"
"34504099999","48.6","34.9666666","143.0","2015-10-10","  20.0","000000","999.9","  49.6","  23.9"," 11.7"," 0.00","1025.0","999.9","006.7","  36.6","  6.2","  5.1"
"34504099999","48.6","34.9666666","143.0","2015-10-11","  23.5","000000","999.9","  51.3","  27.7"," 11.7"," 0.00","1023.8","999.9","005.6","  40.2","  6.2","  7.8"
"34504099999","48.6","34.9666666","143.0","2015-10-12","  21.3","000000","999.9","  54.0","  32.9"," 19.4"," 0.00","1025.6","999.9","007.5","  41.7","  6.2"," 14.3"
"34504099999","48.6","34.9666666","143.0","2015-10-13","  20.9","000000","999.9","  54.7","  30.6"," 17.5"," 0.00","1027.2","999.9","009.0","  42.1","  6.2"," 12.9"
"34504099999","48.6","34.9666666","143.0","2015-10-14","  28.5","010000","999.9","  46.2","  37.9"," 11.7"," 0.03","1026.6","999.9","008.4","  41.2","  5.8"," 10.3"
"34504099999","48.6","34.9666666","143.0","2015-10-15","  26.2","000000","999.9","  59.0","  37.6"," 11.7"," 0.00","1029.1","999.9","011.0","  45.7","  6.2","  9.2"
"34504099999","48.6","34.9666666","143.0","2015-10-16","  23.4","000000","999.9","  59.0","  30.7","  7.8"," 0.00","1032.9","999.9","014.7","  42.3","  6.2","  7.0"
"34504099999","48.6","34.9666666","143.0","2015-10-17","  26.9","000000","999.9","  60.3","  32.0"," 11.7"," 0.00","1030.1","999.9","012.0","  44.7","  6.2","  7.0"
"34504099999","48.6","34.9666666","143.0","2015-10-18","  28.5","000000","999.9","  62.6","  37.4","  7.8"," 0.00","1021.1","999.9","003.3","  48.5","  6.2","  7.0"
"34504099999","48.6","34.9666666","143.0","2015-10-19","  36.4","000000","999.9","  64.9","  35.6","  9.7"," 0.00","1017.6","999.9","999.9","  48.9","  6.2","  4.5"
"34504099999","48.6","34.9666666","143.0","2015-10-20","  40.0","000000","999.9","  63.0","  44.4"," 13.6"," 0.00","1020.7","999.9","003.0","  50.6","  5.2","  8.3"
"34504099999","48.6","34.9666666","143.0","2015-10-21","  28.2","010000","999.9","  49.6","  36.0"," 17.5"," 0.01","1019.2","999.9","001.2","  41.3","  5.8"," 14.1"
"34504099999","48.6","34.9666666","143.0","2015-10-22","  35.5","010000","999.9","  40.6","  36.0","  9.7"," 0.08","1016.2","999.9","998.2","  38.1","  3.4","  7.0"
"34504099999","48.6","34.9666666","143.0","2015-10-23","  36.8","000000","999.9","  52.5","  37.6","  5.8"," 0.00","1015.3","999.9","997.3","  41.5","  4.1","  3.9"
"34504099999","48.6","34.9666666","143.0","2015-10-24","  38.4","110000","999.9","  48.6","  32.9","  7.8","99.99","1016.6","999.9","998.6","  41.1","  2.8","  3.5"
"34504099999","48.6","34.9666666","143.0","2015-10-25","  43.3","110000","999.9","  50.4","  39.2","  7.8"," 0.02","1017.9","999.9","000.0","  44.9","  0.9","  3.9"
"34504099999","48.6","34.9666666","143.0","2015-10-26","  39.9","100000","999.9","  51.8","  36.3"," 11.7"," 0.04","1017.4","999.9","999.5","  42.8","  3.8","  4.4"
"34504099999","48.6","34.9666666","143.0","2015-10-27","  38.1","000000","999.9","  47.8","  34.5","  9.7"," 0.00","1020.3","999.9","002.4","  42.6","  6.2","  7.3"
"34504099999","48.6","34.9666666","143.0","2015-10-28","  35.2","000000","999.9","  53.6","  35.4"," 11.7"," 0.00","1023.1","999.9","005.1","  42.7","  6.2","  8.3"
"34504099999","48.6","34.9666666","143.0","2015-10-29","  25.8","000000","999.9","  46.0","  25.9","  5.8"," 0.00","1030.3","999.9","011.8","  34.1","  6.2","  4.6"
"34504099999","48.6","34.9666666","143.0","2015-10-30","  25.0","000000","999.9","  46.2","  27.0","  9.7"," 0.00","1033.7","999.9","015.2","  34.2","  5.3","  6.3"
"34504099999","48.6","34.9666666","143.0","2015-10-31","  22.1","000000","999.9","  45.9","  24.8"," 11.7"," 0.00","1042.4","999.9","023.7","  33.3","  6.2","  8.0"
"34504099999","48.6","34.9666666","143.0","2015-11-01","  21.2","000000","999.9","  46.9","  21.7","  5.8"," 0.00","1040.5","999.9","021.9","  34.7","  5.0","  4.5"
"34504099999","48.6","34.9666666","143.0","2015-11-02","  26.0","000000","999.9","  55.8","  34.0"," 13.6"," 0.00","1025.5","999.9","007.5","  45.0","  6.2","  8.3"
"34504099999","48.6","34.9666666","143.0","2015-11-03","  36.2","000000","999.9","  49.3","  36.5","  9.7"," 0.00","1021.7","999.9","003.7","  42.7","  4.5","  5.8"
"34504099999","48.6","34.9666666","143.0","2015-11-04","  37.6","000000","999.9","  45.0","  35.4","  5.8"," 0.00","1022.8","999.9","004.7","  41.0","  1.9","  4.3"
"34504099999","48.6","34.9666666","143.0","2015-11-05","  35.5","100000","999.9","  54.7","  30.6","  9.7"," 0.00","1020.4","999.9","002.3","  39.1","  1.4","  7.5"
"34504099999","48.6","34.9666666","143.0","2015-11-06","  34.3","100000","999.9","  46.2","  33.3","  9.7"," 0.00","1025.9","999.9","007.8","  39.7","  4.7","  6.2"
"34504099999","48.6","34.9666666","143.0","2015-11-07","  30.8","100000","999.9","  48.2","  23.7","  5.8"," 0.00","1026.1","999.9","007.8","  36.0","  3.3","  4.7"
"34504099999","48.6","34.9666666","143.0","2015-11-08","  30.4","010000","999.9","  47.8","  29.5","  5.8","99.99","1020.8","999.9","002.7","  38.5","  4.5","  4.7"
"34504099999","48.6","34.9666666","143.0","2015-11-09","  39.8","100000","999.9","  42.8","  35.6","  5.8"," 0.09","1012.4","999.9","994.5","  40.3","  0.8","  3.9"
"34504099999","48.6","34.9666666","143.0","2015-11-10","  42.8","110000","999.9","  48.6","  39.0"," 13.6"," 0.12","1008.0","999.9","990.3","  43.8","  1.6","  9.1"
"34504099999","48.6","34.9666666","143.0","2015-11-11","  41.1","000000","999.9","  50.7","  42.6"," 15.5"," 0.08","1003.3","999.9","985.7","  45.9","  6.2"," 13.6"
"34504099999","48.6","34.9666666","143.0","2015-11-12","  40.8","000000","999.9","  52.7","  42.3"," 13.6"," 0.00","1014.5","999.9","996.8","  46.6","  6.2"," 10.0"
"34504099999","48.6","34.9666666","143.0","2015-11-13","  40.4","010000","999.9","  51.1","  44.2"," 25.3"," 0.04","1017.7","999.9","999.9","  46.5","  6.2"," 16.3"
"34504099999","48.6","34.9666666","143.0","2015-11-14","  38.3","010000","999.9","  48.7","  35.1"," 13.6"," 0.08","1018.4","999.9","000.5","  42.6","  4.8","  8.6"
"34504099999","48.6","34.9666666","143.0","2015-11-15","  34.1","000000","999.9","  45.9","  34.7"," 17.5"," 0.16","1009.6","999.9","991.8","  40.1","  6.2"," 11.4"
"34504099999","48.6","34.9666666","143.0","2015-11-16","  31.9","010000","999.9","  37.8","  30.6"," 15.5"," 0.24","1008.4","999.9","990.3","  34.9","  5.3","  8.7"
"34504099999","48.6","34.9666666","143.0","2015-11-17","  28.4","000000","999.9","  34.7","  31.3"," 13.6"," 0.00","1020.7","999.9","002.3","  32.9","  6.1","  7.4"
"34504099999","48.6","34.9666666","143.0","2015-11-18","  34.6","010000","999.9","  43.0","  31.6"," 11.7"," 0.12","1017.5","999.9","999.4","  37.0","  4.6","  8.6"
"34504099999","48.6","34.9666666","143.0","2015-11-19","  43.7","110000","999.9","  49.8","  41.7"," 11.7"," 0.35","1011.5","999.9","993.8","  45.1","  4.3","  7.8"
"34504099999","48.6","34.9666666","143.0","2015-11-20","  45.9","010000","999.9","  52.7","  42.3","  9.7"," 0.01","1006.3","999.9","988.8","  48.4","  5.6","  8.3"
"34504099999","48.6","34.9666666","143.0","2015-11-21","  45.4","010000","999.9","  54.7","  41.0"," 15.5"," 0.00"," 998.5","999.9","981.1","  47.7","  5.3"," 11.0"
"34504099999","48.6","34.9666666","143.0","2015-11-22","  52.5","010000","999.9","  59.9","  51.4"," 19.4"," 0.04","1001.5","999.9","984.3","  55.5","  5.6"," 12.5"
"34504099999","48.6","34.9666666","143.0","2015-11-23","  44.4","010000","999.9","  54.5","  39.9","  9.7"," 0.17","1016.6","999.9","998.8","  47.0","  5.4","  7.5"
"34504099999","48.6","34.9666666","143.0","2015-11-24","  35.0","010000","999.9","  41.2","  35.2","  9.7"," 0.28","1025.2","999.9","007.0","  37.9","  5.1","  7.2"
"34504099999","48.6","34.9666666","143.0","2015-11-25","  34.2","010000","999.9","  37.4","  34.0"," 11.7"," 0.16","1016.2","999.9","998.0","  35.6","  4.7","  9.4"
"34504099999","48.6","34.9666666","143.0","2015-11-26","  30.7","000000","999.9","  38.3","  30.0"," 11.7"," 0.24","1015.1","999.9","996.9","  34.1","  6.2","  9.2"
"34504099999","48.6","34.9666666","143.0","2015-11-27","  27.0","000000","999.9","  33.6","  26.6"," 13.6"," 0.00","1021.9","999.9","003.5","  30.7","  6.2"," 10.7"
"34504099999","48.6","34.9666666","143.0","2015-11-28","  27.7","000000","999.9","  37.2","  23.9"," 15.5"," 0.00","1018.4","999.9","000.1","  31.4","  6.2"," 12.1"
"34504099999","48.6","34.9666666","143.0","2015-11-29","  36.9","110000","999.9","  42.6","  33.6","  9.7"," 0.09","1007.9","999.9","990.0","  37.7","  1.7","  8.1"
"34504099999","48.6","34.9666666","143.0","2015-11-30","  33.9","011000","999.9","  39.2","  32.7"," 15.5"," 0.18","1010.6","999.9","992.6","  35.9","  5.5"," 12.0"
"34504099999","48.6","34.9666666","143.0","2015-12-01","  33.9","010000","999.9","  42.1","  32.0"," 13.6"," 0.19","1006.6","999.9","988.7","  37.9","  5.6"," 10.5"
"34504099999","48.6","34.9666666","143.0","2015-12-02","  30.4","011000","999.9","  36.1","  32.2"," 21.4"," 0.24","1008.6","  0.4","990.6","  34.3","  4.9"," 18.0"
"34504099999","48.6","34.9666666","143.0","2015-12-03","  29.4","010000","999.9","  36.1","  33.4"," 19.4"," 0.00","1020.7","999.9","002.5","  34.3","  6.2"," 15.5"
"34504099999","48.6","34.9666666","143.0","2015-12-04","  27.0","000000","999.9","  39.2","  26.4"," 11.7"," 0.00","1035.5","999.9","016.8","  32.8","  5.8","  6.2"
"34504099999","48.6","34.9666666","143.0","2015-12-05","  30.3","000000","999.9","  36.0","  26.1"," 15.5"," 0.00","1031.2","999.9","012.7","  32.6","  4.4","  9.5"
"34504099999","48.6","34.9666666","143.0","2015-12-06","  35.6","000000","999.9","  45.9","  33.4"," 15.5"," 0.00","1025.6","999.9","007.4","  40.0","  4.7"," 10.2"
"34504099999","48.6","34.9666666","143.0","2015-12-07","  34.5","000000","999.9","  45.1","  33.4"," 13.6"," 0.00","1024.8","999.9","006.6","  38.8","  6.2","  9.5"
"34504099999","48.6","34.9666666","143.0","2015-12-08","  33.6","000000","999.9","  43.7","  33.1"," 13.6"," 0.00","1031.7","999.9","013.3","  37.6","  6.0","  9.7"
"34504099999","48.6","34.9666666","143.0","2015-12-09","  27.5","100000","999.9","  35.1","  24.8","  5.8"," 0.00","1037.9","999.9","019.1","  27.9","  0.6","  3.9"
"34504099999","48.6","34.9666666","143.0","2015-12-10","  26.4","100000","999.9","  36.5","  21.2","  5.8"," 0.00","1034.2","999.9","015.4","  27.5","  1.3","  4.7"
"34504099999","48.6","34.9666666","143.0","2015-12-11","  22.4","100000","999.9","  25.0","  22.5","  7.8"," 0.00","1031.0","999.9","012.1","  23.5","  1.7","  5.8"
"34504099999","48.6","34.9666666","143.0","2015-12-12","  25.3","101000","999.9","  30.0","  22.8"," 11.7"," 0.00","1020.8","999.9","002.2","  26.4","  1.4","  6.9"
"34504099999","48.6","34.9666666","143.0","2015-12-13","  31.4","000000","999.9","  38.7","  27.0","  7.8"," 0.08","1020.2","  0.4","001.9","  33.7","  4.4","  6.4"
"34504099999","48.6","34.9666666","143.0","2015-12-14","  32.7","010000","999.9","  39.6","  32.5"," 21.4"," 0.16","1013.5","999.9","995.4","  36.7","  5.5"," 16.5"
"34504099999","48.6","34.9666666","143.0","2015-12-15","  26.9","000000","999.9","  37.2","  30.7"," 13.6"," 0.00","1026.4","999.9","007.9","  32.8","  6.2","  9.7"
"34504099999","48.6","34.9666666","143.0","2015-12-16","  22.6","000000","999.9","  34.7","  21.4","  9.7"," 0.00","1031.6","999.9","012.8","  26.7","  4.6","  5.1"
"34504099999","48.6","34.9666666","143.0","2015-12-17","  21.9","100000","999.9","  35.2","  18.7"," 11.7"," 0.00","1030.2","999.9","011.4","  25.4","  5.1","  5.6"
"34504099999","48.6","34.9666666","143.0","2015-12-18","  26.3","000000","999.9","  37.4","  22.8"," 15.5"," 0.00","1023.6","999.9","005.1","  30.1","  5.7","  9.0"
"34504099999","48.6","34.9666666","143.0","2015-12-19","  33.6","110000","999.9","  36.7","  30.4","  9.7"," 0.02","1022.7","999.9","004.4","  34.0","  0.4","  7.0"
"34504099999","48.6","34.9666666","143.0","2015-12-20","  39.5","100000","999.9","  42.6","  36.3","  9.7"," 0.00","1022.9","999.9","004.9","  40.3","  1.4","  7.2"
"34504099999","48.6","34.9666666","143.0","2015-12-21","  39.2","110000","999.9","  40.8","  37.2","  9.7"," 0.00","1023.8","999.9","005.6","  39.4","  1.1","  6.6"
"34504099999","48.6","34.9666666","143.0","2015-12-22","  37.4","110000","999.9","  42.8","  36.1"," 13.6"," 0.00","1017.9","999.9","999.9","  39.5","  3.9"," 10.9"
"34504099999","48.6","34.9666666","143.0","2015-12-23","  37.9","000000","999.9","  46.0","  40.6"," 15.5"," 0.01","1021.4","999.9","003.4","  43.0","  6.0"," 10.0"
"34504099999","48.6","34.9666666","143.0","2015-12-24","  37.8","000000","999.9","  51.8","  39.2"," 17.5"," 0.00","1023.1","999.9","005.1","  43.7","  6.2"," 11.9"
"34504099999","48.6","34.9666666","143.0","2015-12-25","  31.0","000000","999.9","  43.2","  28.4","  7.8"," 0.00","1027.8","999.9","009.4","  34.4","  4.8","  5.3"
"34504099999","48.6","34.9666666","143.0","2015-12-26","  35.2","010000","999.9","  44.2","  29.8"," 17.5"," 0.00","1022.4","999.9","004.3","  38.3","  4.6"," 10.2"
"34504099999","48.6","34.9666666","143.0","2015-12-27","  34.4","000000","999.9","  47.3","  29.7"," 15.5"," 0.00","1022.0","999.9","003.9","  40.6","  6.2"," 11.1"
"34504099999","48.6","34.9666666","143.0","2015-12-28","  26.8","011000","999.9","  32.4","  25.5"," 13.6"," 0.35","1025.0","999.9","006.5","  29.3","  5.0","  8.1"
"34504099999","48.6","34.9666666","143.0","2015-12-29","  13.8","000000","999.9","  19.9","  17.1"," 13.6"," 0.01","1030.7","  0.4","011.7","  18.3","  6.2"," 10.3"
"34504099999","48.6","34.9666666","143.0","2015-12-30","  10.1","001000","999.9","  16.7","  14.4"," 17.5"," 0.02","1033.4","  0.4","014.2","  15.2","  4.6"," 11.7"
"34504099999","48.6","34.9666666","143.0","2015-12-31","  10.2","001000","999.9","  19.4","   9.0"," 11.7"," 0.05","1030.3","  0.4","011.0","  14.7","  4.7","  7.5"
"34504099999","48.6","34.9666666","143.0","2016-01-01","   3.3","001000","999.9","  14.2","   2.8","  5.8"," 0.01","1028.7","  0.8","009.2","   7.0","  5.1","  5.5"
"34504099999","48.6","34.9666666","143.0","2016-01-02","  -1.1","000000","999.9","   8.8","  -0.9","  9.7"," 0.00","1030.4","  0.8","010.7","   2.6","  5.7","  7.0"
"34504099999","48.6","34.9666666","143.0","2016-01-03","  -2.6","100000","999.9","   8.4","  -4.2","  5.8"," 0.00","1027.0","  0.8","007.3","   0.7","  3.3","  4.6"
"34504099999","48.6","34.9666666","143.0","2016-01-04","  -5.6","000000","999.9","  10.0","  -7.4","  7.8"," 0.00","1018.8","  0.8","999.2","  -0.9","  4.9","  4.3"
"34504099999","48.6","34.9666666","143.0","2016-01-05","   1.9","000000","999.9","  14.7","  -4.5"," 11.7"," 0.00","1011.5","  0.8","992.3","   6.5","  6.2","  8.5"
"34504099999","48.6","34.9666666","143.0","2016-01-06","  14.9","100000","999.9","  20.7","   8.4","  9.7"," 0.00","1014.1","  0.8","995.3","  17.2","  3.1","  5.8"
"34504099999","48.6","34.9666666","143.0","2016-01-07","  23.8","111000","999.9","  32.5","  18.3"," 19.4"," 0.43","1003.7","  0.8","985.3","  25.0","  1.6"," 11.9"
"34504099999","48.6","34.9666666","143.0","2016-01-08","  32.2","110000","999.9","  34.9","  30.4"," 13.6"," 0.24"," 996.0","  3.1","978.1","  32.7","  1.9","  8.7"
"34504099999","48.6","34.9666666","143.0","2016-01-09","  23.7","001000","999.9","  30.7","  21.9"," 15.5"," 0.06","1008.5","  2.0","990.2","  26.8","  5.4"," 10.0"
"34504099999","48.6","34.9666666","143.0","2016-01-10","  27.5","001000","999.9","  36.3","  26.1","  9.7","99.99","1014.4","  2.0","996.0","  30.5","  5.2","  5.8"
"34504099999","48.6","34.9666666","143.0","2016-01-11","  30.9","111000","999.9","  33.8","  29.3"," 15.5"," 0.43","1008.5","  4.3","990.3","  31.8","  1.9"," 10.5"
"34504099999","48.6","34.9666666","143.0","2016-01-12","  36.1","110000","999.9","  42.6","  30.9"," 15.5"," 0.16"," 999.6","  3.9","981.8","  36.5","  1.1"," 10.8"
"34504099999","48.6","34.9666666","143.0","2016-01-13","  32.0","000000","999.9","  41.9","  30.4","  7.8"," 0.04","1004.2","999.9","986.2","  34.4","  5.0","  6.6"
"34504099999","48.6","34.9666666","143.0","2016-01-14","  29.4","000000","999.9","  35.6","  27.5","  9.7"," 0.00","1011.7","999.9","993.5","  31.8","  4.5","  5.1"
"34504099999","48.6","34.9666666","143.0","2016-01-15","  21.4","000000","999.9","  33.6","  26.1","  9.7"," 0.00","1019.9","999.9","001.5","  29.0","  6.2","  5.5"
"34504099999","48.6","34.9666666","143.0","2016-01-16","  30.1","111000","999.9","  35.6","  26.1"," 15.5"," 0.28","1012.3","999.9","994.1","  32.1","  3.2","  9.7"
"34504099999","48.6","34.9666666","143.0","2016-01-17","  27.3","011000","999.9","  31.3","  26.8"," 23.3"," 1.18","1007.5","  0.4","989.2","  29.0","  2.2"," 14.9"
"34504099999","48.6","34.9666666","143.0","2016-01-18","  24.4","111000","999.9","  30.7","  21.7"," 11.7"," 0.28"," 998.3","  5.9","980.0","  25.2","  1.0","  6.8"
"34504099999","48.6","34.9666666","143.0","2016-01-19","  17.9","001000","999.9","  22.3","  19.4","  9.7"," 0.06","1005.1","  5.5","986.6","  20.7","  4.9","  6.5"
"34504099999","48.6","34.9666666","143.0","2016-01-20","  14.9","001000","999.9","  25.2","  11.7","  9.7"," 0.02","1020.8","  5.9","001.8","  18.2","  5.8","  6.2"
"34504099999","48.6","34.9666666","143.0","2016-01-21","  17.9","001000","999.9","  31.5","  10.2"," 11.7"," 0.08","1020.9","  6.3","002.1","  20.6","  4.9","  7.2"
"34504099999","48.6","34.9666666","143.0","2016-01-22","   9.7","101000","999.9","  18.3","   0.7","  7.8"," 0.00","1026.4","  6.3","007.1","  11.4","  1.6","  3.9"
"34504099999","48.6","34.9666666","143.0","2016-01-23","   2.4","001000","999.9","  14.7","   0.3","999.9"," 0.00","1032.5","  6.3","012.9","   4.9","  2.0","999.9"
"34504099999","48.6","34.9666666","143.0","2016-01-24","   1.4","001000","999.9","  16.0","  -2.4","  5.8"," 0.02","1033.3","  6.7","013.6","   5.0","  2.5","  4.4"
"34504099999","48.6","34.9666666","143.0","2016-01-25","  -0.2","000000","999.9","  10.2","  -4.7","  5.8"," 0.00","1030.5","  6.3","010.9","   3.8","  3.6","  4.3"
"34504099999","48.6","34.9666666","143.0","2016-01-26","  10.3","001000","999.9","  18.7","   4.5","  7.8"," 0.01","1029.2","  6.3","009.9","  13.7","  5.8","  5.8"
"34504099999","48.6","34.9666666","143.0","2016-01-27","  21.8","001000","999.9","  31.3","  13.6"," 13.6"," 0.01","1022.6","  6.3","003.8","  24.1","  4.6","  9.7"
"34504099999","48.6","34.9666666","143.0","2016-01-28","  33.7","100000","999.9","  35.4","  29.8","  7.8"," 0.04","1015.7","  6.7","997.5","  33.9","  0.5","  6.1"
"34504099999","48.6","34.9666666","143.0","2016-01-29","  29.8","000000","999.9","  40.8","  28.2"," 17.5"," 0.03","1021.3","  4.3","003.0","  35.1","  6.2"," 10.3"
"34504099999","48.6","34.9666666","143.0","2016-01-30","  27.1","000000","999.9","  37.0","  23.5","  9.7"," 0.00","1025.5","  2.8","007.0","  30.7","  5.4","  7.5"
"34504099999","48.6","34.9666666","143.0","2016-01-31","  32.9","110000","999.9","  38.1","  28.6"," 13.6"," 0.01","1014.8","  2.8","996.7","  34.7","  4.6"," 11.9"
"34504099999","48.6","34.9666666","143.0","2016-02-01","  29.1","000000","999.9","  37.9","  27.7","  7.8"," 0.00","1012.7","  1.6","994.5","  32.5","  5.5","  4.7"
"34504099999","48.6","34.9666666","143.0","2016-02-02","  29.4","000000","999.9","  35.8","  25.0"," 13.6"," 0.01","1018.7","  0.8","000.4","  31.7","  5.8","  8.5"
"34504099999","48.6","34.9666666","143.0","2016-02-03","  36.0","100000","999.9","  40.1","  30.7"," 11.7"," 0.00","1013.3","  0.4","995.2","  36.1","  0.1","  8.6"
"34504099999","48.6","34.9666666","143.0","2016-02-04","  33.0","110000","999.9","  36.3","  29.7","  9.7"," 0.02","1010.5","999.9","992.3","  33.6","  1.6","  5.5"
"34504099999","48.6","34.9666666","143.0","2016-02-05","  30.1","000000","999.9","  36.5","  30.6","  9.7"," 0.00","1017.7","999.9","999.4","  32.6","  4.2","  6.4"
"34504099999","48.6","34.9666666","143.0","2016-02-06","  24.4","000000","999.9","  36.1","  25.9"," 11.7"," 0.00","1023.2","999.9","004.7","  30.0","  6.2","  7.5"
"34504099999","48.6","34.9666666","143.0","2016-02-07","  23.0","000000","999.9","  38.1","  21.6","  5.8"," 0.00","1030.4","999.9","011.7","  28.4","  5.4","  2.7"
"34504099999","48.6","34.9666666","143.0","2016-02-08","  22.5","000000","999.9","  37.0","  23.4"," 11.7"," 0.00","1030.8","999.9","012.1","  29.5","  6.2","  5.8"
"34504099999","48.6","34.9666666","143.0","2016-02-09","  29.1","100000","999.9","  37.8","  25.2"," 15.5"," 0.00","1025.1","999.9","006.7","  32.0","  4.7","  9.2"
"34504099999","48.6","34.9666666","143.0","2016-02-10","  32.1","000000","999.9","  42.4","  31.5"," 15.5"," 0.00","1018.9","999.9","000.7","  36.0","  6.2"," 12.1"
"34504099999","48.6","34.9666666","143.0","2016-02-11","  31.6","110000","999.9","  40.3","  30.2"," 19.4"," 0.20","1010.1","999.9","992.0","  34.8","  4.7"," 15.8"
"34504099999","48.6","34.9666666","143.0","2016-02-12","  32.8","100000","999.9","  35.4","  28.4","  5.8"," 0.02","1016.9","999.9","998.7","  33.2","  1.5","  4.7"
"34504099999","48.6","34.9666666","143.0","2016-02-13","  34.3","110000","999.9","  37.6","  29.3"," 13.6"," 0.12","1014.1","999.9","996.0","  35.5","  3.3","  9.2"
"34504099999","48.6","34.9666666","143.0","2016-02-14","  42.1","010000","999.9","  53.1","  36.5"," 13.6"," 0.59","1005.3","999.9","987.7","  43.9","  4.6","  9.4"
"34504099999","48.6","34.9666666","143.0","2016-02-15","  42.2","100000","999.9","  49.1","  36.7","  7.8"," 0.00","1016.1","999.9","998.2","  42.7","  2.2","  6.1"
"34504099999","48.6","34.9666666","143.0","2016-02-16","  43.8","010000","999.9","  59.5","  41.2"," 15.5"," 0.01","1023.0","999.9","005.3","  49.2","  6.2"," 10.3"
"34504099999","48.6","34.9666666","143.0","2016-02-17","  26.9","000000","999.9","  42.8","  29.5"," 11.7"," 0.00","1034.2","999.9","015.7","  35.9","  6.2","  8.9"
"34504099999","48.6","34.9666666","143.0","2016-02-18","  20.8","000000","999.9","  38.5","  23.2","  7.8"," 0.00","1034.3","999.9","015.6","  31.2","  6.2","  6.4"
"34504099999","48.6","34.9666666","143.0","2016-02-19","  21.7","000000","999.9","  32.9","  23.2"," 13.6"," 0.00","1026.1","999.9","007.5","  27.3","  6.2"," 10.9"
"34504099999","48.6","34.9666666","143.0","2016-02-20","  18.9","000000","999.9","  35.6","  18.7"," 11.7"," 0.00","1026.0","999.9","007.4","  26.9","  6.2","  5.3"
"34504099999","48.6","34.9666666","143.0","2016-02-21","  21.6","000000","999.9","  36.5","  21.0","999.9"," 0.00","1018.0","999.9","999.5","  28.4","  6.1","999.9"
"34504099999","48.6","34.9666666","143.0","2016-02-22","  32.4","000000","999.9","  46.6","  25.9"," 15.5"," 0.01","1013.4","999.9","995.4","  37.3","  6.2"," 11.4"
"34504099999","48.6","34.9666666","143.0","2016-02-23","  40.8","000000","999.9","  54.1","  40.5"," 13.6"," 0.00","1011.9","999.9","994.2","  45.5","  4.5"," 11.4"
"34504099999","48.6","34.9666666","143.0","2016-02-24","  38.1","100000","999.9","  44.1","  40.3"," 11.7"," 0.00","1006.4","999.9","988.7","  41.9","  4.9","  6.5"
"34504099999","48.6","34.9666666","143.0","2016-02-25","  31.2","110000","999.9","  42.4","  31.5"," 21.4"," 0.00","1013.0","999.9","995.0","  36.6","  5.4"," 11.2"
"34504099999","48.6","34.9666666","143.0","2016-02-26","  28.9","000000","999.9","  44.4","  27.7"," 11.7"," 0.00","1018.8","999.9","000.6","  36.5","  5.8","  7.8"
"34504099999","48.6","34.9666666","143.0","2016-02-27","  38.2","110000","999.9","  47.7","  36.1","  7.8"," 0.01","1017.1","999.9","999.2","  41.2","  3.3","  6.2"
"34504099999","48.6","34.9666666","143.0","2016-02-28","  30.8","000000","999.9","  39.0","  31.8","  7.8"," 0.00","1028.2","999.9","009.9","  36.0","  6.0","  4.4"
"34504099999","48.6","34.9666666","143.0","2016-02-29","  35.2","100000","999.9","  43.9","  30.4"," 11.7"," 0.00","1029.3","999.9","011.0","  37.4","  2.2","  6.8"
"34504099999","48.6","34.9666666","143.0","2016-03-01","  43.1","110000","999.9","  56.3","  40.5"," 13.6"," 0.02","1017.4","999.9","999.6","  46.2","  3.3","  8.6"
"34504099999","48.6","34.9666666","143.0","2016-03-02","  43.2","100000","999.9","  61.2","  38.8","  7.8"," 0.00","1008.1","999.9","990.6","  47.5","  3.8","  6.6"
"34504099999","48.6","34.9666666","143.0","2016-03-03","  41.6","010000","999.9","  46.4","  41.0"," 17.5"," 0.02","1005.9","999.9","988.3","  43.9","  3.2"," 10.8"
"34504099999","48.6","34.9666666","143.0","2016-03-04","  42.8","010000","999.9","  46.4","  42.4","  9.7"," 0.16","1000.9","999.9","983.4","  43.9","  1.5","  8.4"
"34504099999","48.6","34.9666666","143.0","2016-03-05","  40.2","110000","999.9","  44.1","  38.7","  9.7"," 0.02","1008.2","999.9","990.4","  41.5","  2.6","  7.0"
"34504099999","48.6","34.9666666","143.0","2016-03-06","  32.7","000000","999.9","  41.5","  33.4","  9.7"," 0.00","1015.8","999.9","997.6","  35.6","  3.6","  4.9"
"34504099999","48.6","34.9666666","143.0","2016-03-07","  37.9","000000","999.9","  49.1","  33.6","  9.7"," 0.00","1018.6","999.9","000.7","  41.6","  4.8","  7.5"
"34504099999","48.6","34.9666666","143.0","2016-03-08","  39.7","000000","999.9","  55.9","  37.9"," 13.6"," 0.00","1018.0","999.9","000.2","  46.1","  5.4"," 10.4"
"34504099999","48.6","34.9666666","143.0","2016-03-09","  36.8","000000","999.9","  58.1","  35.4","  9.7"," 0.00","1018.7","999.9","000.9","  46.1","  6.2","  8.3"
"34504099999","48.6","34.9666666","143.0","2016-03-10","  34.1","000000","999.9","  53.2","  34.9"," 19.4"," 0.00","1018.4","999.9","000.5","  43.3","  6.2"," 13.6"
"34504099999","48.6","34.9666666","143.0","2016-03-11","  35.4","000000","999.9","  49.5","  37.8"," 15.5"," 0.00","1020.0","999.9","002.0","  42.9","  6.2"," 10.0"
"34504099999","48.6","34.9666666","143.0","2016-03-12","  35.7","000000","999.9","  48.2","  41.4","  5.8"," 0.00","1022.2","999.9","004.2","  44.2","  6.2","  3.3"
"34504099999","48.6","34.9666666","143.0","2016-03-13","  35.4","010000","999.9","  51.8","  35.8"," 15.5"," 0.03","1019.3","999.9","001.3","  41.1","  4.9","  8.3"
"34504099999","48.6","34.9666666","143.0","2016-03-14","  28.3","010000","999.9","  37.8","  32.4"," 17.5"," 0.07","1016.5","999.9","998.3","  34.0","  4.7"," 12.9"
"34504099999","48.6","34.9666666","143.0","2016-03-15","  20.1","000000","999.9","  41.4","  27.5"," 13.6"," 0.00","1023.2","999.9","004.9","  34.1","  6.2","  9.4"
"34504099999","48.6","34.9666666","143.0","2016-03-16","  22.3","000000","999.9","  48.6","  24.6"," 19.4"," 0.00","1023.0","999.9","004.8","  36.6","  6.2"," 12.6"
"34504099999","48.6","34.9666666","143.0","2016-03-17","  30.5","000000","999.9","  40.1","  36.3"," 15.5"," 0.00","1015.1","999.9","997.1","  38.2","  6.2"," 12.9"
"34504099999","48.6","34.9666666","143.0","2016-03-18","  34.3","010000","999.9","  47.7","  36.3"," 17.5"," 0.00","1003.8","999.9","986.1","  42.0","  6.2"," 13.6"
"34504099999","48.6","34.9666666","143.0","2016-03-19","  19.6","001000","999.9","  34.5","  21.9"," 15.5"," 0.06","1006.7","999.9","988.4","  28.3","  6.2"," 11.3"
"34504099999","48.6","34.9666666","143.0","2016-03-20","  23.1","010000","999.9","  35.1","  18.0"," 21.4"," 0.16","1011.4","999.9","993.1","  27.5","  4.0"," 10.0"
"34504099999","48.6","34.9666666","143.0","2016-03-21","  31.4","011000","999.9","  45.3","  29.3","  5.8"," 0.31","1011.6","  1.6","993.4","  33.3","  2.8","  4.4"
"34504099999","48.6","34.9666666","143.0","2016-03-22","  32.2","100000","999.9","  48.2","  29.5","  7.8"," 0.00","1008.4","999.9","990.5","  38.5","  4.4","  5.4"
"34504099999","48.6","34.9666666","143.0","2016-03-23","  33.7","000000","999.9","  50.9","  34.0"," 11.7"," 0.00","1007.9","999.9","990.0","  40.9","  6.2","  8.7"
"34504099999","48.6","34.9666666","143.0","2016-03-24","  41.6","010000","999.9","  55.9","  37.6"," 13.6"," 0.34"," 999.9","999.9","982.4","  44.1","  4.9"," 10.3"
"34504099999","48.6","34.9666666","143.0","2016-03-25","  32.4","010000","999.9","  37.8","  33.6"," 13.6"," 0.03","1007.2","999.9","989.2","  35.5","  5.3"," 11.7"
"34504099999","48.6","34.9666666","143.0","2016-03-26","  29.4","000000","999.9","  36.3","  32.2","  7.8"," 0.00","1013.3","999.9","995.1","  34.5","  6.2","  4.9"
"34504099999","48.6","34.9666666","143.0","2016-03-27","  33.6","010000","999.9","  38.5","  32.4","  5.8"," 0.31","1014.0","  0.4","995.9","  35.0","  3.1","  5.4"
"34504099999","48.6","34.9666666","143.0","2016-03-28","  33.8","010000","999.9","  39.0","  35.1","  7.8"," 0.07","1012.6","999.9","994.5","  36.3","  4.6","  5.4"
"34504099999","48.6","34.9666666","143.0","2016-03-29","  35.0","000000","999.9","  55.8","  33.1"," 13.6"," 0.02","1014.8","999.9","997.0","  44.5","  5.8","  8.0"
"34504099999","48.6","34.9666666","143.0","2016-03-30","  40.0","010000","999.9","  57.9","  39.7"," 15.5"," 0.08","1018.9","999.9","001.1","  45.4","  5.2","  8.5"
"34504099999","48.6","34.9666666","143.0","2016-03-31","  40.8","100000","999.9","  53.2","  31.8"," 13.6"," 0.02","1019.2","999.9","001.3","  43.7","  3.6","  8.9"
"34504099999","48.6","34.9666666","143.0","2016-04-01","  47.1","000000","999.9","  67.3","  44.4"," 15.5"," 0.00","1010.8","999.9","993.5","  54.0","  4.5"," 12.6"
"34504099999","48.6","34.9666666","143.0","2016-04-02","  32.1","010000","999.9","  46.4","  37.6"," 23.3"," 0.09","1013.5","999.9","995.6","  40.8","  6.2"," 18.8"
"34504099999","48.6","34.9666666","143.0","2016-04-03","  28.0","000000","999.9","  54.3","  32.5"," 17.5"," 0.00","1020.2","999.9","002.2","  42.9","  6.2"," 11.4"
"34504099999","48.6","34.9666666","143.0","2016-04-04","  28.6","000000","999.9","  59.9","  36.1"," 11.7"," 0.00","1017.3","999.9","999.6","  47.1","  6.2","  7.5"
"34504099999","48.6","34.9666666","143.0","2016-04-05","  32.9","000000","999.9","  63.9","  35.4","  7.8"," 0.00","1015.0","999.9","997.4","  49.8","  6.2","  5.6"
"34504099999","48.6","34.9666666","143.0","2016-04-06","  33.7","000000","999.9","  64.0","  43.0","  9.7"," 0.00","1014.0","999.9","996.5","  52.8","  6.2","  5.1"
"34504099999","48.6","34.9666666","143.0","2016-04-07","  35.8","000000","999.9","  70.7","  40.5","  9.7"," 0.00","1014.8","999.9","997.4","  54.7","  6.2","  5.8"
"34504099999","48.6","34.9666666","143.0","2016-04-08","  37.8","000000","999.9","  75.9","  43.3","  7.8"," 0.00","1014.5","999.9","997.2","  60.7","  6.2","  5.3"
"34504099999","48.6","34.9666666","143.0","2016-04-09","  39.3","000000","999.9","  75.2","  50.7"," 15.5"," 0.00","1009.6","999.9","992.5","  63.0","  6.2"," 10.0"
"34504099999","48.6","34.9666666","143.0","2016-04-10","  43.0","000000","999.9","  75.7","  48.6"," 15.5"," 0.00","1005.8","999.9","988.7","  60.9","  6.2"," 11.4"
"34504099999","48.6","34.9666666","143.0","2016-04-11","  50.1","000000","999.9","  69.4","  51.8","  7.8"," 0.00","1008.4","999.9","991.3","  59.5","  5.5","  4.7"
"34504099999","48.6","34.9666666","143.0","2016-04-12","  46.6","010000","999.9","  74.8","  54.9","  7.8"," 0.00","1009.1","999.9","992.0","  64.1","  6.2","  4.2"
"34504099999","48.6","34.9666666","143.0","2016-04-13","  47.9","010000","999.9","  72.9","  50.4","  7.8"," 0.01","1007.7","999.9","990.5","  57.3","  6.2","  5.2"
"34504099999","48.6","34.9666666","143.0","2016-04-14","  50.5","110010","999.9","  68.2","  46.8"," 11.7"," 0.02","1005.4","999.9","988.2","  56.2","  4.6","  7.3"
"34504099999","48.6","34.9666666","143.0","2016-04-15","  48.9","010000","999.9","  65.1","  46.6"," 19.4"," 0.14","1003.0","999.9","985.7","  52.5","  4.9"," 14.9"
"34504099999","48.6","34.9666666","143.0","2016-04-16","  37.6","000000","999.9","  63.9","  43.2"," 23.3"," 0.00","1014.3","999.9","996.9","  55.0","  6.2"," 13.9"
"34504099999","48.6","34.9666666","143.0","2016-04-17","  45.4","000000","999.9","  73.8","  46.2"," 17.5"," 0.00","1015.2","999.9","998.0","  60.7","  6.2","  9.7"
"34504099999","48.6","34.9666666","143.0","2016-04-18","  47.8","000000","999.9","  81.7","  48.4"," 15.5"," 0.00","1012.0","999.9","994.9","  63.7","  6.2","  9.2"
"34504099999","48.6","34.9666666","143.0","2016-04-19","  50.8","010000","999.9","  67.3","  50.5"," 11.7"," 0.08","1013.0","999.9","995.8","  58.9","  6.2","  7.5"
"34504099999","48.6","34.9666666","143.0","2016-04-20","  43.6","010000","999.9","  55.4","  43.2"," 13.6"," 0.51","1010.6","999.9","993.0","  47.9","  4.7","  8.3"
"34504099999","48.6","34.9666666","143.0","2016-04-21","  35.1","010000","999.9","  53.6","  37.8"," 17.5"," 0.32","1014.4","999.9","996.6","  44.0","  6.2"," 12.0"
"34504099999","48.6","34.9666666","143.0","2016-04-22","  34.7","000000","999.9","  61.3","  32.4"," 23.3"," 0.00","1014.9","999.9","997.2","  48.1","  6.2"," 14.1"
"34504099999","48.6","34.9666666","143.0","2016-04-23","  36.6","000000","999.9","  63.9","  41.9"," 13.6"," 0.00","1012.1","999.9","994.6","  52.5","  6.2","  5.8"
"34504099999","48.6","34.9666666","143.0","2016-04-24","  39.5","000000","999.9","  67.6","  43.2"," 15.5"," 0.00","1005.5","999.9","988.3","  56.0","  6.2"," 10.4"
"34504099999","48.6","34.9666666","143.0","2016-04-25","  51.3","010000","999.9","  71.8","  50.2"," 15.5"," 0.16"," 997.7","999.9","980.7","  57.9","  4.7","  8.3"
"34504099999","48.6","34.9666666","143.0","2016-04-26","  50.9","000000","999.9","  63.1","  51.1","  9.7"," 0.20","1002.9","999.9","985.7","  54.8","  5.2","  6.8"
"34504099999","48.6","34.9666666","143.0","2016-04-27","  50.5","010000","999.9","  53.6","  48.2"," 13.6"," 0.97","1006.6","999.9","989.2","  51.4","  2.8","  9.4"
"34504099999","48.6","34.9666666","143.0","2016-04-28","  46.6","000000","999.9","  64.6","  48.2"," 11.7"," 0.04","1014.9","999.9","997.5","  55.4","  6.2","  8.0"
"34504099999","48.6","34.9666666","143.0","2016-04-29","  45.1","000000","999.9","  72.0","  43.9"," 11.7"," 0.00","1018.8","999.9","001.4","  58.0","  5.7","  5.6"
"34504099999","48.6","34.9666666","143.0","2016-04-30","  47.2","010000","999.9","  68.9","  48.2"," 11.7"," 0.00","1019.0","999.9","001.6","  57.4","  5.8","  8.3"
"34504099999","48.6","34.9666666","143.0","2016-05-01","  44.6","000000","999.9","  66.0","  46.2","  9.7"," 0.00","1021.3","999.9","003.7","  54.3","  6.2","  7.0"
"34504099999","48.6","34.9666666","143.0","2016-05-02","  38.1","000000","999.9","  69.3","  44.4","  7.8"," 0.00","1021.4","999.9","003.9","  57.5","  6.2","  5.3"
"34504099999","48.6","34.9666666","143.0","2016-05-03","  41.7","000000","999.9","  70.7","  45.7"," 13.6"," 0.00","1015.4","999.9","998.1","  58.1","  6.2","  9.5"
"34504099999","48.6","34.9666666","143.0","2016-05-04","  44.6","000000","999.9","  66.6","  46.6"," 21.4"," 0.00","1010.9","999.9","993.7","  57.2","  6.2"," 13.4"
"34504099999","48.6","34.9666666","143.0","2016-05-05","  44.2","000000","999.9","  74.8","  51.8"," 13.6"," 0.00","1011.4","999.9","994.2","  61.5","  6.2","  9.0"
"34504099999","48.6","34.9666666","143.0","2016-05-06","  48.6","000010","999.9","  67.8","  49.5"," 15.5"," 0.12","1011.6","999.9","994.2","  56.0","  6.2","  9.7"
"34504099999","48.6","34.9666666","143.0","2016-05-07","  52.6","010000","999.9","  59.0","  48.6"," 13.6"," 0.17","1014.0","999.9","996.5","  54.0","  5.3","  8.7"
"34504099999","48.6","34.9666666","143.0","2016-05-08","  53.2","100000","999.9","  69.1","  50.4","  7.8"," 0.00","1019.4","999.9","002.1","  59.3","  4.5","  4.4"
"34504099999","48.6","34.9666666","143.0","2016-05-09","  53.1","000000","999.9","  74.8","  51.4","  9.7"," 0.00","1021.8","999.9","004.6","  62.8","  5.6","  6.6"
"34504099999","48.6","34.9666666","143.0","2016-05-10","  54.5","010010","999.9","  74.5","  53.1"," 11.7"," 0.24","1018.6","999.9","001.2","  58.4","  6.2","  7.8"
"34504099999","48.6","34.9666666","143.0","2016-05-11","  54.9","010010","999.9","  70.2","  53.8"," 11.7"," 0.32","1011.3","999.9","994.1","  57.7","  6.2","  7.4"
"34504099999","48.6","34.9666666","143.0","2016-05-12","  54.3","010000","999.9","  65.1","  54.3","  5.8"," 0.02","1004.3","999.9","987.2","  58.6","  5.2","  3.9"
"34504099999","48.6","34.9666666","143.0","2016-05-13","  53.4","100000","999.9","  71.4","  49.3","  7.8"," 0.00","1003.5","999.9","986.5","  60.8","  3.9","  6.4"
"34504099999","48.6","34.9666666","143.0","2016-05-14","  56.7","010010","999.9","  71.4","  56.5"," 19.4"," 0.91"," 998.7","999.9","981.8","  59.8","  5.1"," 10.0"
"34504099999","48.6","34.9666666","143.0","2016-05-15","  54.8","010010","999.9","  71.6","  53.2","  9.7"," 0.71","1002.4","999.9","985.4","  60.1","  5.5","  5.8"
"34504099999","48.6","34.9666666","143.0","2016-05-16","  53.6","100000","999.9","  70.3","  51.6","  7.8"," 0.00","1009.9","999.9","992.7","  60.5","  5.3","  5.3"
"34504099999","48.6","34.9666666","143.0","2016-05-17","  55.3","010010","999.9","  72.0","  54.0","  9.7"," 0.39","1009.9","999.9","992.8","  60.4","  6.0","  6.4"
"34504099999","48.6","34.9666666","143.0","2016-05-18","  45.2","000000","999.9","  64.9","  50.9","  7.8"," 0.00","1012.3","999.9","994.9","  56.1","  6.2","  5.0"
"34504099999","48.6","34.9666666","143.0","2016-05-19","  45.3","010010","999.9","  64.2","  45.3"," 23.3"," 0.02","1011.4","999.9","994.0","  53.4","  5.7","  8.9"
"34504099999","48.6","34.9666666","143.0","2016-05-20","  44.9","010000","999.9","  66.6","  42.6"," 15.5"," 0.02","1013.2","999.9","995.9","  56.4","  6.2"," 10.0"
"34504099999","48.6","34.9666666","143.0","2016-05-21","  46.2","000000","999.9","  71.8","  49.6"," 15.5"," 0.00","1014.6","999.9","997.4","  62.3","  6.2"," 10.0"
"34504099999","48.6","34.9666666","143.0","2016-05-22","  49.1","000000","999.9","  73.9","  50.7","  7.8"," 0.00","1014.8","999.9","997.6","  62.8","  6.2","  5.0"
"34504099999","48.6","34.9666666","143.0","2016-05-23","  50.8","010000","999.9","  72.9","  52.5","  9.7"," 0.02","1012.0","999.9","994.8","  62.2","  6.2","  6.7"
"34504099999","48.6","34.9666666","143.0","2016-05-24","  50.3","000000","999.9","  72.0","  50.9","  7.8"," 0.00","1008.5","999.9","991.5","  61.6","  6.2","  5.3"
"34504099999","48.6","34.9666666","143.0","2016-05-25","  51.9","000000","999.9","  76.3","  53.8","  5.8"," 0.00","1006.8","999.9","989.8","  63.9","  6.2","  4.9"
"34504099999","48.6","34.9666666","143.0","2016-05-26","  57.0","010000","999.9","  78.6","  55.6"," 11.7"," 0.16","1008.0","999.9","991.0","  62.5","  6.2","  5.5"
"34504099999","48.6","34.9666666","143.0","2016-05-27","  59.8","010010","999.9","  75.6","  56.1","  7.8"," 0.01","1012.0","999.9","995.1","  66.3","  6.2","  5.1"
"34504099999","48.6","34.9666666","143.0","2016-05-28","  60.5","000010","999.9","  78.1","  61.0","  9.7"," 0.02","1011.9","999.9","995.1","  68.3","  5.5","  6.4"
"34504099999","48.6","34.9666666","143.0","2016-05-29","  60.6","010000","999.9","  75.4","  60.6","  7.8"," 0.24","1008.8","999.9","991.9","  65.5","  6.2","  6.6"
"34504099999","48.6","34.9666666","143.0","2016-05-30","  59.1","010000","999.9","  76.6","  55.6","  7.8","99.99","1008.9","999.9","992.0","  66.9","  5.8","  6.3"
"34504099999","48.6","34.9666666","143.0","2016-05-31","  63.3","010010","999.9","  77.9","  61.0","  7.8"," 0.72","1009.0","999.9","992.2","  68.3","  6.2","  5.1"
"34504099999","48.6","34.9666666","143.0","2016-06-01","  58.0","000000","999.9","  66.4","  56.3"," 13.6"," 0.00","1013.4","999.9","996.3","  61.9","  4.7"," 10.7"
"34504099999","48.6","34.9666666","143.0","2016-06-02","  51.6","000000","999.9","  71.4","  54.7"," 15.5"," 0.00","1014.5","999.9","997.3","  60.6","  6.2"," 10.0"
"34504099999","48.6","34.9666666","143.0","2016-06-03","  50.5","000000","999.9","  74.1","  53.4"," 11.7"," 0.00","1011.0","999.9","993.9","  63.5","  6.2","  8.3"
"34504099999","48.6","34.9666666","143.0","2016-06-04","  53.2","000010","999.9","  75.2","  55.2","  5.8"," 0.08","1009.2","999.9","992.1","  63.6","  6.2","  4.5"
"34504099999","48.6","34.9666666","143.0","2016-06-05","  51.7","000000","999.9","  79.2","  53.8"," 11.7"," 0.00","1009.7","999.9","992.8","  66.4","  6.2","  6.9"
"34504099999","48.6","34.9666666","143.0","2016-06-06","  51.5","010010","999.9","  73.8","  56.5"," 11.7"," 0.08","1009.0","999.9","992.0","  63.4","  6.2","  8.9"
"34504099999","48.6","34.9666666","143.0","2016-06-07","  41.1","010000","999.9","  63.3","  48.4"," 13.6"," 0.00","1015.9","999.9","998.5","  55.5","  6.2","  8.7"
"34504099999","48.6","34.9666666","143.0","2016-06-08","  39.3","000000","999.9","  63.9","  42.8","  7.8"," 0.00","1018.2","999.9","000.7","  54.3","  6.2","  5.0"
"34504099999","48.6","34.9666666","143.0","2016-06-09","  42.7","000000","999.9","  70.2","  47.1","  5.8"," 0.00","1015.4","999.9","998.1","  59.4","  6.2","  4.4"
"34504099999","48.6","34.9666666","143.0","2016-06-10","  44.0","000000","999.9","  73.6","  49.1","  9.7"," 0.00","1014.7","999.9","997.5","  62.5","  6.2","  5.8"
"34504099999","48.6","34.9666666","143.0","2016-06-11","  50.9","010000","999.9","  74.1","  52.3"," 11.7"," 0.00","1012.5","999.9","995.4","  62.9","  6.2","  7.1"
"34504099999","48.6","34.9666666","143.0","2016-06-12","  58.7","010000","999.9","  63.9","  58.5"," 11.7"," 0.40","1012.4","999.9","995.3","  61.6","  5.0","  5.3"
"34504099999","48.6","34.9666666","143.0","2016-06-13","  61.4","010010","999.9","  75.4","  58.6","  5.8"," 0.87","1008.2","999.9","991.3","  64.0","  4.2","  3.6"
"34504099999","48.6","34.9666666","143.0","2016-06-14","  57.9","000000","999.9","  83.7","  60.4","  9.7"," 0.00","1004.2","999.9","987.6","  72.5","  6.2","  6.7"
"34504099999","48.6","34.9666666","143.0","2016-06-15","  61.4","010000","999.9","  78.8","  61.9"," 11.7"," 0.13","1002.8","999.9","986.1","  68.9","  6.2","  7.2"
"34504099999","48.6","34.9666666","143.0","2016-06-16","  62.2","010000","999.9","  80.6","  61.5","  7.8"," 0.01","1010.0","999.9","993.2","  69.4","  5.3","  6.2"
"34504099999","48.6","34.9666666","143.0","2016-06-17","  63.2","100000","999.9","  83.7","  62.4","  5.8"," 0.00","1016.9","999.9","000.1","  74.0","  4.9","  3.3"
"34504099999","48.6","34.9666666","143.0","2016-06-18","  62.8","000000","999.9","  86.5","  66.2"," 15.5"," 0.00","1018.0","999.9","001.3","  76.9","  5.8","  6.9"
"34504099999","48.6","34.9666666","143.0","2016-06-19","  64.1","000000","999.9","  87.4","  66.9","  7.8"," 0.00","1019.3","999.9","002.5","  74.6","  6.2","  4.9"
"34504099999","48.6","34.9666666","143.0","2016-06-20","  66.1","000000","999.9","  87.6","  66.6"," 11.7"," 0.00","1022.3","999.9","005.5","  76.3","  6.2","  6.6"
"34504099999","48.6","34.9666666","143.0","2016-06-21","  67.0","000000","999.9","  87.3","  66.9","  9.7"," 0.00","1023.6","999.9","006.8","  77.4","  6.2","  7.5"
"34504099999","48.6","34.9666666","143.0","2016-06-22","  67.8","000000","999.9","  88.7","  67.8"," 11.7"," 0.00","1022.1","999.9","005.4","  78.7","  6.2","  8.0"
"34504099999","48.6","34.9666666","143.0","2016-06-23","  65.5","000000","999.9","  86.7","  70.0"," 11.7"," 0.00","1021.9","999.9","005.1","  76.7","  6.2","  8.7"
"34504099999","48.6","34.9666666","143.0","2016-06-24","  60.3","000000","999.9","  86.4","  65.1"," 11.7"," 0.00","1020.6","999.9","003.7","  74.8","  6.2","  8.0"
"34504099999","48.6","34.9666666","143.0","2016-06-25","  60.7","000000","999.9","  86.4","  65.8","  9.7"," 0.00","1019.9","999.9","003.1","  76.2","  6.2","  7.8"
"34504099999","48.6","34.9666666","143.0","2016-06-26","  60.8","000000","999.9","  88.0","  64.8"," 11.7"," 0.00","1017.5","999.9","000.8","  76.9","  6.2","  8.0"
"34504099999","48.6","34.9666666","143.0","2016-06-27","  62.1","000000","999.9","  90.5","  67.5","  7.8"," 0.00","1011.0","999.9","994.5","  79.2","  6.2","  6.3"
"34504099999","48.6","34.9666666","143.0","2016-06-28","  65.5","010010","999.9","  91.0","  70.7","  9.7"," 0.20","1005.8","999.9","989.3","  75.9","  6.2","  6.5"
"34504099999","48.6","34.9666666","143.0","2016-06-29","  65.1","000010","999.9","  83.5","  68.0","  9.7"," 0.01","1006.4","999.9","989.8","  74.8","  6.2","  6.7"
"34504099999","48.6","34.9666666","143.0","2016-06-30","  65.3","010010","999.9","  84.0","  65.5"," 11.7"," 0.22","1009.1","999.9","992.4","  70.2","  5.8","  7.5"
"34504099999","48.6","34.9666666","143.0","2016-07-01","  67.7","010010","999.9","  84.7","  66.0"," 11.7"," 0.32","1013.0","999.9","996.2","  71.3","  5.7","  8.7"
"34504099999","48.6","34.9666666","143.0","2016-07-02","  62.6","000000","999.9","  84.2","  65.8","  9.7"," 0.00","1015.3","999.9","998.5","  73.5","  6.2","  7.8"
"34504099999","48.6","34.9666666","143.0","2016-07-03","  60.0","000000","999.9","  87.4","  64.2"," 11.7"," 0.00","1012.9","999.9","996.3","  76.4","  6.2","  6.5"
"34504099999","48.6","34.9666666","143.0","2016-07-04","  61.3","010000","999.9","  87.8","  65.1"," 11.7"," 0.01","1011.0","999.9","994.3","  74.7","  6.2","  7.5"
"34504099999","48.6","34.9666666","143.0","2016-07-05","  50.8","000000","999.9","  78.4","  60.8"," 13.6"," 0.00","1015.0","999.9","997.9","  67.6","  6.2","  8.3"
"34504099999","48.6","34.9666666","143.0","2016-07-06","  48.7","000000","999.9","  80.1","  55.4","  7.8"," 0.00","1013.6","999.9","996.6","  68.8","  6.2","  4.6"
"34504099999","48.6","34.9666666","143.0","2016-07-07","  56.2","110000","999.9","  77.7","  58.1","  7.8"," 0.00","1011.4","999.9","994.4","  64.7","  5.8","  5.0"
"34504099999","48.6","34.9666666","143.0","2016-07-08","  52.2","000000","999.9","  76.3","  55.6"," 11.7"," 0.00","1014.9","999.9","997.8","  65.0","  6.2","  8.0"
"34504099999","48.6","34.9666666","143.0","2016-07-09","  48.9","000000","999.9","  78.6","  55.9","  9.7"," 0.00","1014.4","999.9","997.4","  67.4","  6.2","  6.2"
"34504099999","48.6","34.9666666","143.0","2016-07-10","  53.3","010010","999.9","  80.4","  55.2","  9.7"," 0.00","1012.2","999.9","995.3","  68.0","  6.2","  4.2"
"34504099999","48.6","34.9666666","143.0","2016-07-11","  57.2","000000","999.9","  82.8","  59.2","  7.8"," 0.00","1015.2","999.9","998.3","  70.4","  6.2","  4.6"
"34504099999","48.6","34.9666666","143.0","2016-07-12","  57.8","000000","999.9","  86.4","  59.7","  9.7"," 0.00","1017.4","999.9","000.6","  74.1","  6.2","  5.8"
"34504099999","48.6","34.9666666","143.0","2016-07-13","  58.0","000000","999.9","  90.3","  64.8","  5.8"," 0.00","1015.8","999.9","999.1","  78.6","  6.2","  3.9"
"34504099999","48.6","34.9666666","143.0","2016-07-14","  57.6","000000","999.9","  94.1","  67.1","  7.8"," 0.00","1011.4","999.9","995.0","  82.2","  6.2","  5.2"
"34504099999","48.6","34.9666666","143.0","2016-07-15","  58.8","000000","999.9","  98.2","  70.5","  9.7"," 0.00","1010.6","999.9","994.2","  84.6","  6.2","  6.7"
"34504099999","48.6","34.9666666","143.0","2016-07-16","  58.9","000000","999.9","  99.9","  72.5"," 11.7"," 0.00","1011.8","999.9","995.4","  85.9","  6.2","  7.2"
"34504099999","48.6","34.9666666","143.0","2016-07-17","  61.9","000000","999.9"," 100.9","  71.4"," 11.7"," 0.00","1009.4","999.9","993.1","  86.7","  6.2","  7.0"
"34504099999","48.6","34.9666666","143.0","2016-07-18","  62.2","000010","999.9"," 100.0","  73.8","  7.8"," 0.04","1001.4","999.9","985.2","  83.8","  6.2","  4.7"
"34504099999","48.6","34.9666666","143.0","2016-07-19","  63.7","000010","999.9","  72.7","  62.6"," 13.6"," 1.62","1002.2","999.9","985.4","  67.8","  6.2","  9.7"
"34504099999","48.6","34.9666666","143.0","2016-07-20","  55.4","000000","999.9","  76.6","  59.9"," 15.5"," 0.00","1008.5","999.9","991.6","  68.3","  6.2"," 11.3"
"34504099999","48.6","34.9666666","143.0","2016-07-21","  52.9","000000","999.9","  77.9","  56.7"," 13.6"," 0.00","1010.7","999.9","993.7","  66.7","  6.2","  6.3"
"34504099999","48.6","34.9666666","143.0","2016-07-22","  55.2","010000","999.9","  73.2","  57.2"," 13.6"," 0.00","1009.9","999.9","992.9","  65.0","  6.2","  8.5"
"34504099999","48.6","34.9666666","143.0","2016-07-23","  56.7","010000","999.9","  80.8","  53.6"," 15.5","99.99","1009.7","999.9","992.8","  68.6","  6.2"," 10.9"
"34504099999","48.6","34.9666666","143.0","2016-07-24","  61.5","000000","999.9","  79.3","  61.0"," 13.6"," 0.02","1010.2","999.9","993.4","  69.4","  6.2"," 10.0"
"34504099999","48.6","34.9666666","143.0","2016-07-25","  62.3","000000","999.9","  83.8","  61.2","  9.7"," 0.00","1013.6","999.9","996.8","  72.2","  6.2","  6.1"
"34504099999","48.6","34.9666666","143.0","2016-07-26","  62.0","000000","999.9","  87.6","  64.2","  9.7"," 0.00","1015.3","999.9","998.6","  75.2","  5.4","  7.0"
"34504099999","48.6","34.9666666","143.0","2016-07-27","  62.0","000010","999.9","  90.3","  65.3","  7.8"," 0.00","1015.8","999.9","999.1","  76.6","  5.8","  6.6"
"34504099999","48.6","34.9666666","143.0","2016-07-28","  60.4","000000","999.9","  90.7","  66.9","  5.8"," 0.00","1015.5","999.9","998.8","  78.6","  5.8","  4.9"
"34504099999","48.6","34.9666666","143.0","2016-07-29","  61.7","000000","999.9","  92.5","  68.2","  7.8"," 0.00","1013.4","999.9","996.9","  80.1","  5.8","  5.1"
"34504099999","48.6","34.9666666","143.0","2016-07-30","  62.4","000010","999.9","  92.5","  67.6","  3.9"," 0.00","1011.4","999.9","994.8","  79.1","  6.2","  3.1"
"34504099999","48.6","34.9666666","143.0","2016-07-31","  64.0","000000","999.9","  90.9","  66.9","  9.7"," 0.00","1013.0","999.9","996.4","  78.2","  5.4","  5.6"
"34504099999","48.6","34.9666666","143.0","2016-08-01","  62.2","000000","999.9","  92.1","  68.7","  3.9"," 0.00","1014.0","999.9","997.4","  79.2","  6.2","  3.4"
"34504099999","48.6","34.9666666","143.0","2016-08-02","  62.0","000000","999.9","  94.1","  68.2","  9.7"," 0.00","1011.6","999.9","995.1","  79.2","  6.2","  5.3"
"34504099999","48.6","34.9666666","143.0","2016-08-03","  62.0","000000","999.9","  91.2","  64.0"," 11.7"," 0.00","1010.6","999.9","994.0","  76.2","  6.2","  6.3"
"34504099999","48.6","34.9666666","143.0","2016-08-04","  59.6","000000","999.9","  86.4","  66.7"," 11.7"," 0.00","1014.9","999.9","998.2","  75.0","  6.2","  9.5"
"34504099999","48.6","34.9666666","143.0","2016-08-05","  57.7","000000","999.9","  89.1","  62.8"," 11.7"," 0.00","1016.7","999.9","999.9","  75.9","  6.2","  9.2"
"34504099999","48.6","34.9666666","143.0","2016-08-06","  61.2","000000","999.9","  98.4","  67.8","  9.7"," 0.00","1014.2","999.9","997.7","  81.9","  6.2","  8.0"
"34504099999","48.6","34.9666666","143.0","2016-08-07","  59.0","000010","999.9"," 101.1","  70.9"," 11.7"," 0.00","1012.7","999.9","996.2","  83.3","  6.2","  7.8"
"34504099999","48.6","34.9666666","143.0","2016-08-08","  59.3","000000","999.9","  85.3","  66.4"," 15.5"," 0.00","1015.6","999.9","998.9","  74.4","  6.2"," 11.9"
"34504099999","48.6","34.9666666","143.0","2016-08-09","  61.4","000000","999.9","  89.2","  62.4","  9.7"," 0.00","1014.5","999.9","997.8","  75.6","  6.2","  9.7"
"34504099999","48.6","34.9666666","143.0","2016-08-10","  62.7","010010","999.9","  96.3","  68.2","  9.7"," 0.43","1011.9","999.9","995.3","  76.3","  5.7","  6.3"
"34504099999","48.6","34.9666666","143.0","2016-08-11","  62.7","000000","999.9","  93.4","  65.1"," 11.7"," 0.00","1011.3","999.9","994.8","  81.1","  6.2","  6.7"
"34504099999","48.6","34.9666666","143.0","2016-08-12","  65.1","010010","999.9","  89.6","  62.6"," 13.6"," 0.02","1012.2","999.9","995.5","  76.0","  6.2","  8.0"
"34504099999","48.6","34.9666666","143.0","2016-08-13","  57.4","010000","999.9","  63.7","  57.7"," 11.7"," 0.20","1015.9","999.9","998.7","  60.5","  5.1","  8.0"
"34504099999","48.6","34.9666666","143.0","2016-08-14","  53.5","000000","999.9","  63.9","  54.7"," 13.6"," 0.00","1014.6","999.9","997.3","  57.3","  5.7","  9.2"
"34504099999","48.6","34.9666666","143.0","2016-08-15","  55.8","000000","999.9","  79.9","  54.3"," 11.7"," 0.00","1015.8","999.9","998.8","  66.9","  6.2","  7.2"
"34504099999","48.6","34.9666666","143.0","2016-08-16","  55.3","010000","999.9","  79.9","  54.5","  9.7","99.99","1016.2","999.9","999.2","  67.6","  6.2","  5.8"
"34504099999","48.6","34.9666666","143.0","2016-08-17","  61.1","010000","999.9","  87.4","  59.2","  9.7"," 0.16","1012.8","999.9","996.1","  72.8","  6.2","  6.9"
"34504099999","48.6","34.9666666","143.0","2016-08-18","  62.4","010000","999.9","  90.1","  64.6","  9.7"," 0.00","1011.5","999.9","994.9","  77.3","  6.2","  6.4"
"34504099999","48.6","34.9666666","143.0","2016-08-19","  58.4","000000","999.9","  87.6","  61.3","  9.7"," 0.00","1013.6","999.9","996.9","  75.6","  6.2","  6.7"
"34504099999","48.6","34.9666666","143.0","2016-08-20","  59.6","000000","999.9","  92.1","  64.6"," 11.7"," 0.00","1016.6","999.9","999.9","  77.9","  6.2","  8.0"
"34504099999","48.6","34.9666666","143.0","2016-08-21","  64.9","000010","999.9","  93.0","  69.6"," 17.5"," 0.00","1016.3","999.9","999.7","  79.7","  6.2"," 13.1"
"34504099999","48.6","34.9666666","143.0","2016-08-22","  58.1","000000","999.9","  99.3","  69.3"," 11.7"," 0.00","1013.6","999.9","997.1","  81.8","  6.2"," 10.7"
"34504099999","48.6","34.9666666","143.0","2016-08-23","  51.4","000000","999.9","  99.1","  72.9"," 15.5"," 0.00","1013.6","999.9","997.2","  84.2","  6.2","  9.5"
"34504099999","48.6","34.9666666","143.0","2016-08-24","  59.8","010000","999.9","  84.4","  67.1"," 11.7"," 0.00","1012.1","999.9","995.3","  73.2","  6.2","  8.3"
"34504099999","48.6","34.9666666","143.0","2016-08-25","  62.2","010000","999.9","  75.0","  63.1"," 15.5"," 0.03","1013.4","999.9","996.5","  67.8","  6.2"," 10.7"
"34504099999","48.6","34.9666666","143.0","2016-08-26","  59.5","010000","999.9","  70.2","  60.3"," 11.7"," 0.02","1018.3","999.9","001.2","  66.1","  6.2","  9.2"
"34504099999","48.6","34.9666666","143.0","2016-08-27","  57.0","000000","999.9","  86.2","  62.4"," 13.6"," 0.00","1020.5","999.9","003.6","  72.3","  6.2"," 11.7"
"34504099999","48.6","34.9666666","143.0","2016-08-28","  57.3","000000","999.9","  91.2","  60.6"," 11.7"," 0.00","1019.5","999.9","002.7","  74.5","  6.2","  7.8"
"34504099999","48.6","34.9666666","143.0","2016-08-29","  57.9","000000","999.9","  95.9","  65.1"," 13.6"," 0.00","1016.7","999.9","000.0","  79.1","  6.2","  9.2"
"34504099999","48.6","34.9666666","143.0","2016-08-30","  54.6","000000","999.9","  96.1","  66.0"," 11.7"," 0.00","1012.0","999.9","995.5","  79.8","  6.2","  7.8"
"34504099999","48.6","34.9666666","143.0","2016-08-31","  56.1","010000","999.9","  77.5","  59.5"," 15.5"," 0.00","1014.2","999.9","997.2","  66.5","  6.2"," 11.7"
"34504099999","48.6","34.9666666","143.0","2016-09-01","  48.3","000000","999.9","  77.2","  53.8","  9.7"," 0.00","1020.2","999.9","003.0","  64.2","  6.2","  7.5"
"34504099999","48.6","34.9666666","143.0","2016-09-02","  47.9","000000","999.9","  81.5","  51.4","  5.8"," 0.00","1017.8","999.9","000.7","  66.3","  6.2","  4.3"
"34504099999","48.6","34.9666666","143.0","2016-09-03","  50.4","000000","999.9","  82.4","  56.1","  5.8"," 0.00","1015.7","999.9","998.7","  68.7","  6.2","  3.9"
"34504099999","48.6","34.9666666","143.0","2016-09-04","  50.5","000000","999.9","  85.5","  60.4","  5.8"," 0.00","1015.2","999.9","998.3","  72.0","  6.2","  3.6"
"34504099999","48.6","34.9666666","143.0","2016-09-05","  50.5","000000","999.9","  87.1","  60.6"," 11.7"," 0.00","1013.9","999.9","997.1","  73.4","  6.2","  5.6"
"34504099999","48.6","34.9666666","143.0","2016-09-06","  53.2","000000","999.9","  89.2","  60.3","  9.7"," 0.00","1017.5","999.9","000.7","  73.8","  6.2","  5.3"
"34504099999","48.6","34.9666666","143.0","2016-09-07","  50.9","000000","999.9","  81.7","  59.7","  9.7"," 0.00","1021.0","999.9","003.9","  68.7","  6.2","  6.3"
"34504099999","48.6","34.9666666","143.0","2016-09-08","  48.8","000000","999.9","  84.9","  52.9"," 11.7"," 0.00","1015.5","999.9","998.5","  68.8","  6.2","  6.6"
"34504099999","48.6","34.9666666","143.0","2016-09-09","  51.9","000000","999.9","  79.0","  54.0"," 11.7"," 0.00","1015.1","999.9","998.1","  66.2","  6.2","  6.4"
"34504099999","48.6","34.9666666","143.0","2016-09-10","  45.0","000000","999.9","  79.3","  52.7","  7.8"," 0.00","1019.9","999.9","002.7","  65.1","  6.2","  5.3"
"34504099999","48.6","34.9666666","143.0","2016-09-11","  46.2","000000","999.9","  81.3","  54.1","  7.8"," 0.00","1019.4","999.9","002.3","  67.8","  6.2","  3.9"
"34504099999","48.6","34.9666666","143.0","2016-09-12","  50.2","000000","999.9","  85.6","  55.9","  7.8"," 0.00","1019.1","999.9","002.1","  70.1","  6.2","  5.3"
"34504099999","48.6","34.9666666","143.0","2016-09-13","  54.0","000000","999.9","  86.4","  55.9"," 11.7"," 0.00","1013.3","999.9","996.5","  71.9","  6.2","  7.5"
"34504099999","48.6","34.9666666","143.0","2016-09-14","  45.4","000000","999.9","  76.1","  53.1"," 13.6"," 0.00","1011.8","999.9","994.6","  63.2","  6.2","  8.7"
"34504099999","48.6","34.9666666","143.0","2016-09-15","  42.1","000000","999.9","  68.9","  45.3"," 11.7"," 0.00","1016.8","999.9","999.4","  55.7","  6.2","  7.5"
"34504099999","48.6","34.9666666","143.0","2016-09-16","  43.4","000000","999.9","  74.5","  43.7","  7.8"," 0.00","1014.8","999.9","997.6","  59.6","  6.2","  3.9"
"34504099999","48.6","34.9666666","143.0","2016-09-17","  43.8","000000","999.9","  74.3","  47.1","  9.7"," 0.00","1012.3","999.9","995.0","  59.4","  6.2","  6.8"
"34504099999","48.6","34.9666666","143.0","2016-09-18","  40.1","000000","999.9","  66.7","  45.1","  7.8"," 0.00","1015.8","999.9","998.3","  54.0","  6.2","  5.2"
"34504099999","48.6","34.9666666","143.0","2016-09-19","  38.3","000000","999.9","  68.7","  42.8","  9.7"," 0.00","1014.3","999.9","996.9","  55.4","  6.2","  5.8"
"34504099999","48.6","34.9666666","143.0","2016-09-20","  43.5","010000","999.9","  53.1","  46.4"," 17.5"," 1.30","1004.7","999.9","987.3","  48.5","  5.1"," 13.9"
"34504099999","48.6","34.9666666","143.0","2016-09-21","  43.7","010000","999.9","  57.7","  44.1"," 11.7"," 0.12","1007.1","999.9","989.6","  50.3","  6.2","  8.6"
"34504099999","48.6","34.9666666","143.0","2016-09-22","  42.7","000000","999.9","  58.3","  45.1"," 11.7"," 0.02","1012.5","999.9","995.0","  49.7","  6.2","  7.4"
"34504099999","48.6","34.9666666","143.0","2016-09-23","  42.4","000000","999.9","  62.6","  40.1","  5.8"," 0.00","1018.0","999.9","000.4","  50.7","  5.8","  3.9"
"34504099999","48.6","34.9666666","143.0","2016-09-24","  43.0","000000","999.9","  62.4","  44.2","  7.8"," 0.00","1021.9","999.9","004.2","  52.5","  6.2","  4.7"
"34504099999","48.6","34.9666666","143.0","2016-09-25","  44.8","010000","999.9","  64.9","  47.5"," 15.5","99.99","1017.2","999.9","999.7","  54.0","  6.2","  8.0"
"34504099999","48.6","34.9666666","143.0","2016-09-26","  47.1","010000","999.9","  50.7","  46.8"," 11.7"," 0.10","1017.2","999.9","999.5","  49.1","  5.0","  8.4"
"34504099999","48.6","34.9666666","143.0","2016-09-27","  46.9","000000","999.9","  61.0","  48.6","  7.8"," 0.00","1020.2","999.9","002.6","  53.4","  6.2","  6.1"
"34504099999","48.6","34.9666666","143.0","2016-09-28","  40.2","000000","999.9","  60.3","  42.1","  9.7"," 0.00","1022.4","999.9","004.7","  50.0","  6.2","  7.5"
"34504099999","48.6","34.9666666","143.0","2016-09-29","  45.3","010000","999.9","  57.2","  40.1","  9.7"," 0.04","1017.4","999.9","999.7","  49.7","  6.2","  5.2"
"34504099999","48.6","34.9666666","143.0","2016-09-30","  49.9","100000","999.9","  65.7","  48.6","  7.8"," 0.12","1020.7","999.9","003.3","  56.1","  4.8","  4.9"
"34504099999","48.6","34.9666666","143.0","2016-10-01","  51.3","100000","999.9","  73.0","  50.4","  9.7"," 0.00","1021.2","999.9","003.8","  60.1","  5.0","  7.0"
"34504099999","48.6","34.9666666","143.0","2016-10-02","  49.6","100000","999.9","  73.4","  48.0","  5.8"," 0.00","1020.7","999.9","003.3","  58.6","  4.8","  4.1"
"34504099999","48.6","34.9666666","143.0","2016-10-03","  52.5","000000","999.9","  76.5","  48.6","  9.7"," 0.00","1017.9","999.9","000.7","  62.4","  6.2","  5.8"
"34504099999","48.6","34.9666666","143.0","2016-10-04","  55.0","010000","999.9","  71.8","  55.4","  5.8"," 0.00","1012.7","999.9","995.5","  61.8","  5.5","  3.9"
"34504099999","48.6","34.9666666","143.0","2016-10-05","  53.8","110000","999.9","  66.6","  50.9"," 11.7"," 0.16","1012.5","999.9","995.2","  55.3","  3.0","  6.1"
"34504099999","48.6","34.9666666","143.0","2016-10-06","  52.0","100000","999.9","  65.7","  47.7","  9.7"," 0.00","1017.8","999.9","000.4","  55.8","  3.5","  4.4"
"34504099999","48.6","34.9666666","143.0","2016-10-07","  49.2","100000","999.9","  68.5","  44.2","  7.8"," 0.00","1017.6","999.9","000.2","  56.0","  4.2","  4.7"
"34504099999","48.6","34.9666666","143.0","2016-10-08","  53.5","010010","999.9","  63.7","  51.3"," 23.3"," 0.75","1010.8","999.9","993.5","  56.4","  5.8"," 11.3"
"34504099999","48.6","34.9666666","143.0","2016-10-09","  43.2","010000","999.9","  50.7","  45.3"," 13.6"," 0.04","1013.6","999.9","996.0","  48.2","  6.2"," 11.4"
"34504099999","48.6","34.9666666","143.0","2016-10-10","  39.6","000000","999.9","  56.3","  38.7"," 11.7"," 0.00","1018.7","999.9","000.9","  48.4","  6.2","  7.8"
"34504099999","48.6","34.9666666","143.0","2016-10-11","  41.9","000000","999.9","  56.1","  46.4","  9.7"," 0.00","1021.4","999.9","003.7","  50.3","  6.2","  4.9"
"34504099999","48.6","34.9666666","143.0","2016-10-12","  36.1","000000","999.9","  51.4","  41.2"," 19.4"," 0.00","1022.2","999.9","004.3","  45.0","  6.2"," 16.8"
"34504099999","48.6","34.9666666","143.0","2016-10-13","  32.8","010000","999.9","  39.7","  36.0"," 23.3"," 0.75","1015.5","999.9","997.5","  37.9","  4.0"," 17.2"
"34504099999","48.6","34.9666666","143.0","2016-10-14","  36.0","010000","999.9","  52.7","  33.8"," 13.6"," 0.28","1021.5","999.9","003.4","  39.6","  5.6"," 11.3"
"34504099999","48.6","34.9666666","143.0","2016-10-15","  33.0","000000","999.9","  46.6","  30.7","  9.7"," 0.00","1028.9","999.9","010.7","  39.4","  6.2","  6.3"
"34504099999","48.6","34.9666666","143.0","2016-10-16","  34.3","000000","999.9","  48.9","  33.8"," 11.7"," 0.00","1032.4","999.9","014.1","  40.0","  6.2","  8.3"
"34504099999","48.6","34.9666666","143.0","2016-10-17","  30.6","000000","999.9","  50.4","  30.7","  9.7"," 0.00","1038.2","999.9","019.7","  38.1","  6.2","  7.3"
"34504099999","48.6","34.9666666","143.0","2016-10-18","  27.9","000000","999.9","  49.6","  30.2","  9.7"," 0.00","1036.2","999.9","017.8","  37.7","  6.2","  6.6"
"34504099999","48.6","34.9666666","143.0","2016-10-19","  27.4","000000","999.9","  48.6","  27.0"," 11.7"," 0.00","1031.2","999.9","012.8","  36.1","  6.2","  8.3"
"34504099999","48.6","34.9666666","143.0","2016-10-20","  29.5","000000","999.9","  49.3","  28.6"," 11.7"," 0.00","1029.9","999.9","011.6","  36.3","  6.2","  9.2"
"34504099999","48.6","34.9666666","143.0","2016-10-21","  33.5","000000","999.9","  46.9","  29.8"," 13.6"," 0.00","1030.0","999.9","011.8","  39.2","  6.2","  9.7"
"34504099999","48.6","34.9666666","143.0","2016-10-22","  29.3","000000","999.9","  51.6","  33.6"," 19.4"," 0.00","1028.7","999.9","010.5","  41.4","  6.2"," 14.6"
"34504099999","48.6","34.9666666","143.0","2016-10-23","  28.2","000000","999.9","  49.6","  36.7"," 19.4"," 0.00","1030.7","999.9","012.5","  41.2","  6.2"," 15.1"
"34504099999","48.6","34.9666666","143.0","2016-10-24","  26.8","000000","999.9","  50.7","  35.8"," 13.6"," 0.00","1036.1","999.9","017.7","  40.4","  6.2"," 12.1"
"34504099999","48.6","34.9666666","143.0","2016-10-25","  18.2","000000","999.9","  44.8","  27.5"," 15.5"," 0.00","1039.3","999.9","020.6","  34.2","  6.2"," 12.4"
"34504099999","48.6","34.9666666","143.0","2016-10-26","  21.0","000000","999.9","  46.6","  24.8"," 13.6"," 0.00","1031.3","999.9","012.8","  33.7","  6.2"," 11.4"
"34504099999","48.6","34.9666666","143.0","2016-10-27","  21.7","000000","999.9","  43.9","  26.2"," 11.7"," 0.00","1031.5","999.9","013.0","  32.9","  6.2","  8.7"
"34504099999","48.6","34.9666666","143.0","2016-10-28","  22.6","000000","999.9","  43.2","  22.8","  5.8"," 0.00","1033.9","999.9","015.3","  31.7","  6.2","  3.9"
"34504099999","48.6","34.9666666","143.0","2016-10-29","  31.4","010000","999.9","  43.3","  26.2"," 15.5"," 0.08","1017.1","999.9","998.9","  35.5","  6.2","  9.7"
"34504099999","48.6","34.9666666","143.0","2016-10-30","  34.4","010000","999.9","  45.0","  35.6"," 11.7"," 0.00","1008.7","999.9","990.8","  38.0","  5.7","  7.8"
"34504099999","48.6","34.9666666","143.0","2016-10-31","  32.6","010000","999.9","  42.3","  33.4"," 11.7"," 0.12","1012.2","999.9","994.1","  36.0","  6.2","  7.1"
"34504099999","48.6","34.9666666","143.0","2016-11-01","  28.6","011000","999.9","  35.6","  27.3","  9.7"," 0.02","1018.6","999.9","000.3","  32.5","  5.8","  6.1"
"34504099999","48.6","34.9666666","143.0","2016-11-02","  27.7","011000","999.9","  36.3","  25.5"," 13.6"," 0.02","1019.4","999.9","001.1","  31.9","  4.2","  9.7"
"34504099999","48.6","34.9666666","143.0","2016-11-03","  39.5","010000","999.9","  46.8","  32.5"," 13.6"," 0.13","1012.2","999.9","994.4","  42.1","  5.8","  8.1"
"34504099999","48.6","34.9666666","143.0","2016-11-04","  30.2","000000","999.9","  43.7","  31.1"," 11.7"," 0.00","1019.8","999.9","001.6","  37.0","  6.2","  7.5"
"34504099999","48.6","34.9666666","143.0","2016-11-05","  27.7","000000","999.9","  45.1","  32.9","  5.8"," 0.00","1024.3","999.9","006.0","  37.1","  6.2","  3.3"
"34504099999","48.6","34.9666666","143.0","2016-11-06","  36.2","010000","999.9","  49.1","  33.6"," 11.7"," 0.00","1016.6","999.9","998.7","  42.0","  6.2"," 10.2"
"34504099999","48.6","34.9666666","143.0","2016-11-07","  52.2","000000","999.9","  63.7","  46.6"," 15.5"," 0.00","1006.7","999.9","989.5","  56.1","  4.7"," 11.9"
"34504099999","48.6","34.9666666","143.0","2016-11-08","  44.9","110000","999.9","  49.8","  43.7","  9.7"," 0.75","1011.0","999.9","993.3","  46.2","  3.5","  5.8"
"34504099999","48.6","34.9666666","143.0","2016-11-09","  50.3","110000","999.9","  57.2","  45.7"," 17.5"," 0.31","1007.8","999.9","990.4","  51.6","  2.3","  7.5"
"34504099999","48.6","34.9666666","143.0","2016-11-10","  47.0","010000","999.9","  59.5","  37.2"," 17.5"," 0.44","1003.6","999.9","986.2","  50.7","  5.1"," 11.7"
"34504099999","48.6","34.9666666","143.0","2016-11-11","  29.8","000000","999.9","  39.6","  31.8"," 13.6"," 0.02","1018.8","999.9","000.6","  35.4","  5.7","  8.4"
"34504099999","48.6","34.9666666","143.0","2016-11-12","  33.7","100000","999.9","  48.6","  29.8","  7.8"," 0.00","1025.7","999.9","007.4","  37.5","  4.4","  5.0"
"34504099999","48.6","34.9666666","143.0","2016-11-13","  35.0","010000","999.9","  43.3","  33.4"," 17.5"," 0.39","1014.4","999.9","996.4","  39.0","  5.2"," 12.2"
"34504099999","48.6","34.9666666","143.0","2016-11-14","  34.2","110000","999.9","  39.6","  32.7"," 11.7"," 0.18","1017.6","999.9","999.5","  35.9","  5.4","  7.1"
"34504099999","48.6","34.9666666","143.0","2016-11-15","  29.1","000000","999.9","  32.9","  31.6","  9.7"," 0.00","1026.7","999.9","008.3","  32.1","  5.3","  7.8"
"34504099999","48.6","34.9666666","143.0","2016-11-16","  30.9","011000","999.9","  34.5","  31.3","  9.7"," 0.08","1025.0","999.9","006.6","  32.5","  2.6","  8.4"
"34504099999","48.6","34.9666666","143.0","2016-11-17","  26.9","000000","999.9","  32.4","  28.0","  7.8"," 0.00","1027.6","999.9","009.1","  30.3","  6.2","  4.7"
"34504099999","48.6","34.9666666","143.0","2016-11-18","  28.2","000000","999.9","  36.3","  29.1","  9.7"," 0.00","1032.2","999.9","013.6","  31.8","  6.2","  6.8"
"34504099999","48.6","34.9666666","143.0","2016-11-19","  26.1","000000","999.9","  30.9","  26.4"," 11.7"," 0.00","1036.8","999.9","018.1","  29.0","  6.2","  8.3"
"34504099999","48.6","34.9666666","143.0","2016-11-20","  25.7","000000","999.9","  33.4","  25.5"," 17.5"," 0.00","1036.2","999.9","017.5","  30.3","  6.2"," 14.6"
"34504099999","48.6","34.9666666","143.0","2016-11-21","  22.9","000000","999.9","  41.2","  23.9"," 17.5"," 0.00","1037.2","999.9","018.5","  31.2","  6.2"," 14.6"
"34504099999","48.6","34.9666666","143.0","2016-11-22","  19.0","000000","999.9","  38.5","  18.3"," 13.6"," 0.00","1037.9","999.9","019.0","  26.4","  6.2"," 10.7"
"34504099999","48.6","34.9666666","143.0","2016-11-23","  14.1","000000","999.9","  40.1","  16.7"," 11.7"," 0.00","1034.8","999.9","016.0","  27.3","  6.2","  9.2"
"34504099999","48.6","34.9666666","143.0","2016-11-24","  19.1","001000","999.9","  25.2","  15.8","  9.7"," 0.02","1028.6","999.9","009.7","  21.1","  3.8","  5.0"
"34504099999","48.6","34.9666666","143.0","2016-11-25","  26.5","101000","999.9","  30.0","  23.9","  5.8"," 0.01","1020.2","999.9","001.7","  27.8","  2.4","  4.5"
"34504099999","48.6","34.9666666","143.0","2016-11-26","  24.9","000000","999.9","  35.6","  27.3"," 13.6"," 0.04","1020.0","  0.8","001.6","  30.3","  6.2","  7.8"
"34504099999","48.6","34.9666666","143.0","2016-11-27","  35.1","110000","999.9","  42.8","  27.3"," 17.5"," 0.04","1008.7","  0.4","990.7","  36.7","  3.1"," 12.9"
"34504099999","48.6","34.9666666","143.0","2016-11-28","  30.9","010000","999.9","  40.3","  27.5"," 11.7"," 0.12","1008.1","999.9","990.0","  34.0","  5.5","  7.5"
"34504099999","48.6","34.9666666","143.0","2016-11-29","  22.4","001000","999.9","  32.7","  22.6","  9.7"," 0.00","1016.9","999.9","998.4","  26.8","  6.2","  6.7"
"34504099999","48.6","34.9666666","143.0","2016-11-30","  11.7","000000","999.9","  23.9","  12.4"," 13.6"," 0.01","1023.4","  0.4","004.4","  17.7","  6.2","  6.7"
"34504099999","48.6","34.9666666","143.0","2016-12-01","  17.9","001000","999.9","  26.8","  12.0"," 11.7"," 0.01","1015.8","  0.4","997.1","  21.5","  6.2","  8.0"
"34504099999","48.6","34.9666666","143.0","2016-12-02","  26.0","001000","999.9","  32.0","  25.2"," 13.6"," 0.06","1002.9","  0.4","984.7","  28.9","  4.7"," 11.7"
"34504099999","48.6","34.9666666","143.0","2016-12-03","  26.2","001000","999.9","  31.8","  25.7"," 21.4"," 0.43","1003.9","  1.6","985.7","  28.4","  2.9"," 14.6"
"34504099999","48.6","34.9666666","143.0","2016-12-04","  20.1","001000","999.9","  26.8","  19.9"," 13.6"," 0.06","1020.3","  3.1","001.6","  23.2","  4.8","  8.0"
"34504099999","48.6","34.9666666","143.0","2016-12-05","  13.9","001000","999.9","  22.5","  16.2"," 15.5"," 0.04","1028.9","  3.9","009.9","  18.4","  5.0","  8.5"
"34504099999","48.6","34.9666666","143.0","2016-12-06","  21.5","001000","999.9","  30.4","  16.2"," 15.5"," 0.08","1017.8","  3.9","999.2","  25.5","  4.9"," 12.1"
"34504099999","48.6","34.9666666","143.0","2016-12-07","   6.9","001000","999.9","  21.2","   6.6"," 17.5"," 0.03","1032.5","  4.7","013.2","  13.9","  6.2"," 10.3"
"34504099999","48.6","34.9666666","143.0","2016-12-08","  15.0","010000","999.9","  31.6","   5.4"," 23.3"," 0.08","1024.5","  3.9","005.6","  20.1","  5.1"," 12.4"
"34504099999","48.6","34.9666666","143.0","2016-12-09","  35.2","010000","999.9","  36.9","  29.3"," 11.7"," 0.28","1008.6","  2.8","990.6","  36.1","  1.1","  9.4"
"34504099999","48.6","34.9666666","143.0","2016-12-10","  36.7","010000","999.9","  39.4","  35.4"," 13.6"," 0.04","1007.7","  0.4","989.8","  37.9","  3.0","  8.9"
"34504099999","48.6","34.9666666","143.0","2016-12-11","  30.9","011000","999.9","  38.5","  30.2"," 13.6"," 0.04","1009.0","999.9","991.0","  33.9","  5.0","  7.8"
"34504099999","48.6","34.9666666","143.0","2016-12-12","  28.9","011000","999.9","  42.1","  23.4"," 15.5"," 0.12","1001.9","999.9","983.9","  33.0","  6.2"," 13.9"
"34504099999","48.6","34.9666666","143.0","2016-12-13","  12.4","001000","999.9","  20.7","  14.0"," 17.5"," 0.02","1021.8","  0.4","002.8","  17.7","  5.5"," 11.7"
"34504099999","48.6","34.9666666","143.0","2016-12-14","  18.5","001000","999.9","  27.0","  19.4","  7.8"," 0.02","1021.5","  0.4","002.8","  23.7","  6.2","  5.8"
"34504099999","48.6","34.9666666","143.0","2016-12-15","  22.3","001000","999.9","  30.6","  21.4"," 17.5"," 0.09","1020.1","  0.4","001.6","  26.0","  3.9","  9.7"
"34504099999","48.6","34.9666666","143.0","2016-12-16","   7.8","000000","999.9","  17.6","   9.1"," 15.5"," 0.00","1033.3","  0.8","013.9","  12.1","  6.2","  8.9"
"34504099999","48.6","34.9666666","143.0","2016-12-17","  13.9","001000","999.9","  21.7","   8.2","  9.7"," 0.00","1033.9","  0.4","014.7","  17.3","  5.8","  6.7"
"34504099999","48.6","34.9666666","143.0","2016-12-18","  22.4","010000","999.9","  26.8","  21.2","  7.8","99.99","1030.2","999.9","011.3","  24.5","  2.9","  6.7"
"34504099999","48.6","34.9666666","143.0","2016-12-19","  24.6","001000","999.9","  30.0","  24.8","  9.7"," 0.10","1023.8","  0.8","005.2","  26.6","  3.0","  7.8"
"34504099999","48.6","34.9666666","143.0","2016-12-20","  22.1","010000","999.9","  31.3","  14.4"," 11.7"," 0.04","1028.2","  2.4","009.4","  26.2","  6.0","  9.4"
"34504099999","48.6","34.9666666","143.0","2016-12-21","  11.7","001000","999.9","  22.3","   9.0"," 13.6"," 0.02","1035.1","  2.8","015.9","  16.1","  4.5","  6.1"
"34504099999","48.6","34.9666666","143.0","2016-12-22","  24.8","110000","999.9","  28.2","  20.1","  3.9"," 0.01","1032.6","  2.0","013.8","  26.1","  1.7","  2.9"
"34504099999","48.6","34.9666666","143.0","2016-12-23","  22.5","100000","999.9","  28.4","  19.9","  5.8"," 0.00","1031.2","  1.6","012.4","  24.1","  2.7","  4.9"
"34504099999","48.6","34.9666666","143.0","2016-12-24","  26.3","101000","999.9","  29.8","  19.8","  3.9"," 0.01","1026.0","  2.0","007.4","  27.5","  2.1","  3.6"
"34504099999","48.6","34.9666666","143.0","2016-12-25","  25.2","011000","999.9","  28.0","  26.1","  7.8"," 0.03","1019.4","  1.2","000.8","  26.9","  4.2","  5.2"
"34504099999","48.6","34.9666666","143.0","2016-12-26","  29.1","101000","999.9","  31.6","  25.9"," 13.6"," 0.04","1021.9","  2.8","003.4","  29.4","  0.9","  5.8"
"34504099999","48.6","34.9666666","143.0","2016-12-27","  29.1","010000","999.9","  32.7","  27.5"," 17.5"," 0.16","1015.4","  2.8","997.1","  30.3","  4.0"," 12.0"
"34504099999","48.6","34.9666666","143.0","2016-12-28","  29.9","001000","999.9","  34.5","  24.4","  9.7"," 0.01","1013.0","  2.8","994.8","  32.2","  5.8","  8.0"
"34504099999","48.6","34.9666666","143.0","2016-12-29","  28.4","010000","999.9","  34.0","  29.3"," 13.6"," 0.04","1025.5","  2.4","007.1","  31.4","  6.0"," 10.0"
"34504099999","48.6","34.9666666","143.0","2016-12-30","  23.8","000000","999.9","  32.0","  21.7"," 17.5"," 0.00","1032.3","  2.8","013.5","  26.6","  5.0"," 10.7"
"34504099999","48.6","34.9666666","143.0","2016-12-31","  19.4","100000","999.9","  21.7","  18.3","  5.8"," 0.00","1026.7","  2.8","007.7","  19.7","  0.2","  4.3"
"34504099999","48.6","34.9666666","143.0","2017-01-01","  23.5","100000","999.9","  27.1","  19.0","  5.8"," 0.00","1016.3","  2.8","997.8","  23.7","  0.3","  4.5"
"34504099999","48.6","34.9666666","143.0","2017-01-02","  29.7","100000","999.9","  33.6","  25.7"," 11.7"," 0.00","1012.2","  2.8","993.9","  30.5","  3.4","  7.0"
"34504099999","48.6","34.9666666","143.0","2017-01-03","  24.5","000000","999.9","  33.4","  22.3"," 11.7"," 0.00","1010.9","  2.4","992.5","  27.2","  5.1","  8.5"
"34504099999","48.6","34.9666666","143.0","2017-01-04","  21.0","000000","999.9","  32.9","  15.3"," 15.5"," 0.00","1009.8","  2.4","991.4","  25.5","  6.2","  9.5"
"34504099999","48.6","34.9666666","143.0","2017-01-05","  27.9","100000","999.9","  33.6","  23.7","  9.7"," 0.00","1006.9","  2.0","988.7","  30.1","  3.8","  6.1"
"34504099999","48.6","34.9666666","143.0","2017-01-06","  22.0","111000","999.9","  26.4","  19.2"," 21.4"," 0.55","1013.6","  2.0","995.0","  23.5","  3.1"," 14.6"
"34504099999","48.6","34.9666666","143.0","2017-01-07","  18.9","011000","999.9","  22.8","  16.2"," 11.7"," 0.04","1007.3","  5.9","988.7","  19.6","  1.2","  7.1"
"34504099999","48.6","34.9666666","143.0","2017-01-08","  16.3","001000","999.9","  31.3","  12.4","  7.8"," 0.16","1013.6","  6.7","994.8","  18.5","  4.7","  3.9"
"34504099999","48.6","34.9666666","143.0","2017-01-09","  25.0","001000","999.9","  31.5","  16.7","  9.7"," 0.39","1018.6","  9.1","000.1","  26.7","  1.4","  6.5"
"34504099999","48.6","34.9666666","143.0","2017-01-10","  27.9","001000","999.9","  32.0","  26.1","  7.8"," 0.24","1024.0"," 11.8","005.4","  29.1","  2.5","  5.2"
"34504099999","48.6","34.9666666","143.0","2017-01-11","  25.8","001000","999.9","  31.8","  26.1"," 19.4"," 0.08","1022.2"," 11.4","003.6","  28.4","  5.4"," 13.1"
"34504099999","48.6","34.9666666","143.0","2017-01-12","  26.4","001000","999.9","  36.0","  19.4"," 11.7"," 0.24","1010.2"," 12.2","991.9","  27.8","  3.1","  8.1"
"34504099999","48.6","34.9666666","143.0","2017-01-13","  16.9","101000","999.9","  26.1","  13.1","  7.8"," 0.02","1015.1"," 11.0","996.3","  19.0","  3.0","  5.8"
"34504099999","48.6","34.9666666","143.0","2017-01-14","  29.1","010000","999.9","  35.8","  16.9"," 15.5","99.99","1012.4"," 10.2","994.2","  32.3","  5.8"," 12.6"
"34504099999","48.6","34.9666666","143.0","2017-01-15","  30.4","111000","999.9","  32.5","  31.1"," 13.6"," 0.22","1015.0","  9.8","996.7","  31.9","  3.1","  9.3"
"34504099999","48.6","34.9666666","143.0","2017-01-16","  24.1","000000","999.9","  31.6","  20.5","  9.7"," 0.00","1023.8"," 10.2","005.1","  26.9","  5.6","  6.6"
"34504099999","48.6","34.9666666","143.0","2017-01-17","  15.9","000000","999.9","  26.2","  17.2"," 13.6"," 0.00","1030.9","  9.4","011.8","  19.4","  6.2"," 10.7"
"34504099999","48.6","34.9666666","143.0","2017-01-18","  16.6","100000","999.9","  23.4","  15.8"," 15.5"," 0.00","1036.1","  9.1","016.9","  19.3","  4.1"," 12.8"
"34504099999","48.6","34.9666666","143.0","2017-01-19","  12.3","100000","999.9","  20.5","   4.5","  9.7"," 0.00","1037.9","  9.1","018.5","  14.8","  3.1","  5.8"
"34504099999","48.6","34.9666666","143.0","2017-01-20","  10.4","101000","999.9","  22.8","   0.7"," 11.7"," 0.00","1029.9","  8.7","010.6","  13.7","  3.6","  7.8"
"34504099999","48.6","34.9666666","143.0","2017-01-21","  25.7","001000","999.9","  32.0","  22.5"," 13.6"," 0.04","1022.4","  8.7","003.9","  27.8","  3.1","  9.1"
"34504099999","48.6","34.9666666","143.0","2017-01-22","  18.1","100000","999.9","  30.7","  17.8","  9.7"," 0.00","1031.4","  8.7","012.6","  23.4","  5.3","  5.8"
"34504099999","48.6","34.9666666","143.0","2017-01-23","  18.3","000000","999.9","  31.3","  15.6"," 13.6"," 0.00","1029.4","  8.3","010.5","  21.6","  6.0","  8.3"
"34504099999","48.6","34.9666666","143.0","2017-01-24","  21.4","000000","999.9","  31.1","  16.9"," 11.7"," 0.00","1020.5","  8.3","001.8","  25.3","  6.2","  9.7"
"34504099999","48.6","34.9666666","143.0","2017-01-25","  19.5","001000","999.9","  32.4","  17.6"," 15.5"," 0.03","1015.8","  8.3","997.3","  24.8","  4.7"," 11.3"
"34504099999","48.6","34.9666666","143.0","2017-01-26","   3.9","001000","999.9","  16.3","   3.0"," 15.5"," 0.08","1026.3","  8.7","007.0","  10.4","  4.6"," 10.7"
"34504099999","48.6","34.9666666","143.0","2017-01-27","   7.3","011000","999.9","  17.8","   1.4","  7.8"," 0.00","1024.8","  9.1","005.5","  11.9","  5.7","  4.7"
"34504099999","48.6","34.9666666","143.0","2017-01-28","  18.4","001000","999.9","  24.6","  17.4","  7.8"," 0.04","1027.1","  9.1","008.2","  21.9","  5.6","  6.5"
"34504099999","48.6","34.9666666","143.0","2017-01-29","   6.2","001000","999.9","  23.7","   1.9"," 15.5"," 0.02","1033.3","  9.4","013.9","  12.6","  6.2"," 11.3"
"34504099999","48.6","34.9666666","143.0","2017-01-30","  -3.7","000000","999.9","  13.3","  -4.9","  7.8"," 0.00","1038.5","  9.4","018.6","   2.9","  6.2","  6.6"
"34504099999","48.6","34.9666666","143.0","2017-01-31","  -0.3","000000","999.9","  17.2","  -1.5","  7.8"," 0.00","1034.9","  9.1","015.2","   6.4","  5.9","  5.4"
"34504099999","48.6","34.9666666","143.0","2017-02-01","   7.0","000000","999.9","  20.8","  -1.3","  7.8"," 0.00","1029.9","  8.7","010.6","  11.7","  4.5","  4.6"
"34504099999","48.6","34.9666666","143.0","2017-02-02","  17.8","000000","999.9","  25.9","  18.7","  3.9"," 0.00","1028.6","  8.7","009.7","  21.6","  3.9","  3.1"
"34504099999","48.6","34.9666666","143.0","2017-02-03","  22.1","010000","999.9","  31.1","  19.6","  9.7"," 0.00","1023.4","  8.3","004.7","  25.4","  5.3","  8.1"
"34504099999","48.6","34.9666666","143.0","2017-02-04","  32.7","100000","999.9","  34.9","  29.8"," 11.7"," 0.20","1010.3","  7.5","992.2","  33.0","  0.9","  8.4"
"34504099999","48.6","34.9666666","143.0","2017-02-05","  27.3","000000","999.9","  31.8","  28.8","  7.8"," 0.00","1012.6","  7.1","994.4","  29.8","  3.3","  4.4"
"34504099999","48.6","34.9666666","143.0","2017-02-06","  20.1","001000","999.9","  28.0","  15.8"," 15.5"," 0.12","1018.0","  7.1","999.3","  23.1","  3.7"," 13.6"
"34504099999","48.6","34.9666666","143.0","2017-02-07","   7.8","001000","999.9","  16.2","  11.7"," 21.4"," 0.12","1029.1","  7.9","009.9","  13.0","  3.4"," 17.5"
"34504099999","48.6","34.9666666","143.0","2017-02-08","   0.2","000000","999.9","  16.2","   5.2"," 21.4"," 0.01","1035.5","  8.7","015.9","   9.7","  6.2"," 18.0"
"34504099999","48.6","34.9666666","143.0","2017-02-09","  -0.7","000000","999.9","  20.5","  -0.2"," 15.5"," 0.00","1038.2","  8.7","018.6","   8.8","  6.2"," 10.9"
"34504099999","48.6","34.9666666","143.0","2017-02-10","   7.0","101000","999.9","  17.2","   5.9"," 13.6"," 0.01","1037.3","  8.7","017.8","  10.5","  3.8"," 10.0"
"34504099999","48.6","34.9666666","143.0","2017-02-11","  17.5","000000","999.9","  28.2","   9.5","  9.7"," 0.00","1036.4","  7.9","017.3","  20.9","  4.4","  5.8"
"34504099999","48.6","34.9666666","143.0","2017-02-12","  19.3","000000","999.9","  32.0","  21.4","  9.7"," 0.00","1037.6","  7.9","018.7","  25.1","  6.2","  5.3"
"34504099999","48.6","34.9666666","143.0","2017-02-13","  18.0","001000","999.9","  23.5","  19.4","  7.8"," 0.00","1034.0","  7.9","015.0","  21.1","  3.4","  6.7"
"34504099999","48.6","34.9666666","143.0","2017-02-14","  18.3","001000","999.9","  29.5","  14.7"," 19.4"," 0.06","1019.1","  8.3","000.3","  21.7","  4.8"," 13.3"
"34504099999","48.6","34.9666666","143.0","2017-02-15","  20.7","000000","999.9","  36.1","  24.8"," 17.5"," 0.02","1022.6","  7.5","004.2","  29.9","  6.2"," 14.2"
"34504099999","48.6","34.9666666","143.0","2017-02-16","  12.6","000000","999.9","  30.7","  15.6","  9.7"," 0.00","1032.0","  7.1","013.1","  22.0","  6.2","  6.4"
"34504099999","48.6","34.9666666","143.0","2017-02-17","  16.5","001000","999.9","  30.2","  10.2"," 13.6","99.99","1027.8","  7.1","008.9","  21.2","  6.2"," 10.5"
"34504099999","48.6","34.9666666","143.0","2017-02-18","  28.3","001000","999.9","  34.9","  27.3","  7.8"," 0.00","1022.4","  7.1","004.0","  31.9","  6.2","  6.1"
"34504099999","48.6","34.9666666","143.0","2017-02-19","  32.3","100000","999.9","  36.0","  32.4","  7.8"," 0.00","1025.8","  6.7","007.4","  33.5","  1.0","  5.5"
"34504099999","48.6","34.9666666","143.0","2017-02-20","  30.2","100000","999.9","  38.5","  27.1","  7.8"," 0.00","1020.9","  6.3","002.6","  33.4","  4.8","  4.1"
"34504099999","48.6","34.9666666","143.0","2017-02-21","  32.4","110000","999.9","  34.9","  31.1"," 11.7","99.99","1007.3","  4.7","989.2","  32.9","  0.8","  8.3"
"34504099999","48.6","34.9666666","143.0","2017-02-22","  32.4","010000","999.9","  40.3","  32.5","  9.7"," 0.04","1004.4","  3.9","986.4","  35.7","  5.0","  7.8"
"34504099999","48.6","34.9666666","143.0","2017-02-23","  32.0","010000","999.9","  39.6","  32.0"," 13.6"," 0.19","1002.9","  3.5","984.9","  34.6","  5.2","  9.4"
"34504099999","48.6","34.9666666","143.0","2017-02-24","  35.9","010000","999.9","  47.3","  29.3"," 11.7"," 0.00","1004.5","  3.1","986.7","  39.1","  5.7","  8.0"
"34504099999","48.6","34.9666666","143.0","2017-02-25","  30.9","110000","999.9","  39.4","  27.1","  9.7"," 0.20","1010.9","  1.6","992.8","  32.9","  4.0","  6.1"
"34504099999","48.6","34.9666666","143.0","2017-02-26","  25.9","000000","999.9","  36.7","  26.4"," 13.6"," 0.00","1022.3","  2.0","003.8","  31.6","  6.2","  8.5"
"34504099999","48.6","34.9666666","143.0","2017-02-27","  33.4","011000","999.9","  41.4","  32.4","  9.7"," 0.06","1018.7","  1.2","000.5","  35.9","  5.3","  7.8"
"34504099999","48.6","34.9666666","143.0","2017-02-28","  34.6","100000","999.9","  44.2","  33.6","  7.8"," 0.00","1020.8","999.9","002.6","  37.3","  3.9","  6.3"
"34504099999","48.6","34.9666666","143.0","2017-03-01","  36.8","000000","999.9","  54.1","  32.0","  7.8"," 0.00","1014.4","999.9","996.5","  42.2","  6.2","  6.8"
"34504099999","48.6","34.9666666","143.0","2017-03-02","  41.2","110000","999.9","  52.9","  38.7","  9.7"," 0.00","1010.5","999.9","992.8","  44.8","  4.2","  6.6"
"34504099999","48.6","34.9666666","143.0","2017-03-03","  37.5","100000","999.9","  49.3","  37.4","  9.7"," 0.00","1014.9","999.9","997.0","  42.1","  4.0","  5.1"
"34504099999","48.6","34.9666666","143.0","2017-03-04","  30.7","000000","999.9","  51.1","  31.1","  9.7"," 0.00","1022.8","999.9","004.7","  40.3","  6.2","  5.3"
"34504099999","48.6","34.9666666","143.0","2017-03-05","  33.8","000000","999.9","  53.4","  34.2"," 15.5"," 0.00","1022.7","999.9","004.7","  42.4","  5.8"," 10.9"
"34504099999","48.6","34.9666666","143.0","2017-03-06","  37.7","100000","999.9","  51.3","  35.8"," 13.6"," 0.00","1015.5","999.9","997.6","  41.2","  4.1"," 10.9"
"34504099999","48.6","34.9666666","143.0","2017-03-07","  37.5","000000","999.9","  56.5","  35.6"," 11.7"," 0.00","1015.0","999.9","997.2","  44.0","  5.8","  8.3"
"34504099999","48.6","34.9666666","143.0","2017-03-08","  34.8","100000","999.9","  51.3","  31.6"," 11.7"," 0.00","1023.1","999.9","005.0","  38.9","  3.4","  9.2"
"34504099999","48.6","34.9666666","143.0","2017-03-09","  32.0","000000","999.9","  57.0","  33.4"," 17.5"," 0.00","1021.1","999.9","003.2","  44.6","  6.2"," 12.1"
"34504099999","48.6","34.9666666","143.0","2017-03-10","  34.2","000000","999.9","  58.3","  36.1"," 17.5"," 0.00","1015.7","999.9","997.9","  45.6","  6.2"," 11.4"
"34504099999","48.6","34.9666666","143.0","2017-03-11","  32.0","000000","999.9","  43.2","  35.2"," 17.5"," 0.00","1013.2","999.9","995.2","  38.6","  6.0"," 11.7"
"34504099999","48.6","34.9666666","143.0","2017-03-12","  29.0","000000","999.9","  40.8","  33.6"," 15.5"," 0.00","1015.5","999.9","997.4","  37.4","  6.2"," 10.9"
"34504099999","48.6","34.9666666","143.0","2017-03-13","  32.9","000000","999.9","  52.3","  37.4"," 13.6"," 0.00","1016.5","999.9","998.5","  42.4","  6.2"," 11.9"
"34504099999","48.6","34.9666666","143.0","2017-03-14","  32.3","000000","999.9","  52.2","  35.6"," 11.7"," 0.00","1018.7","999.9","000.7","  41.9","  6.1","  8.3"
"34504099999","48.6","34.9666666","143.0","2017-03-15","  30.3","000000","999.9","  45.7","  35.2","  9.7"," 0.00","1017.1","999.9","999.1","  40.8","  5.8","  6.3"
"34504099999","48.6","34.9666666","143.0","2017-03-16","  33.0","110000","999.9","  44.1","  33.1","  5.8"," 0.08","1011.2","999.9","993.2","  38.2","  4.8","  4.9"
"34504099999","48.6","34.9666666","143.0","2017-03-17","  30.5","110000","999.9","  48.6","  29.5","  3.9"," 0.00","1013.3","999.9","995.3","  39.4","  4.7","  2.9"
"34504099999","48.6","34.9666666","143.0","2017-03-18","  31.9","010000","999.9","  49.6","  32.9"," 15.5"," 0.01","1009.4","999.9","991.6","  40.5","  6.2","  8.7"
"34504099999","48.6","34.9666666","143.0","2017-03-19","  37.1","010000","999.9","  47.5","  35.2"," 11.7"," 0.12"," 999.3","999.9","981.6","  39.1","  5.0","  7.1"
"34504099999","48.6","34.9666666","143.0","2017-03-20","  31.7","000000","999.9","  43.3","  30.0","  7.8"," 0.00","1005.8","999.9","987.9","  37.1","  5.6","  5.0"
"34504099999","48.6","34.9666666","143.0","2017-03-21","  29.9","000000","999.9","  52.3","  31.3","  7.8"," 0.00","1014.7","999.9","996.8","  41.0","  6.1","  5.1"
"34504099999","48.6","34.9666666","143.0","2017-03-22","  29.9","000000","999.9","  58.3","  30.0","  7.8"," 0.00","1020.6","999.9","002.7","  45.2","  6.2","  3.9"
"34504099999","48.6","34.9666666","143.0","2017-03-23","  32.3","000000","999.9","  63.7","  34.9","  7.8"," 0.00","1022.7","999.9","004.9","  49.3","  6.2","  5.8"
"34504099999","48.6","34.9666666","143.0","2017-03-24","  37.3","010000","999.9","  59.9","  42.6"," 15.5"," 0.03","1020.5","999.9","002.8","  50.4","  6.2","  9.0"
"34504099999","48.6","34.9666666","143.0","2017-03-25","  24.4","000000","999.9","  52.3","  37.6"," 15.5"," 0.02","1017.7","999.9","999.8","  43.2","  6.2"," 10.3"
"34504099999","48.6","34.9666666","143.0","2017-03-26","  24.3","000000","999.9","  48.4","  30.9","  7.8"," 0.00","1015.4","999.9","997.3","  39.2","  6.2","  5.6"
"34504099999","48.6","34.9666666","143.0","2017-03-27","  27.1","000000","999.9","  45.9","  27.0"," 17.5"," 0.00","1012.6","999.9","994.5","  35.7","  6.2","  9.4"
"34504099999","48.6","34.9666666","143.0","2017-03-28","  29.8","000000","999.9","  64.8","  31.6"," 27.2"," 0.00","1009.0","999.9","991.4","  47.7","  6.2"," 15.1"
"34504099999","48.6","34.9666666","143.0","2017-03-29","  27.2","000000","999.9","  61.7","  31.6"," 19.4"," 0.00","1015.1","999.9","997.4","  48.4","  6.2","  9.5"
"34504099999","48.6","34.9666666","143.0","2017-03-30","  30.3","000000","999.9","  57.0","  32.5"," 19.4"," 0.00","1017.1","999.9","999.3","  46.7","  6.2"," 13.4"
"34504099999","48.6","34.9666666","143.0","2017-03-31","  17.9","000000","999.9","  48.0","  25.7","  9.7"," 0.00","1028.7","999.9","010.4","  38.8","  6.2","  6.9"
"34504099999","48.6","34.9666666","143.0","2017-04-01","  30.9","010000","999.9","  59.7","  38.1"," 13.6"," 0.00","1022.1","999.9","004.2","  44.5","  6.2","  8.9"
"34504099999","48.6","34.9666666","143.0","2017-04-02","  35.3","000000","999.9","  63.9","  34.5"," 11.7"," 0.00","1024.9","999.9","007.0","  49.6","  6.2","  8.0"
"34504099999","48.6","34.9666666","143.0","2017-04-03","  34.1","000000","999.9","  68.4","  37.6"," 13.6"," 0.00","1021.9","999.9","004.3","  53.7","  6.2"," 10.0"
"34504099999","48.6","34.9666666","143.0","2017-04-04","  39.2","000000","999.9","  71.1","  42.3"," 11.7"," 0.00","1022.1","999.9","004.5","  56.1","  6.2","  6.8"
"34504099999","48.6","34.9666666","143.0","2017-04-05","  41.8","000000","999.9","  64.8","  43.7"," 11.7"," 0.00","1021.5","999.9","003.9","  53.9","  6.2","  8.3"
"34504099999","48.6","34.9666666","143.0","2017-04-06","  38.1","000000","999.9","  65.3","  41.5"," 11.7"," 0.00","1009.5","999.9","992.1","  51.4","  6.2","  9.4"
"34504099999","48.6","34.9666666","143.0","2017-04-07","  42.5","100000","999.9","  62.4","  39.4"," 13.6"," 0.00","1005.8","999.9","988.3","  49.1","  4.8","  9.2"
"34504099999","48.6","34.9666666","143.0","2017-04-08","  36.6","010000","999.9","  54.5","  41.5"," 15.5"," 0.01","1007.4","999.9","989.7","  45.3","  6.2"," 10.0"
"34504099999","48.6","34.9666666","143.0","2017-04-09","  42.1","010000","999.9","  45.0","  42.4","  9.7"," 0.35","1016.3","999.9","998.5","  44.2","  5.1","  7.8"
"34504099999","48.6","34.9666666","143.0","2017-04-10","  40.0","000000","999.9","  54.0","  43.7","  9.7"," 0.00","1021.0","999.9","003.1","  47.2","  5.8","  6.4"
"34504099999","48.6","34.9666666","143.0","2017-04-11","  39.6","100000","999.9","  61.9","  37.6"," 15.5"," 0.00","1017.4","999.9","999.7","  48.8","  4.2","  8.7"
"34504099999","48.6","34.9666666","143.0","2017-04-12","  31.4","010000","999.9","  56.3","  39.0"," 11.7"," 0.08","1015.9","999.9","998.1","  43.5","  6.2","  8.4"
"34504099999","48.6","34.9666666","143.0","2017-04-13","  35.6","000000","999.9","  62.8","  34.0"," 11.7"," 0.00","1010.7","999.9","993.2","  50.0","  6.2","  7.8"
"34504099999","48.6","34.9666666","143.0","2017-04-14","  38.2","010000","999.9","  60.1","  41.9"," 13.6"," 0.05","1005.6","999.9","988.1","  48.6","  6.2","  6.9"
"34504099999","48.6","34.9666666","143.0","2017-04-15","  31.3","000000","999.9","  57.4","  39.7"," 15.5"," 0.00","1011.2","999.9","993.5","  47.3","  6.2","  9.7"
"34504099999","48.6","34.9666666","143.0","2017-04-16","  38.6","010000","999.9","  57.4","  42.8"," 15.5"," 0.02","1011.4","999.9","993.9","  49.6","  6.2","  8.3"
"34504099999","48.6","34.9666666","143.0","2017-04-17","  39.1","010000","999.9","  52.5","  41.5","  9.7"," 0.20","1012.6","999.9","995.0","  46.7","  5.7","  8.0"
"34504099999","48.6","34.9666666","143.0","2017-04-18","  32.5","010000","999.9","  38.3","  31.8"," 25.3"," 0.94","1011.2","999.9","993.1","  34.2","  3.2"," 23.0"
"34504099999","48.6","34.9666666","143.0","2017-04-19","  29.1","011000","999.9","  37.4","  30.9"," 23.3"," 1.46","1015.9"," 11.4","997.6","  32.8","  3.5"," 16.8"
"34504099999","48.6","34.9666666","143.0","2017-04-20","  25.9","000000","999.9","  40.8","  26.8"," 19.4"," 0.00","1020.7","  6.3","002.4","  34.0","  6.2"," 15.8"
"34504099999","48.6","34.9666666","143.0","2017-04-21","  32.3","110000","999.9","  38.1","  32.7"," 17.5"," 0.43","1010.3","  4.3","992.2","  34.3","  3.9"," 11.9"
"34504099999","48.6","34.9666666","143.0","2017-04-22","  38.2","011000","999.9","  55.0","  32.4"," 19.4"," 0.04","1009.7","  3.5","992.0","  43.9","  5.0"," 11.7"
"34504099999","48.6","34.9666666","143.0","2017-04-23","  42.3","010000","999.9","  52.5","  40.8","  7.8"," 0.39","1007.0","999.9","989.4","  46.2","  5.4","  5.3"
"34504099999","48.6","34.9666666","143.0","2017-04-24","  36.0","000010","999.9","  52.0","  35.4"," 15.5"," 0.04","1011.7","999.9","993.9","  43.4","  6.2","  8.5"
"34504099999","48.6","34.9666666","143.0","2017-04-25","  33.7","000000","999.9","  57.2","  32.0"," 13.6"," 0.00","1022.7","999.9","004.7","  45.0","  6.2","  9.0"
"34504099999","48.6","34.9666666","143.0","2017-04-26","  33.8","000000","999.9","  59.2","  37.4"," 19.4"," 0.00","1024.7","999.9","006.9","  48.5","  6.2"," 11.4"
"34504099999","48.6","34.9666666","143.0","2017-04-27","  35.4","000000","999.9","  70.2","  38.1"," 11.7"," 0.00","1021.9","999.9","004.3","  55.8","  6.2","  7.8"
"34504099999","48.6","34.9666666","143.0","2017-04-28","  38.4","000000","999.9","  73.9","  42.6","  7.8"," 0.00","1019.2","999.9","001.8","  59.8","  6.2","  5.5"
"34504099999","48.6","34.9666666","143.0","2017-04-29","  40.7","000000","999.9","  73.0","  46.6","  7.8"," 0.00","1016.8","999.9","999.6","  61.6","  6.2","  4.9"
"34504099999","48.6","34.9666666","143.0","2017-04-30","  44.9","000000","999.9","  77.4","  48.6","  7.8"," 0.00","1015.9","999.9","998.8","  64.4","  6.2","  5.5"
"34504099999","48.6","34.9666666","143.0","2017-05-01","  46.1","000000","999.9","  76.8","  48.9","  7.8"," 0.00","1016.0","999.9","998.9","  64.2","  6.2","  5.6"
"34504099999","48.6","34.9666666","143.0","2017-05-02","  47.3","000000","999.9","  81.3","  53.1","  9.7"," 0.00","1016.7","999.9","999.6","  67.2","  6.2","  5.6"
"34504099999","48.6","34.9666666","143.0","2017-05-03","  43.0","000000","999.9","  77.5","  54.0"," 11.7"," 0.00","1017.3","999.9","000.2","  64.3","  6.2","  9.0"
"34504099999","48.6","34.9666666","143.0","2017-05-04","  42.7","000000","999.9","  79.2","  50.4"," 15.5"," 0.00","1016.7","999.9","999.5","  64.6","  6.2"," 11.2"
"34504099999","48.6","34.9666666","143.0","2017-05-05","  35.7","000000","999.9","  73.8","  49.5"," 13.6"," 0.00","1019.0","999.9","001.7","  60.5","  6.2"," 11.4"
"34504099999","48.6","34.9666666","143.0","2017-05-06","  32.9","000000","999.9","  74.3","  45.0","  5.8"," 0.00","1014.0","999.9","996.8","  61.3","  6.2","  4.7"
"34504099999","48.6","34.9666666","143.0","2017-05-07","  40.0","000000","999.9","  77.9","  48.0","  5.8"," 0.00","1007.4","999.9","990.4","  64.7","  6.2","  4.5"
"34504099999","48.6","34.9666666","143.0","2017-05-08","  51.8","010010","999.9","  69.8","  51.6"," 13.6"," 0.04","1001.5","999.9","984.5","  60.0","  6.2","  8.7"
"34504099999","48.6","34.9666666","143.0","2017-05-09","  45.3","000000","999.9","  68.4","  51.6"," 13.6"," 0.00","1002.8","999.9","985.7","  59.5","  5.9","  7.8"
"34504099999","48.6","34.9666666","143.0","2017-05-10","  34.0","000000","999.9","  58.5","  38.1"," 15.5"," 0.04","1007.5","999.9","990.0","  49.4","  6.2"," 10.8"
"34504099999","48.6","34.9666666","143.0","2017-05-11","  31.0","000000","999.9","  58.3","  33.3"," 11.7"," 0.00","1016.0","999.9","998.3","  47.8","  6.2","  7.0"
"34504099999","48.6","34.9666666","143.0","2017-05-12","  46.2","000000","999.9","  71.6","  48.0"," 15.5"," 0.02","1015.3","999.9","998.1","  60.6","  6.2"," 10.8"
"34504099999","48.6","34.9666666","143.0","2017-05-13","  51.1","010000","999.9","  67.8","  51.6"," 11.7"," 0.04","1013.5","999.9","996.2","  56.4","  5.8","  7.2"
"34504099999","48.6","34.9666666","143.0","2017-05-14","  52.7","010000","999.9","  61.2","  51.3"," 15.5"," 0.29","1012.1","999.9","994.8","  55.3","  5.8"," 10.8"
"34504099999","48.6","34.9666666","143.0","2017-05-15","  49.8","000000","999.9","  69.3","  50.0"," 17.5"," 0.01","1019.3","999.9","001.9","  58.0","  6.2"," 13.6"
"34504099999","48.6","34.9666666","143.0","2017-05-16","  44.3","000000","999.9","  73.0","  46.0","  9.7"," 0.00","1020.6","999.9","003.3","  59.5","  6.2","  6.3"
"34504099999","48.6","34.9666666","143.0","2017-05-17","  38.7","000000","999.9","  65.5","  45.5"," 13.6"," 0.00","1020.2","999.9","002.7","  55.7","  6.2","  9.5"
"34504099999","48.6","34.9666666","143.0","2017-05-18","  36.9","000000","999.9","  59.5","  40.3"," 11.7"," 0.01","1017.8","999.9","000.1","  48.4","  6.2","  7.1"
"34504099999","48.6","34.9666666","143.0","2017-05-19","  41.8","000000","999.9","  63.7","  38.3"," 11.7"," 0.04","1014.8","999.9","997.2","  49.2","  5.8","  5.3"
"34504099999","48.6","34.9666666","143.0","2017-05-20","  46.9","010000","999.9","  61.2","  44.4"," 11.7"," 0.20","1009.1","999.9","991.6","  51.9","  5.8","  7.8"
"34504099999","48.6","34.9666666","143.0","2017-05-21","  46.2","000000","999.9","  71.8","  44.2","  5.8"," 0.00","1007.6","999.9","990.4","  59.1","  6.0","  4.7"
"34504099999","48.6","34.9666666","143.0","2017-05-22","  46.5","010000","999.9","  67.5","  47.8","  9.7"," 0.01","1009.7","999.9","992.3","  55.5","  6.0","  6.1"
"34504099999","48.6","34.9666666","143.0","2017-05-23","  40.0","000000","999.9","  72.0","  43.3","  7.8"," 0.00","1016.3","999.9","998.9","  58.6","  6.2","  5.1"
"34504099999","48.6","34.9666666","143.0","2017-05-24","  41.0","000000","999.9","  74.3","  46.4","  7.8"," 0.00","1017.8","999.9","000.6","  62.4","  6.2","  4.4"
"34504099999","48.6","34.9666666","143.0","2017-05-25","  45.3","000000","999.9","  73.2","  49.6","  9.7"," 0.00","1017.5","999.9","000.3","  62.4","  6.2","  5.3"
"34504099999","48.6","34.9666666","143.0","2017-05-26","  47.9","000000","999.9","  75.4","  50.9","  7.8"," 0.00","1014.4","999.9","997.2","  63.4","  6.2","  4.7"
"34504099999","48.6","34.9666666","143.0","2017-05-27","  51.3","000010","999.9","  74.5","  55.4","  9.7"," 0.00","1012.5","999.9","995.5","  63.8","  6.2","  6.8"
"34504099999","48.6","34.9666666","143.0","2017-05-28","  47.8","000000","999.9","  77.7","  54.3","  9.7"," 0.00","1017.6","999.9","000.5","  66.7","  6.2","  8.3"
"34504099999","48.6","34.9666666","143.0","2017-05-29","  49.1","000000","999.9","  79.2","  57.6","  5.8"," 0.00","1017.1","999.9","000.1","  68.5","  6.2","  4.2"
"34504099999","48.6","34.9666666","143.0","2017-05-30","  49.0","000000","999.9","  83.3","  57.2"," 13.6"," 0.00","1010.8","999.9","994.0","  71.4","  6.2","  7.8"
"34504099999","48.6","34.9666666","143.0","2017-05-31","  54.4","000000","999.9","  86.2","  60.6"," 11.7"," 0.00","1008.9","999.9","992.1","  73.4","  6.2","  8.0"
"34504099999","48.6","34.9666666","143.0","2017-06-01","  51.8","000000","999.9","  80.2","  59.7"," 13.6"," 0.01","1008.4","999.9","991.6","  71.1","  6.2","  9.2"
"34504099999","48.6","34.9666666","143.0","2017-06-02","  45.4","000000","999.9","  73.0","  54.1"," 15.5"," 0.00","1010.4","999.9","993.4","  63.6","  6.2","  9.5"
"34504099999","48.6","34.9666666","143.0","2017-06-03","  34.1","000000","999.9","  68.9","  50.4"," 15.5"," 0.00","1015.3","999.9","997.9","  59.1","  6.2"," 10.8"
"34504099999","48.6","34.9666666","143.0","2017-06-04","  36.3","000000","999.9","  72.1","  43.7","  7.8"," 0.00","1019.2","999.9","001.8","  59.5","  6.2","  6.3"
"34504099999","48.6","34.9666666","143.0","2017-06-05","  43.0","000000","999.9","  79.2","  50.9","  9.7"," 0.00","1017.6","999.9","000.6","  67.1","  6.2","  5.8"
"34504099999","48.6","34.9666666","143.0","2017-06-06","  46.1","000000","999.9","  84.9","  55.6","  7.8"," 0.00","1013.5","999.9","996.6","  70.8","  6.2","  4.9"
"34504099999","48.6","34.9666666","143.0","2017-06-07","  53.0","000000","999.9","  91.2","  60.6","  7.8"," 0.00","1011.7","999.9","995.0","  76.4","  6.2","  5.8"
"34504099999","48.6","34.9666666","143.0","2017-06-08","  56.5","000000","999.9","  90.3","  65.3"," 11.7"," 0.00","1010.3","999.9","993.7","  77.5","  6.2","  6.6"
"34504099999","48.6","34.9666666","143.0","2017-06-09","  58.9","000000","999.9","  80.4","  63.1"," 11.7"," 0.00","1009.4","999.9","992.7","  70.9","  6.2","  7.5"
"34504099999","48.6","34.9666666","143.0","2017-06-10","  54.9","000000","999.9","  77.2","  59.9"," 13.6"," 0.00","1010.1","999.9","993.2","  67.2","  6.2","  9.5"
"34504099999","48.6","34.9666666","143.0","2017-06-11","  51.9","000000","999.9","  74.8","  58.8"," 13.6"," 0.00","1012.5","999.9","995.5","  64.7","  6.2"," 10.7"
"34504099999","48.6","34.9666666","143.0","2017-06-12","  55.6","010000","999.9","  78.4","  56.8","  9.7"," 0.24","1010.8","999.9","993.9","  67.7","  6.2","  6.6"
"34504099999","48.6","34.9666666","143.0","2017-06-13","  60.3","010010","999.9","  77.9","  61.3","  9.7"," 0.47","1006.0","999.9","989.1","  65.7","  5.6","  6.6"
"34504099999","48.6","34.9666666","143.0","2017-06-14","  51.4","000000","999.9","  72.9","  57.6"," 11.7"," 0.00","1005.0","999.9","988.1","  64.4","  6.2","  7.8"
"34504099999","48.6","34.9666666","143.0","2017-06-15","  51.1","000000","999.9","  68.7","  55.6"," 13.6"," 0.00","1009.0","999.9","991.9","  60.0","  6.2","  7.8"
"34504099999","48.6","34.9666666","143.0","2017-06-16","  45.2","000000","999.9","  72.9","  49.6"," 11.7"," 0.00","1011.7","999.9","994.6","  62.7","  6.2","  7.5"
"34504099999","48.6","34.9666666","143.0","2017-06-17","  49.0","000000","999.9","  78.8","  55.6","  9.7"," 0.00","1009.5","999.9","992.6","  65.8","  6.2","  5.8"
"34504099999","48.6","34.9666666","143.0","2017-06-18","  53.9","000010","999.9","  76.6","  60.1"," 11.7"," 0.00","1011.7","999.9","994.7","  66.2","  6.2","  6.2"
"34504099999","48.6","34.9666666","143.0","2017-06-19","  49.5","000000","999.9","  81.9","  57.6","  7.8"," 0.00","1011.8","999.9","995.0","  69.9","  6.2","  5.6"
"34504099999","48.6","34.9666666","143.0","2017-06-20","  55.6","000000","999.9","  85.6","  61.2","  7.8"," 0.00","1008.6","999.9","991.9","  74.1","  6.2","  6.6"
"34504099999","48.6","34.9666666","143.0","2017-06-21","  56.2","000010","999.9","  87.4","  61.2","  9.7"," 0.04","1006.7","999.9","990.0","  71.4","  6.2","  7.2"
"34504099999","48.6","34.9666666","143.0","2017-06-22","  45.2","000000","999.9","  78.8","  55.6","  9.7"," 0.00","1010.8","999.9","993.9","  67.4","  6.2","  6.1"
"34504099999","48.6","34.9666666","143.0","2017-06-23","  49.3","010000","999.9","  82.4","  56.1"," 11.7","99.99","1008.3","999.9","991.5","  70.2","  6.2","  5.6"
"34504099999","48.6","34.9666666","143.0","2017-06-24","  57.8","000000","999.9","  75.9","  64.4"," 11.7"," 0.02","1006.9","999.9","990.1","  69.2","  6.2","  8.7"
"34504099999","48.6","34.9666666","143.0","2017-06-25","  57.5","000000","999.9","  81.1","  62.1","  9.7"," 0.01","1012.2","999.9","995.4","  71.4","  6.2","  6.3"
"34504099999","48.6","34.9666666","143.0","2017-06-26","  58.0","000000","999.9","  90.1","  62.4","  9.7"," 0.00","1011.8","999.9","995.1","  77.5","  6.2","  6.3"
"34504099999","48.6","34.9666666","143.0","2017-06-27","  59.0","000000","999.9","  91.6","  63.7","  9.7"," 0.00","1010.2","999.9","993.6","  78.3","  6.2","  6.1"
"34504099999","48.6","34.9666666","143.0","2017-06-28","  64.4","000010","999.9","  91.4","  65.3"," 11.7"," 0.71","1010.1","999.9","993.5","  75.4","  6.2","  8.0"
"34504099999","48.6","34.9666666","143.0","2017-06-29","  63.9","000000","999.9","  89.6","  64.6","  7.8"," 0.00","1009.8","999.9","993.3","  78.0","  6.2","  5.6"
"34504099999","48.6","34.9666666","143.0","2017-06-30","  63.7","000000","999.9","  90.5","  69.6","  7.8"," 0.00","1009.3","999.9","992.8","  76.9","  6.2","  5.1"
"34504099999","48.6","34.9666666","143.0","2017-07-01","  59.0","000000","999.9","  94.8","  67.6"," 13.6"," 0.00","1009.3","999.9","992.8","  82.8","  6.2","  8.6"
"34504099999","48.6","34.9666666","143.0","2017-07-02","  59.1","010010","999.9","  73.8","  63.3","  7.8"," 0.24","1009.3","999.9","992.5","  68.5","  6.0","  5.8"
"34504099999","48.6","34.9666666","143.0","2017-07-03","  57.9","000000","999.9","  83.1","  59.2","  9.7"," 0.00","1009.1","999.9","992.3","  71.5","  6.2","  5.6"
"34504099999","48.6","34.9666666","143.0","2017-07-04","  56.7","010000","999.9","  67.8","  60.3"," 13.6"," 0.16","1010.0","999.9","993.0","  63.0","  5.6","  9.4"
"34504099999","48.6","34.9666666","143.0","2017-07-05","  49.2","000000","999.9","  74.5","  50.5"," 15.5"," 0.00","1015.0","999.9","997.9","  64.3","  6.2","  8.3"
"34504099999","48.6","34.9666666","143.0","2017-07-06","  53.0","010000","999.9","  76.6","  53.6","  7.8"," 0.12","1015.7","999.9","998.6","  62.4","  5.8","  4.5"
"34504099999","48.6","34.9666666","143.0","2017-07-07","  49.5","000000","999.9","  74.5","  55.6"," 11.7"," 0.02","1013.7","999.9","996.6","  64.0","  6.2","  8.3"
"34504099999","48.6","34.9666666","143.0","2017-07-08","  46.2","000000","999.9","  77.4","  50.5"," 11.7"," 0.00","1013.1","999.9","996.1","  64.4","  6.2","  6.3"
"34504099999","48.6","34.9666666","143.0","2017-07-09","  54.0","010000","999.9","  68.2","  53.8","  9.7"," 0.45","1013.6","999.9","996.4","  58.5","  5.0","  7.4"
"34504099999","48.6","34.9666666","143.0","2017-07-10","  54.0","000000","999.9","  79.5","  54.3"," 11.7"," 0.00","1016.6","999.9","999.6","  67.7","  6.2","  6.6"
"34504099999","48.6","34.9666666","143.0","2017-07-11","  54.8","000000","999.9","  85.5","  58.6","  5.8"," 0.00","1017.4","999.9","000.6","  73.2","  6.2","  4.1"
"34504099999","48.6","34.9666666","143.0","2017-07-12","  56.2","000000","999.9","  87.4","  63.3","  9.7"," 0.00","1013.6","999.9","996.9","  75.6","  6.2","  7.2"
"34504099999","48.6","34.9666666","143.0","2017-07-13","  60.3","010010","999.9","  78.8","  64.6","  7.8"," 0.02","1008.7","999.9","992.0","  70.9","  6.2","  4.7"
"34504099999","48.6","34.9666666","143.0","2017-07-14","  59.1","000010","999.9","  78.6","  58.6"," 15.5"," 0.24","1008.2","999.9","991.3","  66.2","  6.2","  8.9"
"34504099999","48.6","34.9666666","143.0","2017-07-15","  51.7","000000","999.9","  72.0","  53.1","  7.8"," 0.00","1012.3","999.9","995.1","  61.8","  6.2","  6.8"
"34504099999","48.6","34.9666666","143.0","2017-07-16","  51.3","000000","999.9","  75.2","  51.8","  9.7"," 0.00","1017.1","999.9","999.9","  63.7","  6.2","  6.3"
"34504099999","48.6","34.9666666","143.0","2017-07-17","  50.2","000000","999.9","  79.0","  55.6"," 13.6"," 0.00","1018.3","999.9","001.2","  67.8","  6.2","  9.0"
"34504099999","48.6","34.9666666","143.0","2017-07-18","  50.9","000000","999.9","  83.5","  55.4","  9.7"," 0.00","1018.2","999.9","001.2","  70.4","  6.2","  7.8"
"34504099999","48.6","34.9666666","143.0","2017-07-19","  51.8","000000","999.9","  87.1","  58.5","  9.7"," 0.00","1016.1","999.9","999.3","  72.9","  6.2","  6.8"
"34504099999","48.6","34.9666666","143.0","2017-07-20","  57.0","000000","999.9","  89.2","  61.9","  9.7"," 0.00","1013.5","999.9","996.8","  74.6","  6.2","  5.6"
"34504099999","48.6","34.9666666","143.0","2017-07-21","  56.3","000000","999.9","  91.8","  62.1","  7.8"," 0.00","1014.0","999.9","997.4","  77.9","  6.2","  4.7"
"34504099999","48.6","34.9666666","143.0","2017-07-22","  58.0","000010","999.9","  92.3","  66.0","  3.9"," 0.00","1012.8","999.9","996.3","  79.7","  6.2","  2.9"
"34504099999","48.6","34.9666666","143.0","2017-07-23","  62.4","000000","999.9","  83.5","  64.8","  9.7"," 0.00","1012.3","999.9","995.6","  74.1","  6.2","  8.3"
"34504099999","48.6","34.9666666","143.0","2017-07-24","  56.8","000000","999.9","  85.1","  59.2","  9.7"," 0.00","1011.1","999.9","994.4","  72.4","  6.2","  6.1"
"34504099999","48.6","34.9666666","143.0","2017-07-25","  58.0","000000","999.9","  90.3","  63.5","  5.8"," 0.00","1006.6","999.9","990.0","  76.7","  6.2","  3.9"
"34504099999","48.6","34.9666666","143.0","2017-07-26","  62.8","010010","999.9","  92.5","  67.1","  9.7"," 0.08","1005.6","999.9","989.0","  76.0","  5.7","  6.4"
"34504099999","48.6","34.9666666","143.0","2017-07-27","  63.1","000000","999.9","  94.1","  65.8","  7.8"," 0.03","1005.1","999.9","988.8","  82.9","  6.2","  4.4"
"34504099999","48.6","34.9666666","143.0","2017-07-28","  62.5","000010","999.9","  93.6","  70.9"," 17.5"," 0.00","1001.9","999.9","985.6","  80.9","  6.2","  9.5"
"34504099999","48.6","34.9666666","143.0","2017-07-29","  64.5","010010","999.9","  77.4","  64.8"," 11.7"," 0.28","1002.9","999.9","986.1","  68.8","  5.2","  7.4"
"34504099999","48.6","34.9666666","143.0","2017-07-30","  60.3","010000","999.9","  70.0","  63.1"," 13.6"," 0.12","1010.7","999.9","993.8","  66.8","  6.2"," 10.0"
"34504099999","48.6","34.9666666","143.0","2017-07-31","  58.5","000000","999.9","  83.7","  57.9"," 11.7"," 0.00","1017.3","999.9","000.3","  70.2","  6.2","  6.4"
"34504099999","48.6","34.9666666","143.0","2017-08-01","  63.5","000000","999.9","  90.9","  63.0","  7.8"," 0.00","1021.4","999.9","004.7","  77.7","  6.2","  6.3"
"34504099999","48.6","34.9666666","143.0","2017-08-02","  64.7","000000","999.9","  95.0","  69.4","  9.7"," 0.00","1019.4","999.9","002.8","  81.5","  6.2","  6.3"
"34504099999","48.6","34.9666666","143.0","2017-08-03","  63.3","000000","999.9","  95.9","  71.1","  5.8"," 0.00","1014.6","999.9","998.1","  83.2","  6.2","  3.6"
"34504099999","48.6","34.9666666","143.0","2017-08-04","  64.4","000000","999.9","  98.6","  71.1","  5.8"," 0.00","1010.8","999.9","994.4","  84.4","  6.2","  3.9"
"34504099999","48.6","34.9666666","143.0","2017-08-05","  64.8","000000","999.9","  99.7","  72.3","  7.8"," 0.00","1011.1","999.9","994.8","  86.0","  6.2","  5.3"
"34504099999","48.6","34.9666666","143.0","2017-08-06","  61.6","000000","999.9","  94.3","  71.8"," 11.7"," 0.00","1014.3","999.9","997.8","  81.9","  6.2","  8.5"
"34504099999","48.6","34.9666666","143.0","2017-08-07","  61.2","000000","999.9","  98.6","  66.2"," 11.7"," 0.00","1012.2","999.9","995.8","  82.8","  6.2","  9.7"
"34504099999","48.6","34.9666666","143.0","2017-08-08","  64.9","000000","999.9","  93.2","  71.4"," 15.5"," 0.00","1012.8","999.9","996.3","  81.9","  6.2"," 11.7"
"34504099999","48.6","34.9666666","143.0","2017-08-09","  61.7","000000","999.9","  90.9","  66.9"," 17.5"," 0.00","1018.0","999.9","001.3","  78.1","  6.2"," 14.8"
"34504099999","48.6","34.9666666","143.0","2017-08-10","  52.1","000000","999.9","  93.2","  66.7"," 15.5"," 0.00","1019.8","999.9","003.1","  78.4","  6.2"," 12.1"
"34504099999","48.6","34.9666666","143.0","2017-08-11","  49.5","000000","999.9","  94.3","  64.4","  7.8"," 0.00","1016.6","999.9","999.9","  78.2","  6.2","  7.0"
"34504099999","48.6","34.9666666","143.0","2017-08-12","  47.8","000000","999.9","  96.6","  63.7","  9.7"," 0.00","1012.9","999.9","996.3","  80.2","  6.2","  8.0"
"34504099999","48.6","34.9666666","143.0","2017-08-13","  46.6","000000","999.9","  98.8","  65.1"," 15.5"," 0.00","1009.8","999.9","993.3","  81.6","  6.2","  9.7"
"34504099999","48.6","34.9666666","143.0","2017-08-14","  48.6","000000","999.9","  99.7","  68.7"," 15.5"," 0.00","1010.5","999.9","994.1","  83.9","  6.2"," 11.4"
"34504099999","48.6","34.9666666","143.0","2017-08-15","  50.7","000000","999.9","  95.2","  71.8"," 15.5"," 0.00","1014.3","999.9","997.8","  82.5","  6.2"," 12.2"
"34504099999","48.6","34.9666666","143.0","2017-08-16","  49.9","000000","999.9","  94.6","  65.3"," 17.5"," 0.00","1016.6","999.9","000.0","  79.4","  6.2"," 11.2"
"34504099999","48.6","34.9666666","143.0","2017-08-17","  47.1","000000","999.9","  95.7","  66.2"," 13.6"," 0.00","1016.3","999.9","999.6","  79.7","  6.2"," 10.7"
"34504099999","48.6","34.9666666","143.0","2017-08-18","  45.3","000000","999.9","  96.3","  67.8"," 15.5"," 0.00","1016.7","999.9","000.1","  80.3","  6.2"," 12.4"
"34504099999","48.6","34.9666666","143.0","2017-08-19","  47.9","000000","999.9","  97.2","  66.6"," 13.6"," 0.00","1018.2","999.9","001.5","  80.6","  6.2"," 10.4"
"34504099999","48.6","34.9666666","143.0","2017-08-20","  45.3","000000","999.9","  97.5","  69.3"," 15.5"," 0.00","1016.4","999.9","999.8","  80.9","  6.2"," 12.1"
"34504099999","48.6","34.9666666","143.0","2017-08-21","  44.5","000000","999.9","  94.3","  65.3"," 13.6"," 0.00","1010.6","999.9","994.1","  80.1","  6.2"," 11.4"
"34504099999","48.6","34.9666666","143.0","2017-08-22","  52.3","010000","999.9","  84.2","  63.7"," 11.7"," 0.47","1004.5","999.9","987.8","  70.6","  6.2","  9.1"
"34504099999","48.6","34.9666666","143.0","2017-08-23","  55.1","010000","999.9","  73.9","  56.5","  7.8"," 0.02","1009.0","999.9","991.9","  62.1","  6.2","  6.4"
"34504099999","48.6","34.9666666","143.0","2017-08-24","  49.0","000000","999.9","  74.7","  49.5"," 13.6"," 0.00","1016.4","999.9","999.2","  62.5","  6.2","  7.5"
"34504099999","48.6","34.9666666","143.0","2017-08-25","  46.8","000000","999.9","  80.1","  54.0"," 13.6"," 0.00","1020.6","999.9","003.5","  66.8","  6.2","  9.3"
"34504099999","48.6","34.9666666","143.0","2017-08-26","  48.5","000000","999.9","  86.9","  55.6"," 11.7"," 0.00","1018.3","999.9","001.4","  71.4","  6.2","  5.8"
"34504099999","48.6","34.9666666","143.0","2017-08-27","  54.6","000000","999.9","  88.3","  59.7","  5.8"," 0.00","1014.4","999.9","997.6","  74.2","  6.2","  4.4"
"34504099999","48.6","34.9666666","143.0","2017-08-28","  56.5","010000","999.9","  81.7","  59.2"," 13.6"," 0.02","1009.4","999.9","992.5","  68.4","  6.2","  8.0"
"34504099999","48.6","34.9666666","143.0","2017-08-29","  49.4","000000","999.9","  60.8","  55.0"," 11.7"," 0.00","1012.9","999.9","995.5","  57.4","  6.2","  9.5"
"34504099999","48.6","34.9666666","143.0","2017-08-30","  50.8","000000","999.9","  67.3","  55.9"," 11.7"," 0.00","1017.4","999.9","000.0","  59.2","  6.2","  9.2"
"34504099999","48.6","34.9666666","143.0","2017-08-31","  52.5","010000","999.9","  68.4","  56.3"," 11.7","99.99","1017.1","999.9","999.8","  60.4","  6.2","  8.5"
"34504099999","48.6","34.9666666","143.0","2017-09-01","  54.5","010000","999.9","  57.2","  55.0"," 11.7"," 0.55","1011.7","999.9","994.4","  55.9","  2.2","  8.4"
"34504099999","48.6","34.9666666","143.0","2017-09-02","  56.4","100000","999.9","  70.9","  55.9","  9.7"," 0.04","1012.0","999.9","994.8","  61.9","  4.5","  6.7"
"34504099999","48.6","34.9666666","143.0","2017-09-03","  55.6","000000","999.9","  81.3","  52.9","  5.8"," 0.00","1013.3","999.9","996.3","  66.3","  5.7","  2.9"
"34504099999","48.6","34.9666666","143.0","2017-09-04","  57.2","000000","999.9","  85.6","  58.1","  9.7"," 0.00","1011.1","999.9","994.4","  72.5","  6.2","  7.8"
"34504099999","48.6","34.9666666","143.0","2017-09-05","  57.5","000000","999.9","  81.5","  58.5"," 11.7"," 0.00","1010.6","999.9","993.8","  68.8","  6.2","  6.4"
"34504099999","48.6","34.9666666","143.0","2017-09-06","  47.9","000000","999.9","  75.0","  54.0","  9.7"," 0.00","1008.9","999.9","991.9","  63.5","  6.2","  5.3"
"34504099999","48.6","34.9666666","143.0","2017-09-07","  50.3","000000","999.9","  73.6","  54.0"," 11.7"," 0.00","1010.3","999.9","993.3","  63.5","  6.2","  7.0"
"34504099999","48.6","34.9666666","143.0","2017-09-08","  51.9","010000","999.9","  74.5","  57.9","  7.8","99.99","1014.2","999.9","997.1","  64.4","  6.2","  4.4"
"34504099999","48.6","34.9666666","143.0","2017-09-09","  48.3","000000","999.9","  77.9","  52.2","  9.7"," 0.00","1017.5","999.9","000.3","  63.8","  6.2","  4.4"
"34504099999","48.6","34.9666666","143.0","2017-09-10","  48.4","000000","999.9","  80.6","  54.9","  9.7"," 0.00","1016.1","999.9","999.0","  67.3","  6.2","  8.5"
"34504099999","48.6","34.9666666","143.0","2017-09-11","  51.0","000000","999.9","  86.7","  55.8","  7.8"," 0.00","1015.2","999.9","998.4","  72.5","  6.2","  6.1"
"34504099999","48.6","34.9666666","143.0","2017-09-12","  53.9","000000","999.9","  92.3","  62.1"," 11.7"," 0.00","1009.7","999.9","993.1","  76.3","  6.2","  7.8"
"34504099999","48.6","34.9666666","143.0","2017-09-13","  61.0","010000","999.9","  87.1","  64.0"," 13.6","99.99","1007.8","999.9","991.2","  74.7","  6.2","  8.5"
"34504099999","48.6","34.9666666","143.0","2017-09-14","  51.2","000000","999.9","  79.0","  55.9","  9.7"," 0.04","1015.0","999.9","998.0","  66.9","  5.7","  5.8"
"34504099999","48.6","34.9666666","143.0","2017-09-15","  52.6","000000","999.9","  85.1","  56.3"," 13.6"," 0.00","1012.9","999.9","996.1","  70.6","  6.2","  8.9"
"34504099999","48.6","34.9666666","143.0","2017-09-16","  48.6","000000","999.9","  81.9","  56.5"," 15.5"," 0.00","1019.2","999.9","002.1","  67.5","  6.2","  8.7"
"34504099999","48.6","34.9666666","143.0","2017-09-17","  51.8","000000","999.9","  90.0","  58.1","  7.8"," 0.00","1017.0","999.9","000.1","  74.2","  6.2","  6.3"
"34504099999","48.6","34.9666666","143.0","2017-09-18","  53.7","000000","999.9","  92.3","  62.6","  9.7"," 0.00","1011.5","999.9","994.8","  76.7","  6.2","  5.6"
"34504099999","48.6","34.9666666","143.0","2017-09-19","  43.0","000000","999.9","  81.0","  58.1"," 13.6"," 0.00","1016.4","999.9","999.3","  68.0","  6.2"," 10.2"
"34504099999","48.6","34.9666666","143.0","2017-09-20","  45.3","000000","999.9","  91.8","  59.0"," 13.6"," 0.00","1013.2","999.9","996.5","  74.2","  6.2"," 10.9"
"34504099999","48.6","34.9666666","143.0","2017-09-21","  49.7","000000","999.9","  94.1","  66.4"," 13.6"," 0.00","1010.7","999.9","994.2","  79.3","  6.2"," 11.7"
"34504099999","48.6","34.9666666","143.0","2017-09-22","  51.8","000010","999.9","  91.0","  64.9"," 29.1"," 0.00","1010.5","999.9","993.9","  76.5","  6.2"," 15.3"
"34504099999","48.6","34.9666666","143.0","2017-09-23","  52.3","010010","999.9","  72.0","  54.3"," 13.6"," 0.37","1019.6","999.9","002.4","  61.0","  6.2","  9.2"
"34504099999","48.6","34.9666666","143.0","2017-09-24","  50.2","010000","999.9","  70.9","  52.9"," 15.5"," 0.47","1023.7","999.9","006.2","  57.6","  5.6"," 12.6"
"34504099999","48.6","34.9666666","143.0","2017-09-25","  42.4","000000","999.9","  76.5","  52.0"," 17.5"," 0.00","1027.5","999.9","010.1","  61.2","  6.2"," 12.4"
"34504099999","48.6","34.9666666","143.0","2017-09-26","  38.0","000000","999.9","  67.8","  44.8"," 17.5"," 0.00","1029.5","999.9","011.8","  54.8","  6.2"," 13.1"
"34504099999","48.6","34.9666666","143.0","2017-09-27","  34.8","000000","999.9","  62.1","  42.1"," 19.4"," 0.00","1032.3","999.9","014.4","  50.5","  6.2"," 13.4"
"34504099999","48.6","34.9666666","143.0","2017-09-28","  32.8","000000","999.9","  62.6","  39.7"," 15.5"," 0.00","1035.5","999.9","017.5","  48.9","  6.2"," 12.1"
"34504099999","48.6","34.9666666","143.0","2017-09-29","  30.1","000000","999.9","  61.3","  36.3"," 13.6"," 0.00","1032.8","999.9","014.8","  47.3","  6.2"," 10.2"
"34504099999","48.6","34.9666666","143.0","2017-09-30","  33.1","000000","999.9","  54.3","  34.9"," 13.6"," 0.00","1027.5","999.9","009.5","  44.8","  6.2","  9.5"
"34504099999","48.6","34.9666666","143.0","2017-10-01","  37.9","000000","999.9","  53.6","  40.6"," 11.7"," 0.00","1027.2","999.9","009.3","  48.0","  6.2","  8.0"
"34504099999","48.6","34.9666666","143.0","2017-10-02","  31.0","000000","999.9","  55.8","  39.0","  9.7"," 0.00","1029.8","999.9","011.7","  44.6","  6.2","  7.8"
"34504099999","48.6","34.9666666","143.0","2017-10-03","  31.0","000000","999.9","  56.8","  34.3"," 11.7"," 0.00","1029.0","999.9","011.0","  45.6","  6.2","  5.6"
"34504099999","48.6","34.9666666","143.0","2017-10-04","  34.6","010000","999.9","  61.2","  36.0"," 11.7","99.99","1025.2","999.9","007.3","  48.9","  6.2","  6.6"
"34504099999","48.6","34.9666666","143.0","2017-10-05","  50.2","010000","999.9","  60.1","  46.8"," 11.7"," 0.04","1011.6","999.9","994.2","  54.4","  5.3","  8.0"
"34504099999","48.6","34.9666666","143.0","2017-10-06","  49.3","010000","999.9","  72.0","  51.6"," 17.5"," 0.00","1004.7","999.9","987.6","  59.3","  6.2"," 11.4"
"34504099999","48.6","34.9666666","143.0","2017-10-07","  44.0","010000","999.9","  57.2","  49.8","  9.7"," 0.01","1014.0","999.9","996.5","  52.9","  6.2","  6.7"
"34504099999","48.6","34.9666666","143.0","2017-10-08","  47.5","000000","999.9","  72.1","  50.0"," 13.6"," 0.00","1007.6","999.9","990.5","  58.4","  6.2"," 11.4"
"34504099999","48.6","34.9666666","143.0","2017-10-09","  46.0","010000","999.9","  54.3","  46.9"," 15.5"," 0.03","1009.4","999.9","991.9","  51.3","  6.2"," 10.1"
"34504099999","48.6","34.9666666","143.0","2017-10-10","  35.1","100000","999.9","  59.2","  38.3"," 11.7"," 0.00","1018.9","999.9","001.2","  47.9","  5.1","  6.2"
"34504099999","48.6","34.9666666","143.0","2017-10-11","  33.8","000000","999.9","  62.2","  36.9","  7.8"," 0.00","1021.0","999.9","003.3","  49.7","  6.2","  7.0"
"34504099999","48.6","34.9666666","143.0","2017-10-12","  48.7","010000","999.9","  58.1","  46.2","  9.7"," 0.13","1017.5","999.9","000.0","  52.5","  5.6","  7.1"
"34504099999","48.6","34.9666666","143.0","2017-10-13","  47.5","000000","999.9","  65.7","  45.9"," 15.5"," 0.08","1014.1","999.9","996.7","  55.7","  6.2","  9.2"
"34504099999","48.6","34.9666666","143.0","2017-10-14","  41.9","000000","999.9","  58.5","  43.9"," 19.4"," 0.04","1014.3","999.9","996.6","  48.2","  6.2"," 10.2"
"34504099999","48.6","34.9666666","143.0","2017-10-15","  44.2","010000","999.9","  57.6","  38.5"," 17.5"," 0.08","1014.3","999.9","996.6","  47.6","  5.7"," 10.5"
"34504099999","48.6","34.9666666","143.0","2017-10-16","  42.4","000000","999.9","  58.3","  44.8"," 19.4"," 0.00","1019.2","999.9","001.5","  50.4","  6.2"," 12.9"
"34504099999","48.6","34.9666666","143.0","2017-10-17","  46.7","100000","999.9","  59.4","  41.4","  9.7"," 0.00","1020.5","999.9","002.8","  49.5","  5.0","  6.1"
"34504099999","48.6","34.9666666","143.0","2017-10-18","  45.8","100000","999.9","  66.0","  40.5","  9.7"," 0.00","1021.8","999.9","004.2","  52.7","  3.9","  6.1"
"34504099999","48.6","34.9666666","143.0","2017-10-19","  49.8","100000","999.9","  55.0","  45.7","  7.8"," 0.00","1018.0","999.9","000.4","  50.7","  1.0","  6.1"
"34504099999","48.6","34.9666666","143.0","2017-10-20","  50.7","110000","999.9","  54.1","  47.5","  5.8"," 0.00","1018.1","999.9","000.5","  51.0","  0.4","  4.2"
"34504099999","48.6","34.9666666","143.0","2017-10-21","  49.7","110000","999.9","  52.2","  46.8","999.9"," 0.00","1016.4","999.9","998.8","  50.1","  0.9","999.9"
"34504099999","48.6","34.9666666","143.0","2017-10-22","  40.1","010000","999.9","  47.7","  34.3"," 15.5"," 0.31","1015.0","999.9","997.1","  41.6","  4.5","  9.7"
"34504099999","48.6","34.9666666","143.0","2017-10-23","  33.6","000000","999.9","  46.9","  28.8"," 11.7"," 0.00","1019.9","999.9","001.8","  38.4","  6.2","  9.5"
"34504099999","48.6","34.9666666","143.0","2017-10-24","  33.2","000000","999.9","  44.8","  35.1"," 19.4"," 0.00","1020.7","999.9","002.6","  39.7","  6.2"," 14.3"
"34504099999","48.6","34.9666666","143.0","2017-10-25","  33.6","000000","999.9","  37.2","  35.2"," 15.5"," 0.02","1025.3","999.9","007.1","  36.5","  6.2"," 12.2"
"34504099999","48.6","34.9666666","143.0","2017-10-26","  34.0","010000","999.9","  40.1","  33.4","  9.7"," 0.12","1021.5","999.9","003.3","  36.6","  4.0","  7.5"
"34504099999","48.6","34.9666666","143.0","2017-10-27","  44.1","010000","999.9","  49.8","  38.7","  9.7"," 0.04","1011.6","999.9","993.9","  46.5","  4.2","  6.4"
"34504099999","48.6","34.9666666","143.0","2017-10-28","  48.4","110000","999.9","  52.3","  45.3","  7.8"," 0.34","1003.1","999.9","985.7","  49.2","  1.3","  5.5"
"34504099999","48.6","34.9666666","143.0","2017-10-29","  39.7","010000","999.9","  51.8","  34.2"," 15.5"," 0.02"," 995.4","999.9","977.9","  44.9","  6.0"," 10.8"
"34504099999","48.6","34.9666666","143.0","2017-10-30","  37.0","010000","999.9","  46.0","  39.7"," 19.4"," 0.16"," 991.0","999.9","973.6","  42.6","  6.2"," 15.8"
"34504099999","48.6","34.9666666","143.0","2017-10-31","  31.9","010000","999.9","  40.6","  35.2"," 19.4"," 0.01","1003.9","999.9","986.1","  37.8","  6.2"," 16.8"
"34504099999","48.6","34.9666666","143.0","2017-11-01","  28.7","010000","999.9","  41.5","  33.4"," 17.5"," 0.02","1013.3","999.9","995.2","  34.9","  5.0","  8.7"
"34504099999","48.6","34.9666666","143.0","2017-11-02","  40.3","010000","999.9","  46.0","  33.4"," 13.6"," 0.43","1010.8","999.9","993.0","  42.8","  5.7"," 10.7"
"34504099999","48.6","34.9666666","143.0","2017-11-03","  43.6","110000","999.9","  51.4","  42.8"," 13.6"," 0.05","1011.1","999.9","993.4","  46.9","  4.9","  7.8"
"34504099999","48.6","34.9666666","143.0","2017-11-04","  44.4","100000","999.9","  50.7","  41.2","  5.8"," 0.00","1019.5","999.9","001.7","  46.0","  3.5","  3.5"
"34504099999","48.6","34.9666666","143.0","2017-11-05","  39.7","000000","999.9","  47.7","  41.5","  7.8"," 0.00","1025.6","999.9","007.6","  44.4","  6.2","  5.3"
"34504099999","48.6","34.9666666","143.0","2017-11-06","  35.9","000000","999.9","  43.3","  36.9"," 13.6"," 0.00","1025.7","999.9","007.5","  40.3","  6.2"," 10.9"
"34504099999","48.6","34.9666666","143.0","2017-11-07","  39.4","010000","999.9","  44.6","  40.8","  7.8"," 0.01","1027.5","999.9","009.4","  42.0","  3.8","  7.5"
"34504099999","48.6","34.9666666","143.0","2017-11-08","  40.8","000000","999.9","  45.5","  41.9"," 11.7"," 0.00","1029.4","999.9","011.4","  43.3","  4.5","  8.3"
"34504099999","48.6","34.9666666","143.0","2017-11-09","  38.5","010000","999.9","  41.2","  39.6"," 11.7"," 0.12","1027.1","999.9","008.9","  40.0","  2.8","  8.9"
"34504099999","48.6","34.9666666","143.0","2017-11-10","  39.7","110000","999.9","  41.5","  39.6","999.9"," 0.12","1022.1","999.9","004.0","  40.4","  1.9","999.9"
"34504099999","48.6","34.9666666","143.0","2017-11-11","  40.0","010000","999.9","  45.1","  38.7"," 11.7"," 0.00","1017.0","999.9","999.0","  41.4","  3.1","  7.2"
"34504099999","48.6","34.9666666","143.0","2017-11-12","  46.6","010000","999.9","  52.3","  43.7"," 15.5"," 0.08","1009.9","999.9","992.4","  49.3","  4.7"," 10.8"
"34504099999","48.6","34.9666666","143.0","2017-11-13","  39.4","100000","999.9","  49.3","  34.0"," 11.7"," 0.00","1015.4","999.9","997.5","  41.4","  3.3","  7.8"
"34504099999","48.6","34.9666666","143.0","2017-11-14","  46.7","100000","999.9","  61.5","  41.2"," 13.6"," 0.00","1014.0","999.9","996.4","  51.9","  5.6","  9.0"
"34504099999","48.6","34.9666666","143.0","2017-11-15","  30.3","000000","999.9","  39.4","  30.0"," 13.6"," 0.00","1025.8","999.9","007.5","  36.3","  6.2","  8.6"
"34504099999","48.6","34.9666666","143.0","2017-11-16","  27.2","000000","999.9","  43.5","  25.5","  3.9"," 0.00","1029.7","999.9","011.2","  33.6","  5.3","  3.9"
"34504099999","48.6","34.9666666","143.0","2017-11-17","  29.9","100000","999.9","  44.8","  26.4","  7.8"," 0.00","1027.4","999.9","009.0","  34.9","  4.9","  4.6"
"34504099999","48.6","34.9666666","143.0","2017-11-18","  31.5","010000","999.9","  45.5","  32.9","  7.8"," 0.01","1020.0","999.9","001.8","  37.2","  5.8","  5.1"
"34504099999","48.6","34.9666666","143.0","2017-11-19","  38.4","110000","999.9","  41.5","  34.0","  3.9"," 0.20","1011.2","999.9","993.3","  39.0","  0.7","  3.6"
"34504099999","48.6","34.9666666","143.0","2017-11-20","  37.2","010000","999.9","  41.2","  34.2"," 13.6"," 1.14","1006.2","999.9","988.4","  38.2","  3.2","  9.4"
"34504099999","48.6","34.9666666","143.0","2017-11-21","  30.4","000000","999.9","  36.0","  32.7"," 13.6"," 0.00","1007.3","999.9","989.3","  34.4","  6.2"," 12.4"
"34504099999","48.6","34.9666666","143.0","2017-11-22","  27.5","010000","999.9","  34.5","  29.8","  9.7"," 0.04","1013.2","999.9","995.0","  31.3","  6.0","  7.2"
"34504099999","48.6","34.9666666","143.0","2017-11-23","  22.9","000000","999.9","  32.4","  29.5"," 11.7"," 0.00","1019.2","999.9","000.8","  31.0","  6.2","  9.2"
"34504099999","48.6","34.9666666","143.0","2017-11-24","  21.5","001000","999.9","  31.3","  27.1","  9.7"," 0.00","1024.7","999.9","006.2","  29.0","  6.0","  6.5"
"34504099999","48.6","34.9666666","143.0","2017-11-25","  23.1","000000","999.9","  32.7","  24.3","  7.8"," 0.00","1027.0","999.9","008.4","  29.1","  6.2","  6.4"
"34504099999","48.6","34.9666666","143.0","2017-11-26","  30.9","010000","999.9","  36.7","  31.3","  9.7"," 0.00","1024.5","999.9","006.1","  34.4","  5.7","  5.8"
"34504099999","48.6","34.9666666","143.0","2017-11-27","  23.9","000000","999.9","  31.1","  24.1"," 15.5"," 0.01","1025.7","999.9","007.1","  28.5","  6.2"," 12.5"
"34504099999","48.6","34.9666666","143.0","2017-11-28","  23.2","000000","999.9","  39.2","  26.1"," 15.5"," 0.00","1021.7","999.9","003.2","  30.1","  6.2"," 14.1"
"34504099999","48.6","34.9666666","143.0","2017-11-29","  28.0","010000","999.9","  31.5","  26.1"," 11.7"," 0.23","1019.2","999.9","000.8","  29.8","  3.6","  7.4"
"34504099999","48.6","34.9666666","143.0","2017-11-30","  32.8","100000","999.9","  36.0","  30.9"," 11.7"," 0.08","1021.6","999.9","003.3","  33.1","  1.4","  7.1"
"34504099999","48.6","34.9666666","143.0","2017-12-01","  40.7","010000","999.9","  44.4","  33.6"," 15.5"," 0.06","1019.4","999.9","001.5","  42.8","  5.7"," 13.3"
"34504099999","48.6","34.9666666","143.0","2017-12-02","  40.1","010000","999.9","  48.0","  42.4"," 11.7"," 0.00","1020.8","999.9","002.9","  44.3","  6.2"," 11.0"
"34504099999","48.6","34.9666666","143.0","2017-12-03","  40.0","010000","999.9","  45.3","  41.4","  9.7"," 0.06","1020.3","999.9","002.4","  42.6","  4.8","  7.1"
"34504099999","48.6","34.9666666","143.0","2017-12-04","  37.9","110000","999.9","  46.0","  34.2","  9.7"," 0.02","1015.0","999.9","997.1","  40.1","  4.2","  6.6"
"34504099999","48.6","34.9666666","143.0","2017-12-05","  28.6","010000","999.9","  34.7","  29.8","  7.8"," 0.01","1016.1","999.9","997.8","  32.4","  5.7","  5.3"
"34504099999","48.6","34.9666666","143.0","2017-12-06","  29.1","011000","999.9","  36.0","  27.3"," 15.5"," 0.07","1013.1","  0.4","994.9","  32.0","  4.4","  8.3"
"34504099999","48.6","34.9666666","143.0","2017-12-07","  27.9","001000","999.9","  34.9","  31.5","  9.7"," 0.00","1013.6","999.9","995.4","  33.4","  5.7","  6.9"
"34504099999","48.6","34.9666666","143.0","2017-12-08","  33.4","010000","999.9","  39.6","  32.4","  5.8"," 0.02","1016.5","999.9","998.4","  34.5","  2.3","  3.9"
"34504099999","48.6","34.9666666","143.0","2017-12-09","  38.1","100000","999.9","  45.1","  32.7"," 11.7"," 0.00","1013.6","999.9","995.6","  39.5","  3.1","  7.8"
"34504099999","48.6","34.9666666","143.0","2017-12-10","  39.3","010000","999.9","  51.3","  33.8"," 21.4"," 0.16","1005.9","999.9","988.3","  43.5","  5.8"," 15.0"
"34504099999","48.6","34.9666666","143.0","2017-12-11","  33.0","000000","999.9","  42.4","  28.9"," 19.4"," 0.03","1015.7","999.9","997.7","  37.8","  6.2"," 13.0"
"34504099999","48.6","34.9666666","143.0","2017-12-12","  42.6","100000","999.9","  49.3","  40.3"," 13.6"," 0.00","1015.4","999.9","997.6","  44.6","  4.8"," 10.4"
"34504099999","48.6","34.9666666","143.0","2017-12-13","  42.6","100000","999.9","  45.7","  41.4","  9.7"," 0.00","1015.2","999.9","997.4","  43.6","  1.9","  7.0"
"34504099999","48.6","34.9666666","143.0","2017-12-14","  45.2","110000","999.9","  47.1","  44.2","  9.7"," 0.16","1009.8","999.9","992.2","  45.5","  1.1","  7.4"
"34504099999","48.6","34.9666666","143.0","2017-12-15","  40.8","000000","999.9","  44.8","  40.1","  9.7"," 0.08","1012.6","999.9","994.8","  41.9","  1.6","  6.5"
"34504099999","48.6","34.9666666","143.0","2017-12-16","  44.8","110000","999.9","  49.3","  42.3"," 15.5"," 0.08","1010.5","999.9","992.8","  47.1","  3.8"," 12.9"
"34504099999","48.6","34.9666666","143.0","2017-12-17","  44.7","010000","999.9","  49.1","  43.5"," 11.7"," 0.55","1011.4","999.9","993.8","  46.7","  3.4","  6.4"
"34504099999","48.6","34.9666666","143.0","2017-12-18","  36.4","010000","999.9","  47.7","  33.1"," 17.5"," 0.47","1010.2","999.9","992.3","  39.0","  4.3"," 12.3"
"34504099999","48.6","34.9666666","143.0","2017-12-19","  25.3","000000","999.9","  31.8","  29.5"," 13.6"," 0.00","1019.4","999.9","001.0","  31.1","  6.2"," 10.4"
"34504099999","48.6","34.9666666","143.0","2017-12-20","  24.4","001000","999.9","  30.7","  22.6","  5.8"," 0.00","1027.3","999.9","008.6","  27.7","  6.2","  4.7"
"34504099999","48.6","34.9666666","143.0","2017-12-21","  25.7","001000","999.9","  31.6","  28.8","999.9"," 0.00","1029.9","999.9","011.3","  29.6","  6.2","999.9"
"34504099999","48.6","34.9666666","143.0","2017-12-22","  25.2","001000","999.9","  31.6","  25.2"," 15.5"," 0.02","1021.5","  0.4","003.0","  29.5","  4.4","  9.0"
"34504099999","48.6","34.9666666","143.0","2017-12-23","  26.9","000000","999.9","  33.1","  29.7","  7.8"," 0.02","1013.7","  0.4","995.5","  30.9","  6.2","  4.7"
"34504099999","48.6","34.9666666","143.0","2017-12-24","  29.0","011000","999.9","  38.7","  26.2"," 29.1"," 0.24","1005.7","999.9","987.6","  32.1","  6.2"," 14.7"
"34504099999","48.6","34.9666666","143.0","2017-12-25","  34.4","010000","999.9","  45.3","  31.6"," 19.4"," 0.09","1011.6","  0.4","993.6","  37.4","  5.3","  9.4"
"34504099999","48.6","34.9666666","143.0","2017-12-26","  35.7","110000","999.9","  44.1","  32.0","  9.7"," 0.01","1019.8","999.9","001.6","  37.5","  4.9","  5.8"
"34504099999","48.6","34.9666666","143.0","2017-12-27","  40.4","000000","999.9","  46.0","  38.7"," 13.6"," 0.00","1012.4","999.9","994.6","  43.1","  5.4"," 10.2"
"34504099999","48.6","34.9666666","143.0","2017-12-28","  40.2","110000","999.9","  51.1","  37.0","  9.7"," 0.00","1013.6","999.9","995.8","  43.0","  3.8","  7.8"
"34504099999","48.6","34.9666666","143.0","2017-12-29","  34.9","000000","999.9","  45.1","  34.5"," 11.7"," 0.00","1014.5","999.9","996.5","  38.5","  5.9","  8.7"
"34504099999","48.6","34.9666666","143.0","2017-12-30","  37.0","010000","999.9","  43.5","  35.8"," 11.7"," 0.02","1012.1","999.9","994.2","  40.3","  6.2","  7.1"
"34504099999","48.6","34.9666666","143.0","2017-12-31","  39.6","110000","999.9","  40.5","  39.2","  5.8"," 0.00","1013.3","999.9","995.4","  39.6","  0.4","  3.9"
"34504099999","48.6","34.9666666","143.0","2018-01-01","  33.7","010000","999.9","  36.0","  34.3"," 11.7"," 0.01","1015.7","999.9","997.6","  35.3","  2.6","  7.4"
"34504099999","48.6","34.9666666","143.0","2018-01-02","  34.7","010000","999.9","  37.8","  34.7"," 11.7"," 0.01","1017.3","999.9","999.1","  35.8","  2.9","  7.0"
"34504099999","48.6","34.9666666","143.0","2018-01-03","  33.3","110000","999.9","  38.1","  32.4"," 11.7"," 0.04","1013.5","999.9","995.3","  34.4","  1.4","  9.7"
"34504099999","48.6","34.9666666","143.0","2018-01-04","  30.6","110000","999.9","  32.9","  31.5"," 11.7"," 0.28","1009.4","999.9","991.3","  31.9","  2.5","  7.5"
"34504099999","48.6","34.9666666","143.0","2018-01-05","  35.7","100000","999.9","  37.6","  32.0","999.9"," 0.02","1013.0","999.9","995.0","  36.1","  1.4","999.9"
"34504099999","48.6","34.9666666","143.0","2018-01-06","  36.5","000000","999.9","  40.1","  35.1"," 13.6"," 0.00","1020.0","999.9","001.8","  38.0","  4.1","  8.7"
"34504099999","48.6","34.9666666","143.0","2018-01-07","  40.5","000000","999.9","  45.5","  39.0"," 15.5"," 0.00","1022.5","999.9","004.5","  42.8","  6.1"," 12.4"
"34504099999","48.6","34.9666666","143.0","2018-01-08","  31.2","000000","999.9","  40.3","  31.5","  9.7"," 0.00","1029.6","999.9","011.2","  35.4","  5.3","  7.1"
"34504099999","48.6","34.9666666","143.0","2018-01-09","  21.3","000000","999.9","  32.2","  25.0"," 11.7"," 0.00","1031.8","999.9","013.1","  27.6","  6.2","  8.7"
"34504099999","48.6","34.9666666","143.0","2018-01-10","  23.3","000000","999.9","  36.0","  22.1","  7.8"," 0.00","1030.2","999.9","011.4","  27.5","  6.2","  4.2"
"34504099999","48.6","34.9666666","143.0","2018-01-11","  24.9","100000","999.9","  34.2","  20.1","  5.8"," 0.00","1023.7","999.9","005.1","  26.6","  2.8","  3.2"
"34504099999","48.6","34.9666666","143.0","2018-01-12","  23.5","100000","999.9","  31.3","  23.5"," 15.5"," 0.00","1028.4","999.9","009.7","  26.8","  3.9","  9.2"
"34504099999","48.6","34.9666666","143.0","2018-01-13","  16.8","001000","999.9","  26.8","  16.2"," 15.5"," 0.02","1037.9","  0.4","018.9","  22.7","  5.5"," 12.5"
"34504099999","48.6","34.9666666","143.0","2018-01-14","   9.9","000000","999.9","  22.8","  11.5"," 17.5"," 0.00","1035.5","999.9","016.2","  16.3","  6.2"," 15.3"
"34504099999","48.6","34.9666666","143.0","2018-01-15","   8.4","001000","999.9","  18.3","  13.1"," 17.5"," 0.04","1031.4","999.9","012.1","  14.8","  4.9"," 11.4"
"34504099999","48.6","34.9666666","143.0","2018-01-16","  12.7","001000","999.9","  22.3","  10.2"," 11.7"," 0.08","1021.9","  1.6","002.9","  15.9","  4.0","  7.5"
"34504099999","48.6","34.9666666","143.0","2018-01-17","  29.5","111000","999.9","  35.4","  18.1"," 13.6"," 0.24","1005.4","  2.4","987.3","  31.0","  2.8"," 11.7"
"34504099999","48.6","34.9666666","143.0","2018-01-18","  30.8","000000","999.9","  41.9","  29.5"," 21.4"," 0.01","1001.9","  0.4","984.0","  34.8","  5.6"," 17.5"
"34504099999","48.6","34.9666666","143.0","2018-01-19","  25.2","001000","999.9","  30.0","  25.0"," 13.6"," 0.12","1008.5","999.9","990.2","  27.6","  5.0","  8.9"
"34504099999","48.6","34.9666666","143.0","2018-01-20","  30.8","111000","999.9","  32.5","  28.2","  9.7"," 0.20","1012.4","  1.2","994.1","  30.9","  1.0","  6.2"
"34504099999","48.6","34.9666666","143.0","2018-01-21","  24.8","001000","999.9","  32.9","  19.6"," 11.7"," 0.63","1011.8","  5.9","993.4","  26.1","  2.9","  9.7"
"34504099999","48.6","34.9666666","143.0","2018-01-22","  18.8","101000","999.9","  23.7","  17.2"," 19.4"," 0.20","1014.9","  5.9","996.2","  20.7","  2.8"," 12.8"
"34504099999","48.6","34.9666666","143.0","2018-01-23","  18.8","001000","999.9","  25.3","  16.9"," 17.5"," 0.68","1017.0","  8.7","998.3","  22.0","  3.6"," 15.9"
"34504099999","48.6","34.9666666","143.0","2018-01-24","   8.6","000000","999.9","  18.9","   9.1"," 13.6"," 0.00","1031.0","  8.3","011.7","  13.3","  5.9"," 10.2"
"34504099999","48.6","34.9666666","143.0","2018-01-25","   7.6","101000","999.9","  17.1","   5.7","  7.8"," 0.02","1035.8","  8.3","016.2","   9.3","  3.0","  4.9"
"34504099999","48.6","34.9666666","143.0","2018-01-26","   9.4","000000","999.9","  22.5","   2.7"," 11.7"," 0.00","1035.0","  6.7","015.6","  12.7","  5.4"," 10.0"
"34504099999","48.6","34.9666666","143.0","2018-01-27","   8.2","000000","999.9","  20.5","   6.1"," 11.7"," 0.00","1037.4","  6.7","017.9","  12.2","  6.2","  7.4"
"34504099999","48.6","34.9666666","143.0","2018-01-28","  17.6","001000","999.9","  23.4","  10.6","  9.7"," 0.02","1032.6","  6.7","013.6","  19.8","  3.6","  6.2"
"34504099999","48.6","34.9666666","143.0","2018-01-29","  28.9","001000","999.9","  33.3","  21.0"," 11.7"," 0.20","1017.9","  7.5","999.5","  30.0","  2.0","  7.8"
"34504099999","48.6","34.9666666","143.0","2018-01-30","  32.1","010000","999.9","  36.3","  29.5"," 11.7"," 0.04","1009.3","  6.3","991.2","  34.5","  4.5","  9.7"
"34504099999","48.6","34.9666666","143.0","2018-01-31","  25.2","010000","999.9","  36.0","  31.6"," 27.2"," 0.00","1013.2","  5.5","995.0","  33.4","  6.2"," 16.4"
"34504099999","48.6","34.9666666","143.0","2018-02-01","  22.4","000000","999.9","  35.6","  20.7","  9.7"," 0.00","1020.2","  5.1","001.7","  28.4","  6.2","  6.1"
"34504099999","48.6","34.9666666","143.0","2018-02-02","  33.6","100000","999.9","  36.1","  25.7","  7.8"," 0.00","1014.6","  4.3","996.5","  34.2","  1.8","  5.8"
"34504099999","48.6","34.9666666","143.0","2018-02-03","  37.2","110000","999.9","  42.1","  32.5"," 11.7","99.99","1010.7","  3.9","992.7","  37.4","  0.4","  8.3"
"34504099999","48.6","34.9666666","143.0","2018-02-04","  36.1","010000","999.9","  45.5","  31.1"," 15.5"," 0.19","1003.3","  0.4","985.5","  39.4","  4.9"," 10.4"
"34504099999","48.6","34.9666666","143.0","2018-02-05","  19.1","000000","999.9","  31.8","  21.4"," 17.5"," 0.00","1018.0","999.9","999.5","  27.3","  6.2"," 11.1"
"34504099999","48.6","34.9666666","143.0","2018-02-06","  24.0","001000","999.9","  29.7","  20.8","  5.8"," 0.08","1025.5","999.9","006.9","  27.7","  3.7","  4.2"
"34504099999","48.6","34.9666666","143.0","2018-02-07","  24.0","100000","999.9","  30.0","  24.1","  9.7"," 0.00","1032.2","  0.8","013.4","  25.7","  3.0","  8.0"
"34504099999","48.6","34.9666666","143.0","2018-02-08","  27.8","000000","999.9","  33.1","  22.5"," 15.5"," 0.00","1020.6","  0.4","002.2","  30.1","  4.6"," 12.9"
"34504099999","48.6","34.9666666","143.0","2018-02-09","  33.4","110000","999.9","  36.0","  31.6","  9.7"," 0.37","1012.4","  1.2","994.3","  34.2","  1.6","  7.1"
"34504099999","48.6","34.9666666","143.0","2018-02-10","  30.2","010000","999.9","  33.8","  32.0","  7.8"," 0.12","1016.1","999.9","997.9","  32.7","  4.8","  5.0"
"34504099999","48.6","34.9666666","143.0","2018-02-11","  31.3","100000","999.9","  35.4","  31.8"," 19.4"," 0.00","1011.4","999.9","993.3","  33.2","  2.7"," 11.9"
"34504099999","48.6","34.9666666","143.0","2018-02-12","  23.4","001000","999.9","  30.4","  24.4"," 17.5"," 0.09","1009.4","  0.4","991.0","  26.9","  5.0"," 14.7"
"34504099999","48.6","34.9666666","143.0","2018-02-13","  21.3","001000","999.9","  27.0","  23.4"," 11.7"," 0.04","1015.4","  1.2","996.9","  24.3","  3.7","  6.8"
"34504099999","48.6","34.9666666","143.0","2018-02-14","  21.9","000000","999.9","  27.3","  23.7","  7.8"," 0.00","1022.5","  1.2","003.8","  25.8","  4.2","  6.2"
"34504099999","48.6","34.9666666","143.0","2018-02-15","  27.6","001000","999.9","  32.2","  25.5"," 13.6"," 0.00","1025.6","  1.2","007.1","  30.2","  2.8"," 10.7"
"34504099999","48.6","34.9666666","143.0","2018-02-16","  30.7","001000","999.9","  33.1","  30.4","  7.8"," 0.20","1027.5","  1.2","009.0","  31.6","  2.0","  5.8"
"34504099999","48.6","34.9666666","143.0","2018-02-17","  30.2","101000","999.9","  31.6","  28.9","  3.9"," 0.04","1023.4","  0.4","005.0","  30.4","  0.5","  2.4"
"34504099999","48.6","34.9666666","143.0","2018-02-18","  26.7","000000","999.9","  37.6","  26.1","  5.8"," 0.00","1022.1","  0.8","003.7","  31.8","  4.1","  2.9"
"34504099999","48.6","34.9666666","143.0","2018-02-19","  25.6","100000","999.9","  35.1","  26.8","  9.7"," 0.00","1022.7","  0.4","004.2","  30.1","  4.6","  7.8"
"34504099999","48.6","34.9666666","143.0","2018-02-20","  20.5","000000","999.9","  33.4","  19.6","  7.8"," 0.00","1024.5","999.9","005.8","  27.1","  6.2","  5.8"
"34504099999","48.6","34.9666666","143.0","2018-02-21","  18.8","000000","999.9","  28.8","  19.6","  9.7"," 0.00","1024.1","999.9","005.4","  24.8","  6.1","  8.0"
"34504099999","48.6","34.9666666","143.0","2018-02-22","  18.8","000000","999.9","  32.9","  20.5"," 13.6"," 0.00","1022.7","999.9","004.1","  26.1","  6.2"," 11.2"
"34504099999","48.6","34.9666666","143.0","2018-02-23","  13.1","000000","999.9","  30.0","  16.5"," 13.6"," 0.00","1022.0","999.9","003.3","  22.2","  6.2"," 12.6"
"34504099999","48.6","34.9666666","143.0","2018-02-24","  10.0","001000","999.9","  27.3","  12.7"," 13.6","99.99","1018.6","999.9","999.8","  18.5","  6.0"," 11.4"
"34504099999","48.6","34.9666666","143.0","2018-02-25","   5.7","001000","999.9","  21.4","   6.6"," 11.7"," 0.02","1019.6","  0.4","000.4","  12.3","  4.5"," 11.0"
"34504099999","48.6","34.9666666","143.0","2018-02-26","   5.3","000000","999.9","  21.2","   6.4"," 13.6"," 0.00","1023.1","  0.4","003.9","  11.8","  4.8","  9.2"
"34504099999","48.6","34.9666666","143.0","2018-02-27","   8.5","001000","999.9","  20.5","   8.8"," 25.3"," 0.24","1016.3","999.9","997.4","  14.3","  4.3"," 19.1"
"34504099999","48.6","34.9666666","143.0","2018-02-28","  19.5","001000","999.9","  26.2","  16.3"," 25.3"," 0.43","1013.1","  2.8","994.5","  22.4","  3.4"," 14.2"
"34504099999","48.6","34.9666666","143.0","2018-03-01","  14.8","001000","999.9","  27.0","   9.3"," 21.4"," 0.72","1011.6","  6.7","992.9","  18.4","  2.5"," 15.9"
"34504099999","48.6","34.9666666","143.0","2018-03-02","  12.9","001000","999.9","  26.6","   2.8"," 17.5"," 0.01","1017.4","  7.5","998.5","  17.0","  3.9"," 10.4"
"34504099999","48.6","34.9666666","143.0","2018-03-03","  32.0","011000","999.9","  35.4","  23.5"," 15.5"," 0.55"," 996.5"," 11.0","978.6","  33.0","  2.2"," 11.0"
"34504099999","48.6","34.9666666","143.0","2018-03-04","  12.1","000000","999.9","  22.3","  13.8"," 15.5"," 0.12","1002.2","  7.5","983.7","  18.5","  6.2"," 11.9"
"34504099999","48.6","34.9666666","143.0","2018-03-05","  13.8","001000","999.9","  29.7","  14.2","  9.7"," 0.02","1012.7","  6.7","994.0","  19.5","  5.5","  7.5"
"34504099999","48.6","34.9666666","143.0","2018-03-06","  18.5","000000","999.9","  34.9","  12.6"," 13.6"," 0.00","1014.5","  6.7","995.9","  24.9","  5.3","  9.7"
"34504099999","48.6","34.9666666","143.0","2018-03-07","  31.2","110000","999.9","  34.5","  27.3"," 11.7"," 0.20","1001.9","  6.7","983.9","  32.4","  1.7","  6.7"
"34504099999","48.6","34.9666666","143.0","2018-03-08","  31.4","010000","999.9","  35.8","  30.9","  9.7"," 0.04","1004.0","  5.9","986.0","  33.2","  2.9","  7.2"
"34504099999","48.6","34.9666666","143.0","2018-03-09","  25.9","000000","999.9","  34.5","  29.3","  7.8"," 0.00","1012.4","  5.9","994.1","  31.2","  6.1","  5.5"
"34504099999","48.6","34.9666666","143.0","2018-03-10","  32.7","101000","999.9","  35.6","  28.9","  5.8"," 0.04","1015.0","  5.9","996.8","  33.2","  1.8","  3.6"
"34504099999","48.6","34.9666666","143.0","2018-03-11","  31.3","100000","999.9","  36.0","  30.6","  5.8"," 0.00","1019.0","  4.7","000.7","  32.7","  2.8","  4.9"
"34504099999","48.6","34.9666666","143.0","2018-03-12","  29.7","100000","999.9","  37.0","  29.7"," 11.7"," 0.00","1021.8","  4.7","003.4","  32.4","  4.8"," 10.2"
"34504099999","48.6","34.9666666","143.0","2018-03-13","  26.7","000000","999.9","  40.1","  26.1"," 15.5"," 0.00","1014.7","  3.9","996.5","  32.7","  6.2"," 13.8"
"34504099999","48.6","34.9666666","143.0","2018-03-14","  28.8","010000","999.9","  34.3","  30.7"," 13.6"," 0.25","1006.5","  3.1","988.4","  32.0","  4.4","  8.9"
"34504099999","48.6","34.9666666","143.0","2018-03-15","  33.0","110000","999.9","  37.6","  32.4","  9.7"," 0.28","1006.7","  2.4","988.7","  34.3","  2.4","  7.1"
"34504099999","48.6","34.9666666","143.0","2018-03-16","  33.8","010000","999.9","  40.5","  32.4"," 11.7"," 0.16","1013.0","  2.4","994.9","  36.5","  4.0","  5.6"
"34504099999","48.6","34.9666666","143.0","2018-03-17","  34.7","110000","999.9","  52.5","  28.8"," 19.4"," 0.35","1006.3","  0.8","988.3","  37.0","  4.0"," 12.2"
"34504099999","48.6","34.9666666","143.0","2018-03-18","  14.9","001000","999.9","  21.2","  15.4"," 21.4"," 0.94","1012.0","  2.0","993.2","  17.5","  1.8"," 19.7"
"34504099999","48.6","34.9666666","143.0","2018-03-19","  12.9","001000","999.9","  26.8","  13.1"," 17.5"," 0.98","1013.3"," 12.2","994.5","  17.4","  4.8"," 13.0"
"34504099999","48.6","34.9666666","143.0","2018-03-20","  15.3","011000","999.9","  27.9","   9.9"," 11.7"," 0.12","1010.1"," 10.6","991.4","  18.7","  4.7","  9.7"
"34504099999","48.6","34.9666666","143.0","2018-03-21","  19.3","001000","999.9","  29.1","  19.9"," 17.5"," 0.44","1012.1"," 15.4","993.6","  24.1","  5.0"," 10.0"
"34504099999","48.6","34.9666666","143.0","2018-03-22","  18.2","000000","999.9","  37.8","  18.9"," 15.5"," 0.00","1017.5"," 14.2","999.0","  26.7","  6.2","  8.3"
"34504099999","48.6","34.9666666","143.0","2018-03-23","  19.1","001000","999.9","  33.1","  14.5","  9.7"," 0.01","1011.1"," 13.4","992.6","  24.6","  4.8","  6.8"
"34504099999","48.6","34.9666666","143.0","2018-03-24","  20.1","000000","999.9","  37.8","  25.3","  9.7"," 0.08","1006.0"," 13.4","987.9","  30.7","  6.2","  8.6"
"34504099999","48.6","34.9666666","143.0","2018-03-25","  21.8","000000","999.9","  40.5","  18.5","  5.8"," 0.00","1018.9"," 10.2","000.4","  29.3","  5.0","  4.2"
"34504099999","48.6","34.9666666","143.0","2018-03-26","  24.7","010000","999.9","  41.5","  20.1","  7.8","99.99","1020.0","  8.7","001.6","  32.4","  4.7","  5.5"
"34504099999","48.6","34.9666666","143.0","2018-03-27","  34.9","110000","999.9","  40.5","  33.8","  7.8"," 0.26","1007.2","  6.3","989.2","  36.2","  2.1","  6.5"
"34504099999","48.6","34.9666666","143.0","2018-03-28","  32.1","110000","999.9","  46.0","  29.1","  9.7"," 0.02","1012.9","999.9","994.9","  36.7","  3.5","  6.6"
"34504099999","48.6","34.9666666","143.0","2018-03-29","  29.1","010000","999.9","  36.5","  30.6"," 13.6"," 0.12","1014.8","  2.8","996.5","  32.3","  5.0"," 12.0"
"34504099999","48.6","34.9666666","143.0","2018-03-30","  32.4","100000","999.9","  41.9","  30.2","  7.8"," 0.00","1020.9","  1.6","002.6","  35.6","  3.9","  5.8"
"34504099999","48.6","34.9666666","143.0","2018-03-31","  36.3","000000","999.9","  53.2","  35.6"," 15.5"," 0.01","1019.0","  0.4","001.0","  41.0","  6.2"," 10.3"
"34504099999","48.6","34.9666666","143.0","2018-04-01","  40.6","000000","999.9","  62.6","  40.1"," 17.5"," 0.00","1007.8","999.9","990.4","  50.5","  6.2"," 13.8"
"34504099999","48.6","34.9666666","143.0","2018-04-02","  40.0","010000","999.9","  49.1","  39.2"," 13.6"," 0.16","1004.4","999.9","986.8","  44.1","  5.5","  8.4"
"34504099999","48.6","34.9666666","143.0","2018-04-03","  32.1","000000","999.9","  50.9","  37.2"," 15.5"," 0.00","1018.2","999.9","000.3","  41.6","  6.2"," 10.0"
"34504099999","48.6","34.9666666","143.0","2018-04-04","  33.1","000000","999.9","  59.4","  35.2"," 13.6"," 0.00","1021.1","999.9","003.3","  47.2","  6.2","  8.5"
"34504099999","48.6","34.9666666","143.0","2018-04-05","  36.4","000000","999.9","  60.1","  35.1","  7.8"," 0.00","1018.9","999.9","001.2","  48.9","  5.9","  5.1"
"34504099999","48.6","34.9666666","143.0","2018-04-06","  37.7","000000","999.9","  63.7","  42.6"," 11.7"," 0.00","1018.7","999.9","001.2","  54.1","  6.2","  5.5"
"34504099999","48.6","34.9666666","143.0","2018-04-07","  39.1","000000","999.9","  70.2","  46.8","  9.7"," 0.00","1022.8","999.9","005.3","  56.5","  6.2","  7.8"
"34504099999","48.6","34.9666666","143.0","2018-04-08","  34.5","000000","999.9","  66.6","  39.7"," 13.6"," 0.00","1026.4","999.9","008.6","  52.7","  6.2"," 10.9"
"34504099999","48.6","34.9666666","143.0","2018-04-09","  35.0","000000","999.9","  73.2","  42.4"," 13.6"," 0.00","1022.9","999.9","005.4","  57.3","  6.2"," 10.2"
"34504099999","48.6","34.9666666","143.0","2018-04-10","  38.3","000000","999.9","  70.2","  43.5"," 11.7"," 0.00","1015.2","999.9","997.9","  57.0","  6.2","  6.8"
"34504099999","48.6","34.9666666","143.0","2018-04-11","  42.2","000000","999.9","  78.1","  44.2"," 11.7"," 0.00","1012.7","999.9","995.5","  61.1","  6.2","  5.1"
"34504099999","48.6","34.9666666","143.0","2018-04-12","  43.4","000000","999.9","  68.4","  43.5"," 15.5"," 0.00","1017.6","999.9","000.2","  54.9","  6.2"," 12.4"
"34504099999","48.6","34.9666666","143.0","2018-04-13","  44.5","000000","999.9","  70.2","  47.3","  9.7"," 0.00","1019.4","999.9","002.0","  57.4","  6.2","  6.6"
"34504099999","48.6","34.9666666","143.0","2018-04-14","  28.5","000000","999.9","  65.5","  44.1"," 11.7"," 0.00","1025.2","999.9","007.5","  54.4","  6.2"," 10.2"
"34504099999","48.6","34.9666666","143.0","2018-04-15","  29.0","000000","999.9","  66.2","  39.7"," 11.7"," 0.00","1026.6","999.9","008.9","  53.7","  6.2","  7.3"
"34504099999","48.6","34.9666666","143.0","2018-04-16","  35.4","000000","999.9","  70.2","  47.1"," 15.5"," 0.00","1022.2","999.9","004.7","  57.5","  6.2"," 11.2"
"34504099999","48.6","34.9666666","143.0","2018-04-17","  39.0","000000","999.9","  68.4","  44.8","  5.8"," 0.00","1021.0","999.9","003.5","  57.6","  6.2","  4.7"
"34504099999","48.6","34.9666666","143.0","2018-04-18","  42.9","010000","999.9","  64.6","  48.2"," 13.6"," 0.12","1018.4","999.9","000.9","  54.7","  5.9","  7.8"
"34504099999","48.6","34.9666666","143.0","2018-04-19","  43.3","010000","999.9","  57.4","  44.4"," 15.5"," 0.28","1010.2","999.9","992.6","  48.2","  5.1"," 11.4"
"34504099999","48.6","34.9666666","143.0","2018-04-20","  37.9","000000","999.9","  63.9","  45.1"," 15.5"," 0.02","1011.9","999.9","994.4","  53.8","  6.2"," 12.8"
"34504099999","48.6","34.9666666","143.0","2018-04-21","  36.5","000000","999.9","  69.8","  41.0"," 15.5"," 0.00","1012.0","999.9","994.6","  57.0","  6.2","  9.2"
"34504099999","48.6","34.9666666","143.0","2018-04-22","  33.6","000000","999.9","  66.0","  50.2"," 19.4"," 0.00","1007.2","999.9","990.0","  57.6","  6.2"," 12.4"
"34504099999","48.6","34.9666666","143.0","2018-04-23","  32.7","000000","999.9","  63.1","  45.0"," 13.6"," 0.00","1013.3","999.9","995.8","  52.4","  6.2","  8.3"
"34504099999","48.6","34.9666666","143.0","2018-04-24","  40.5","010000","999.9","  71.2","  39.0","  7.8"," 0.08","1014.0","999.9","996.6","  54.1","  6.0","  5.8"
"34504099999","48.6","34.9666666","143.0","2018-04-25","  45.5","000000","999.9","  73.8","  46.9","  9.7"," 0.00","1012.3","999.9","995.1","  59.7","  6.0","  5.3"
"34504099999","48.6","34.9666666","143.0","2018-04-26","  48.6","000000","999.9","  81.0","  52.9"," 19.4"," 0.00","1010.6","999.9","993.7","  67.8","  6.2"," 10.0"
"34504099999","48.6","34.9666666","143.0","2018-04-27","  50.5","010000","999.9","  75.9","  52.9"," 13.6"," 0.02","1011.6","999.9","994.5","  61.0","  6.2","  7.5"
"34504099999","48.6","34.9666666","143.0","2018-04-28","  41.8","000000","999.9","  69.1","  45.3","  7.8"," 0.00","1020.6","999.9","003.1","  57.3","  6.2","  5.8"
"34504099999","48.6","34.9666666","143.0","2018-04-29","  41.6","000000","999.9","  73.9","  46.6","  5.8"," 0.00","1022.2","999.9","004.9","  62.7","  6.2","  3.6"
"34504099999","48.6","34.9666666","143.0","2018-04-30","  42.7","000000","999.9","  77.5","  50.7","  7.8"," 0.00","1019.0","999.9","001.9","  65.4","  6.2","  4.5"
"34504099999","48.6","34.9666666","143.0","2018-05-01","  41.0","000000","999.9","  80.6","  53.1","  9.7"," 0.00","1017.0","999.9","999.9","  67.2","  6.2","  6.3"
"34504099999","48.6","34.9666666","143.0","2018-05-02","  42.4","000000","999.9","  85.1","  52.5","  9.7"," 0.00","1016.5","999.9","999.5","  69.9","  6.2","  7.5"
"34504099999","48.6","34.9666666","143.0","2018-05-03","  46.2","000000","999.9","  86.7","  55.2"," 11.7"," 0.00","1014.4","999.9","997.5","  71.1","  6.2","  7.8"
"34504099999","48.6","34.9666666","143.0","2018-05-04","  47.4","000000","999.9","  87.4","  58.6","  9.7"," 0.00","1013.6","999.9","996.8","  73.4","  6.2","  5.8"
"34504099999","48.6","34.9666666","143.0","2018-05-05","  48.4","000000","999.9","  90.5","  60.6","  7.8"," 0.00","1011.8","999.9","995.0","  75.4","  6.2","  4.4"
"34504099999","48.6","34.9666666","143.0","2018-05-06","  46.5","000000","999.9","  87.6","  57.7"," 11.7"," 0.00","1010.4","999.9","993.5","  71.5","  6.2","  6.3"
"34504099999","48.6","34.9666666","143.0","2018-05-07","  49.7","000000","999.9","  82.6","  58.1"," 19.4"," 0.00","1008.9","999.9","992.1","  69.0","  6.2"," 11.2"
"34504099999","48.6","34.9666666","143.0","2018-05-08","  52.3","010000","999.9","  77.5","  60.1"," 15.5"," 0.03","1006.7","999.9","989.8","  67.0","  6.2"," 11.3"
"34504099999","48.6","34.9666666","143.0","2018-05-09","  45.8","000000","999.9","  81.7","  59.7"," 17.5"," 0.02","1006.6","999.9","989.8","  68.4","  6.2","  8.6"
"34504099999","48.6","34.9666666","143.0","2018-05-10","  45.3","000000","999.9","  82.9","  53.1"," 15.5"," 0.00","1009.3","999.9","992.3","  67.5","  6.2"," 11.7"
"34504099999","48.6","34.9666666","143.0","2018-05-11","  31.2","000000","999.9","  69.3","  46.0"," 19.4"," 0.00","1015.7","999.9","998.3","  57.4","  6.2"," 12.9"
"34504099999","48.6","34.9666666","143.0","2018-05-12","  36.7","010000","999.9","  68.0","  43.7"," 11.7"," 0.02","1011.7","999.9","994.2","  52.5","  6.2","  6.8"
"34504099999","48.6","34.9666666","143.0","2018-05-13","  47.5","010000","999.9","  65.3","  44.8"," 13.6"," 0.04","1013.7","999.9","996.3","  53.8","  6.2"," 10.0"
"34504099999","48.6","34.9666666","143.0","2018-05-14","  50.4","000000","999.9","  72.3","  46.6","  9.7"," 0.00","1018.2","999.9","000.9","  59.1","  6.2","  7.5"
"34504099999","48.6","34.9666666","143.0","2018-05-15","  51.5","100000","999.9","  77.2","  49.8","  7.8"," 0.00","1019.9","999.9","002.7","  62.9","  4.0","  5.5"
"34504099999","48.6","34.9666666","143.0","2018-05-16","  53.7","000000","999.9","  80.2","  55.4","  9.7"," 0.00","1016.9","999.9","999.9","  68.3","  6.2","  6.6"
"34504099999","48.6","34.9666666","143.0","2018-05-17","  52.6","000000","999.9","  81.5","  57.6","  9.7"," 0.00","1014.7","999.9","997.8","  68.6","  5.8","  5.6"
"34504099999","48.6","34.9666666","143.0","2018-05-18","  55.8","000000","999.9","  75.7","  59.9"," 11.7"," 0.12","1010.5","999.9","993.6","  67.1","  5.4","  8.0"
"34504099999","48.6","34.9666666","143.0","2018-05-19","  52.4","000000","999.9","  78.6","  54.5"," 13.6"," 0.00","1011.2","999.9","994.3","  67.8","  6.2","  8.6"
"34504099999","48.6","34.9666666","143.0","2018-05-20","  56.2","010000","999.9","  69.1","  55.4","  7.8"," 0.98","1014.2","999.9","997.0","  59.8","  5.7","  5.0"
"34504099999","48.6","34.9666666","143.0","2018-05-21","  52.4","000000","999.9","  72.5","  50.5"," 11.7"," 0.00","1018.0","999.9","000.8","  60.7","  6.2","  6.6"
"34504099999","48.6","34.9666666","143.0","2018-05-22","  53.1","000000","999.9","  78.3","  49.6","  9.7"," 0.00","1021.2","999.9","004.0","  63.6","  5.7","  5.3"
"34504099999","48.6","34.9666666","143.0","2018-05-23","  59.0","000000","999.9","  84.7","  61.0"," 11.7"," 0.00","1019.3","999.9","002.4","  71.7","  6.2","  7.8"
"34504099999","48.6","34.9666666","143.0","2018-05-24","  53.9","000000","999.9","  83.7","  60.4"," 11.7"," 0.00","1014.6","999.9","997.8","  71.8","  6.2","  7.3"
"34504099999","48.6","34.9666666","143.0","2018-05-25","  58.4","000000","999.9","  80.4","  60.8"," 13.6"," 0.00","1014.2","999.9","997.3","  69.8","  6.2"," 10.7"
"34504099999","48.6","34.9666666","143.0","2018-05-26","  45.0","010000","999.9","  73.6","  53.6"," 23.3"," 0.03","1022.8","999.9","005.5","  63.1","  6.2"," 16.6"
"34504099999","48.6","34.9666666","143.0","2018-05-27","  38.9","000000","999.9","  75.9","  47.7"," 15.5"," 0.00","1024.5","999.9","007.2","  62.0","  6.2"," 11.4"
"34504099999","48.6","34.9666666","143.0","2018-05-28","  42.5","000000","999.9","  80.8","  48.6"," 13.6"," 0.00","1022.1","999.9","004.9","  66.5","  6.2","  9.5"
"34504099999","48.6","34.9666666","143.0","2018-05-29","  43.3","000000","999.9","  78.6","  56.8"," 15.5"," 0.00","1023.6","999.9","006.4","  67.5","  6.2"," 12.1"
"34504099999","48.6","34.9666666","143.0","2018-05-30","  40.0","000000","999.9","  80.8","  48.7","  9.7"," 0.00","1018.6","999.9","001.5","  66.1","  6.2","  4.4"
"34504099999","48.6","34.9666666","143.0","2018-05-31","  49.3","000000","999.9","  87.3","  55.4"," 15.5"," 0.00","1010.7","999.9","993.9","  72.2","  6.2"," 10.4"
"34504099999","48.6","34.9666666","143.0","2018-06-01","  37.1","000000","999.9","  70.3","  51.6"," 13.6"," 0.00","1018.3","999.9","001.0","  60.5","  6.2"," 10.9"
"34504099999","48.6","34.9666666","143.0","2018-06-02","  35.2","000000","999.9","  73.8","  47.5","  7.8"," 0.00","1019.8","999.9","002.5","  62.2","  6.2","  4.1"
"34504099999","48.6","34.9666666","143.0","2018-06-03","  43.3","000000","999.9","  78.1","  50.7"," 13.6"," 0.00","1012.7","999.9","995.7","  66.0","  6.2","  6.6"
"34504099999","48.6","34.9666666","143.0","2018-06-04","  52.3","000000","999.9","  86.0","  57.7","  5.8"," 0.01","1006.3","999.9","989.6","  72.3","  6.2","  4.4"
"34504099999","48.6","34.9666666","143.0","2018-06-05","  57.8","000000","999.9","  85.3","  62.1"," 13.6"," 0.02","1003.7","999.9","987.1","  71.0","  6.2","  7.2"
"34504099999","48.6","34.9666666","143.0","2018-06-06","  51.8","010010","999.9","  77.7","  52.0"," 13.6"," 0.35","1011.1","999.9","994.1","  63.6","  6.2","  6.7"
"34504099999","48.6","34.9666666","143.0","2018-06-07","  38.3","000000","999.9","  74.1","  46.2","  9.7"," 0.00","1021.9","999.9","004.5","  61.4","  6.2","  5.6"
"34504099999","48.6","34.9666666","143.0","2018-06-08","  41.8","000000","999.9","  77.7","  49.6","  7.8"," 0.00","1020.1","999.9","002.9","  65.0","  6.2","  5.1"
"34504099999","48.6","34.9666666","143.0","2018-06-09","  50.6","010010","999.9","  81.9","  56.3","  9.7"," 0.12","1012.7","999.9","995.7","  68.4","  6.2","  6.8"
"34504099999","48.6","34.9666666","143.0","2018-06-10","  50.5","000000","999.9","  77.7","  55.0","  9.7"," 0.00","1012.1","999.9","995.1","  65.8","  5.8","  7.5"
"34504099999","48.6","34.9666666","143.0","2018-06-11","  42.3","000000","999.9","  78.4","  52.0","  7.8"," 0.00","1013.1","999.9","996.0","  66.0","  6.2","  5.0"
"34504099999","48.6","34.9666666","143.0","2018-06-12","  45.7","000000","999.9","  79.0","  56.1","  9.7"," 0.00","1009.6","999.9","992.7","  67.9","  6.2","  6.4"
"34504099999","48.6","34.9666666","143.0","2018-06-13","  56.9","010000","999.9","  82.2","  61.5","  9.7"," 0.20","1005.7","999.9","989.0","  69.7","  6.2","  6.5"
"34504099999","48.6","34.9666666","143.0","2018-06-14","  60.5","000000","999.9","  88.9","  63.1","  9.7"," 0.00","1007.2","999.9","990.6","  76.4","  6.2","  7.8"
"34504099999","48.6","34.9666666","143.0","2018-06-15","  59.8","000000","999.9","  94.3","  66.2"," 11.7"," 0.00","1006.8","999.9","990.4","  80.7","  6.2","  8.3"
"34504099999","48.6","34.9666666","143.0","2018-06-16","  60.1","000000","999.9","  93.2","  67.6"," 15.5"," 0.00","1009.2","999.9","992.6","  78.5","  6.2"," 10.5"
"34504099999","48.6","34.9666666","143.0","2018-06-17","  52.6","000000","999.9","  87.8","  65.8"," 13.6"," 0.00","1011.7","999.9","995.0","  74.2","  6.2"," 11.2"
"34504099999","48.6","34.9666666","143.0","2018-06-18","  45.6","000000","999.9","  87.6","  58.6","  9.7"," 0.00","1012.3","999.9","995.5","  73.5","  6.2","  8.5"
"34504099999","48.6","34.9666666","143.0","2018-06-19","  51.2","000000","999.9","  89.6","  60.3","  9.7"," 0.00","1014.4","999.9","997.7","  75.5","  6.2","  7.3"
"34504099999","48.6","34.9666666","143.0","2018-06-20","  58.2","000000","999.9","  91.6","  64.2"," 11.7"," 0.00","1015.5","999.9","998.8","  77.5","  6.2","  6.4"
"34504099999","48.6","34.9666666","143.0","2018-06-21","  54.7","000000","999.9","  89.2","  63.1","  7.8"," 0.00","1015.2","999.9","998.5","  76.3","  6.2","  6.1"
"34504099999","48.6","34.9666666","143.0","2018-06-22","  53.4","000000","999.9","  93.4","  66.0","  7.8"," 0.00","1009.5","999.9","993.0","  80.9","  6.2","  5.3"
"34504099999","48.6","34.9666666","143.0","2018-06-23","  63.3","010010","999.9","  81.9","  67.1","  7.8"," 0.20","1007.1","999.9","990.5","  72.3","  5.3","  5.2"
"34504099999","48.6","34.9666666","143.0","2018-06-24","  52.0","000000","999.9","  74.3","  56.8"," 13.6"," 0.02","1014.2","999.9","997.1","  64.3","  6.2","  8.9"
"34504099999","48.6","34.9666666","143.0","2018-06-25","  50.5","000000","999.9","  77.4","  53.2","  7.8"," 0.00","1019.2","999.9","002.1","  65.9","  6.2","  6.8"
"34504099999","48.6","34.9666666","143.0","2018-06-26","  56.5","000000","999.9","  84.6","  57.9"," 21.4"," 0.00","1016.6","999.9","999.7","  72.1","  6.2"," 13.4"
"34504099999","48.6","34.9666666","143.0","2018-06-27","  60.9","000010","999.9","  93.9","  68.2"," 17.5"," 0.02","1011.0","999.9","994.4","  77.1","  6.2"," 11.7"
"34504099999","48.6","34.9666666","143.0","2018-06-28","  64.5","010010","999.9","  89.1","  68.2"," 17.5"," 0.16","1007.4","999.9","990.8","  76.4","  6.2"," 11.7"
"34504099999","48.6","34.9666666","143.0","2018-06-29","  65.1","010010","999.9","  90.9","  66.0"," 15.5"," 0.55","1001.3","999.9","984.9","  77.7","  5.4"," 11.7"
"34504099999","48.6","34.9666666","143.0","2018-06-30","  63.7","010010","999.9","  82.9","  63.3"," 13.6"," 0.33","1000.7","999.9","984.1","  73.5","  6.2","  8.9"
"34504099999","48.6","34.9666666","143.0","2018-07-01","  59.8","010000","999.9","  75.0","  58.8"," 15.5"," 0.08","1007.0","999.9","990.1","  65.4","  6.2","  8.4"
"34504099999","48.6","34.9666666","143.0","2018-07-02","  55.2","000000","999.9","  77.5","  55.4","  9.7"," 0.00","1015.2","999.9","998.1","  66.7","  6.2","  6.4"
"34504099999","48.6","34.9666666","143.0","2018-07-03","  52.3","000000","999.9","  79.5","  55.9","  7.8"," 0.00","1015.9","999.9","998.9","  68.0","  6.2","  4.9"
"34504099999","48.6","34.9666666","143.0","2018-07-04","  51.0","000000","999.9","  80.6","  60.1","  9.7"," 0.00","1013.4","999.9","996.5","  70.5","  6.2","  4.9"
"34504099999","48.6","34.9666666","143.0","2018-07-05","  55.3","000000","999.9","  81.9","  59.2"," 11.7"," 0.00","1010.6","999.9","993.8","  70.9","  6.2","  6.4"
"34504099999","48.6","34.9666666","143.0","2018-07-06","  55.5","000000","999.9","  85.3","  61.2","  7.8"," 0.00","1009.4","999.9","992.6","  72.9","  6.2","  5.8"
"34504099999","48.6","34.9666666","143.0","2018-07-07","  58.2","000000","999.9","  85.1","  63.3","  9.7"," 0.03","1008.3","999.9","991.6","  72.2","  6.2","  5.8"
"34504099999","48.6","34.9666666","143.0","2018-07-08","  57.8","000000","999.9","  85.5","  62.8"," 11.7"," 0.00","1009.3","999.9","992.6","  73.2","  6.2","  6.1"
"34504099999","48.6","34.9666666","143.0","2018-07-09","  56.8","000000","999.9","  85.6","  61.7","  9.7"," 0.00","1011.1","999.9","994.4","  74.4","  6.2","  4.9"
"34504099999","48.6","34.9666666","143.0","2018-07-10","  57.6","000000","999.9","  89.8","  64.4"," 11.7"," 0.00","1011.9","999.9","995.3","  78.3","  6.2","  6.8"
"34504099999","48.6","34.9666666","143.0","2018-07-11","  62.3","000010","999.9","  76.8","  67.1","  9.7"," 0.38","1010.8","999.9","994.0","  71.0","  6.2","  8.1"
"34504099999","48.6","34.9666666","143.0","2018-07-12","  63.9","000000","999.9","  84.9","  64.0","  9.7"," 0.00","1011.0","999.9","994.3","  74.4","  6.2","  6.9"
"34504099999","48.6","34.9666666","143.0","2018-07-13","  61.4","000000","999.9","  86.9","  64.8","  7.8"," 0.00","1009.4","999.9","992.8","  76.7","  6.2","  5.1"
"34504099999","48.6","34.9666666","143.0","2018-07-14","  63.8","010010","999.9","  86.0","  66.4"," 13.6"," 0.12","1006.2","999.9","989.6","  72.2","  5.9","  5.8"
"34504099999","48.6","34.9666666","143.0","2018-07-15","  60.6","000000","999.9","  83.8","  61.0","  5.8"," 0.00","1004.4","999.9","987.8","  72.3","  6.2","  3.9"
"34504099999","48.6","34.9666666","143.0","2018-07-16","  61.0","000010","999.9","  81.7","  62.8","  9.7"," 0.00","1002.9","999.9","986.3","  72.0","  6.2","  5.1"
"34504099999","48.6","34.9666666","143.0","2018-07-17","  62.6","000000","999.9","  80.8","  61.5","  7.8"," 0.12","1000.9","999.9","984.2","  70.2","  5.8","  4.2"
"34504099999","48.6","34.9666666","143.0","2018-07-18","  61.6","000010","999.9","  83.7","  60.4"," 11.7"," 0.00","1000.5","999.9","983.9","  70.6","  6.0","  6.8"
"34504099999","48.6","34.9666666","143.0","2018-07-19","  61.2","000000","999.9","  85.3","  61.0","  7.8"," 0.00","1001.5","999.9","985.0","  73.8","  6.2","  5.2"
"34504099999","48.6","34.9666666","143.0","2018-07-20","  65.6","010010","999.9","  78.3","  68.0","  3.9"," 0.72","1003.2","999.9","986.6","  71.1","  6.2","  3.1"
"34504099999","48.6","34.9666666","143.0","2018-07-21","  65.1","100000","999.9","  84.2","  64.4","  7.8"," 0.00","1005.0","999.9","988.3","  72.6","  5.6","  4.5"
"34504099999","48.6","34.9666666","143.0","2018-07-22","  64.5","010010","999.9","  81.9","  64.8","  5.8"," 0.16","1005.2","999.9","988.5","  70.4","  5.8","  4.3"
"34504099999","48.6","34.9666666","143.0","2018-07-23","  62.1","000000","999.9","  85.1","  63.3","  7.8"," 0.00","1004.2","999.9","987.6","  73.8","  6.2","  5.0"
"34504099999","48.6","34.9666666","143.0","2018-07-24","  62.6","000010","999.9","  87.4","  63.5","  7.8"," 0.00","1005.0","999.9","988.5","  75.4","  6.2","  5.1"
"34504099999","48.6","34.9666666","143.0","2018-07-25","  64.4","010010","999.9","  87.8","  65.5"," 15.5","99.99","1006.5","999.9","989.9","  72.1","  5.7","  7.8"
"34504099999","48.6","34.9666666","143.0","2018-07-26","  65.9","010010","999.9","  74.5","  64.6"," 13.6"," 1.03","1008.5","999.9","991.7","  69.4","  5.3","  9.7"
"34504099999","48.6","34.9666666","143.0","2018-07-27","  67.6","000010","999.9","  89.8","  66.9","  9.7"," 0.08","1009.3","999.9","992.7","  74.1","  5.8","  7.0"
"34504099999","48.6","34.9666666","143.0","2018-07-28","  65.1","000010","999.9","  83.1","  68.0"," 15.5"," 0.02","1009.0","999.9","992.3","  74.4","  6.2","  9.7"
"34504099999","48.6","34.9666666","143.0","2018-07-29","  63.0","010000","999.9","  81.7","  69.4"," 11.7"," 0.04","1008.2","999.9","991.5","  72.6","  6.2","  7.4"
"34504099999","48.6","34.9666666","143.0","2018-07-30","  62.6","000000","999.9","  87.4","  66.9"," 17.5"," 0.03","1010.8","999.9","994.3","  79.3","  6.2"," 12.5"
"34504099999","48.6","34.9666666","143.0","2018-07-31","  63.0","000000","999.9","  86.7","  69.8"," 15.5"," 0.00","1014.8","999.9","998.2","  77.3","  6.2"," 12.9"
"34504099999","48.6","34.9666666","143.0","2018-08-01","  59.5","000000","999.9","  82.9","  62.2"," 13.6"," 0.00","1016.6","999.9","999.8","  73.2","  6.2"," 10.0"
"34504099999","48.6","34.9666666","143.0","2018-08-02","  58.2","000000","999.9","  85.5","  66.7","  9.7"," 0.00","1015.9","999.9","999.2","  75.0","  6.2","  8.5"
"34504099999","48.6","34.9666666","143.0","2018-08-03","  57.4","000010","999.9","  85.6","  65.3"," 11.7"," 0.00","1014.6","999.9","997.9","  74.5","  6.2","  8.0"
"34504099999","48.6","34.9666666","143.0","2018-08-04","  59.0","000000","999.9","  86.9","  64.8","  7.8"," 0.00","1013.1","999.9","996.4","  75.4","  6.2","  6.6"
"34504099999","48.6","34.9666666","143.0","2018-08-05","  61.0","000000","999.9","  88.7","  64.9","  5.8"," 0.00","1012.3","999.9","995.7","  76.7","  6.2","  5.1"
"34504099999","48.6","34.9666666","143.0","2018-08-06","  62.3","000000","999.9","  87.8","  68.0","  9.7"," 0.00","1012.2","999.9","995.6","  77.5","  6.2","  6.2"
"34504099999","48.6","34.9666666","143.0","2018-08-07","  61.6","000000","999.9","  86.4","  67.8"," 11.7"," 0.00","1013.0","999.9","996.3","  75.4","  6.2","  6.6"
"34504099999","48.6","34.9666666","143.0","2018-08-08","  54.3","000000","999.9","  82.0","  63.0"," 11.7"," 0.00","1016.3","999.9","999.4","  72.0","  6.2","  9.5"
"34504099999","48.6","34.9666666","143.0","2018-08-09","  48.5","000000","999.9","  81.1","  58.3"," 13.6"," 0.00","1022.0","999.9","005.0","  69.7","  6.2"," 10.7"
"34504099999","48.6","34.9666666","143.0","2018-08-10","  48.3","000000","999.9","  82.2","  55.9","  9.7"," 0.00","1025.6","999.9","008.4","  68.9","  6.2","  7.8"
"34504099999","48.6","34.9666666","143.0","2018-08-11","  46.7","000000","999.9","  82.2","  55.9"," 11.7"," 0.00","1023.4","999.9","006.3","  69.7","  6.2","  7.8"
"34504099999","48.6","34.9666666","143.0","2018-08-12","  51.2","000000","999.9","  85.1","  60.8","  5.8"," 0.00","1017.4","999.9","000.5","  72.5","  6.2","  4.6"
"34504099999","48.6","34.9666666","143.0","2018-08-13","  55.0","000000","999.9","  88.2","  58.6","  9.7"," 0.00","1015.0","999.9","998.2","  74.7","  6.2","  5.3"
"34504099999","48.6","34.9666666","143.0","2018-08-14","  55.9","000000","999.9","  90.5","  64.2","  5.8"," 0.00","1014.5","999.9","997.9","  78.7","  6.2","  4.2"
"34504099999","48.6","34.9666666","143.0","2018-08-15","  56.1","000000","999.9","  92.7","  66.9","  7.8"," 0.00","1014.6","999.9","997.9","  79.4","  6.2","  5.1"
"34504099999","48.6","34.9666666","143.0","2018-08-16","  53.8","000000","999.9","  94.3","  67.1","  5.8"," 0.00","1014.0","999.9","997.4","  79.8","  6.2","  4.4"
"34504099999","48.6","34.9666666","143.0","2018-08-17","  55.4","000000","999.9","  93.9","  66.6"," 11.7"," 0.00","1014.2","999.9","997.6","  79.5","  6.2","  8.7"
"34504099999","48.6","34.9666666","143.0","2018-08-18","  55.1","000000","999.9","  86.4","  66.2"," 13.6"," 0.00","1016.8","999.9","000.0","  75.6","  6.2"," 11.7"
"34504099999","48.6","34.9666666","143.0","2018-08-19","  45.2","000000","999.9","  83.7","  59.0","  9.7"," 0.00","1019.1","999.9","002.1","  70.5","  6.2","  7.8"
"34504099999","48.6","34.9666666","143.0","2018-08-20","  41.1","000000","999.9","  83.5","  59.9","  7.8"," 0.00","1017.9","999.9","001.0","  71.6","  6.2","  5.5"
"34504099999","48.6","34.9666666","143.0","2018-08-21","  44.3","000000","999.9","  86.7","  58.5","  3.9"," 0.00","1014.8","999.9","997.9","  73.3","  6.2","  3.2"
"34504099999","48.6","34.9666666","143.0","2018-08-22","  50.3","000000","999.9","  82.6","  61.5"," 13.6"," 0.00","1016.5","999.9","999.6","  71.6","  6.2","  9.5"
"34504099999","48.6","34.9666666","143.0","2018-08-23","  42.7","000000","999.9","  80.1","  54.5","  9.7"," 0.00","1021.0","999.9","003.8","  67.1","  6.2","  7.8"
"34504099999","48.6","34.9666666","143.0","2018-08-24","  40.2","000000","999.9","  83.5","  54.7"," 13.6"," 0.00","1017.6","999.9","000.6","  69.6","  6.2","  8.0"
"34504099999","48.6","34.9666666","143.0","2018-08-25","  43.6","000000","999.9","  88.0","  56.7","  7.8"," 0.00","1013.2","999.9","996.4","  73.6","  6.2","  6.9"
"34504099999","48.6","34.9666666","143.0","2018-08-26","  40.5","000000","999.9","  89.1","  61.0"," 11.7"," 0.00","1012.0","999.9","995.2","  75.2","  6.2","  7.8"
"34504099999","48.6","34.9666666","143.0","2018-08-27","  43.9","000000","999.9","  91.4","  61.2","  9.7"," 0.00","1012.4","999.9","995.7","  74.9","  6.2","  8.3"
"34504099999","48.6","34.9666666","143.0","2018-08-28","  45.7","000000","999.9","  91.2","  63.0","  7.8"," 0.00","1014.2","999.9","997.5","  75.8","  6.2","  6.3"
"34504099999","48.6","34.9666666","143.0","2018-08-29","  44.8","000000","999.9","  90.7","  63.3","  9.7"," 0.00","1014.1","999.9","997.4","  76.1","  6.2","  7.0"
"34504099999","48.6","34.9666666","143.0","2018-08-30","  51.1","000000","999.9","  92.1","  63.9","  9.7"," 0.00","1013.3","999.9","996.6","  76.6","  6.2","  7.0"
"34504099999","48.6","34.9666666","143.0","2018-08-31","  54.3","000000","999.9","  91.9","  64.0"," 11.7"," 0.00","1015.2","999.9","998.5","  76.9","  6.2","  8.5"
"34504099999","48.6","34.9666666","143.0","2018-09-01","  46.8","000000","999.9","  93.4","  65.1"," 13.6"," 0.00","1018.0","999.9","001.3","  77.5","  6.2","  9.0"
"34504099999","48.6","34.9666666","143.0","2018-09-02","  44.3","000000","999.9","  82.6","  66.2"," 11.7"," 0.00","1020.0","999.9","003.2","  74.7","  6.2","  8.5"
"34504099999","48.6","34.9666666","143.0","2018-09-03","  43.9","000000","999.9","  90.0","  63.9"," 19.4"," 0.00","1017.0","999.9","000.2","  76.0","  6.2"," 11.2"
"34504099999","48.6","34.9666666","143.0","2018-09-04","  42.1","000000","999.9","  90.9","  64.4"," 17.5"," 0.00","1014.0","999.9","997.2","  75.7","  6.2"," 11.2"
"34504099999","48.6","34.9666666","143.0","2018-09-05","  40.1","000000","999.9","  87.3","  57.9"," 13.6"," 0.00","1012.2","999.9","995.4","  71.8","  6.2"," 11.7"
"34504099999","48.6","34.9666666","143.0","2018-09-06","  37.6","000000","999.9","  86.2","  64.9"," 19.4"," 0.00","1008.8","999.9","992.0","  74.1","  6.2"," 16.5"
"34504099999","48.6","34.9666666","143.0","2018-09-07","  44.8","010000","999.9","  76.6","  64.2"," 17.5"," 0.08","1009.6","999.9","992.7","  68.3","  6.2"," 12.6"
"34504099999","48.6","34.9666666","143.0","2018-09-08","  45.5","010000","999.9","  81.1","  58.6"," 17.5"," 0.02","1011.7","999.9","994.8","  69.4","  6.2"," 11.9"
"34504099999","48.6","34.9666666","143.0","2018-09-09","  57.1","010000","999.9","  62.8","  55.4"," 21.4"," 1.26","1009.1","999.9","991.9","  59.1","  4.6"," 12.9"
"34504099999","48.6","34.9666666","143.0","2018-09-10","  60.7","000000","999.9","  76.3","  56.1"," 11.7"," 0.04","1012.7","999.9","995.7","  64.8","  5.6","  6.1"
"34504099999","48.6","34.9666666","143.0","2018-09-11","  56.2","100000","999.9","  73.9","  59.2"," 15.5"," 0.00","1016.2","999.9","999.1","  63.7","  5.2","  9.2"
"34504099999","48.6","34.9666666","143.0","2018-09-12","  56.9","000000","999.9","  79.5","  55.2","  7.8"," 0.00","1021.3","999.9","004.2","  66.9","  6.2","  5.2"
"34504099999","48.6","34.9666666","143.0","2018-09-13","  58.6","000000","999.9","  81.5","  59.7","  7.8"," 0.00","1019.8","999.9","002.8","  68.8","  5.8","  5.4"
"34504099999","48.6","34.9666666","143.0","2018-09-14","  56.8","010000","999.9","  80.8","  60.6","  9.7"," 0.00","1014.6","999.9","997.7","  68.6","  6.2","  6.6"
"34504099999","48.6","34.9666666","143.0","2018-09-15","  59.6","010000","999.9","  68.4","  60.8"," 11.7"," 0.08","1011.8","999.9","994.8","  64.9","  6.2","  9.7"
"34504099999","48.6","34.9666666","143.0","2018-09-16","  56.6","010000","999.9","  68.2","  59.0"," 15.5"," 0.02","1014.1","999.9","996.9","  62.0","  6.2"," 12.0"
"34504099999","48.6","34.9666666","143.0","2018-09-18","  47.6","000000","999.9","  72.1","  56.1","  7.8"," 0.00","1022.8","999.9","005.5","  64.0","  6.2","  4.3"
"34504099999","48.6","34.9666666","143.0","2018-09-19","  49.0","000000","999.9","  79.0","  50.9","  5.8"," 0.00","1022.8","999.9","005.6","  64.4","  6.2","  4.2"
"34504099999","48.6","34.9666666","143.0","2018-09-20","  50.0","000000","999.9","  83.1","  53.6","  5.8"," 0.00","1020.9","999.9","003.8","  67.3","  6.2","  5.2"
"34504099999","48.6","34.9666666","143.0","2018-09-21","  54.5","000000","999.9","  85.1","  55.9","  7.8"," 0.00","1019.6","999.9","002.5","  69.7","  6.1","  5.3"
"34504099999","48.6","34.9666666","143.0","2018-09-22","  51.4","000000","999.9","  85.5","  60.8","  5.8"," 0.00","1016.9","999.9","000.0","  71.3","  6.2","  5.2"
"34504099999","48.6","34.9666666","143.0","2018-09-23","  48.9","010000","999.9","  62.6","  47.8","  7.8"," 0.35","1016.3","999.9","998.9","  54.9","  5.7","  5.8"
"34504099999","48.6","34.9666666","143.0","2018-09-24","  49.3","010000","999.9","  68.7","  45.7"," 17.5"," 0.24","1012.6","999.9","995.3","  56.4","  5.9"," 11.4"
"34504099999","48.6","34.9666666","143.0","2018-09-25","  44.8","000000","999.9","  57.7","  47.7"," 13.6"," 0.28","1017.1","999.9","999.5","  50.2","  6.2"," 10.3"
"34504099999","48.6","34.9666666","143.0","2018-09-26","  39.4","000000","999.9","  57.9","  39.9","  9.7"," 0.01","1029.2","999.9","011.2","  46.5","  6.2","  7.4"
"34504099999","48.6","34.9666666","143.0","2018-09-27","  35.8","000000","999.9","  55.0","  35.2"," 17.5"," 0.00","1026.1","999.9","008.2","  47.5","  6.2","  9.4"
"34504099999","48.6","34.9666666","143.0","2018-09-28","  45.7","000000","999.9","  67.3","  44.6","  9.7"," 0.00","1020.3","999.9","002.8","  55.7","  6.2","  4.6"
"34504099999","48.6","34.9666666","143.0","2018-09-29","  49.3","010000","999.9","  67.5","  51.8"," 19.4"," 0.00","1016.9","999.9","999.5","  58.1","  6.2","  8.3"
"34504099999","48.6","34.9666666","143.0","2018-09-30","  40.2","000000","999.9","  62.6","  44.6"," 13.6"," 0.00","1024.5","999.9","006.8","  52.4","  6.2"," 10.0"
"34504099999","48.6","34.9666666","143.0","2018-10-01","  44.2","010000","999.9","  68.5","  39.4","  9.7","99.99","1019.1","999.9","001.6","  54.6","  6.1","  8.3"
"34504099999","48.6","34.9666666","143.0","2018-10-02","  54.9","110000","999.9","  65.3","  54.1","  7.8"," 0.16","1013.5","999.9","996.2","  57.6","  4.6","  5.8"
"34504099999","48.6","34.9666666","143.0","2018-10-03","  50.1","100000","999.9","  63.9","  48.0"," 21.4"," 0.00","1012.0","999.9","994.6","  54.5","  4.5","  9.4"
"34504099999","48.6","34.9666666","143.0","2018-10-04","  38.8","000000","999.9","  54.7","  43.9"," 19.4"," 0.00","1015.8","999.9","998.2","  48.8","  6.2"," 13.0"
"34504099999","48.6","34.9666666","143.0","2018-10-05","  36.0","000000","999.9","  57.7","  36.0"," 13.6"," 0.00","1028.2","999.9","010.2","  46.2","  6.2","  7.3"
"34504099999","48.6","34.9666666","143.0","2018-10-06","  36.6","000000","999.9","  63.9","  36.3","  9.7"," 0.00","1030.3","999.9","012.4","  49.9","  6.2","  4.7"
"34504099999","48.6","34.9666666","143.0","2018-10-07","  35.3","000000","999.9","  66.0","  40.5","  9.7"," 0.00","1024.0","999.9","006.3","  53.1","  6.2","  5.8"
"34504099999","48.6","34.9666666","143.0","2018-10-08","  36.0","000000","999.9","  70.0","  40.8","  5.8"," 0.00","1020.1","999.9","002.5","  53.9","  6.2","  4.4"
"34504099999","48.6","34.9666666","143.0","2018-10-09","  43.3","000000","999.9","  71.4","  44.2","  7.8"," 0.00","1022.8","999.9","005.2","  55.2","  6.2","  6.6"
"34504099999","48.6","34.9666666","143.0","2018-10-10","  47.1","000000","999.9","  70.2","  46.2"," 11.7"," 0.00","1026.1","999.9","008.5","  55.2","  5.1","  8.3"
"34504099999","48.6","34.9666666","143.0","2018-10-11","  44.3","000000","999.9","  70.5","  45.7"," 11.7"," 0.00","1026.9","999.9","009.3","  55.4","  4.7","  7.0"
"34504099999","48.6","34.9666666","143.0","2018-10-12","  37.6","000000","999.9","  68.9","  44.4"," 13.6"," 0.00","1032.1","999.9","014.3","  53.3","  6.2"," 10.2"
"34504099999","48.6","34.9666666","143.0","2018-10-13","  36.9","000000","999.9","  67.6","  38.5","  9.7"," 0.00","1032.8","999.9","014.9","  51.1","  6.1","  6.6"
"34504099999","48.6","34.9666666","143.0","2018-10-14","  39.6","000000","999.9","  71.1","  43.5","  9.7"," 0.00","1029.2","999.9","011.5","  54.3","  6.2","  7.5"
"34504099999","48.6","34.9666666","143.0","2018-10-15","  46.6","000000","999.9","  73.8","  46.8","  9.7"," 0.00","1027.7","999.9","010.2","  57.6","  6.2","  7.3"
"34504099999","48.6","34.9666666","143.0","2018-10-16","  48.8","000000","999.9","  78.1","  50.5","  9.7"," 0.00","1027.1","999.9","009.7","  61.5","  5.8","  6.6"
"34504099999","48.6","34.9666666","143.0","2018-10-17","  47.9","000000","999.9","  77.2","  50.9","  9.7"," 0.00","1025.6","999.9","008.2","  61.1","  6.2","  6.1"
"34504099999","48.6","34.9666666","143.0","2018-10-18","  44.8","000000","999.9","  77.2","  48.9","  9.7"," 0.00","1022.0","999.9","004.6","  60.8","  5.8","  7.0"
"34504099999","48.6","34.9666666","143.0","2018-10-19","  44.7","000000","999.9","  71.1","  46.6","  7.8"," 0.00","1017.2","999.9","999.8","  57.0","  5.8","  5.8"
"34504099999","48.6","34.9666666","143.0","2018-10-20","  46.8","000000","999.9","  69.8","  45.5","  7.8"," 0.00","1015.1","999.9","997.7","  55.9","  5.1","  4.6"
"34504099999","48.6","34.9666666","143.0","2018-10-21","  47.6","000000","999.9","  65.5","  49.5","  9.7"," 0.00","1017.5","999.9","000.0","  54.5","  4.9","  8.3"
"34504099999","48.6","34.9666666","143.0","2018-10-22","  43.3","000000","999.9","  57.2","  46.9"," 11.7"," 0.00","1019.7","999.9","002.0","  50.5","  5.9","  7.8"
"34504099999","48.6","34.9666666","143.0","2018-10-23","  35.5","000000","999.9","  56.8","  36.0"," 11.7"," 0.00","1012.1","999.9","994.5","  47.6","  5.3","  6.8"
"34504099999","48.6","34.9666666","143.0","2018-10-24","  44.9","010000","999.9","  50.5","  44.2"," 15.5"," 0.55"," 994.9","999.9","977.6","  48.3","  5.1"," 10.0"
"34504099999","48.6","34.9666666","143.0","2018-10-25","  36.9","010000","999.9","  45.7","  37.6","  7.8"," 0.12"," 998.0","999.9","980.3","  39.7","  5.4","  6.6"
"34504099999","48.6","34.9666666","143.0","2018-10-26","  36.0","010000","999.9","  42.8","  32.7","  7.8"," 0.07","1008.4","999.9","990.5","  38.4","  5.5","  5.1"
"34504099999","48.6","34.9666666","143.0","2018-10-27","  42.0","000000","999.9","  54.3","  34.0"," 11.7"," 0.00","1017.4","999.9","999.6","  44.8","  5.5","  6.7"
"34504099999","48.6","34.9666666","143.0","2018-10-28","  53.1","000000","999.9","  66.0","  52.7"," 13.6"," 0.00","1018.6","999.9","001.2","  57.7","  6.2","  9.7"
"34504099999","48.6","34.9666666","143.0","2018-10-29","  52.7","100000","999.9","  65.7","  54.3","  9.7"," 0.00","1021.6","999.9","004.2","  57.2","  5.2","  7.8"
"34504099999","48.6","34.9666666","143.0","2018-10-30","  48.2","000000","999.9","  66.7","  46.8","  9.7"," 0.00","1024.5","999.9","006.9","  55.9","  6.2","  6.3"
"34504099999","48.6","34.9666666","143.0","2018-10-31","  43.5","000000","999.9","  48.9","  44.8"," 13.6"," 0.00","1032.0","999.9","014.0","  47.2","  5.4"," 11.9"
"34504099999","48.6","34.9666666","143.0","2018-11-01","  39.3","000000","999.9","  56.3","  40.8"," 11.7"," 0.00","1036.9","999.9","018.8","  45.6","  6.2"," 10.0"
"34504099999","48.6","34.9666666","143.0","2018-11-02","  37.0","000000","999.9","  57.2","  35.2"," 11.7"," 0.00","1035.6","999.9","017.4","  44.4","  6.2","  9.5"
"34504099999","48.6","34.9666666","143.0","2018-11-03","  36.7","000000","999.9","  52.7","  34.9","  7.8"," 0.00","1032.3","999.9","014.1","  43.0","  6.2","  6.1"
"34504099999","48.6","34.9666666","143.0","2018-11-04","  41.7","000000","999.9","  53.8","  36.5","999.9"," 0.00","1027.8","999.9","009.8","  45.8","  4.2","999.9"
"34504099999","48.6","34.9666666","143.0","2018-11-05","  39.9","000000","999.9","  53.6","  37.4"," 11.7"," 0.00","1029.1","999.9","011.1","  45.1","  5.3","  9.0"
"34504099999","48.6","34.9666666","143.0","2018-11-06","  34.3","000000","999.9","  53.2","  30.6","  9.7"," 0.00","1030.4","999.9","012.2","  40.6","  6.2","  7.0"
"34504099999","48.6","34.9666666","143.0","2018-11-07","  33.4","000000","999.9","  52.5","  32.4","  5.8"," 0.00","1029.0","999.9","010.8","  40.4","  5.9","  5.1"
"34504099999","48.6","34.9666666","143.0","2018-11-08","  34.0","100000","999.9","  50.0","  30.9","  5.8"," 0.00","1026.4","999.9","008.2","  38.6","  4.3","  4.7"
"34504099999","48.6","34.9666666","143.0","2018-11-09","  34.4","100000","999.9","  47.5","  28.0","  7.8"," 0.00","1025.0","999.9","006.8","  36.6","  1.6","  5.4"
"34504099999","48.6","34.9666666","143.0","2018-11-10","  29.6","100000","999.9","  32.0","  28.0","  5.8"," 0.00","1025.7","999.9","007.2","  30.0","  0.6","  4.4"
"34504099999","48.6","34.9666666","143.0","2018-11-11","  29.8","000000","999.9","  40.8","  29.5"," 15.5"," 0.00","1030.8","999.9","012.4","  34.5","  5.4"," 11.2"
"34504099999","48.6","34.9666666","143.0","2018-11-12","  19.7","000000","999.9","  34.0","  23.9"," 15.5"," 0.00","1037.7","999.9","018.9","  28.4","  6.2"," 12.4"
"34504099999","48.6","34.9666666","143.0","2018-11-13","  15.4","000000","999.9","  31.1","  20.3"," 13.6"," 0.00","1037.8","999.9","018.9","  25.5","  6.2"," 11.2"
"34504099999","48.6","34.9666666","143.0","2018-11-14","  24.5","000000","999.9","  40.6","  25.7"," 11.7"," 0.00","1029.2","999.9","010.7","  34.0","  6.2","  9.5"
"34504099999","48.6","34.9666666","143.0","2018-11-15","  18.1","000000","999.9","  38.1","  30.6"," 17.5"," 0.00","1027.3","999.9","008.9","  33.3","  6.2"," 13.8"
"34504099999","48.6","34.9666666","143.0","2018-11-16","  18.4","001000","999.9","  34.0","  25.7"," 21.4"," 0.00","1031.8","999.9","013.1","  29.9","  6.0"," 19.4"
"34504099999","48.6","34.9666666","143.0","2018-11-17","  20.1","001000","999.9","  36.5","  28.0"," 13.6"," 0.04","1033.4","  0.4","014.8","  32.9","  6.0","  9.4"
"34504099999","48.6","34.9666666","143.0","2018-11-18","  18.5","000000","999.9","  39.2","  25.9","  5.8"," 0.00","1027.3","999.9","008.8","  32.2","  6.2","  3.6"
"34504099999","48.6","34.9666666","143.0","2018-11-19","  21.6","010000","999.9","  40.3","  27.9"," 15.5","99.99","1023.8","999.9","005.5","  34.7","  5.8","  9.5"
"34504099999","48.6","34.9666666","143.0","2018-11-20","  27.0","011000","999.9","  32.2","  26.2"," 17.5"," 0.47","1021.4","  0.4","003.0","  29.6","  4.9"," 13.3"
"34504099999","48.6","34.9666666","143.0","2018-11-21","  22.4","000000","999.9","  33.3","  21.2","  9.7"," 0.00","1025.0","  0.4","006.3","  26.9","  5.3","  8.3"
"34504099999","48.6","34.9666666","143.0","2018-11-22","  19.8","000000","999.9","  27.5","  20.5"," 11.7"," 0.02","1023.4","  0.4","004.7","  23.9","  6.0","  8.0"
"34504099999","48.6","34.9666666","143.0","2018-11-23","  19.8","000000","999.9","  31.1","  18.9","  9.7"," 0.00","1027.5","  0.8","008.7","  24.3","  5.2","  7.4"
"34504099999","48.6","34.9666666","143.0","2018-11-24","  21.1","100000","999.9","  28.2","  13.8","  7.8"," 0.00","1028.1","  0.4","009.2","  23.2","  4.2","  7.0"
"34504099999","48.6","34.9666666","143.0","2018-11-25","  28.3","100000","999.9","  36.3","  22.3"," 11.7"," 0.00","1019.6","  0.4","001.2","  30.6","  3.2","  6.8"
"34504099999","48.6","34.9666666","143.0","2018-11-26","  35.9","010000","999.9","  40.5","  34.3","  7.8"," 0.24","1011.8","  0.4","993.8","  37.4","  2.2","  5.8"
"34504099999","48.6","34.9666666","143.0","2018-11-27","  31.7","011000","999.9","  36.9","  27.9"," 13.6"," 0.59","1007.9","999.9","989.8","  33.1","  1.9"," 11.7"
"34504099999","48.6","34.9666666","143.0","2018-11-28","  19.1","000000","999.9","  26.8","  22.6"," 17.5"," 0.12","1022.8","  1.2","004.1","  24.2","  6.2"," 14.7"
"34504099999","48.6","34.9666666","143.0","2018-11-29","  14.4","000000","999.9","  26.1","  15.6"," 17.5"," 0.00","1038.0","  0.8","018.9","  21.0","  6.2"," 14.8"
"34504099999","48.6","34.9666666","143.0","2018-11-30","  11.3","000000","999.9","  22.6","  11.1"," 25.3"," 0.00","1034.0","  0.8","014.8","  18.1","  6.2"," 19.9"
"34504099999","48.6","34.9666666","143.0","2018-12-01","  24.8","011000","999.9","  29.5","  21.2"," 17.5"," 0.20","1021.7","  1.2","003.1","  27.3","  3.9"," 11.3"
"34504099999","48.6","34.9666666","143.0","2018-12-02","  16.6","000000","999.9","  24.6","  15.4","  7.8"," 0.01","1025.7","  1.2","006.7","  19.6","  4.3","  5.1"
"34504099999","48.6","34.9666666","143.0","2018-12-03","  20.7","100000","999.9","  30.6","  13.1","  9.7"," 0.00","1024.4","  1.2","005.6","  22.9","  3.4","  6.7"
"34504099999","48.6","34.9666666","143.0","2018-12-04","  28.8","000000","999.9","  36.7","  29.3","  9.7"," 0.00","1021.2","  0.8","002.9","  31.7","  5.1","  8.7"
"34504099999","48.6","34.9666666","143.0","2018-12-05","  31.2","111000","999.9","  32.7","  30.0","  9.7"," 0.03","1017.1","  0.4","998.8","  31.8","  0.7","  6.1"
"34504099999","48.6","34.9666666","143.0","2018-12-06","  29.8","111000","999.9","  31.6","  30.4","  9.7"," 0.02","1016.5","  0.4","998.2","  31.0","  2.0","  8.7"
"34504099999","48.6","34.9666666","143.0","2018-12-07","  26.8","001000","999.9","  30.9","  28.0"," 11.7"," 0.05","1017.1","  1.2","998.6","  29.5","  5.6","  8.4"
"34504099999","48.6","34.9666666","143.0","2018-12-08","  23.5","000000","999.9","  32.2","  25.2","  9.7"," 0.00","1017.8","  1.6","999.3","  27.6","  6.2","  6.3"
"34504099999","48.6","34.9666666","143.0","2018-12-09","  31.9","010000","999.9","  37.8","  26.2","  9.7"," 0.02","1011.5","  1.2","993.4","  34.5","  5.9","  7.2"
"34504099999","48.6","34.9666666","143.0","2018-12-10","  36.8","110000","999.9","  38.1","  35.4","  5.8"," 0.35","1006.7","999.9","988.8","  37.0","  0.9","  4.9"
"34504099999","48.6","34.9666666","143.0","2018-12-11","  33.3","111000","999.9","  35.6","  30.6"," 17.5"," 0.24","1007.3","999.9","989.2","  33.6","  0.6"," 11.1"
"34504099999","48.6","34.9666666","143.0","2018-12-12","  30.4","101000","999.9","  33.6","  30.9"," 11.7"," 0.71","1005.4","  1.6","987.3","  31.8","  3.3","  9.1"
"34504099999","48.6","34.9666666","143.0","2018-12-13","  28.7","010000","999.9","  33.1","  30.2","  9.7"," 0.02","1015.4","  2.0","997.2","  31.8","  5.6","  7.5"
"34504099999","48.6","34.9666666","143.0","2018-12-14","  29.6","001000","999.9","  32.9","  29.7","  5.8"," 0.04","1021.8","  2.4","003.4","  31.3","  4.6","  4.3"
"34504099999","48.6","34.9666666","143.0","2018-12-15","  27.2","001000","999.9","  34.3","  28.2","  9.7"," 0.01","1028.3","  2.0","009.7","  29.7","  3.0","  5.5"
"34504099999","48.6","34.9666666","143.0","2018-12-16","  22.2","000000","999.9","  28.2","  21.6"," 15.5"," 0.00","1032.0","  1.6","013.2","  25.8","  6.0"," 13.3"
"34504099999","48.6","34.9666666","143.0","2018-12-17","  20.9","000000","999.9","  27.1","  21.2"," 17.5"," 0.00","1028.8","  1.2","010.0","  25.2","  6.2"," 15.8"
"34504099999","48.6","34.9666666","143.0","2018-12-18","  19.8","001000","999.9","  25.0","  22.8"," 13.6"," 0.02","1029.2","  1.2","010.4","  23.5","  5.2"," 11.7"
"34504099999","48.6","34.9666666","143.0","2018-12-19","  20.4","011000","999.9","  25.7","  20.8"," 13.6"," 0.02","1029.8","  1.2","010.9","  23.0","  5.1"," 12.8"
"34504099999","48.6","34.9666666","143.0","2018-12-20","  23.9","000000","999.9","  28.2","  24.4"," 11.7"," 0.00","1030.2","  1.2","011.5","  26.7","  5.5","  9.5"
"34504099999","48.6","34.9666666","143.0","2018-12-21","  25.7","001000","999.9","  28.6","  27.0","  7.8"," 0.02","1027.1","  1.2","008.4","  27.8","  4.3","  5.1"
"34504099999","48.6","34.9666666","143.0","2018-12-22","  31.8","111000","999.9","  35.6","  27.7","  7.8"," 0.06","1015.9","  2.0","997.6","  32.0","  0.9","  6.1"
"34504099999","48.6","34.9666666","143.0","2018-12-23","  32.3","110000","999.9","  34.5","  32.2","  9.7"," 0.20","1007.9","  1.2","989.8","  32.8","  2.4","  7.8"
"34504099999","48.6","34.9666666","143.0","2018-12-24","  27.5","001000","999.9","  32.4","  29.5"," 13.6"," 0.04","1010.8","  0.4","992.6","  31.2","  4.8"," 10.2"
"34504099999","48.6","34.9666666","143.0","2018-12-25","  27.2","011000","999.9","  34.0","  23.9"," 23.3"," 1.22"," 997.9","  3.1","979.8","  29.3","  2.0"," 15.5"
"34504099999","48.6","34.9666666","143.0","2018-12-26","  21.9","001000","999.9","  30.2","  21.9"," 15.5"," 0.47","1011.3","  3.1","992.8","  24.7","  2.7"," 11.7"
"34504099999","48.6","34.9666666","143.0","2018-12-27","  26.1","001000","999.9","  32.4","  25.9"," 17.5"," 0.26","1011.9","  5.9","993.6","  29.7","  5.4"," 10.7"
"34504099999","48.6","34.9666666","143.0","2018-12-28","  25.3","001000","999.9","  31.5","  24.6","  7.8"," 0.08","1015.9","  4.7","997.5","  28.6","  4.2","  4.6"
"34504099999","48.6","34.9666666","143.0","2018-12-29","  29.6","101000","999.9","  32.9","  27.1","999.9"," 0.06","1016.9","  5.1","998.6","  30.5","  1.8","999.9"
"34504099999","48.6","34.9666666","143.0","2018-12-30","  19.6","000000","999.9","  25.0","  21.0"," 11.7"," 0.01","1021.9","  5.5","003.2","  22.7","  6.1","  8.3"
"34504099999","48.6","34.9666666","143.0","2018-12-31","  19.5","001000","999.9","  24.4","  21.0","  7.8"," 0.01","1025.3","  5.5","006.5","  22.3","  4.4","  5.3"
"34504099999","48.6","34.9666666","143.0","2019-01-01","  19.9","100000","999.9","  24.6","  18.9","  7.8"," 0.00","1025.3","  4.7","006.4","  21.0","  1.1","  4.7"
"34504099999","48.6","34.9666666","143.0","2019-01-02","  27.7","100000","999.9","  33.3","  22.6","  9.7"," 0.00","1013.0","  4.7","994.6","  29.5","  3.5","  8.3"
"34504099999","48.6","34.9666666","143.0","2019-01-03","  28.0","100000","999.9","  32.2","  24.1","  7.8"," 0.00","1012.5","  4.7","994.2","  29.6","  3.2","  5.0"
"34504099999","48.6","34.9666666","143.0","2019-01-04","  22.7","101000","999.9","  26.8","  21.4","  7.8"," 0.00","1015.4","  4.3","996.8","  24.5","  3.0","  6.7"
"34504099999","48.6","34.9666666","143.0","2019-01-05","  21.5","001000","999.9","  29.8","  20.1","  7.8"," 0.02","1015.8","  4.7","997.3","  24.4","  4.9","  6.9"
"34504099999","48.6","34.9666666","143.0","2019-01-06","  18.7","001000","999.9","  23.5","  18.3"," 15.5"," 0.20","1013.6","  4.7","994.9","  21.8","  4.8"," 12.2"
"34504099999","48.6","34.9666666","143.0","2019-01-07","  16.8","001000","999.9","  22.5","  16.9"," 21.4"," 0.59","1018.5","  5.9","999.7","  20.0","  2.1"," 18.5"
"34504099999","48.6","34.9666666","143.0","2019-01-08","  17.8","001000","999.9","  24.8","  16.5"," 11.7"," 0.35","1014.6","  9.1","995.8","  20.0","  1.9","  5.8"
"34504099999","48.6","34.9666666","143.0","2019-01-09","  16.4","001000","999.9","  22.6","  15.8","  7.8"," 0.04","1014.1","  9.4","995.3","  19.2","  4.0","  5.2"
"34504099999","48.6","34.9666666","143.0","2019-01-10","  28.2","001000","999.9","  32.5","  16.7"," 11.7"," 0.19","1016.4","  9.4","998.1","  30.8","  4.2","  8.9"
"34504099999","48.6","34.9666666","143.0","2019-01-11","  30.7","111000","999.9","  32.2","  27.7","  9.7"," 0.26","1007.9","  9.1","989.7","  31.0","  0.8","  5.4"
"34504099999","48.6","34.9666666","143.0","2019-01-12","  16.3","001000","999.9","  24.1","  12.7"," 11.7"," 0.12","1008.1","  9.1","989.5","  19.2","  4.4","  9.7"
"34504099999","48.6","34.9666666","143.0","2019-01-13","  22.8","000000","999.9","  28.4","  21.0","  9.7"," 0.02","1006.6","  9.4","988.2","  26.4","  5.7","  5.5"
"34504099999","48.6","34.9666666","143.0","2019-01-14","  26.5","000000","999.9","  34.5","  25.9"," 13.6"," 0.00"," 998.6","  9.1","980.6","  30.2","  6.1"," 11.7"
"34504099999","48.6","34.9666666","143.0","2019-01-15","  25.2","010000","999.9","  35.4","  23.5","  9.7"," 0.02","1001.4","  7.1","983.3","  30.0","  5.4","  5.8"
"34504099999","48.6","34.9666666","143.0","2019-01-16","  16.6","000000","999.9","  25.2","  14.4","  7.8"," 0.00","1005.7","  6.7","987.2","  20.6","  5.8","  6.2"
"34504099999","48.6","34.9666666","143.0","2019-01-17","  20.6","000000","999.9","  32.2","  14.5"," 11.7"," 0.00","1016.4","  6.3","997.8","  24.7","  5.2","  6.7"
"34504099999","48.6","34.9666666","143.0","2019-01-18","  31.4","100000","999.9","  36.0","  26.6"," 13.6"," 0.00","1014.3","  6.3","996.1","  32.9","  3.3"," 10.0"
"34504099999","48.6","34.9666666","143.0","2019-01-19","  25.0","101000","999.9","  32.9","  18.0","  9.7"," 0.00","1018.6","  6.3","000.1","  27.3","  3.1","  6.6"
"34504099999","48.6","34.9666666","143.0","2019-01-20","  17.1","001000","999.9","  27.5","  12.2","  5.8","99.99","1024.2","  5.9","005.4","  20.9","  5.7","  4.2"
"34504099999","48.6","34.9666666","143.0","2019-01-21","  22.8","001000","999.9","  31.6","  17.4"," 13.6"," 0.47","1016.3","  7.9","997.8","  25.2","  3.6","  8.7"
"34504099999","48.6","34.9666666","143.0","2019-01-22","  11.2","100000","999.9","  17.8","   9.3","999.9"," 0.00","1023.8","  8.7","004.6","  12.8","  1.7","999.9"
"34504099999","48.6","34.9666666","143.0","2019-01-23","  19.1","011000","999.9","  34.7","   8.6"," 15.5"," 0.28","1014.4","  8.7","995.8","  22.2","  4.2"," 12.5"
"34504099999","48.6","34.9666666","143.0","2019-01-24","  26.9","100000","999.9","  34.7","  21.7"," 15.5"," 0.12","1010.2","  8.3","991.9","  28.1","  2.3","  9.7"
"34504099999","48.6","34.9666666","143.0","2019-01-25","  14.8","000000","999.9","  23.5","  13.3"," 19.4"," 0.00","1016.5","  8.3","997.7","  19.0","  6.2"," 17.0"
"34504099999","48.6","34.9666666","143.0","2019-01-26","  29.6","010000","999.9","  33.6","  19.0"," 13.6"," 0.02","1008.9","  8.3","990.7","  31.7","  4.2"," 11.7"
"34504099999","48.6","34.9666666","143.0","2019-01-27","  25.6","111000","999.9","  34.3","  18.7"," 11.7"," 0.22","1003.2","  7.5","985.0","  27.0","  2.7","  7.1"
"34504099999","48.6","34.9666666","143.0","2019-01-28","  14.8","000000","999.9","  21.6","  15.3","  9.7"," 0.02","1013.2","  7.9","994.4","  17.8","  4.0","  7.1"
"34504099999","48.6","34.9666666","143.0","2019-01-29","  25.5","000000","999.9","  35.8","  16.9","  9.7"," 0.01","1014.3","  7.9","996.0","  29.6","  5.4","  8.3"
"34504099999","48.6","34.9666666","143.0","2019-01-30","  33.7","100000","999.9","  37.0","  32.7"," 11.7"," 0.00","1014.1","  6.7","995.9","  34.2","  0.8"," 10.0"
"34504099999","48.6","34.9666666","143.0","2019-01-31","  31.6","000000","999.9","  35.8","  32.5"," 13.6"," 0.00","1012.1","  5.9","993.9","  33.7","  3.7"," 11.2"
"34504099999","48.6","34.9666666","143.0","2019-02-01","  30.4","100000","999.9","  33.3","  31.1"," 11.7"," 0.00","1014.2","  5.1","996.0","  32.3","  2.8","  8.7"
"34504099999","48.6","34.9666666","143.0","2019-02-02","  33.2","100000","999.9","  35.2","  31.5","  5.8"," 0.00","1020.0","  4.3","001.7","  33.2","  0.2","  4.9"
"34504099999","48.6","34.9666666","143.0","2019-02-03","  34.9","100000","999.9","  40.3","  33.6","  9.7"," 0.00","1023.7","  3.9","005.5","  36.7","  2.9","  8.0"
"34504099999","48.6","34.9666666","143.0","2019-02-04","  36.4","100000","999.9","  46.2","  35.6","  9.7"," 0.00","1026.4","  3.1","008.2","  38.5","  2.5","  6.8"
"34504099999","48.6","34.9666666","143.0","2019-02-05","  34.1","100000","999.9","  36.1","  32.7"," 11.7"," 0.00","1028.4","  0.4","009.9","  34.1","  0.1","  5.8"
"34504099999","48.6","34.9666666","143.0","2019-02-06","  29.8","100000","999.9","  32.0","  29.3"," 11.7"," 0.00","1022.0","  0.4","003.6","  30.4","  1.0","  5.6"
"34504099999","48.6","34.9666666","143.0","2019-02-07","  24.3","000000","999.9","  34.9","  28.2"," 15.5"," 0.00","1023.7","  0.4","005.3","  31.4","  6.2"," 10.4"
"34504099999","48.6","34.9666666","143.0","2019-02-08","  22.1","000000","999.9","  30.9","  26.4"," 11.7"," 0.00","1025.1","999.9","006.5","  28.8","  6.2","  9.7"
"34504099999","48.6","34.9666666","143.0","2019-02-09","  23.0","000000","999.9","  30.4","  25.7","  9.7"," 0.00","1023.4","999.9","004.8","  28.5","  6.2","  6.6"
"34504099999","48.6","34.9666666","143.0","2019-02-10","  26.2","001000","999.9","  31.6","  28.6","  5.8","99.99","1021.6","999.9","003.1","  30.1","  4.1","  4.2"
"34504099999","48.6","34.9666666","143.0","2019-02-11","  29.0","001000","999.9","  35.8","  29.8","  9.7"," 0.01","1017.6","  0.4","999.3","  33.4","  4.7","  7.8"
"34504099999","48.6","34.9666666","143.0","2019-02-12","  37.5","010000","999.9","  43.9","  33.8"," 15.5"," 0.03","1010.4","999.9","992.6","  40.5","  4.7"," 11.4"
"34504099999","48.6","34.9666666","143.0","2019-02-13","  25.0","000000","999.9","  37.4","  30.0"," 17.5"," 0.08","1021.4","999.9","003.1","  33.8","  6.2"," 12.5"
"34504099999","48.6","34.9666666","143.0","2019-02-14","  22.6","000000","999.9","  37.8","  22.1","  7.8"," 0.00","1026.8","999.9","008.3","  30.6","  6.2","  4.4"
"34504099999","48.6","34.9666666","143.0","2019-02-15","  22.3","000000","999.9","  38.5","  23.9"," 11.7"," 0.00","1028.7","999.9","010.1","  30.7","  6.1","  7.2"
"34504099999","48.6","34.9666666","143.0","2019-02-16","  30.8","110000","999.9","  36.5","  28.2"," 13.6"," 0.00","1022.0","999.9","003.7","  33.9","  4.6","  9.7"
"34504099999","48.6","34.9666666","143.0","2019-02-17","  33.4","100000","999.9","  52.5","  32.9"," 15.5"," 0.00","1015.7","999.9","997.7","  40.5","  4.1"," 12.6"
"34504099999","48.6","34.9666666","143.0","2019-02-18","  23.8","000000","999.9","  40.8","  28.6"," 15.5"," 0.00","1019.3","999.9","001.0","  34.3","  6.2"," 13.1"
"34504099999","48.6","34.9666666","143.0","2019-02-19","  18.4","000000","999.9","  39.9","  20.8","  7.8"," 0.00","1026.0","999.9","007.5","  30.0","  6.2","  5.3"
"34504099999","48.6","34.9666666","143.0","2019-02-20","  27.8","010000","999.9","  40.6","  22.5"," 11.7"," 0.00","1016.8","999.9","998.5","  33.1","  5.1","  8.3"
"34504099999","48.6","34.9666666","143.0","2019-02-21","  23.8","000000","999.9","  41.2","  26.1"," 17.5"," 0.00","1013.2","999.9","995.0","  33.4","  5.2","  9.7"
"34504099999","48.6","34.9666666","143.0","2019-02-22","  11.0","001000","999.9","  26.6","  18.9"," 13.6"," 0.01","1018.9","999.9","000.2","  23.1","  6.2","  9.0"
"34504099999","48.6","34.9666666","143.0","2019-02-23","  11.4","001000","999.9","  24.3","  14.0"," 11.7"," 0.00","1031.5","999.9","012.4","  18.4","  5.9","  9.4"
"34504099999","48.6","34.9666666","143.0","2019-02-24","  10.4","000000","999.9","  36.5","   9.7","  7.8"," 0.00","1033.4","999.9","014.5","  24.6","  6.2","  4.1"
"34504099999","48.6","34.9666666","143.0","2019-02-25","  22.3","000000","999.9","  35.1","  27.0"," 17.5"," 0.00","1021.8","999.9","003.4","  31.0","  6.1","  8.7"
"34504099999","48.6","34.9666666","143.0","2019-02-26","  28.9","010000","999.9","  39.0","  28.2"," 13.6"," 0.04","1008.2","999.9","990.1","  33.4","  5.3","  9.4"
"34504099999","48.6","34.9666666","143.0","2019-02-27","  28.4","000000","999.9","  39.4","  31.1"," 11.7"," 0.04","1010.7","  0.4","992.6","  34.4","  6.2","  8.9"
"34504099999","48.6","34.9666666","143.0","2019-02-28","  29.2","010000","999.9","  38.8","  25.2"," 19.4","99.99"," 999.7","999.9","981.8","  33.6","  5.0"," 10.0"
"34504099999","48.6","34.9666666","143.0","2019-03-01","  28.8","011000","999.9","  42.6","  33.3"," 19.4"," 0.03"," 995.2","999.9","977.4","  36.0","  6.2"," 13.3"
"34504099999","48.6","34.9666666","143.0","2019-03-02","  20.1","000000","999.9","  33.1","  25.3"," 13.6"," 0.00","1007.6","999.9","989.3","  28.8","  6.2"," 10.4"
"34504099999","48.6","34.9666666","143.0","2019-03-03","  15.4","000000","999.9","  37.6","  20.3"," 13.6"," 0.00","1016.0","999.9","997.6","  29.2","  6.2","  8.5"
"34504099999","48.6","34.9666666","143.0","2019-03-04","  29.1","010000","999.9","  45.0","  25.9"," 15.5"," 0.02","1009.2","999.9","991.2","  36.2","  6.2"," 12.4"
"34504099999","48.6","34.9666666","143.0","2019-03-05","  35.8","000000","999.9","  55.4","  35.2"," 21.4"," 0.00","1004.5","999.9","986.9","  43.2","  6.0"," 13.1"
"34504099999","48.6","34.9666666","143.0","2019-03-06","  30.0","000000","999.9","  55.4","  31.1"," 15.5"," 0.00","1012.4","999.9","994.6","  43.1","  6.2","  9.0"
"34504099999","48.6","34.9666666","143.0","2019-03-07","  29.5","000000","999.9","  49.1","  32.5","  9.7"," 0.00","1023.9","999.9","005.8","  40.3","  6.2","  6.6"
"34504099999","48.6","34.9666666","143.0","2019-03-08","  30.7","000000","999.9","  59.2","  34.2"," 19.4"," 0.00","1019.5","999.9","001.7","  46.5","  6.2"," 13.8"
"34504099999","48.6","34.9666666","143.0","2019-03-09","  36.3","010000","999.9","  52.7","  41.9"," 11.7"," 0.00","1015.4","999.9","997.6","  45.7","  5.5","  8.2"
"34504099999","48.6","34.9666666","143.0","2019-03-10","  34.6","110000","999.9","  59.4","  35.2"," 17.5"," 0.12","1005.9","999.9","988.2","  42.7","  4.5","  8.7"
"34504099999","48.6","34.9666666","143.0","2019-03-11","  30.5","000000","999.9","  53.2","  29.5"," 25.3"," 0.00","1004.0","999.9","986.2","  40.0","  6.2"," 12.8"
"34504099999","48.6","34.9666666","143.0","2019-03-12","  20.5","000000","999.9","  46.6","  31.5","  7.8"," 0.00","1013.7","999.9","995.6","  36.2","  6.2","  4.7"
"34504099999","48.6","34.9666666","143.0","2019-03-13","  20.7","000000","999.9","  43.2","  27.3","  9.7"," 0.00","1017.0","999.9","998.8","  32.9","  6.2","  6.2"
"34504099999","48.6","34.9666666","143.0","2019-03-14","  19.6","000000","999.9","  46.2","  24.6","  7.8"," 0.00","1017.4","999.9","999.2","  35.3","  6.2","  6.4"
"34504099999","48.6","34.9666666","143.0","2019-03-15","  28.7","000000","999.9","  43.3","  30.7","  9.7"," 0.00","1010.0","999.9","992.0","  37.0","  6.0","  6.9"
"34504099999","48.6","34.9666666","143.0","2019-03-16","  31.4","010000","999.9","  53.2","  29.7"," 15.5"," 0.01","1005.0","999.9","987.2","  41.4","  4.6","  9.7"
"34504099999","48.6","34.9666666","143.0","2019-03-17","  35.3","010000","999.9","  49.1","  34.5","  9.7"," 0.20","1011.5","999.9","993.9","  40.2","  5.3","  6.1"
"34504099999","48.6","34.9666666","143.0","2019-03-18","  31.3","000000","999.9","  54.3","  29.1"," 11.7"," 0.00","1021.6","999.9","003.6","  41.9","  5.0","  6.9"
"34504099999","48.6","34.9666666","143.0","2019-03-19","  33.1","000000","999.9","  57.7","  31.8","  7.8"," 0.00","1024.6","999.9","006.6","  44.9","  5.6","  5.5"
"34504099999","48.6","34.9666666","143.0","2019-03-20","  35.7","100000","999.9","  56.7","  30.7"," 11.7"," 0.00","1025.7","999.9","007.6","  42.3","  5.0","  5.8"
"34504099999","48.6","34.9666666","143.0","2019-03-21","  29.2","000000","999.9","  52.5","  34.0"," 15.5"," 0.00","1025.6","999.9","007.6","  43.7","  6.2"," 11.2"
"34504099999","48.6","34.9666666","143.0","2019-03-22","  33.5","010010","999.9","  51.1","  32.0"," 17.5"," 0.08","1020.1","999.9","002.1","  41.1","  6.2"," 10.0"
"34504099999","48.6","34.9666666","143.0","2019-03-23","  27.9","010000","999.9","  40.8","  33.4"," 15.5"," 0.01","1017.3","999.9","999.1","  36.3","  5.9"," 11.9"
"34504099999","48.6","34.9666666","143.0","2019-03-24","  26.3","000000","999.9","  46.2","  31.1"," 11.7"," 0.00","1017.0","999.9","999.0","  39.1","  6.2","  7.3"
"34504099999","48.6","34.9666666","143.0","2019-03-25","  29.5","010000","999.9","  55.9","  30.4"," 11.7"," 0.02","1011.9","999.9","994.1","  43.4","  6.2","  6.8"
"34504099999","48.6","34.9666666","143.0","2019-03-26","  35.0","000000","999.9","  52.2","  40.3","  9.7"," 0.01","1012.1","999.9","994.4","  45.1","  6.2","  6.1"
"34504099999","48.6","34.9666666","143.0","2019-03-27","  28.4","010000","999.9","  48.9","  30.9"," 11.7"," 0.47","1015.0","999.9","996.9","  36.6","  4.2","  5.3"
"34504099999","48.6","34.9666666","143.0","2019-03-28","  27.7","000000","999.9","  42.4","  30.4"," 13.6"," 0.24","1024.7","  4.7","006.3","  34.1","  6.2","  9.7"
"34504099999","48.6","34.9666666","143.0","2019-03-29","  23.7","000000","999.9","  49.5","  25.7"," 13.6"," 0.00","1024.5","999.9","006.3","  38.7","  6.2","  7.8"
"34504099999","48.6","34.9666666","143.0","2019-03-30","  34.0","000000","999.9","  57.9","  32.5","  9.7"," 0.00","1020.4","999.9","002.4","  44.3","  6.1","  6.8"
"34504099999","48.6","34.9666666","143.0","2019-03-31","  37.2","100000","999.9","  63.7","  34.5","  7.8"," 0.00","1018.3","999.9","000.6","  49.7","  5.0","  4.7"
"34504099999","48.6","34.9666666","143.0","2019-04-01","  34.1","000000","999.9","  69.1","  38.1"," 17.5"," 0.00","1014.3","999.9","996.8","  53.3","  6.2"," 10.0"
"34504099999","48.6","34.9666666","143.0","2019-04-02","  21.1","000000","999.9","  51.4","  37.2"," 17.5"," 0.00","1020.2","999.9","002.2","  43.5","  6.2"," 14.1"
"34504099999","48.6","34.9666666","143.0","2019-04-03","  21.5","000000","999.9","  51.4","  32.4"," 13.6"," 0.00","1021.0","999.9","002.9","  40.3","  6.2","  9.2"
"34504099999","48.6","34.9666666","143.0","2019-04-04","  18.8","000000","999.9","  54.7","  27.7","  7.8"," 0.00","1019.5","999.9","001.5","  41.8","  6.2","  4.9"
"34504099999","48.6","34.9666666","143.0","2019-04-05","  19.1","000000","999.9","  57.7","  27.9","  5.8"," 0.00","1020.5","999.9","002.5","  44.0","  6.2","  4.9"
"34504099999","48.6","34.9666666","143.0","2019-04-06","  24.5","000000","999.9","  62.4","  33.3"," 11.7"," 0.00","1020.0","999.9","002.3","  49.6","  6.1","  8.0"
"34504099999","48.6","34.9666666","143.0","2019-04-07","  33.3","000000","999.9","  66.9","  39.9"," 17.5"," 0.00","1016.7","999.9","999.2","  54.6","  6.2","  9.2"
"34504099999","48.6","34.9666666","143.0","2019-04-08","  37.4","000000","999.9","  66.9","  44.4"," 13.6"," 0.00","1013.4","999.9","996.0","  54.3","  6.2","  9.0"
"34504099999","48.6","34.9666666","143.0","2019-04-09","  43.5","000000","999.9","  70.3","  46.9"," 13.6"," 0.00","1008.8","999.9","991.5","  57.7","  6.2","  9.5"
"34504099999","48.6","34.9666666","143.0","2019-04-10","  46.2","000010","999.9","  76.6","  46.4","  9.7"," 0.00","1007.6","999.9","990.5","  60.2","  6.2","  6.6"
"34504099999","48.6","34.9666666","143.0","2019-04-11","  48.6","010000","999.9","  66.9","  51.1","  7.8"," 0.04","1010.3","999.9","993.1","  57.5","  6.0","  4.9"
"34504099999","48.6","34.9666666","143.0","2019-04-12","  46.4","010000","999.9","  66.4","  45.1","  7.8"," 0.02","1011.0","999.9","993.7","  54.4","  5.8","  5.8"
"34504099999","48.6","34.9666666","143.0","2019-04-13","  46.0","000000","999.9","  57.9","  46.0","  7.8"," 0.00","1013.5","999.9","995.9","  50.6","  3.9","  6.3"
"34504099999","48.6","34.9666666","143.0","2019-04-14","  41.2","010000","999.9","  51.8","  42.4"," 13.6","99.99","1013.6","999.9","995.9","  46.8","  5.7"," 11.2"
"34504099999","48.6","34.9666666","143.0","2019-04-15","  43.0","010000","999.9","  50.0","  39.4"," 17.5"," 0.98","1009.9","999.9","992.3","  44.5","  3.4"," 12.3"
"34504099999","48.6","34.9666666","143.0","2019-04-16","  43.8","010000","999.9","  51.3","  45.1","  5.8"," 0.04","1014.2","999.9","996.5","  47.2","  5.0","  5.1"
"34504099999","48.6","34.9666666","143.0","2019-04-17","  43.6","010000","999.9","  51.3","  40.8"," 15.5"," 0.11","1020.4","999.9","002.6","  47.4","  5.8"," 10.4"
"34504099999","48.6","34.9666666","143.0","2019-04-18","  27.0","000000","999.9","  53.8","  32.7"," 15.5"," 0.00","1026.5","999.9","008.5","  43.3","  6.2"," 10.4"
"34504099999","48.6","34.9666666","143.0","2019-04-19","  24.0","000000","999.9","  55.2","  34.5"," 13.6"," 0.00","1025.2","999.9","007.3","  45.6","  6.2","  9.0"
"34504099999","48.6","34.9666666","143.0","2019-04-20","  22.5","000000","999.9","  59.4","  34.3"," 11.7"," 0.00","1025.7","999.9","007.7","  47.6","  6.2","  7.0"
"34504099999","48.6","34.9666666","143.0","2019-04-21","  25.0","000000","999.9","  63.0","  38.5"," 11.7"," 0.00","1024.3","999.9","006.5","  50.4","  6.2","  6.8"
"34504099999","48.6","34.9666666","143.0","2019-04-22","  26.1","000000","999.9","  65.7","  40.1"," 15.5"," 0.00","1025.8","999.9","008.1","  52.9","  6.2","  7.3"
"34504099999","48.6","34.9666666","143.0","2019-04-23","  28.7","000000","999.9","  69.3","  39.9","  3.9"," 0.00","1028.0","999.9","010.4","  55.7","  6.2","  2.4"
"34504099999","48.6","34.9666666","143.0","2019-04-24","  30.5","000000","999.9","  73.2","  41.5","  5.8"," 0.00","1027.8","999.9","010.3","  59.3","  6.2","  3.6"
"34504099999","48.6","34.9666666","143.0","2019-04-25","  35.6","000000","999.9","  77.5","  44.6","  5.8"," 0.00","1025.2","999.9","007.8","  62.3","  6.2","  4.1"
"34504099999","48.6","34.9666666","143.0","2019-04-26","  39.4","000000","999.9","  76.5","  48.2","  9.7"," 0.00","1021.0","999.9","003.7","  62.7","  6.2","  4.6"
"34504099999","48.6","34.9666666","143.0","2019-04-27","  38.1","000000","999.9","  74.7","  46.0"," 11.7"," 0.00","1015.7","999.9","998.4","  61.8","  6.2","  6.7"
"34504099999","48.6","34.9666666","143.0","2019-04-28","  41.2","000000","999.9","  72.9","  56.5"," 11.7"," 0.00","1010.3","999.9","993.2","  62.9","  6.2","  6.6"
"34504099999","48.6","34.9666666","143.0","2019-04-29","  44.3","000000","999.9","  63.7","  47.3"," 15.5"," 0.00","1011.6","999.9","994.2","  54.8","  6.2","  8.1"
"34504099999","48.6","34.9666666","143.0","2019-04-30","  49.5","110010","999.9","  71.2","  46.0"," 15.5"," 0.12","1010.6","999.9","993.3","  57.3","  4.6","  7.8"
"34504099999","48.6","34.9666666","143.0","2019-05-01","  48.6","100000","999.9","  68.5","  49.5"," 13.6"," 0.00","1004.8","999.9","987.7","  58.1","  4.6","  9.5"
"34504099999","48.6","34.9666666","143.0","2019-05-02","  43.2","010000","999.9","  58.5","  43.9"," 13.6"," 0.00","1002.9","999.9","985.6","  51.6","  6.2","  8.6"
"34504099999","48.6","34.9666666","143.0","2019-05-03","  46.1","000000","999.9","  70.7","  43.7","  9.7"," 0.02","1007.7","999.9","990.5","  58.1","  6.2","  6.8"
"34504099999","48.6","34.9666666","143.0","2019-05-04","  46.5","000000","999.9","  72.1","  48.0"," 13.6"," 0.00","1012.0","999.9","994.8","  60.5","  6.2","  9.0"
"34504099999","48.6","34.9666666","143.0","2019-05-05","  44.3","000000","999.9","  74.7","  47.5"," 13.6"," 0.00","1014.3","999.9","997.1","  61.2","  6.2","  7.3"
"34504099999","48.6","34.9666666","143.0","2019-05-06","  48.1","000000","999.9","  73.2","  52.3"," 11.7"," 0.00","1010.1","999.9","993.1","  62.9","  6.2","  7.3"
"34504099999","48.6","34.9666666","143.0","2019-05-07","  52.4","000000","999.9","  76.6","  55.8"," 11.7"," 0.00","1006.0","999.9","989.1","  63.7","  6.2","  5.8"
"34504099999","48.6","34.9666666","143.0","2019-05-08","  53.8","010000","999.9","  68.5","  54.1","  5.8"," 0.04","1008.7","999.9","991.6","  59.0","  5.1","  4.3"
"34504099999","48.6","34.9666666","143.0","2019-05-09","  52.3","010000","999.9","  57.0","  50.9","  9.7"," 0.79","1009.1","999.9","991.8","  54.4","  4.9","  7.2"
"34504099999","48.6","34.9666666","143.0","2019-05-10","  47.7","000000","999.9","  63.1","  48.2","  7.8"," 0.00","1012.3","999.9","994.9","  54.2","  6.2","  4.7"
"34504099999","48.6","34.9666666","143.0","2019-05-11","  49.7","000000","999.9","  64.8","  49.3","  7.8"," 0.00","1015.3","999.9","997.9","  55.5","  6.0","  6.2"
"34504099999","48.6","34.9666666","143.0","2019-05-12","  54.0","100010","999.9","  73.0","  50.0","  7.8"," 0.01","1020.0","999.9","002.7","  58.0","  4.4","  6.8"
"34504099999","48.6","34.9666666","143.0","2019-05-13","  54.3","010000","999.9","  76.3","  55.2","  7.8","99.99","1020.2","999.9","003.0","  63.5","  6.2","  5.6"
"34504099999","48.6","34.9666666","143.0","2019-05-14","  54.6","000000","999.9","  77.9","  52.3","  9.7"," 0.00","1017.2","999.9","000.1","  67.5","  5.7","  6.2"
"34504099999","48.6","34.9666666","143.0","2019-05-15","  54.3","000000","999.9","  80.8","  56.7","  5.8"," 0.00","1017.4","999.9","000.4","  68.7","  6.0","  3.2"
"34504099999","48.6","34.9666666","143.0","2019-05-16","  56.8","000000","999.9","  83.5","  57.7"," 13.6"," 0.00","1016.0","999.9","999.1","  71.3","  6.2"," 10.4"
"34504099999","48.6","34.9666666","143.0","2019-05-17","  61.1","000000","999.9","  85.1","  60.8"," 13.6"," 0.00","1013.7","999.9","996.9","  73.0","  6.2"," 10.9"
"34504099999","48.6","34.9666666","143.0","2019-05-18","  58.8","000000","999.9","  83.1","  61.2"," 15.5"," 0.00","1011.3","999.9","994.5","  71.1","  6.2"," 13.4"
"34504099999","48.6","34.9666666","143.0","2019-05-19","  50.7","000000","999.9","  81.5","  57.0"," 15.5"," 0.00","1012.6","999.9","995.6","  68.6","  6.2"," 11.9"
"34504099999","48.6","34.9666666","143.0","2019-05-20","  46.8","000000","999.9","  82.0","  55.4"," 11.7"," 0.00","1016.5","999.9","999.5","  69.0","  6.2","  9.2"
"34504099999","48.6","34.9666666","143.0","2019-05-21","  50.2","000000","999.9","  77.9","  58.6"," 15.5"," 0.00","1015.6","999.9","998.6","  67.9","  6.2"," 10.2"
"34504099999","48.6","34.9666666","143.0","2019-05-22","  55.9","010010","999.9","  63.5","  56.1","  7.8"," 0.79","1010.2","999.9","993.1","  60.4","  5.5","  4.7"
"34504099999","48.6","34.9666666","143.0","2019-05-23","  55.0","010000","999.9","  69.6","  55.0","  7.8"," 0.02","1008.2","999.9","991.2","  60.9","  5.5","  5.2"
"34504099999","48.6","34.9666666","143.0","2019-05-24","  56.6","000000","999.9","  77.9","  54.0","  5.8"," 0.00","1008.5","999.9","991.6","  66.9","  5.8","  4.7"
"34504099999","48.6","34.9666666","143.0","2019-05-25","  58.4","010010","999.9","  75.0","  61.0","  7.8"," 0.02","1005.9","999.9","989.0","  65.8","  5.9","  4.7"
"34504099999","48.6","34.9666666","143.0","2019-05-26","  58.9","000010","999.9","  73.8","  58.5"," 11.7"," 0.20","1008.5","999.9","991.5","  63.8","  5.9","  5.3"
"34504099999","48.6","34.9666666","143.0","2019-05-27","  52.4","000000","999.9","  79.0","  54.0","  7.8"," 0.00","1016.8","999.9","999.7","  66.6","  6.2","  3.9"
"34504099999","48.6","34.9666666","143.0","2019-05-28","  56.1","000000","999.9","  82.0","  59.9","  7.8"," 0.00","1018.4","999.9","001.5","  71.3","  6.2","  3.6"
"34504099999","48.6","34.9666666","143.0","2019-05-29","  57.1","000000","999.9","  82.4","  56.8"," 13.6"," 0.00","1016.8","999.9","999.9","  71.0","  6.2","  7.8"
"34504099999","48.6","34.9666666","143.0","2019-05-30","  58.7","000000","999.9","  85.6","  62.8"," 11.7"," 0.00","1017.2","999.9","000.4","  73.6","  6.2","  5.8"
"34504099999","48.6","34.9666666","143.0","2019-05-31","  57.9","000000","999.9","  90.0","  65.1","  7.8"," 0.00","1015.5","999.9","998.8","  78.0","  6.2","  5.8"
"34504099999","48.6","34.9666666","143.0","2019-06-01","  61.4","000010","999.9","  90.9","  66.2"," 13.6"," 0.00","1013.5","999.9","996.9","  78.2","  6.2","  6.8"
"34504099999","48.6","34.9666666","143.0","2019-06-02","  63.7","000000","999.9","  88.3","  64.6"," 13.6"," 0.00","1013.9","999.9","997.2","  76.3","  6.2","  9.5"
"34504099999","48.6","34.9666666","143.0","2019-06-03","  62.2","010010","999.9","  86.0","  66.4"," 13.6"," 0.00","1014.7","999.9","997.9","  72.7","  5.5","  9.0"
"34504099999","48.6","34.9666666","143.0","2019-06-04","  63.4","000000","999.9","  83.8","  63.5"," 11.7"," 0.63","1016.0","999.9","999.2","  71.8","  6.2","  7.8"
"34504099999","48.6","34.9666666","143.0","2019-06-05","  60.6","000000","999.9","  84.0","  63.5"," 13.6"," 0.00","1017.5","999.9","000.6","  71.8","  6.2","  9.2"
"34504099999","48.6","34.9666666","143.0","2019-06-06","  56.6","000000","999.9","  84.0","  59.2"," 11.7"," 0.00","1018.2","999.9","001.3","  71.8","  6.2","  7.8"
"34504099999","48.6","34.9666666","143.0","2019-06-07","  56.5","010110","999.9","  80.1","  58.3"," 13.6","99.99","1018.4","999.9","001.4","  68.7","  6.2","  6.9"
"34504099999","48.6","34.9666666","143.0","2019-06-08","  59.2","000000","999.9","  86.7","  61.0"," 11.7"," 0.00","1018.3","999.9","001.4","  73.5","  6.2","  8.0"
"34504099999","48.6","34.9666666","143.0","2019-06-09","  62.5","010010","999.9","  87.6","  64.9"," 11.7"," 0.15","1019.6","999.9","002.8","  73.9","  6.2","  7.8"
"34504099999","48.6","34.9666666","143.0","2019-06-10","  59.0","000000","999.9","  92.1","  63.1"," 11.7"," 0.00","1017.7","999.9","001.0","  77.3","  6.2","  8.7"
"34504099999","48.6","34.9666666","143.0","2019-06-11","  56.1","000000","999.9","  91.6","  65.5"," 13.6"," 0.00","1015.2","999.9","998.5","  78.5","  6.2"," 10.0"
"34504099999","48.6","34.9666666","143.0","2019-06-12","  54.6","000000","999.9","  93.0","  66.9"," 13.6"," 0.00","1012.5","999.9","995.9","  78.9","  6.2"," 10.7"
"34504099999","48.6","34.9666666","143.0","2019-06-13","  59.4","010010","999.9","  95.2","  69.1"," 15.5"," 0.03","1013.7","999.9","997.1","  77.7","  6.2"," 10.9"
"34504099999","48.6","34.9666666","143.0","2019-06-14","  61.6","000000","999.9","  90.0","  66.4"," 11.7"," 0.00","1017.5","999.9","000.8","  78.7","  6.2","  8.3"
"34504099999","48.6","34.9666666","143.0","2019-06-15","  58.1","000000","999.9","  90.9","  63.7","  5.8"," 0.00","1014.2","999.9","997.5","  78.0","  6.2","  3.9"
"34504099999","48.6","34.9666666","143.0","2019-06-16","  59.0","000000","999.9","  89.2","  66.7"," 11.7"," 0.00","1011.3","999.9","994.7","  78.1","  6.1","  8.9"
"34504099999","48.6","34.9666666","143.0","2019-06-17","  55.2","000000","999.9","  86.9","  63.9","  9.7"," 0.00","1014.4","999.9","997.6","  74.8","  6.2","  7.3"
"34504099999","48.6","34.9666666","143.0","2019-06-18","  59.4","000000","999.9","  90.3","  63.9","  7.8"," 0.00","1014.3","999.9","997.6","  77.7","  6.2","  5.5"
"34504099999","48.6","34.9666666","143.0","2019-06-19","  60.6","000000","999.9","  90.3","  68.4","  9.7"," 0.00","1012.8","999.9","996.2","  79.0","  6.2","  7.3"
"34504099999","48.6","34.9666666","143.0","2019-06-20","  55.5","000000","999.9","  92.5","  68.9"," 11.7"," 0.00","1013.2","999.9","996.6","  79.3","  6.2","  9.2"
"34504099999","48.6","34.9666666","143.0","2019-06-21","  53.3","000000","999.9","  94.3","  65.5","  9.7"," 0.00","1014.6","999.9","998.0","  80.1","  6.2","  8.0"
"34504099999","48.6","34.9666666","143.0","2019-06-22","  52.9","000000","999.9","  97.3","  67.5","  9.7"," 0.00","1015.1","999.9","998.6","  83.2","  6.2","  7.2"
"34504099999","48.6","34.9666666","143.0","2019-06-23","  58.3","000000","999.9","  84.7","  71.6"," 11.7"," 0.00","1014.9","999.9","998.2","  76.6","  6.2","  6.4"
"34504099999","48.6","34.9666666","143.0","2019-06-24","  61.3","010000","999.9","  81.9","  68.5"," 13.6"," 0.05","1015.0","999.9","998.3","  74.2","  6.2"," 10.0"
"34504099999","48.6","34.9666666","143.0","2019-06-25","  60.1","000000","999.9","  90.5","  70.0"," 15.5"," 0.00","1019.5","999.9","002.9","  78.9","  6.2"," 11.9"
"34504099999","48.6","34.9666666","143.0","2019-06-26","  47.2","000000","999.9","  85.1","  62.2"," 13.6"," 0.00","1022.3","999.9","005.4","  73.4","  6.2","  8.7"
"34504099999","48.6","34.9666666","143.0","2019-06-27","  52.1","000000","999.9","  88.3","  58.6","  9.7"," 0.00","1011.0","999.9","994.3","  76.1","  6.2","  5.8"
"34504099999","48.6","34.9666666","143.0","2019-06-28","  53.2","000000","999.9","  78.6","  59.5"," 19.4"," 0.00","1004.7","999.9","988.0","  69.3","  6.2"," 13.9"
"34504099999","48.6","34.9666666","143.0","2019-06-29","  45.6","010000","999.9","  75.2","  52.5"," 13.6"," 0.00","1009.8","999.9","992.7","  61.3","  6.2","  9.7"
"34504099999","48.6","34.9666666","143.0","2019-06-30","  46.4","000000","999.9","  78.1","  49.1"," 13.6"," 0.00","1013.3","999.9","996.2","  65.2","  6.2","  8.6"
"34504099999","48.6","34.9666666","143.0","2019-07-01","  53.0","000000","999.9","  90.0","  58.8","  9.7"," 0.00","1013.6","999.9","996.8","  75.9","  6.2","  6.3"
"34504099999","48.6","34.9666666","143.0","2019-07-02","  61.3","010010","999.9","  95.4","  65.5"," 11.7"," 0.16","1009.4","999.9","993.0","  79.5","  6.2","  9.4"
"34504099999","48.6","34.9666666","143.0","2019-07-03","  58.7","000000","999.9","  85.6","  62.4","  9.7"," 0.87","1012.0","999.9","995.3","  74.7","  6.2","  6.4"
"34504099999","48.6","34.9666666","143.0","2019-07-04","  49.6","000000","999.9","  78.3","  59.7"," 11.7"," 0.12","1016.0","999.9","999.0","  68.7","  6.2","  8.4"
"34504099999","48.6","34.9666666","143.0","2019-07-05","  46.6","000000","999.9","  78.8","  54.5","  9.7"," 0.00","1014.4","999.9","997.4","  68.0","  6.2","  5.0"
"34504099999","48.6","34.9666666","143.0","2019-07-06","  56.3","010010","999.9","  76.6","  60.6","  9.7"," 0.43","1009.0","999.9","992.1","  66.1","  6.2","  5.3"
"34504099999","48.6","34.9666666","143.0","2019-07-07","  54.5","000000","999.9","  81.5","  55.2","  9.7"," 0.00","1009.0","999.9","992.2","  70.5","  6.2","  6.8"
"34504099999","48.6","34.9666666","143.0","2019-07-08","  61.2","010000","999.9","  69.3","  61.3","  7.8"," 0.75","1005.7","999.9","988.8","  64.8","  5.2","  4.7"
"34504099999","48.6","34.9666666","143.0","2019-07-09","  51.4","000000","999.9","  72.9","  55.6"," 17.5"," 0.00","1009.0","999.9","991.9","  64.1","  6.1","  9.2"
"34504099999","48.6","34.9666666","143.0","2019-07-10","  49.4","000000","999.9","  74.3","  54.0"," 11.7"," 0.00","1006.6","999.9","989.6","  65.7","  6.2","  6.7"
"34504099999","48.6","34.9666666","143.0","2019-07-11","  52.9","000000","999.9","  74.3","  55.4","  9.7"," 0.00","1005.8","999.9","988.8","  64.3","  6.2","  5.1"
"34504099999","48.6","34.9666666","143.0","2019-07-12","  51.4","000000","999.9","  76.6","  53.2","  5.8"," 0.00","1007.5","999.9","990.6","  65.1","  6.2","  4.1"
"34504099999","48.6","34.9666666","143.0","2019-07-13","  51.6","000000","999.9","  79.3","  54.3","  9.7"," 0.00","1008.5","999.9","991.6","  66.9","  6.2","  5.8"
"34504099999","48.6","34.9666666","143.0","2019-07-14","  52.7","000000","999.9","  82.2","  56.3","  5.8"," 0.00","1008.8","999.9","992.0","  69.1","  6.2","  3.2"
"34504099999","48.6","34.9666666","143.0","2019-07-15","  53.5","010010","999.9","  84.6","  58.3","  7.8"," 0.00","1006.8","999.9","990.1","  71.8","  6.2","  4.2"
"34504099999","48.6","34.9666666","143.0","2019-07-16","  57.8","000000","999.9","  79.0","  61.7","  5.8"," 0.00","1006.6","999.9","989.8","  70.1","  6.2","  3.6"
"34504099999","48.6","34.9666666","143.0","2019-07-17","  53.7","000000","999.9","  81.0","  56.8","  7.8"," 0.00","1007.1","999.9","990.3","  69.2","  5.3","  4.2"
"34504099999","48.6","34.9666666","143.0","2019-07-18","  52.4","000000","999.9","  80.1","  59.2","  9.7"," 0.01","1010.1","999.9","993.3","  69.1","  6.2","  6.2"
"34504099999","48.6","34.9666666","143.0","2019-07-19","  52.9","000000","999.9","  81.1","  55.4","  9.7"," 0.00","1015.5","999.9","998.5","  68.4","  6.2","  6.1"
"34504099999","48.6","34.9666666","143.0","2019-07-20","  52.0","000000","999.9","  86.9","  57.9","  7.8"," 0.00","1018.8","999.9","001.9","  72.1","  6.2","  3.9"
"34504099999","48.6","34.9666666","143.0","2019-07-21","  54.7","010010","999.9","  88.7","  61.5"," 11.7"," 0.00","1018.2","999.9","001.3","  72.1","  6.2","  5.1"
"34504099999","48.6","34.9666666","143.0","2019-07-22","  56.3","000000","999.9","  90.3","  60.3","  9.7"," 0.00","1015.9","999.9","999.2","  76.8","  6.2","  5.8"
"34504099999","48.6","34.9666666","143.0","2019-07-23","  62.4","000000","999.9","  83.8","  65.8","  9.7"," 0.00","1011.6","999.9","994.9","  73.6","  6.2","  6.1"
"34504099999","48.6","34.9666666","143.0","2019-07-24","  55.4","000000","999.9","  84.6","  62.2","  9.7"," 0.00","1009.8","999.9","993.0","  72.1","  6.2","  6.6"
"34504099999","48.6","34.9666666","143.0","2019-07-25","  58.2","000010","999.9","  83.3","  58.8"," 11.7"," 0.00","1010.7","999.9","993.8","  69.5","  6.2","  6.4"
"34504099999","48.6","34.9666666","143.0","2019-07-26","  56.7","000000","999.9","  84.4","  59.9"," 11.7"," 0.00","1010.4","999.9","993.6","  71.4","  6.2","  7.5"
"34504099999","48.6","34.9666666","143.0","2019-07-27","  59.6","000000","999.9","  86.2","  59.9","  7.8"," 0.00","1009.6","999.9","992.9","  72.9","  6.2","  4.9"
"34504099999","48.6","34.9666666","143.0","2019-07-28","  59.8","000000","999.9","  91.2","  63.3","  9.7"," 0.00","1008.5","999.9","992.0","  76.9","  6.2","  7.1"
"34504099999","48.6","34.9666666","143.0","2019-07-29","  58.5","000000","999.9","  92.7","  64.2"," 11.7"," 0.00","1004.7","999.9","988.2","  78.4","  6.2","  5.8"
"34504099999","48.6","34.9666666","143.0","2019-07-30","  61.3","000000","999.9","  92.3","  66.4","  9.7"," 0.00","1002.8","999.9","986.3","  78.1","  6.2","  5.2"
"34504099999","48.6","34.9666666","143.0","2019-07-31","  58.9","010000","999.9","  83.8","  62.6"," 13.6"," 0.00","1004.3","999.9","987.6","  72.2","  6.2","  8.5"
"34504099999","48.6","34.9666666","143.0","2019-08-01","  47.3","000000","999.9","  73.8","  54.1","  9.7"," 0.00","1012.1","999.9","995.0","  62.9","  6.2","  7.8"
"34504099999","48.6","34.9666666","143.0","2019-08-02","  51.4","000000","999.9","  71.4","  54.9","  9.7"," 0.00","1010.5","999.9","993.4","  61.9","  6.2","  6.2"
"34504099999","48.6","34.9666666","143.0","2019-08-03","  53.4","000000","999.9","  82.4","  55.0","  9.7"," 0.00","1006.8","999.9","990.0","  68.8","  6.2","  5.6"
"34504099999","48.6","34.9666666","143.0","2019-08-04","  55.3","010000","999.9","  59.5","  54.0"," 17.5"," 1.89","1001.5","999.9","984.4","  57.2","  3.4"," 12.0"
"34504099999","48.6","34.9666666","143.0","2019-08-05","  50.3","010000","999.9","  69.6","  48.2","  7.8"," 0.24","1010.1","999.9","992.8","  57.5","  5.9","  5.2"
"34504099999","48.6","34.9666666","143.0","2019-08-06","  49.3","000000","999.9","  74.8","  49.3","  7.8"," 0.00","1014.3","999.9","997.1","  62.1","  6.2","  4.5"
"34504099999","48.6","34.9666666","143.0","2019-08-07","  53.7","000000","999.9","  81.1","  54.1","  9.7"," 0.00","1016.4","999.9","999.4","  69.5","  6.2","  7.1"
"34504099999","48.6","34.9666666","143.0","2019-08-08","  57.6","000000","999.9","  85.6","  62.6"," 13.6"," 0.00","1013.9","999.9","997.1","  74.8","  6.2","  9.2"
"34504099999","48.6","34.9666666","143.0","2019-08-09","  59.6","010010","999.9","  84.9","  62.1","  9.7"," 0.16","1012.1","999.9","995.2","  71.1","  5.8","  4.7"
"34504099999","48.6","34.9666666","143.0","2019-08-10","  56.3","000000","999.9","  80.8","  58.3"," 15.5"," 0.02","1012.7","999.9","995.8","  68.4","  5.8","  9.2"
"34504099999","48.6","34.9666666","143.0","2019-08-11","  56.1","000000","999.9","  81.7","  56.3","  7.8"," 0.00","1017.0","999.9","000.0","  69.8","  6.2","  5.1"
"34504099999","48.6","34.9666666","143.0","2019-08-12","  59.6","000000","999.9","  86.9","  62.2","  7.8"," 0.00","1018.0","999.9","001.2","  75.0","  6.2","  3.6"
"34504099999","48.6","34.9666666","143.0","2019-08-13","  56.4","000000","999.9","  87.3","  64.0","  9.7"," 0.00","1017.0","999.9","000.3","  76.6","  6.2","  6.3"
"34504099999","48.6","34.9666666","143.0","2019-08-14","  54.3","000000","999.9","  90.0","  64.0","  7.8"," 0.00","1013.4","999.9","996.7","  76.5","  6.2","  6.4"
"34504099999","48.6","34.9666666","143.0","2019-08-15","  51.5","010000","999.9","  88.9","  62.4"," 11.7","99.99","1008.5","999.9","991.9","  75.7","  6.2","  7.0"
"34504099999","48.6","34.9666666","143.0","2019-08-16","  59.3","000000","999.9","  86.7","  61.7","  9.7"," 0.00","1007.8","999.9","991.2","  74.0","  6.2","  7.1"
"34504099999","48.6","34.9666666","143.0","2019-08-17","  58.2","010000","999.9","  72.0","  61.2","  9.7"," 0.00","1009.8","999.9","992.8","  64.4","  6.2","  6.3"
"34504099999","48.6","34.9666666","143.0","2019-08-18","  57.5","000000","999.9","  72.0","  59.5","  9.7"," 0.00","1013.3","999.9","996.2","  64.4","  5.9","  5.5"
"34504099999","48.6","34.9666666","143.0","2019-08-19","  56.6","000000","999.9","  81.7","  57.6","  7.8"," 0.00","1018.3","999.9","001.4","  69.1","  6.0","  6.4"
"34504099999","48.6","34.9666666","143.0","2019-08-20","  57.7","000000","999.9","  88.7","  61.0","  7.8"," 0.00","1020.5","999.9","003.6","  74.0","  6.2","  6.6"
"34504099999","48.6","34.9666666","143.0","2019-08-21","  55.5","000000","999.9","  91.9","  63.7"," 17.5"," 0.00","1019.0","999.9","002.3","  76.7","  6.2"," 11.4"
"34504099999","48.6","34.9666666","143.0","2019-08-22","  60.3","000000","999.9","  91.6","  66.7"," 15.5"," 0.00","1017.2","999.9","000.5","  77.3","  6.2"," 11.7"
"34504099999","48.6","34.9666666","143.0","2019-08-23","  59.4","000000","999.9","  91.8","  69.6"," 13.6"," 0.00","1019.2","999.9","002.6","  79.4","  6.2"," 10.0"
"34504099999","48.6","34.9666666","143.0","2019-08-24","  59.7","000000","999.9","  92.7","  67.6"," 15.5"," 0.00","1020.4","999.9","003.6","  78.3","  6.2","  9.7"
"34504099999","48.6","34.9666666","143.0","2019-08-25","  51.1","000000","999.9","  90.0","  66.2"," 13.6"," 0.00","1021.5","999.9","004.6","  76.2","  6.2"," 10.2"
"34504099999","48.6","34.9666666","143.0","2019-08-26","  50.2","000000","999.9","  88.9","  63.0"," 11.7"," 0.00","1023.4","999.9","006.4","  74.2","  6.2","  9.5"
"34504099999","48.6","34.9666666","143.0","2019-08-27","  48.0","000000","999.9","  84.9","  58.6","  7.8"," 0.00","1021.1","999.9","004.1","  70.7","  6.2","  5.8"
"34504099999","48.6","34.9666666","143.0","2019-08-28","  49.8","000000","999.9","  83.7","  60.8"," 11.7"," 0.00","1021.0","999.9","004.0","  71.0","  6.2","  7.8"
"34504099999","48.6","34.9666666","143.0","2019-08-29","  39.9","000000","999.9","  77.7","  55.0"," 11.7"," 0.00","1023.6","999.9","006.3","  64.9","  6.2","  9.7"
"34504099999","48.6","34.9666666","143.0","2019-08-30","  40.9","000000","999.9","  80.2","  50.0","  7.8"," 0.00","1021.5","999.9","004.3","  65.4","  6.2","  6.1"
"34504099999","48.6","34.9666666","143.0","2019-08-31","  48.1","000000","999.9","  84.6","  58.5","  3.9"," 0.00","1019.1","999.9","002.1","  70.6","  6.2","  3.9"
"34504099999","48.6","34.9666666","143.0","2019-09-01","  49.2","000000","999.9","  86.4","  62.8","  3.9"," 0.00","1015.5","999.9","998.7","  73.7","  6.2","  2.9"
"34504099999","48.6","34.9666666","143.0","2019-09-02","  47.2","000000","999.9","  88.5","  59.9","  5.8"," 0.00","1014.3","999.9","997.5","  75.4","  6.2","  3.5"
"34504099999","48.6","34.9666666","143.0","2019-09-03","  50.0","000000","999.9","  90.1","  61.7","  7.8"," 0.00","1012.9","999.9","996.2","  75.5","  6.2","  4.2"
"34504099999","48.6","34.9666666","143.0","2019-09-04","  55.2","000010","999.9","  83.5","  61.2"," 11.7"," 0.00","1012.7","999.9","995.8","  69.4","  6.2","  8.3"
"34504099999","48.6","34.9666666","143.0","2019-09-05","  56.8","010010","999.9","  74.7","  59.5"," 13.6","99.99","1014.7","999.9","997.6","  65.4","  5.7","  6.6"
"34504099999","48.6","34.9666666","143.0","2019-09-06","  55.1","010000","999.9","  81.5","  59.7"," 11.7"," 0.24","1016.4","999.9","999.2","  63.9","  5.2","  5.8"
"34504099999","48.6","34.9666666","143.0","2019-09-07","  46.0","000000","999.9","  84.9","  56.3"," 11.7"," 0.00","1019.6","999.9","002.5","  69.1","  6.2","  8.5"
"34504099999","48.6","34.9666666","143.0","2019-09-08","  43.5","000000","999.9","  84.0","  55.8"," 11.7"," 0.00","1023.9","999.9","006.8","  68.7","  6.2","  8.0"
"34504099999","48.6","34.9666666","143.0","2019-09-09","  39.9","000000","999.9","  83.5","  55.0"," 17.5"," 0.00","1023.8","999.9","006.6","  68.1","  6.2"," 10.7"
"34504099999","48.6","34.9666666","143.0","2019-09-10","  38.5","000000","999.9","  81.7","  57.9"," 11.7"," 0.00","1023.7","999.9","006.5","  68.6","  6.2","  9.5"
"34504099999","48.6","34.9666666","143.0","2019-09-11","  38.6","000000","999.9","  83.7","  52.9"," 17.5"," 0.00","1026.7","999.9","009.4","  67.9","  6.2","  9.7"
"34504099999","48.6","34.9666666","143.0","2019-09-12","  41.7","000000","999.9","  84.6","  56.8"," 11.7"," 0.00","1026.5","999.9","009.3","  68.8","  6.2","  7.0"
"34504099999","48.6","34.9666666","143.0","2019-09-13","  40.7","000000","999.9","  82.2","  55.2","  5.8"," 0.00","1023.9","999.9","006.7","  67.9","  6.2","  4.2"
"34504099999","48.6","34.9666666","143.0","2019-09-14","  43.7","000000","999.9","  80.6","  52.7"," 15.5"," 0.00","1020.1","999.9","002.9","  65.5","  6.2","  8.7"
"34504099999","48.6","34.9666666","143.0","2019-09-15","  37.7","000000","999.9","  71.4","  46.4","  9.7"," 0.00","1022.6","999.9","005.1","  58.8","  6.2","  6.4"
"34504099999","48.6","34.9666666","143.0","2019-09-16","  39.4","000000","999.9","  79.5","  47.7"," 17.5"," 0.00","1013.1","999.9","996.0","  64.0","  6.2","  8.0"
"34504099999","48.6","34.9666666","143.0","2019-09-17","  47.8","010000","999.9","  62.2","  48.7","  5.8"," 0.04","1009.1","999.9","991.8","  55.9","  6.2","  2.9"
"34504099999","48.6","34.9666666","143.0","2019-09-18","  39.1","000000","999.9","  62.1","  47.1"," 13.6"," 0.12","1009.8","999.9","992.3","  52.2","  6.2","  7.8"
"34504099999","48.6","34.9666666","143.0","2019-09-19","  37.5","000000","999.9","  64.9","  40.1"," 13.6"," 0.00","1018.2","999.9","000.6","  51.1","  6.2","  8.0"
"34504099999","48.6","34.9666666","143.0","2019-09-20","  36.5","000000","999.9","  62.6","  39.7"," 11.7"," 0.00","1017.2","999.9","999.6","  50.7","  6.2","  6.4"
"34504099999","48.6","34.9666666","143.0","2019-09-21","  37.1","000000","999.9","  56.5","  41.5"," 11.7"," 0.00","1019.3","999.9","001.4","  46.4","  6.2","  7.5"
"34504099999","48.6","34.9666666","143.0","2019-09-22","  40.7","000000","999.9","  62.6","  41.4"," 17.5"," 0.00","1014.9","999.9","997.5","  54.6","  6.2","  9.7"
"34504099999","48.6","34.9666666","143.0","2019-09-23","  37.4","000000","999.9","  60.1","  41.2","  9.7"," 0.00","1017.5","999.9","999.8","  49.2","  6.2","  6.1"
"34504099999","48.6","34.9666666","143.0","2019-09-24","  29.3","000000","999.9","  60.4","  36.3","  7.8"," 0.00","1020.1","999.9","002.3","  48.1","  6.2","  4.9"
"34504099999","48.6","34.9666666","143.0","2019-09-25","  25.9","000000","999.9","  62.6","  39.4","  9.7"," 0.00","1018.9","999.9","001.2","  50.9","  6.2","  5.8"
"34504099999","48.6","34.9666666","143.0","2019-09-26","  28.1","000000","999.9","  64.2","  40.6","  9.7"," 0.00","1017.4","999.9","999.8","  52.8","  6.2","  5.8"
"34504099999","48.6","34.9666666","143.0","2019-09-27","  40.1","000000","999.9","  68.5","  48.6","  7.8"," 0.00","1014.9","999.9","997.6","  57.5","  6.2","  4.5"
"34504099999","48.6","34.9666666","143.0","2019-09-28","  42.8","000000","999.9","  69.4","  50.2","  5.8"," 0.00","1016.8","999.9","999.5","  57.7","  6.2","  3.5"
"34504099999","48.6","34.9666666","143.0","2019-09-29","  49.0","110000","999.9","  70.9","  46.9","  9.7"," 0.28","1013.3","999.9","995.9","  54.5","  5.0","  5.8"
"34504099999","48.6","34.9666666","143.0","2019-09-30","  51.0","100000","999.9","  72.1","  46.4"," 13.6"," 0.00","1009.9","999.9","992.7","  60.1","  4.2","  8.3"
"34504099999","48.6","34.9666666","143.0","2019-10-01","  49.6","010010","999.9","  63.1","  49.6"," 15.5"," 0.16","1008.2","999.9","991.0","  57.9","  6.2"," 11.2"
"34504099999","48.6","34.9666666","143.0","2019-10-02","  45.7","000000","999.9","  69.8","  44.4","  7.8"," 0.00","1015.3","999.9","997.9","  55.7","  6.2","  5.0"
"34504099999","48.6","34.9666666","143.0","2019-10-03","  49.3","000000","999.9","  77.4","  48.4","  9.7"," 0.00","1010.1","999.9","993.0","  61.8","  6.2","  6.3"
"34504099999","48.6","34.9666666","143.0","2019-10-04","  53.8","110010","999.9","  67.1","  51.3","  7.8"," 0.59","1007.8","999.9","990.6","  57.4","  3.6","  5.3"
"34504099999","48.6","34.9666666","143.0","2019-10-05","  48.7","010000","999.9","  53.1","  49.5"," 11.7"," 1.57","1004.5","999.9","987.1","  51.0","  6.2","  8.1"
"34504099999","48.6","34.9666666","143.0","2019-10-06","  40.6","000000","999.9","  51.1","  40.3"," 11.7"," 0.04","1007.7","999.9","990.0","  45.5","  6.2","  8.0"
"34504099999","48.6","34.9666666","143.0","2019-10-07","  37.8","010000","999.9","  49.6","  37.0","  7.8"," 0.51","1015.6","999.9","997.7","  41.6","  5.2","  5.8"
"34504099999","48.6","34.9666666","143.0","2019-10-08","  28.6","000000","999.9","  48.9","  31.5","  9.7"," 0.04","1023.1","999.9","004.9","  38.5","  6.2","  5.8"
"34504099999","48.6","34.9666666","143.0","2019-10-09","  32.9","000000","999.9","  53.1","  32.0"," 13.6"," 0.00","1023.2","999.9","005.3","  45.5","  6.2","  8.5"
"34504099999","48.6","34.9666666","143.0","2019-10-10","  46.4","000000","999.9","  64.9","  49.3"," 17.5"," 0.00","1016.3","999.9","999.0","  56.9","  6.2"," 10.0"
"34504099999","48.6","34.9666666","143.0","2019-10-11","  47.2","010000","999.9","  63.3","  47.8","  5.8"," 0.02","1018.5","999.9","000.9","  51.8","  5.7","  3.9"
"34504099999","48.6","34.9666666","143.0","2019-10-12","  41.5","000000","999.9","  62.8","  41.0"," 11.7"," 0.00","1024.8","999.9","007.1","  51.7","  5.5","  7.0"
"34504099999","48.6","34.9666666","143.0","2019-10-13","  50.4","000000","999.9","  70.0","  50.7"," 13.6"," 0.00","1023.4","999.9","006.0","  58.3","  5.8"," 10.0"
"34504099999","48.6","34.9666666","143.0","2019-10-14","  51.6","100000","999.9","  57.4","  49.3","  7.8"," 0.00","1024.3","999.9","006.7","  52.3","  1.2","  4.7"
"34504099999","48.6","34.9666666","143.0","2019-10-15","  50.7","100000","999.9","  66.6","  44.4","  5.8"," 0.00","1022.1","999.9","004.5","  52.9","  2.6","  4.7"
"34504099999","48.6","34.9666666","143.0","2019-10-16","  51.8","100000","999.9","  72.7","  46.2","  7.8"," 0.00","1022.2","999.9","004.8","  58.6","  4.1","  4.2"
"34504099999","48.6","34.9666666","143.0","2019-10-17","  49.5","000000","999.9","  71.8","  50.0","  7.8"," 0.00","1021.0","999.9","003.6","  59.8","  6.0","  5.0"
"34504099999","48.6","34.9666666","143.0","2019-10-18","  48.8","000000","999.9","  73.6","  46.9","  3.9"," 0.00","1019.1","999.9","001.8","  58.6","  5.8","  3.4"
"34504099999","48.6","34.9666666","143.0","2019-10-19","  49.1","000000","999.9","  71.6","  48.0","  1.9"," 0.00","1021.1","999.9","003.6","  58.3","  4.8","  1.9"
"34504099999","48.6","34.9666666","143.0","2019-10-20","  49.5","100000","999.9","  64.9","  48.2","  5.8"," 0.00","1024.2","999.9","006.7","  54.7","  4.3","  4.3"
"34504099999","48.6","34.9666666","143.0","2019-10-21","  50.4","100000","999.9","  53.1","  48.6","999.9"," 0.00","1025.6","999.9","007.9","  50.4","  0.0","999.9"
"34504099999","48.6","34.9666666","143.0","2019-10-22","  49.3","100000","999.9","  57.9","  48.7","  7.8"," 0.00","1025.2","999.9","007.4","  51.1","  1.0","  3.3"
"34504099999","48.6","34.9666666","143.0","2019-10-23","  48.6","100000","999.9","  52.9","  47.1","999.9"," 0.00","1023.7","999.9","006.0","  49.3","  0.6","999.9"
"34504099999","48.6","34.9666666","143.0","2019-10-24","  49.1","100000","999.9","  50.7","  48.2","  5.8"," 0.00","1022.0","999.9","004.3","  49.4","  0.4","  3.9"
"34504099999","48.6","34.9666666","143.0","2019-10-25","  48.5","100000","999.9","  56.5","  48.4","  7.8"," 0.00","1021.7","999.9","004.1","  52.1","  3.7","  5.3"
"34504099999","48.6","34.9666666","143.0","2019-10-26","  46.8","100000","999.9","  57.6","  45.0","  7.8"," 0.00","1022.8","999.9","005.1","  49.3","  2.0","  5.1"
"34504099999","48.6","34.9666666","143.0","2019-10-27","  44.5","100000","999.9","  47.3","  43.2"," 11.7"," 0.00","1020.5","999.9","002.6","  45.0","  1.0","  8.1"
"34504099999","48.6","34.9666666","143.0","2019-10-28","  45.9","100000","999.9","  50.0","  44.4","  9.7"," 0.00","1015.1","999.9","997.4","  48.6","  3.3","  6.1"
"34504099999","48.6","34.9666666","143.0","2019-10-29","  40.9","100000","999.9","  52.2","  43.5","  5.8"," 0.00","1016.4","999.9","998.7","  46.5","  5.4","  3.9"
"34504099999","48.6","34.9666666","143.0","2019-10-30","  29.0","000000","999.9","  47.8","  32.5"," 15.5"," 0.00","1020.7","999.9","002.7","  41.2","  6.2"," 10.2"
"34504099999","48.6","34.9666666","143.0","2019-10-31","  17.3","000000","999.9","  41.0","  24.6"," 11.7"," 0.00","1027.0","999.9","008.5","  31.8","  6.2","  5.8"
"34504099999","48.6","34.9666666","143.0","2019-11-01","  19.4","000000","999.9","  38.8","  23.4","  3.9"," 0.00","1026.4","999.9","007.9","  30.6","  6.2","  2.4"
"34504099999","48.6","34.9666666","143.0","2019-11-02","  23.6","000000","999.9","  45.1","  23.7","  9.7"," 0.00","1025.8","999.9","007.4","  33.6","  6.2","  5.8"
"34504099999","48.6","34.9666666","143.0","2019-11-03","  34.3","010000","999.9","  50.2","  31.1"," 11.7"," 0.00","1020.1","999.9","002.1","  41.5","  6.2"," 10.0"
"34504099999","48.6","34.9666666","143.0","2019-11-04","  47.5","000000","999.9","  61.7","  46.0"," 15.5"," 0.02","1012.1","999.9","994.8","  55.3","  6.2"," 12.5"
"34504099999","48.6","34.9666666","143.0","2019-11-05","  51.2","110000","999.9","  60.1","  53.2"," 17.5"," 0.53","1009.0","999.9","991.8","  56.5","  3.2"," 10.7"
"34504099999","48.6","34.9666666","143.0","2019-11-06","  53.4","100000","999.9","  64.2","  50.5"," 15.5"," 0.00","1009.2","999.9","992.0","  56.1","  3.5"," 10.7"
"34504099999","48.6","34.9666666","143.0","2019-11-07","  54.0","000000","999.9","  58.5","  55.4","  7.8"," 0.00","1011.4","999.9","994.1","  56.6","  5.1","  6.2"
"34504099999","48.6","34.9666666","143.0","2019-11-08","  53.5","000000","999.9","  61.7","  54.0"," 11.7"," 0.00","1017.0","999.9","999.6","  56.8","  3.5","  6.3"
"34504099999","48.6","34.9666666","143.0","2019-11-09","  49.0","010000","999.9","  58.6","  47.1"," 11.7"," 0.00","1022.3","999.9","004.7","  51.5","  2.3","  8.0"
"34504099999","48.6","34.9666666","143.0","2019-11-10","  45.9","100000","999.9","  56.5","  44.8"," 11.7"," 0.00","1021.9","999.9","004.2","  48.9","  4.0","  9.7"
"34504099999","48.6","34.9666666","143.0","2019-11-11","  45.1","100000","999.9","  50.0","  41.4","  9.7"," 0.00","1019.9","999.9","002.1","  46.3","  1.3","  6.7"
"34504099999","48.6","34.9666666","143.0","2019-11-12","  49.3","100000","999.9","  54.5","  46.6","  5.8"," 0.00","1025.5","999.9","007.7","  50.7","  1.5","  3.6"
"34504099999","48.6","34.9666666","143.0","2019-11-13","  44.2","000000","999.9","  50.2","  43.9"," 13.6"," 0.00","1026.1","999.9","008.2","  46.9","  3.8"," 11.4"
"34504099999","48.6","34.9666666","143.0","2019-11-14","  36.1","000000","999.9","  52.9","  39.6"," 17.5"," 0.00","1023.5","999.9","005.5","  44.4","  6.2"," 15.8"
"34504099999","48.6","34.9666666","143.0","2019-11-15","  34.1","000000","999.9","  53.4","  36.0"," 13.6"," 0.00","1024.2","999.9","006.2","  43.3","  6.2"," 11.2"
"34504099999","48.6","34.9666666","143.0","2019-11-16","  34.2","000000","999.9","  40.8","  35.1","  7.8"," 0.00","1028.6","999.9","010.3","  37.8","  5.5","  6.6"
"34504099999","48.6","34.9666666","143.0","2019-11-17","  33.3","100000","999.9","  37.9","  31.6","  9.7"," 0.00","1029.6","999.9","011.2","  34.6","  2.0","  8.3"
"34504099999","48.6","34.9666666","143.0","2019-11-18","  33.6","100000","999.9","  36.7","  30.0","  5.8"," 0.00","1027.7","999.9","009.3","  34.5","  0.8","  4.1"
"34504099999","48.6","34.9666666","143.0","2019-11-19","  33.8","100000","999.9","  38.1","  34.7","  7.8"," 0.00","1029.2","999.9","010.8","  36.3","  2.0","  6.1"
"34504099999","48.6","34.9666666","143.0","2019-11-20","  32.2","000000","999.9","  36.0","  32.5"," 13.6"," 0.02","1031.4","999.9","013.0","  34.9","  3.9","  9.4"
"34504099999","48.6","34.9666666","143.0","2019-11-21","  11.8","000000","999.9","  29.8","  15.4"," 21.4"," 0.00","1038.8","999.9","019.8","  23.0","  6.2"," 18.6"
"34504099999","48.6","34.9666666","143.0","2019-11-22","   5.1","000000","999.9","  29.7","  10.9"," 19.4"," 0.00","1038.0","999.9","018.9","  19.6","  6.2"," 17.5"
"34504099999","48.6","34.9666666","143.0","2019-11-23","   4.8","000000","999.9","  34.3","  14.2"," 17.5"," 0.00","1033.7","999.9","014.7","  22.9","  6.2"," 14.8"
"34504099999","48.6","34.9666666","143.0","2019-11-24","  14.7","000000","999.9","  37.9","  18.1"," 13.6"," 0.00","1030.2","999.9","011.4","  25.5","  6.2"," 10.9"
"34504099999","48.6","34.9666666","143.0","2019-11-25","  20.3","000000","999.9","  38.8","  20.3"," 11.7"," 0.00","1025.2","999.9","006.6","  28.6","  6.2","  9.7"
"34504099999","48.6","34.9666666","143.0","2019-11-26","  27.0","000000","999.9","  42.3","  27.9"," 13.6"," 0.00","1018.8","999.9","000.5","  33.5","  6.2"," 10.9"
"34504099999","48.6","34.9666666","143.0","2019-11-27","  30.8","010000","999.9","  36.9","  33.1"," 11.7"," 0.12","1012.3","999.9","994.2","  34.6","  4.2","  9.2"
"34504099999","48.6","34.9666666","143.0","2019-11-28","  34.6","100000","999.9","  36.5","  33.6","  5.8"," 0.08","1013.9","999.9","995.8","  35.3","  0.6","  3.9"
"34504099999","48.6","34.9666666","143.0","2019-11-29","  42.1","110000","999.9","  48.9","  35.1"," 11.7"," 0.27","1007.0","999.9","989.3","  43.0","  1.0","  9.4"
"34504099999","48.6","34.9666666","143.0","2019-11-30","  37.6","100000","999.9","  42.3","  34.0"," 11.7"," 0.16","1008.1","999.9","990.2","  38.0","  1.6","  8.6"
"34504099999","48.6","34.9666666","143.0","2019-12-01","  25.6","000000","999.9","  36.3","  28.8"," 13.6"," 0.00","1019.2","999.9","000.9","  31.2","  6.2"," 10.0"
"34504099999","48.6","34.9666666","143.0","2019-12-02","  24.6","000000","999.9","  35.8","  23.0","  9.7"," 0.00","1024.8","999.9","006.3","  29.0","  6.2","  6.1"
"34504099999","48.6","34.9666666","143.0","2019-12-03","  28.7","001000","999.9","  31.6","  29.5"," 11.7"," 0.33","1015.1","  3.9","996.8","  30.6","  4.6","  8.9"
"34504099999","48.6","34.9666666","143.0","2019-12-04","  20.4","001000","999.9","  30.6","  18.5","  7.8"," 0.03","1027.3","  3.1","008.5","  24.3","  6.2","  6.4"
"34504099999","48.6","34.9666666","143.0","2019-12-05","  24.8","100000","999.9","  31.8","  17.1"," 11.7"," 0.00","1026.9","  2.8","008.3","  28.0","  5.1","  9.0"
"34504099999","48.6","34.9666666","143.0","2019-12-06","  29.2","100000","999.9","  37.9","  24.1"," 11.7"," 0.00","1025.0","  2.4","006.6","  32.5","  5.1","  9.0"
"34504099999","48.6","34.9666666","143.0","2019-12-07","  35.4","000000","999.9","  42.1","  34.5"," 13.6"," 0.00","1018.3","  0.4","000.2","  38.8","  6.2"," 10.4"
"34504099999","48.6","34.9666666","143.0","2019-12-08","  35.9","110000","999.9","  41.7","  34.3","  7.8"," 0.02","1015.2","999.9","997.1","  37.6","  2.8","  4.7"
"34504099999","48.6","34.9666666","143.0","2019-12-09","  34.7","100000","999.9","  38.3","  30.4","  7.8"," 0.00","1017.6","999.9","999.4","  34.9","  0.4","  6.3"
"34504099999","48.6","34.9666666","143.0","2019-12-10","  34.8","100000","999.9","  36.1","  33.4","  5.8"," 0.00","1019.7","999.9","001.5","  34.8","  0.0","  4.2"
"34504099999","48.6","34.9666666","143.0","2019-12-11","  36.5","100000","999.9","  37.9","  35.4","999.9"," 0.00","1022.1","999.9","003.9","  36.6","  0.2","999.9"
"34504099999","48.6","34.9666666","143.0","2019-12-12","  31.8","100000","999.9","  33.6","  30.7"," 11.7"," 0.00","1020.2","999.9","001.9","  32.4","  2.1"," 10.2"
"34504099999","48.6","34.9666666","143.0","2019-12-13","  29.4","000000","999.9","  34.0","  29.8"," 15.5"," 0.00","1013.3","999.9","995.1","  31.9","  6.0"," 13.1"
"34504099999","48.6","34.9666666","143.0","2019-12-14","  35.3","010000","999.9","  40.3","  33.4"," 15.5"," 0.12","1010.0","999.9","992.0","  37.2","  4.6"," 10.2"
"34504099999","48.6","34.9666666","143.0","2019-12-15","  38.4","110000","999.9","  43.5","  34.5"," 13.6"," 0.12","1013.0","999.9","995.0","  39.2","  2.2","  8.3"
"34504099999","48.6","34.9666666","143.0","2019-12-16","  36.6","100000","999.9","  45.9","  30.2"," 13.6"," 0.00","1021.6","999.9","003.4","  38.1","  4.0","  5.8"
"34504099999","48.6","34.9666666","143.0","2019-12-17","  39.8","100000","999.9","  44.6","  33.8","  9.7"," 0.00","1022.8","999.9","004.8","  40.8","  2.8","  6.7"
"34504099999","48.6","34.9666666","143.0","2019-12-18","  41.2","100000","999.9","  44.8","  39.9"," 13.6"," 0.00","1021.8","999.9","003.8","  42.4","  1.5","  9.2"
"34504099999","48.6","34.9666666","143.0","2019-12-19","  39.0","100000","999.9","  52.0","  37.6"," 13.6"," 0.00","1024.8","999.9","006.8","  42.2","  4.0","  8.5"
"34504099999","48.6","34.9666666","143.0","2019-12-20","  30.2","100000","999.9","  39.4","  24.3","  7.8"," 0.00","1025.9","999.9","007.4","  32.0","  2.9","  6.2"
"34504099999","48.6","34.9666666","143.0","2019-12-21","  38.9","100000","999.9","  44.4","  31.8"," 11.7"," 0.00","1014.0","999.9","996.0","  39.0","  0.3","  7.5"
"34504099999","48.6","34.9666666","143.0","2019-12-22","  46.3","100000","999.9","  50.7","  43.0"," 13.6"," 0.04","1005.5","999.9","988.0","  48.4","  4.0"," 10.8"
"34504099999","48.6","34.9666666","143.0","2019-12-23","  43.0","010000","999.9","  50.0","  44.8"," 13.6"," 0.04","1003.2","999.9","985.8","  47.5","  6.2"," 10.9"
"34504099999","48.6","34.9666666","143.0","2019-12-24","  38.4","010000","999.9","  45.0","  40.5"," 13.6","99.99","1004.6","999.9","986.9","  42.4","  6.2"," 10.7"
"34504099999","48.6","34.9666666","143.0","2019-12-25","  37.1","010000","999.9","  41.5","  38.5"," 15.5"," 0.28","1004.5","999.9","986.7","  39.5","  3.8"," 10.8"
"34504099999","48.6","34.9666666","143.0","2019-12-26","  38.7","100000","999.9","  39.9","  37.6","  5.8"," 0.02","1006.6","999.9","988.8","  38.9","  0.2","  3.2"
"34504099999","48.6","34.9666666","143.0","2019-12-27","  36.9","100000","999.9","  40.8","  37.2","  5.8"," 0.02","1009.0","999.9","991.1","  38.3","  4.0","  4.5"
"34504099999","48.6","34.9666666","143.0","2019-12-28","  33.1","010000","999.9","  37.9","  31.1","  5.8"," 0.09","1015.6","999.9","997.4","  35.0","  4.6","  3.1"
"34504099999","48.6","34.9666666","143.0","2019-12-29","  31.0","010000","999.9","  37.2","  30.0"," 13.6"," 0.01","1025.9","999.9","007.4","  33.2","  4.6","  7.5"
"34504099999","48.6","34.9666666","143.0","2019-12-30","  24.7","001000","999.9","  30.4","  25.5"," 11.7"," 0.01","1030.6","999.9","011.9","  27.6","  4.1","  6.7"
"34504099999","48.6","34.9666666","143.0","2019-12-31","  26.7","011000","999.9","  35.2","  25.5"," 17.5","99.99","1014.1","999.9","995.8","  31.1","  5.7"," 12.9"
"34504099999","48.6","34.9666666","143.0","2020-01-01","  30.7","010000","999.9","  35.8","  32.2"," 13.6"," 0.24","1015.1","  0.4","996.9","  33.6","  5.4"," 11.0"
"34504099999","48.6","34.9666666","143.0","2020-01-02","  24.5","000000","999.9","  35.1","  23.7","  9.7"," 0.00","1025.1","999.9","006.6","  29.9","  6.2","  7.3"
"34504099999","48.6","34.9666666","143.0","2020-01-03","  27.1","000000","999.9","  34.5","  29.7","  7.8"," 0.00","1021.0","999.9","002.7","  31.5","  5.8","  5.8"
"34504099999","48.6","34.9666666","143.0","2020-01-04","  31.1","101000","999.9","  35.6","  29.5"," 11.7","99.99","1014.2","999.9","995.9","  32.8","  3.0","  8.3"
"34504099999","48.6","34.9666666","143.0","2020-01-05","  31.0","110000","999.9","  34.9","  30.4","  7.8"," 0.04","1014.9","  2.0","996.7","  32.3","  2.4","  4.9"
"34504099999","48.6","34.9666666","143.0","2020-01-06","  27.0","000000","999.9","  37.0","  28.4"," 11.7"," 0.00","1024.7","999.9","006.3","  32.4","  5.8"," 10.7"
"34504099999","48.6","34.9666666","143.0","2020-01-07","  21.0","000000","999.9","  33.3","  24.6"," 13.6"," 0.00","1026.2","999.9","007.6","  28.0","  6.2"," 11.7"
"34504099999","48.6","34.9666666","143.0","2020-01-08","  18.2","000000","999.9","  32.0","  20.5"," 11.7"," 0.00","1028.1","999.9","009.3","  25.3","  6.2","  9.0"
"34504099999","48.6","34.9666666","143.0","2020-01-09","  21.8","001000","999.9","  32.0","  17.2","  7.8","99.99","1024.4","999.9","005.7","  26.4","  5.4","  4.9"
"34504099999","48.6","34.9666666","143.0","2020-01-10","  30.8","101000","999.9","  34.0","  29.3","  3.9"," 0.02","1022.0","  0.4","003.6","  31.8","  1.0","  2.9"
"34504099999","48.6","34.9666666","143.0","2020-01-11","  34.4","110000","999.9","  37.9","  31.6","  9.7"," 0.05","1017.4","999.9","999.2","  35.1","  0.9","  7.5"
"34504099999","48.6","34.9666666","143.0","2020-01-12","  24.9","000000","999.9","  33.3","  26.1"," 17.5"," 0.04","1024.0","999.9","005.5","  30.7","  5.9"," 10.3"
"34504099999","48.6","34.9666666","143.0","2020-01-13","  26.6","000000","999.9","  40.5","  23.4"," 11.7"," 0.00","1022.7","999.9","004.3","  30.9","  6.2","  8.4"
"34504099999","48.6","34.9666666","143.0","2020-01-14","  30.6","000000","999.9","  36.9","  31.6","  3.9"," 0.00","1026.4","999.9","008.0","  33.9","  4.7","  2.9"
"34504099999","48.6","34.9666666","143.0","2020-01-15","  29.5","100000","999.9","  38.1","  28.0","  5.8"," 0.00","1034.1","999.9","015.5","  32.6","  4.2","  3.6"
"34504099999","48.6","34.9666666","143.0","2020-01-16","  27.8","100000","999.9","  36.9","  24.8","  9.7"," 0.00","1034.3","999.9","015.6","  30.6","  4.2","  5.3"
"34504099999","48.6","34.9666666","143.0","2020-01-17","  29.3","100000","999.9","  34.7","  28.2","  7.8"," 0.00","1030.8","999.9","012.3","  31.3","  3.3","  6.8"
"34504099999","48.6","34.9666666","143.0","2020-01-18","  27.5","100000","999.9","  30.0","  25.0","  7.8"," 0.00","1031.7","999.9","013.0","  28.1","  1.1","  3.9"
"34504099999","48.6","34.9666666","143.0","2020-01-19","  26.6","110000","999.9","  27.5","  25.5","  3.9","99.99","1032.1","999.9","013.3","  26.8","  0.3","  3.2"
"34504099999","48.6","34.9666666","143.0","2020-01-20","  25.4","001000","999.9","  30.2","  24.1","  5.8"," 0.01","1035.2","999.9","016.4","  27.3","  3.3","  4.7"
"34504099999","48.6","34.9666666","143.0","2020-01-21","  28.0","000000","999.9","  33.6","  29.5"," 11.7"," 0.00","1027.4","  0.4","008.9","  31.7","  5.5"," 10.0"
"34504099999","48.6","34.9666666","143.0","2020-01-22","  30.9","010000","999.9","  36.1","  32.4"," 11.7"," 0.02","1012.8","999.9","994.7","  34.6","  5.3","  9.4"
"34504099999","48.6","34.9666666","143.0","2020-01-23","  23.1","000000","999.9","  36.5","  29.5"," 17.5"," 0.02","1015.7","999.9","997.5","  32.3","  6.2"," 14.4"
"34504099999","48.6","34.9666666","143.0","2020-01-24","  22.0","000000","999.9","  35.4","  22.1"," 11.7"," 0.00","1022.3","999.9","003.8","  30.2","  6.2","  9.0"
"34504099999","48.6","34.9666666","143.0","2020-01-25","  25.4","000000","999.9","  38.7","  25.7"," 11.7"," 0.00","1015.9","999.9","997.6","  32.2","  6.2","  8.0"
"34504099999","48.6","34.9666666","143.0","2020-01-26","  28.6","000000","999.9","  42.4","  31.6","  9.7"," 0.00","1021.7","999.9","003.4","  35.0","  5.3","  6.4"
"34504099999","48.6","34.9666666","143.0","2020-01-27","  27.7","100000","999.9","  33.3","  26.4","  9.7"," 0.00","1020.5","999.9","002.1","  30.0","  2.5","  4.5"
"34504099999","48.6","34.9666666","143.0","2020-01-28","  30.0","110000","999.9","  36.5","  24.8","  7.8"," 0.31","1013.7","999.9","995.4","  31.1","  1.3","  4.2"
"34504099999","48.6","34.9666666","143.0","2020-01-29","  37.6","110000","999.9","  42.1","  35.6"," 17.5"," 0.16","1003.4","999.9","985.6","  39.0","  2.2","  8.7"
"34504099999","48.6","34.9666666","143.0","2020-01-30","  30.0","000000","999.9","  41.4","  32.0"," 17.5"," 0.02","1006.7","999.9","988.8","  36.1","  6.2"," 13.6"
"34504099999","48.6","34.9666666","143.0","2020-01-31","  29.3","000000","999.9","  42.4","  30.7"," 11.7"," 0.00","1009.0","999.9","991.0","  36.0","  6.0","  8.3"
"34504099999","48.6","34.9666666","143.0","2020-02-01","  32.5","100000","999.9","  38.3","  32.0"," 11.7"," 0.04","1007.8","999.9","989.8","  35.1","  4.5","  8.9"
"34504099999","48.6","34.9666666","143.0","2020-02-02","  39.2","010000","999.9","  53.8","  33.1"," 13.6"," 0.00","1006.1","999.9","988.4","  43.4","  6.1","  8.7"
"34504099999","48.6","34.9666666","143.0","2020-02-03","  34.8","010000","999.9","  43.9","  31.8"," 11.7"," 0.31","1000.6","999.9","982.9","  38.2","  5.9","  8.3"
"34504099999","48.6","34.9666666","143.0","2020-02-04","  27.4","000000","999.9","  41.9","  29.5"," 15.5"," 0.00","1004.1","999.9","986.1","  34.0","  6.2","  8.3"
"34504099999","48.6","34.9666666","143.0","2020-02-05","  30.9","011000","999.9","  35.2","  30.9"," 19.4"," 0.87","1002.8","999.9","984.8","  33.3","  3.1"," 13.6"
"34504099999","48.6","34.9666666","143.0","2020-02-06","  20.7","001000","999.9","  28.2","  20.5"," 13.6"," 0.51","1009.7","  6.3","991.3","  23.9","  6.2","  9.2"
"34504099999","48.6","34.9666666","143.0","2020-02-07","  16.4","001000","999.9","  27.0","  15.3"," 13.6"," 0.13","1010.7","  6.7","992.1","  20.5","  5.4","  9.7"
"34504099999","48.6","34.9666666","143.0","2020-02-08","  10.0","000000","999.9","  24.3","  11.5"," 11.7"," 0.00","1023.0","  5.9","003.9","  16.1","  6.2","  8.7"
"34504099999","48.6","34.9666666","143.0","2020-02-09","   6.4","000000","999.9","  24.3","   5.0","  5.8"," 0.00","1032.1","  5.9","012.8","  12.9","  6.2","  3.9"
"34504099999","48.6","34.9666666","143.0","2020-02-10","  14.0","000000","999.9","  28.2","   7.9"," 19.4"," 0.00","1024.3","  5.9","005.4","  20.0","  6.2"," 13.8"
"34504099999","48.6","34.9666666","143.0","2020-02-11","  28.6","111000","999.9","  32.5","  24.3"," 19.4"," 0.11","1004.6","  6.3","986.5","  31.5","  2.5"," 15.3"
"34504099999","48.6","34.9666666","143.0","2020-02-12","  31.8","011000","999.9","  34.2","  31.3"," 15.5"," 0.39","1001.2","  7.5","983.2","  32.5","  2.8"," 10.0"
"34504099999","48.6","34.9666666","143.0","2020-02-13","  29.8","010000","999.9","  36.9","  30.4"," 11.7"," 0.00","1014.7","  7.5","996.6","  33.5","  6.2","  8.6"
"34504099999","48.6","34.9666666","143.0","2020-02-14","  27.1","000000","999.9","  39.4","  28.2","  7.8"," 0.00","1025.1","  5.9","006.7","  33.6","  6.2","  5.8"
"34504099999","48.6","34.9666666","143.0","2020-02-15","  27.6","000000","999.9","  43.5","  26.4","  7.8"," 0.00","1028.6","  5.1","010.2","  34.1","  6.2","  5.3"
"34504099999","48.6","34.9666666","143.0","2020-02-16","  25.3","000000","999.9","  42.8","  26.6","  5.8"," 0.00","1034.5","  4.7","016.0","  32.9","  6.2","  4.2"
"34504099999","48.6","34.9666666","143.0","2020-02-17","  27.3","000000","999.9","  41.7","  26.4"," 13.6"," 0.00","1030.2","  4.3","011.7","  34.4","  6.2","  9.5"
"34504099999","48.6","34.9666666","143.0","2020-02-18","  32.8","110000","999.9","  41.9","  30.7"," 11.7","99.99","1021.2","  3.9","002.9","  35.6","  5.0","  9.5"
"34504099999","48.6","34.9666666","143.0","2020-02-19","  34.9","100000","999.9","  50.4","  32.2","  5.8"," 0.00","1018.4","  2.0","000.4","  40.1","  3.5","  4.2"
"34504099999","48.6","34.9666666","143.0","2020-02-20","  30.3","100000","999.9","  38.3","  30.6","  9.7"," 0.00","1021.0","  0.4","002.7","  33.9","  3.7","  6.3"
"34504099999","48.6","34.9666666","143.0","2020-02-21","  28.6","000000","999.9","  39.7","  31.1"," 11.7"," 0.00","1022.0","999.9","003.8","  35.3","  6.1","  9.0"
"34504099999","48.6","34.9666666","143.0","2020-02-22","  30.6","010000","999.9","  36.1","  32.9"," 11.7"," 0.02","1024.6","999.9","006.2","  34.1","  5.7","  8.2"
"34504099999","48.6","34.9666666","143.0","2020-02-23","  30.7","000000","999.9","  40.8","  27.9"," 15.5"," 0.00","1016.0","999.9","997.9","  35.6","  5.2"," 10.2"
"34504099999","48.6","34.9666666","143.0","2020-02-24","  34.1","010000","999.9","  44.1","  33.3"," 27.2"," 0.28"," 996.4","999.9","978.7","  36.8","  5.3"," 19.7"
"34504099999","48.6","34.9666666","143.0","2020-02-25","  27.8","000000","999.9","  45.0","  31.8"," 17.5"," 0.00","1011.1","999.9","993.1","  37.9","  6.2"," 11.9"
"34504099999","48.6","34.9666666","143.0","2020-02-26","  33.9","000000","999.9","  53.8","  34.5"," 19.4"," 0.00","1003.9","999.9","986.3","  42.2","  6.2"," 13.4"
"34504099999","48.6","34.9666666","143.0","2020-02-27","  41.2","010000","999.9","  57.7","  36.5"," 13.6","99.99"," 998.5","999.9","981.0","  46.3","  5.8","  8.7"
"34504099999","48.6","34.9666666","143.0","2020-02-28","  29.9","010000","999.9","  45.1","  32.5"," 21.4"," 0.67","1005.6","999.9","987.6","  35.9","  5.1"," 14.6"
"34504099999","48.6","34.9666666","143.0","2020-02-29","  27.8","000000","999.9","  46.4","  30.4","  3.9"," 0.00","1016.0","999.9","997.8","  36.7","  6.2","  2.4"
"34504099999","48.6","34.9666666","143.0","2020-03-01","  27.3","000000","999.9","  47.7","  27.1"," 11.7"," 0.00","1021.3","999.9","003.1","  37.3","  6.1","  7.8"
"34504099999","48.6","34.9666666","143.0","2020-03-02","  32.1","000000","999.9","  46.0","  31.1"," 13.6"," 0.00","1017.1","999.9","999.1","  38.8","  6.2","  9.7"
"34504099999","48.6","34.9666666","143.0","2020-03-03","  40.0","000000","999.9","  52.2","  39.0","  9.7"," 0.02","1013.2","999.9","995.5","  45.6","  6.1","  7.2"
"34504099999","48.6","34.9666666","143.0","2020-03-04","  41.7","000000","999.9","  67.8","  39.7"," 11.7"," 0.00","1012.9","999.9","995.4","  52.8","  6.2","  7.5"
"34504099999","48.6","34.9666666","143.0","2020-03-05","  35.1","000000","999.9","  71.1","  44.4"," 13.6"," 0.00","1010.0","999.9","992.7","  56.2","  6.2"," 10.0"
"34504099999","48.6","34.9666666","143.0","2020-03-06","  39.0","000000","999.9","  61.0","  44.1"," 13.6"," 0.00","1008.6","999.9","991.2","  51.1","  6.2","  8.3"
"34504099999","48.6","34.9666666","143.0","2020-03-07","  41.2","100000","999.9","  58.3","  40.5"," 11.7"," 0.00","1013.7","999.9","996.0","  46.0","  4.9","  8.0"
"34504099999","48.6","34.9666666","143.0","2020-03-08","  40.6","000000","999.9","  64.8","  40.5"," 13.6"," 0.00","1018.9","999.9","001.2","  52.0","  6.2","  8.7"
"34504099999","48.6","34.9666666","143.0","2020-03-09","  39.4","000000","999.9","  72.5","  44.2"," 11.7"," 0.00","1016.3","999.9","998.8","  55.2","  6.2","  6.8"
"34504099999","48.6","34.9666666","143.0","2020-03-10","  40.1","000000","999.9","  71.2","  44.8"," 11.7"," 0.00","1007.7","999.9","990.4","  55.9","  6.2","  8.7"
"34504099999","48.6","34.9666666","143.0","2020-03-11","  42.1","010000","999.9","  53.4","  44.2","  9.7"," 0.06","1007.2","999.9","989.6","  47.8","  5.5","  7.5"
"34504099999","48.6","34.9666666","143.0","2020-03-12","  31.6","000000","999.9","  58.8","  43.2"," 17.5"," 0.02","1014.6","999.9","997.0","  50.0","  6.2"," 12.8"
"34504099999","48.6","34.9666666","143.0","2020-03-13","  37.2","000000","999.9","  64.8","  43.3"," 13.6"," 0.00","1010.5","999.9","993.0","  50.5","  6.2","  9.7"
"34504099999","48.6","34.9666666","143.0","2020-03-14","  27.7","010000","999.9","  54.0","  34.7"," 17.5","99.99","1012.8","999.9","994.9","  41.1","  5.7"," 13.6"
"34504099999","48.6","34.9666666","143.0","2020-03-15","  16.7","000000","999.9","  38.7","  26.1"," 15.5"," 0.00","1022.2","999.9","003.8","  30.9","  6.2"," 10.3"
"34504099999","48.6","34.9666666","143.0","2020-03-16","  15.2","000000","999.9","  41.9","  26.4","  9.7"," 0.00","1030.5","999.9","012.0","  32.4","  6.2","  7.1"
"34504099999","48.6","34.9666666","143.0","2020-03-17","  17.7","000000","999.9","  46.9","  23.4"," 11.7"," 0.00","1030.9","999.9","012.5","  35.4","  6.2","  5.3"
"34504099999","48.6","34.9666666","143.0","2020-03-18","  21.0","000000","999.9","  51.8","  26.8","  7.8"," 0.00","1031.0","999.9","012.7","  39.4","  6.2","  4.6"
"34504099999","48.6","34.9666666","143.0","2020-03-19","  23.1","000000","999.9","  57.6","  28.4","  5.8"," 0.00","1022.3","999.9","004.4","  43.5","  6.2","  3.9"
"34504099999","48.6","34.9666666","143.0","2020-03-20","  25.8","000000","999.9","  58.3","  37.4"," 13.6"," 0.00","1018.1","999.9","000.3","  47.3","  6.2","  7.8"
"34504099999","48.6","34.9666666","143.0","2020-03-21","  26.9","010000","999.9","  56.1","  37.4"," 11.7"," 0.00","1016.2","999.9","998.4","  45.8","  6.2","  6.5"
"34504099999","48.6","34.9666666","143.0","2020-03-22","  31.1","010000","999.9","  37.4","  29.5"," 17.5"," 0.59","1016.9","999.9","998.7","  34.4","  5.5"," 13.6"
"34504099999","48.6","34.9666666","143.0","2020-03-23","  19.9","000000","999.9","  37.0","  27.3"," 17.5"," 0.00","1028.1","999.9","009.6","  31.3","  6.2"," 14.2"
"34504099999","48.6","34.9666666","143.0","2020-03-24","  16.8","000000","999.9","  40.5","  24.3"," 17.5"," 0.00","1031.5","999.9","012.9","  31.9","  6.2"," 14.1"
"34504099999","48.6","34.9666666","143.0","2020-03-25","  16.7","000000","999.9","  48.6","  26.6"," 21.4"," 0.00","1033.4","999.9","014.9","  37.2","  6.2"," 15.3"
"34504099999","48.6","34.9666666","143.0","2020-03-26","  23.0","000000","999.9","  57.2","  30.7"," 17.5"," 0.00","1031.9","999.9","013.7","  44.1","  6.2"," 14.3"
"34504099999","48.6","34.9666666","143.0","2020-03-27","  25.7","000000","999.9","  65.5","  38.7"," 17.5"," 0.00","1023.9","999.9","006.1","  51.0","  6.2"," 15.1"
"34504099999","48.6","34.9666666","143.0","2020-03-28","  20.3","000000","999.9","  65.8","  41.7"," 15.5"," 0.00","1014.1","999.9","996.5","  52.3","  6.2"," 13.1"
"34504099999","48.6","34.9666666","143.0","2020-03-29","  28.5","000000","999.9","  55.6","  41.5"," 11.7"," 0.00","1005.4","999.9","987.9","  49.3","  6.2","  7.5"
"34504099999","48.6","34.9666666","143.0","2020-03-30","  33.4","000000","999.9","  65.5","  40.5"," 15.5"," 0.00","1003.9","999.9","986.5","  51.4","  6.2","  7.8"
"34504099999","48.6","34.9666666","143.0","2020-03-31","  21.9","000000","999.9","  43.7","  28.9"," 15.5"," 0.00","1016.0","999.9","997.8","  35.4","  6.2"," 13.1"
"34504099999","48.6","34.9666666","143.0","2020-04-01","  12.1","000000","999.9","  46.8","  21.2","  9.7"," 0.00","1019.5","999.9","001.2","  34.8","  6.2","  6.7"
"34504099999","48.6","34.9666666","143.0","2020-04-02","  13.9","000000","999.9","  53.8","  26.2"," 13.6"," 0.00","1015.7","999.9","997.7","  39.3","  6.2","  7.3"
"34504099999","48.6","34.9666666","143.0","2020-04-03","  15.5","000000","999.9","  57.9","  27.9","  9.7"," 0.00","1015.2","999.9","997.3","  43.6","  6.2","  5.6"
"34504099999","48.6","34.9666666","143.0","2020-04-04","  21.6","000000","999.9","  62.4","  28.9"," 13.6"," 0.00","1020.5","999.9","002.6","  46.5","  6.2","  8.0"
"34504099999","48.6","34.9666666","143.0","2020-04-05","  14.9","000000","999.9","  57.6","  36.3"," 15.5"," 0.00","1028.2","999.9","010.2","  47.0","  6.2"," 10.7"
"34504099999","48.6","34.9666666","143.0","2020-04-06","  15.0","000000","999.9","  58.6","  29.8"," 15.5"," 0.00","1034.2","999.9","016.1","  46.0","  6.2","  9.2"
"34504099999","48.6","34.9666666","143.0","2020-04-07","  23.0","000000","999.9","  59.4","  36.1","  9.7"," 0.00","1034.4","999.9","016.4","  49.1","  6.2","  6.9"
"34504099999","48.6","34.9666666","143.0","2020-04-08","  24.5","000000","999.9","  64.8","  33.6"," 13.6"," 0.00","1026.8","999.9","008.9","  49.3","  6.2","  8.7"
"34504099999","48.6","34.9666666","143.0","2020-04-09","  31.4","000000","999.9","  66.6","  41.5"," 11.7"," 0.00","1018.4","999.9","000.8","  53.4","  6.2","  6.9"
"34504099999","48.6","34.9666666","143.0","2020-04-10","  35.3","000000","999.9","  71.8","  38.7"," 19.4"," 0.01","1011.8","999.9","994.3","  53.1","  6.2","  9.7"
"34504099999","48.6","34.9666666","143.0","2020-04-11","  23.5","000000","999.9","  58.6","  37.6"," 15.5"," 0.00","1017.8","999.9","000.0","  46.5","  6.2"," 10.2"
"34504099999","48.6","34.9666666","143.0","2020-04-12","  16.9","000000","999.9","  55.4","  33.4","  9.7"," 0.00","1025.1","999.9","007.0","  43.3","  6.2","  7.8"
"34504099999","48.6","34.9666666","143.0","2020-04-13","  24.7","000000","999.9","  61.5","  31.8"," 15.5"," 0.00","1018.6","999.9","000.9","  48.7","  6.2"," 10.4"
"34504099999","48.6","34.9666666","143.0","2020-04-14","  32.8","010000","999.9","  64.9","  37.6"," 15.5","99.99","1008.7","999.9","991.2","  51.0","  6.2"," 11.9"
"34504099999","48.6","34.9666666","143.0","2020-04-15","  29.2","010000","999.9","  52.0","  32.4"," 15.5"," 0.31","1013.5","999.9","995.6","  41.9","  5.8"," 11.4"
"34504099999","48.6","34.9666666","143.0","2020-04-16","  33.4","000000","999.9","  61.0","  37.6"," 23.3"," 0.00","1011.2","999.9","993.6","  49.1","  6.2"," 14.8"
"34504099999","48.6","34.9666666","143.0","2020-04-17","  30.3","000000","999.9","  61.3","  41.9"," 13.6"," 0.00","1009.6","999.9","992.1","  51.1","  6.0"," 10.0"
"34504099999","48.6","34.9666666","143.0","2020-04-18","  22.3","000000","999.9","  59.4","  37.0"," 15.5"," 0.00","1014.7","999.9","997.0","  48.0","  6.1","  8.3"
"34504099999","48.6","34.9666666","143.0","2020-04-19","  23.2","000000","999.9","  61.5","  33.4"," 13.6"," 0.00","1014.4","999.9","996.7","  48.1","  6.1","  6.4"
"34504099999","48.6","34.9666666","143.0","2020-04-20","  25.4","000000","999.9","  57.9","  39.7"," 13.6"," 0.00","1014.1","999.9","996.4","  46.9","  5.6","  8.9"
"34504099999","48.6","34.9666666","143.0","2020-04-21","  26.8","000000","999.9","  55.6","  32.4"," 11.7"," 0.00","1018.9","999.9","000.9","  41.7","  6.2","  6.9"
"34504099999","48.6","34.9666666","143.0","2020-04-22","  27.4","000000","999.9","  57.2","  30.7"," 13.6"," 0.00","1017.4","999.9","999.6","  44.6","  6.2","  8.0"
"34504099999","48.6","34.9666666","143.0","2020-04-23","  22.3","000000","999.9","  65.7","  34.7"," 11.7"," 0.00","1016.8","999.9","999.1","  50.3","  6.2","  5.8"
"34504099999","48.6","34.9666666","143.0","2020-04-24","  27.7","000000","999.9","  68.7","  36.7"," 17.5"," 0.00","1010.0","999.9","992.6","  54.1","  6.2"," 10.4"
"34504099999","48.6","34.9666666","143.0","2020-04-25","  34.0","000000","999.9","  68.5","  45.5"," 17.5"," 0.00","1003.9","999.9","986.6","  55.6","  6.2"," 13.4"
"34504099999","48.6","34.9666666","143.0","2020-04-26","  40.7","010000","999.9","  54.0","  42.8"," 21.4"," 0.08"," 999.8","999.9","982.3","  46.7","  5.9"," 15.0"
"34504099999","48.6","34.9666666","143.0","2020-04-27","  31.9","000000","999.9","  55.9","  40.3"," 17.5"," 0.02","1009.0","999.9","991.4","  48.1","  6.2","  9.7"
"34504099999","48.6","34.9666666","143.0","2020-04-28","  30.7","000000","999.9","  66.7","  38.5"," 11.7"," 0.00","1013.9","999.9","996.4","  54.4","  6.2","  7.8"
"34504099999","48.6","34.9666666","143.0","2020-04-29","  31.8","000000","999.9","  68.4","  39.7"," 15.5"," 0.00","1013.0","999.9","995.6","  55.0","  6.2"," 10.2"
"34504099999","48.6","34.9666666","143.0","2020-04-30","  39.2","000000","999.9","  72.1","  42.6","  9.7"," 0.00","1009.9","999.9","992.6","  58.1","  6.2","  6.6"
"34504099999","48.6","34.9666666","143.0","2020-05-01","  41.3","000000","999.9","  76.1","  46.9","  9.7"," 0.00","1009.0","999.9","991.9","  62.6","  6.2","  6.7"
"34504099999","48.6","34.9666666","143.0","2020-05-02","  43.9","000000","999.9","  78.3","  50.2"," 11.7"," 0.00","1008.2","999.9","991.2","  64.2","  6.2","  6.6"
"34504099999","48.6","34.9666666","143.0","2020-05-03","  47.3","000000","999.9","  79.0","  51.3","  7.8"," 0.00","1007.1","999.9","990.1","  64.1","  6.2","  5.2"
"34504099999","48.6","34.9666666","143.0","2020-05-04","  53.2","010010","999.9","  76.1","  55.6","  9.7"," 0.08","1007.7","999.9","990.7","  63.0","  6.2","  4.6"
"34504099999","48.6","34.9666666","143.0","2020-05-05","  53.4","010000","999.9","  71.1","  54.5","  9.7"," 0.03","1007.3","999.9","990.2","  60.9","  6.2","  5.3"
"34504099999","48.6","34.9666666","143.0","2020-05-06","  49.3","000000","999.9","  68.5","  53.1","  9.7"," 0.01","1004.6","999.9","987.5","  59.2","  5.5","  7.0"
"34504099999","48.6","34.9666666","143.0","2020-05-07","  39.8","000000","999.9","  62.6","  41.9","  7.8"," 0.08","1007.7","999.9","990.3","  53.2","  6.2","  6.5"
"34504099999","48.6","34.9666666","143.0","2020-05-08","  45.1","010000","999.9","  56.3","  47.1","  7.8"," 0.31","1010.1","999.9","992.5","  49.2","  5.7","  5.8"
"34504099999","48.6","34.9666666","143.0","2020-05-09","  40.7","010000","999.9","  61.2","  44.2"," 17.5"," 0.08","1013.1","999.9","995.5","  50.2","  6.2"," 10.2"
"34504099999","48.6","34.9666666","143.0","2020-05-10","  40.8","000000","999.9","  67.3","  39.2"," 11.7"," 0.00","1012.3","999.9","994.9","  54.7","  6.2","  6.8"
"34504099999","48.6","34.9666666","143.0","2020-05-11","  43.9","000000","999.9","  77.5","  47.8"," 13.6"," 0.00","1012.0","999.9","994.9","  63.2","  6.2","  8.0"
"34504099999","48.6","34.9666666","143.0","2020-05-12","  46.0","010000","999.9","  73.6","  50.7"," 15.5"," 0.02","1006.0","999.9","988.9","  61.8","  6.2"," 10.4"
"34504099999","48.6","34.9666666","143.0","2020-05-13","  31.3","000000","999.9","  61.5","  40.3"," 21.4"," 0.00","1017.5","999.9","999.8","  48.8","  6.2"," 11.4"
"34504099999","48.6","34.9666666","143.0","2020-05-14","  41.0","010000","999.9","  69.1","  40.8"," 17.5","99.99","1015.0","999.9","997.6","  56.9","  6.2"," 11.2"
"34504099999","48.6","34.9666666","143.0","2020-05-15","  39.8","010000","999.9","  66.7","  49.1"," 11.7"," 0.02","1014.1","999.9","996.8","  58.1","  6.2","  8.6"
"34504099999","48.6","34.9666666","143.0","2020-05-16","  41.1","010000","999.9","  63.7","  44.8"," 17.5"," 0.08","1017.0","999.9","999.4","  53.0","  6.2"," 10.4"
"34504099999","48.6","34.9666666","143.0","2020-05-17","  42.8","010000","999.9","  67.1","  42.3","  9.7"," 0.12","1021.0","999.9","003.5","  55.2","  6.2","  6.1"
"34504099999","48.6","34.9666666","143.0","2020-05-18","  44.4","010000","999.9","  67.8","  49.6"," 15.5"," 0.12","1016.6","999.9","999.3","  58.7","  5.5","  9.7"
"34504099999","48.6","34.9666666","143.0","2020-05-19","  46.1","010000","999.9","  65.1","  44.2","  9.7"," 0.04","1018.1","999.9","000.6","  55.8","  6.0","  5.6"
"34504099999","48.6","34.9666666","143.0","2020-05-20","  48.4","000000","999.9","  66.0","  50.2","  7.8"," 0.01","1010.0","999.9","992.8","  57.3","  6.2","  6.8"
"34504099999","48.6","34.9666666","143.0","2020-05-21","  35.8","000000","999.9","  63.9","  45.3"," 11.7"," 0.00","1012.5","999.9","995.1","  53.5","  6.2","  7.5"
"34504099999","48.6","34.9666666","143.0","2020-05-22","  33.3","000000","999.9","  63.7","  40.3"," 15.5"," 0.00","1013.9","999.9","996.3","  51.8","  6.2","  8.3"
"34504099999","48.6","34.9666666","143.0","2020-05-23","  36.4","000000","999.9","  59.2","  38.5","  9.7"," 0.01","1018.2","999.9","000.4","  47.6","  6.2","  6.8"
"34504099999","48.6","34.9666666","143.0","2020-05-24","  39.6","010000","999.9","  63.1","  38.7","  5.8"," 0.01","1020.3","999.9","002.7","  50.8","  6.2","  3.6"
"34504099999","48.6","34.9666666","143.0","2020-05-25","  43.5","000000","999.9","  68.2","  48.2","  7.8"," 0.00","1020.8","999.9","003.4","  58.0","  6.2","  5.6"
"34504099999","48.6","34.9666666","143.0","2020-05-26","  48.8","010000","999.9","  64.0","  50.0","  7.8"," 0.16","1020.7","999.9","003.2","  54.2","  6.0","  5.5"
"34504099999","48.6","34.9666666","143.0","2020-05-27","  52.0","110000","999.9","  68.2","  48.7","  9.7"," 0.12","1020.4","999.9","003.0","  55.9","  4.3","  7.2"
"34504099999","48.6","34.9666666","143.0","2020-05-28","  57.6","010000","999.9","  73.9","  54.3"," 19.4"," 1.06","1011.0","999.9","994.0","  63.7","  6.2"," 10.8"
"34504099999","48.6","34.9666666","143.0","2020-05-29","  53.8","010000","999.9","  68.5","  51.6","  7.8"," 0.16","1009.0","999.9","991.9","  59.5","  5.6","  5.1"
"34504099999","48.6","34.9666666","143.0","2020-05-30","  52.9","010000","999.9","  66.9","  53.8"," 13.6"," 0.45","1007.0","999.9","989.8","  57.5","  5.6"," 11.0"
"34504099999","48.6","34.9666666","143.0","2020-05-31","  51.7","000010","999.9","  68.9","  53.1"," 13.6"," 0.10","1010.3","999.9","993.1","  59.7","  6.2"," 10.0"
"34504099999","48.6","34.9666666","143.0","2020-06-01","  50.9","010010","999.9","  61.9","  50.7"," 15.5"," 0.28","1006.5","999.9","989.3","  55.6","  5.8","  8.4"
"34504099999","48.6","34.9666666","143.0","2020-06-02","  45.5","000000","999.9","  67.3","  50.5","  3.9"," 0.00","1007.7","999.9","990.4","  57.7","  6.2","  2.3"
"34504099999","48.6","34.9666666","143.0","2020-06-03","  47.1","010010","999.9","  71.6","  48.9","  7.8"," 0.24","1006.5","999.9","989.4","  59.3","  6.1","  5.2"
"34504099999","48.6","34.9666666","143.0","2020-06-04","  50.4","100000","999.9","  70.7","  50.0"," 11.7"," 0.16","1009.9","999.9","992.7","  59.0","  5.4","  8.1"
"34504099999","48.6","34.9666666","143.0","2020-06-05","  53.3","000000","999.9","  77.2","  52.3"," 15.5"," 0.00","1012.8","999.9","995.7","  63.5","  6.2"," 10.4"
"34504099999","48.6","34.9666666","143.0","2020-06-06","  54.5","000000","999.9","  80.2","  57.0"," 11.7"," 0.00","1015.3","999.9","998.3","  68.9","  6.2","  8.5"
"34504099999","48.6","34.9666666","143.0","2020-06-07","  54.5","000000","999.9","  85.1","  55.4","  9.7"," 0.00","1014.9","999.9","998.1","  71.7","  6.2","  6.8"
"34504099999","48.6","34.9666666","143.0","2020-06-08","  55.2","000000","999.9","  87.8","  62.2"," 11.7"," 0.00","1012.1","999.9","995.4","  75.7","  6.2"," 10.0"
"34504099999","48.6","34.9666666","143.0","2020-06-09","  56.1","000000","999.9","  90.3","  61.3"," 11.7"," 0.00","1011.6","999.9","995.0","  76.8","  6.2","  8.3"
"34504099999","48.6","34.9666666","143.0","2020-06-10","  55.4","000000","999.9","  91.9","  64.0"," 11.7"," 0.00","1011.1","999.9","994.5","  77.4","  6.2","  9.0"
"34504099999","48.6","34.9666666","143.0","2020-06-11","  54.9","000000","999.9","  91.8","  66.0"," 15.5"," 0.00","1007.0","999.9","990.5","  77.8","  6.2"," 11.7"
"34504099999","48.6","34.9666666","143.0","2020-06-12","  60.4","010010","999.9","  90.5","  63.7","  9.7"," 0.59","1003.8","999.9","987.1","  73.3","  5.6","  6.4"
"34504099999","48.6","34.9666666","143.0","2020-06-13","  64.4","000000","999.9","  90.1","  61.3","  9.7"," 0.00","1003.0","999.9","986.4","  72.6","  5.7","  6.1"
"34504099999","48.6","34.9666666","143.0","2020-06-14","  63.2","000010","999.9","  80.2","  65.3","  9.7"," 0.00","1008.0","999.9","991.3","  72.1","  6.1","  7.5"
"34504099999","48.6","34.9666666","143.0","2020-06-15","  62.6","000000","999.9","  80.1","  62.4"," 11.7"," 0.00","1011.9","999.9","995.1","  70.0","  6.2","  6.9"
"34504099999","48.6","34.9666666","143.0","2020-06-16","  62.6","010010","999.9","  78.8","  64.0","  9.7"," 0.02","1010.3","999.9","993.5","  69.9","  6.2","  5.8"
"34504099999","48.6","34.9666666","143.0","2020-06-17","  63.7","000000","999.9","  82.6","  61.9","  7.8"," 0.00","1009.9","999.9","993.1","  72.7","  6.2","  4.7"
"34504099999","48.6","34.9666666","143.0","2020-06-18","  59.6","010000","999.9","  83.7","  65.1"," 13.6"," 0.01","1010.1","999.9","993.3","  70.5","  6.2","  9.2"
"34504099999","48.6","34.9666666","143.0","2020-06-19","  60.1","000000","999.9","  84.7","  66.7","  7.8"," 0.00","1007.5","999.9","990.9","  72.9","  6.2","  6.3"
"34504099999","48.6","34.9666666","143.0","2020-06-20","  59.8","000000","999.9","  84.9","  64.8","  9.7"," 0.00","1006.2","999.9","989.6","  74.6","  6.2","  7.2"
"34504099999","48.6","34.9666666","143.0","2020-06-21","  61.8","010010","999.9","  86.4","  66.0","  7.8"," 0.00","1004.3","999.9","987.7","  75.3","  6.2","  4.7"
"34504099999","48.6","34.9666666","143.0","2020-06-22","  64.1","000010","999.9","  80.2","  65.8","  7.8"," 0.16","1008.1","999.9","991.4","  69.9","  6.2","  5.8"
"34504099999","48.6","34.9666666","143.0","2020-06-23","  63.3","000000","999.9","  86.5","  63.1","  7.8"," 0.00","1011.5","999.9","994.8","  74.4","  6.1","  3.9"
"34504099999","48.6","34.9666666","143.0","2020-06-24","  61.1","000000","999.9","  81.7","  65.7"," 15.5"," 0.00","1015.1","999.9","998.3","  72.8","  6.2"," 10.9"
"34504099999","48.6","34.9666666","143.0","2020-06-25","  53.6","000000","999.9","  83.8","  58.3"," 13.6"," 0.00","1021.8","999.9","004.8","  71.8","  6.2"," 10.0"
"34504099999","48.6","34.9666666","143.0","2020-06-26","  53.6","000000","999.9","  85.3","  56.5","  9.7"," 0.00","1022.8","999.9","005.8","  72.1","  6.2","  6.8"
"34504099999","48.6","34.9666666","143.0","2020-06-27","  58.5","000000","999.9","  87.1","  64.4","  9.7"," 0.00","1018.5","999.9","001.8","  75.5","  6.2","  6.3"
"34504099999","48.6","34.9666666","143.0","2020-06-28","  57.0","000000","999.9","  88.5","  63.0","  3.9"," 0.00","1012.6","999.9","995.9","  77.1","  6.2","  3.4"
"34504099999","48.6","34.9666666","143.0","2020-06-29","  62.1","000000","999.9","  85.5","  64.9"," 11.7"," 0.00","1006.0","999.9","989.4","  75.3","  6.2","  5.8"
"34504099999","48.6","34.9666666","143.0","2020-06-30","  62.4","000000","999.9","  88.9","  63.1","  9.7"," 0.00","1006.7","999.9","990.1","  76.4","  6.2","  4.4"
"34504099999","48.6","34.9666666","143.0","2020-07-01","  61.0","000000","999.9","  86.0","  66.9"," 11.7"," 0.00","1011.2","999.9","994.5","  75.0","  6.2","  8.7"
"34504099999","48.6","34.9666666","143.0","2020-07-02","  56.4","000000","999.9","  88.0","  63.5","  7.8"," 0.00","1013.7","999.9","997.0","  75.8","  6.2","  5.8"
"34504099999","48.6","34.9666666","143.0","2020-07-03","  59.2","000000","999.9","  94.8","  64.8"," 15.5"," 0.00","1012.0","999.9","995.4","  80.3","  6.2","  6.6"
"34504099999","48.6","34.9666666","143.0","2020-07-04","  54.0","000000","999.9","  98.2","  68.9","  7.8"," 0.00","1010.4","999.9","994.0","  84.7","  6.2","  5.1"
"34504099999","48.6","34.9666666","143.0","2020-07-05","  59.3","000000","999.9","  99.5","  69.1"," 13.6"," 0.00","1007.6","999.9","991.3","  84.5","  6.2","  7.3"
"34504099999","48.6","34.9666666","143.0","2020-07-06","  63.4","000000","999.9","  99.9","  72.0"," 11.7"," 0.00","1005.8","999.9","989.5","  83.9","  6.2","  9.0"
"34504099999","48.6","34.9666666","143.0","2020-07-07","  57.9","000000","999.9","  99.1","  71.4"," 19.4"," 0.00","1001.2","999.9","985.0","  82.6","  6.2","  6.6"
"34504099999","48.6","34.9666666","143.0","2020-07-08","  59.4","000000","999.9","  79.5","  59.9"," 13.6"," 0.00","1006.8","999.9","990.0","  69.6","  6.2"," 11.7"
"34504099999","48.6","34.9666666","143.0","2020-07-09","  49.4","000000","999.9","  81.7","  53.6"," 11.7"," 0.00","1016.6","999.9","999.6","  68.7","  6.2","  7.8"
"34504099999","48.6","34.9666666","143.0","2020-07-10","  52.2","000000","999.9","  84.7","  57.6","  7.8"," 0.00","1020.4","999.9","003.4","  70.6","  6.2","  5.2"
"34504099999","48.6","34.9666666","143.0","2020-07-11","  50.8","000000","999.9","  88.7","  60.6","  7.8"," 0.00","1018.8","999.9","002.0","  74.8","  6.2","  5.3"
"34504099999","48.6","34.9666666","143.0","2020-07-12","  53.0","000000","999.9","  93.0","  61.9","  7.8"," 0.00","1011.5","999.9","994.9","  78.1","  6.2","  6.1"
"34504099999","48.6","34.9666666","143.0","2020-07-13","  61.0","010010","999.9","  83.7","  59.7"," 13.6"," 0.12","1006.5","999.9","989.7","  70.8","  5.5"," 10.4"
"34504099999","48.6","34.9666666","143.0","2020-07-14","  55.3","010000","999.9","  61.0","  56.8"," 11.7"," 0.57","1007.8","999.9","990.6","  58.7","  5.5"," 10.3"
"34504099999","48.6","34.9666666","143.0","2020-07-15","  50.1","000000","999.9","  77.9","  55.8","  9.7"," 0.02","1012.8","999.9","995.8","  66.6","  6.2","  6.7"
"34504099999","48.6","34.9666666","143.0","2020-07-16","  51.1","000000","999.9","  82.9","  55.2","  9.7"," 0.00","1012.5","999.9","995.6","  69.4","  6.2","  5.8"
"34504099999","48.6","34.9666666","143.0","2020-07-17","  56.0","000000","999.9","  86.2","  61.7","  9.7"," 0.00","1011.7","999.9","994.9","  72.1","  6.2","  8.0"
"34504099999","48.6","34.9666666","143.0","2020-07-18","  57.0","000000","999.9","  86.0","  60.6"," 11.7"," 0.00","1014.7","999.9","997.9","  72.4","  6.2","  6.6"
"34504099999","48.6","34.9666666","143.0","2020-07-19","  56.8","000000","999.9","  87.1","  60.3"," 11.7"," 0.00","1014.7","999.9","998.0","  74.6","  6.2","  5.6"
"34504099999","48.6","34.9666666","143.0","2020-07-20","  55.5","000000","999.9","  88.9","  61.5","  9.7"," 0.00","1012.3","999.9","995.6","  75.6","  6.2","  6.6"
"34504099999","48.6","34.9666666","143.0","2020-07-21","  54.9","000000","999.9","  88.7","  65.8","  9.7"," 0.00","1011.9","999.9","995.2","  76.8","  6.2","  7.2"
"34504099999","48.6","34.9666666","143.0","2020-07-22","  52.8","000000","999.9","  83.7","  61.2"," 15.5"," 0.00","1013.6","999.9","996.8","  71.8","  6.2","  9.0"
"34504099999","48.6","34.9666666","143.0","2020-07-23","  46.1","000000","999.9","  81.5","  55.6","  9.7"," 0.00","1015.0","999.9","998.0","  68.4","  6.2","  7.2"
"34504099999","48.6","34.9666666","143.0","2020-07-24","  48.6","000000","999.9","  84.4","  57.0","  7.8"," 0.00","1014.8","999.9","997.9","  69.8","  6.2","  3.9"
"34504099999","48.6","34.9666666","143.0","2020-07-25","  48.6","000000","999.9","  89.1","  59.0","  7.8"," 0.00","1015.4","999.9","998.5","  73.1","  6.2","  5.8"
"34504099999","48.6","34.9666666","143.0","2020-07-26","  52.4","010010","999.9","  94.3","  60.6"," 13.6"," 0.02","1013.6","999.9","997.0","  77.9","  5.8","  9.0"
"34504099999","48.6","34.9666666","143.0","2020-07-27","  52.3","000000","999.9","  85.3","  67.8"," 11.7"," 0.03","1012.9","999.9","996.2","  76.1","  6.2","  6.9"
"34504099999","48.6","34.9666666","143.0","2020-07-28","  55.3","010000","999.9","  85.6","  70.0"," 11.7"," 0.03","1011.5","999.9","994.8","  74.1","  6.2"," 10.0"
"34504099999","48.6","34.9666666","143.0","2020-07-29","  57.1","000000","999.9","  91.2","  65.1","  7.8"," 0.00","1015.1","999.9","998.4","  78.0","  6.2","  3.6"
"34504099999","48.6","34.9666666","143.0","2020-07-30","  60.6","000010","999.9","  93.0","  65.5","  5.8"," 0.00","1015.2","999.9","998.5","  76.6","  6.2","  4.2"
"34504099999","48.6","34.9666666","143.0","2020-07-31","  62.0","010000","999.9","  83.5","  63.7","  5.8"," 0.45","1010.9","999.9","994.1","  69.2","  6.2","  4.2"
"34504099999","48.6","34.9666666","143.0","2020-08-01","  51.5","000000","999.9","  78.3","  56.5"," 13.6"," 0.00","1007.1","999.9","990.2","  68.3","  6.2","  8.3"
"34504099999","48.6","34.9666666","143.0","2020-08-02","  52.4","000000","999.9","  75.4","  57.9"," 11.7"," 0.00","1010.8","999.9","993.9","  65.8","  6.2","  7.0"
"34504099999","48.6","34.9666666","143.0","2020-08-03","  52.6","000000","999.9","  82.8","  55.0","  5.8"," 0.00","1016.1","999.9","999.1","  66.5","  6.2","  4.4"
"34504099999","48.6","34.9666666","143.0","2020-08-04","  50.3","000000","999.9","  88.3","  58.5","  9.7"," 0.00","1015.7","999.9","998.9","  73.1","  6.2","  6.8"
"34504099999","48.6","34.9666666","143.0","2020-08-05","  50.1","000000","999.9","  90.3","  60.6"," 11.7"," 0.00","1016.0","999.9","999.2","  75.0","  6.2","  7.8"
"34504099999","48.6","34.9666666","143.0","2020-08-06","  55.9","000000","999.9","  94.5","  62.8","  9.7"," 0.00","1017.8","999.9","001.1","  78.4","  6.2","  9.2"
"34504099999","48.6","34.9666666","143.0","2020-08-07","  56.8","000000","999.9","  95.5","  68.0"," 13.6"," 0.00","1017.9","999.9","001.2","  80.5","  6.2"," 10.4"
"34504099999","48.6","34.9666666","143.0","2020-08-08","  56.7","000000","999.9","  89.4","  68.9"," 13.6"," 0.00","1015.4","999.9","998.7","  77.3","  6.2"," 11.2"
"34504099999","48.6","34.9666666","143.0","2020-08-09","  51.9","000000","999.9","  87.3","  64.0"," 13.6"," 0.00","1013.5","999.9","996.7","  74.6","  6.2"," 10.2"
"34504099999","48.6","34.9666666","143.0","2020-08-10","  55.7","000000","999.9","  90.1","  64.0","  7.8"," 0.00","1012.8","999.9","996.1","  76.2","  6.2","  4.6"
"34504099999","48.6","34.9666666","143.0","2020-08-11","  57.6","010010","999.9","  85.5","  64.8"," 13.6"," 0.03","1012.7","999.9","995.9","  69.7","  6.0","  5.8"
"34504099999","48.6","34.9666666","143.0","2020-08-12","  55.3","000000","999.9","  85.8","  59.7"," 13.6"," 0.00","1012.1","999.9","995.3","  71.1","  6.2","  8.3"
"34504099999","48.6","34.9666666","143.0","2020-08-13","  48.6","000000","999.9","  77.4","  54.0","  9.7"," 0.00","1014.6","999.9","997.5","  63.9","  6.2","  7.5"
"34504099999","48.6","34.9666666","143.0","2020-08-14","  46.8","000000","999.9","  73.2","  53.2","  9.7"," 0.00","1015.2","999.9","998.0","  61.7","  6.2","  7.8"
"34504099999","48.6","34.9666666","143.0","2020-08-15","  46.6","000000","999.9","  77.9","  50.5","  7.8"," 0.00","1017.3","999.9","000.1","  63.7","  6.2","  6.1"
"34504099999","48.6","34.9666666","143.0","2020-08-16","  46.6","000000","999.9","  81.0","  52.9","  9.7"," 0.00","1016.7","999.9","999.6","  66.6","  6.2","  6.2"
"34504099999","48.6","34.9666666","143.0","2020-08-17","  49.3","000000","999.9","  88.0","  54.3","  7.8"," 0.00","1014.7","999.9","997.8","  72.3","  6.2","  5.8"
"34504099999","48.6","34.9666666","143.0","2020-08-18","  52.4","000000","999.9","  91.8","  61.3","  5.8"," 0.00","1010.8","999.9","994.2","  75.9","  6.2","  4.2"
"34504099999","48.6","34.9666666","143.0","2020-08-19","  50.0","000000","999.9","  94.1","  63.5","  5.8"," 0.00","1007.3","999.9","990.7","  79.0","  6.2","  3.9"
"34504099999","48.6","34.9666666","143.0","2020-08-20","  51.6","000010","999.9","  92.1","  64.8"," 17.5"," 0.00","1007.5","999.9","990.8","  75.3","  6.2","  6.1"
"34504099999","48.6","34.9666666","143.0","2020-08-21","  55.2","010010","999.9","  90.9","  65.7"," 13.6"," 0.02","1011.6","999.9","994.9","  76.0","  6.2","  6.8"
"34504099999","48.6","34.9666666","143.0","2020-08-22","  58.5","010010","999.9","  78.6","  60.8"," 11.7"," 0.31","1014.2","999.9","997.3","  66.9","  5.5","  8.3"
"34504099999","48.6","34.9666666","143.0","2020-08-23","  48.3","000000","999.9","  82.8","  53.8","  5.8"," 0.00","1015.9","999.9","998.9","  68.5","  6.2","  4.1"
"34504099999","48.6","34.9666666","143.0","2020-08-24","  49.8","000000","999.9","  85.5","  58.1","  5.8"," 0.00","1015.2","999.9","998.3","  71.8","  6.2","  3.9"
"34504099999","48.6","34.9666666","143.0","2020-08-25","  48.4","000000","999.9","  87.8","  58.8","  7.8"," 0.00","1013.0","999.9","996.2","  73.2","  6.2","  4.7"
"34504099999","48.6","34.9666666","143.0","2020-08-26","  54.4","000000","999.9","  85.5","  59.5","  7.8"," 0.00","1010.0","999.9","993.2","  70.5","  6.2","  5.8"
"34504099999","48.6","34.9666666","143.0","2020-08-27","  54.3","000010","999.9","  84.4","  58.3","  9.7"," 0.01","1008.7","999.9","991.9","  69.9","  6.2","  5.8"
"34504099999","48.6","34.9666666","143.0","2020-08-28","  52.9","000000","999.9","  78.4","  57.6"," 11.7"," 0.12","1010.3","999.9","993.3","  66.2","  6.2","  7.8"
"34504099999","48.6","34.9666666","143.0","2020-08-29","  52.4","000000","999.9","  83.8","  53.1","  7.8"," 0.00","1016.9","999.9","999.9","  68.2","  6.2","  6.2"
"34504099999","48.6","34.9666666","143.0","2020-08-30","  49.1","000000","999.9","  90.9","  60.3","  7.8"," 0.00","1017.8","999.9","001.0","  74.9","  6.2","  5.0"
"34504099999","48.6","34.9666666","143.0","2020-08-31","  47.8","000000","999.9","  93.4","  63.0","  9.7"," 0.00","1014.7","999.9","998.0","  78.0","  6.2","  6.2"
"34504099999","48.6","34.9666666","143.0","2020-09-01","  48.0","000000","999.9","  96.4","  63.9","  9.7"," 0.00","1010.7","999.9","994.2","  78.8","  6.2","  7.0"
"34504099999","48.6","34.9666666","143.0","2020-09-02","  45.3","000000","999.9","  96.1","  65.3","  9.7"," 0.00","1012.8","999.9","996.2","  80.3","  6.2","  7.3"
"34504099999","48.6","34.9666666","143.0","2020-09-03","  45.7","000000","999.9","  97.0","  64.6"," 11.7"," 0.00","1016.5","999.9","999.9","  80.7","  6.2","  7.8"
"34504099999","48.6","34.9666666","143.0","2020-09-04","  46.7","000000","999.9","  85.6","  71.1"," 13.6"," 0.00","1014.2","999.9","997.5","  77.2","  6.2"," 10.0"
"34504099999","48.6","34.9666666","143.0","2020-09-05","  42.6","000000","999.9","  80.4","  68.2"," 15.5"," 0.00","1012.0","999.9","995.2","  73.1","  6.2"," 10.7"
"34504099999","48.6","34.9666666","143.0","2020-09-06","  46.5","000000","999.9","  81.9","  61.7","  9.7"," 0.02","1013.6","999.9","996.7","  69.4","  6.2","  8.6"
"34504099999","48.6","34.9666666","143.0","2020-09-07","  46.3","000000","999.9","  90.5","  57.7","  7.8"," 0.00","1016.9","999.9","000.0","  73.0","  6.2","  6.3"
"34504099999","48.6","34.9666666","143.0","2020-09-08","  53.6","000000","999.9","  84.9","  55.8"," 13.6"," 0.00","1018.8","999.9","001.8","  69.2","  6.2","  7.0"
"34504099999","48.6","34.9666666","143.0","2020-09-09","  46.2","000000","999.9","  79.5","  48.0"," 15.5"," 0.00","1020.3","999.9","003.0","  63.6","  6.2","  8.0"
"34504099999","48.6","34.9666666","143.0","2020-09-10","  47.5","000000","999.9","  84.7","  52.7","  9.7"," 0.00","1016.2","999.9","999.3","  69.3","  6.2","  5.3"
"34504099999","48.6","34.9666666","143.0","2020-09-11","  47.4","000000","999.9","  82.2","  57.7"," 13.6"," 0.00","1016.6","999.9","999.6","  67.9","  6.2","  9.7"
"34504099999","48.6","34.9666666","143.0","2020-09-12","  36.2","000000","999.9","  80.6","  50.9"," 11.7"," 0.00","1023.0","999.9","005.7","  63.8","  6.2","  8.0"
"34504099999","48.6","34.9666666","143.0","2020-09-13","  36.6","000000","999.9","  85.3","  49.8","  7.8"," 0.00","1023.0","999.9","005.8","  65.8","  6.2","  5.1"
"34504099999","48.6","34.9666666","143.0","2020-09-14","  44.5","000000","999.9","  81.9","  53.1"," 11.7"," 0.00","1022.5","999.9","005.3","  66.5","  6.2","  8.3"
"34504099999","48.6","34.9666666","143.0","2020-09-15","  52.4","000000","999.9","  81.9","  55.6"," 11.7"," 0.00","1023.7","999.9","006.5","  67.4","  6.2","  7.5"
"34504099999","48.6","34.9666666","143.0","2020-09-16","  53.2","000000","999.9","  80.1","  54.7","  7.8"," 0.00","1022.8","999.9","005.6","  66.2","  6.2","  5.8"
"34504099999","48.6","34.9666666","143.0","2020-09-17","  47.0","000000","999.9","  82.8","  56.5","  9.7"," 0.00","1017.2","999.9","000.2","  68.9","  6.2","  6.6"
"34504099999","48.6","34.9666666","143.0","2020-09-18","  41.7","000000","999.9","  66.6","  51.3"," 17.5"," 0.00","1014.9","999.9","997.6","  57.4","  6.2"," 12.6"
"34504099999","48.6","34.9666666","143.0","2020-09-19","  40.7","000000","999.9","  66.6","  48.7"," 11.7"," 0.00","1019.4","999.9","001.9","  54.0","  6.2","  8.7"
"34504099999","48.6","34.9666666","143.0","2020-09-20","  39.3","000000","999.9","  72.3","  43.0"," 13.6"," 0.00","1020.5","999.9","003.0","  56.4","  6.2","  7.0"
"34504099999","48.6","34.9666666","143.0","2020-09-21","  36.9","000000","999.9","  72.1","  44.2","  5.8"," 0.00","1023.5","999.9","006.0","  56.7","  6.2","  3.2"
"34504099999","48.6","34.9666666","143.0","2020-09-22","  38.1","000000","999.9","  76.5","  43.5","  5.8"," 0.00","1022.6","999.9","005.2","  59.5","  6.2","  3.9"
"34504099999","48.6","34.9666666","143.0","2020-09-23","  33.0","000000","999.9","  80.4","  50.0","  7.8"," 0.00","1018.4","999.9","001.2","  63.5","  6.2","  6.1"
"34504099999","48.6","34.9666666","143.0","2020-09-24","  44.4","000000","999.9","  84.4","  51.8"," 11.7"," 0.00","1014.7","999.9","997.7","  68.2","  6.2","  7.0"
"34504099999","48.6","34.9666666","143.0","2020-09-25","  48.0","000000","999.9","  82.8","  54.0","  9.7"," 0.00","1013.0","999.9","996.0","  68.9","  6.2","  7.8"
"34504099999","48.6","34.9666666","143.0","2020-09-26","  44.4","000000","999.9","  84.2","  56.1"," 11.7"," 0.00","1009.9","999.9","993.0","  70.0","  6.2"," 10.0"
"34504099999","48.6","34.9666666","143.0","2020-09-27","  52.7","000010","999.9","  71.1","  63.0"," 15.5"," 0.04","1013.2","999.9","996.1","  65.5","  5.7"," 10.3"
"34504099999","48.6","34.9666666","143.0","2020-09-28","  56.7","100000","999.9","  76.8","  52.2","  7.8"," 0.00","1020.3","999.9","003.1","  63.3","  3.6","  5.2"
"34504099999","48.6","34.9666666","143.0","2020-09-29","  47.5","010000","999.9","  70.7","  56.8"," 13.6"," 0.02","1014.4","999.9","997.3","  64.1","  6.2"," 11.7"
"34504099999","48.6","34.9666666","143.0","2020-09-30","  51.3","010000","999.9","  58.8","  53.4"," 17.5"," 1.18","1007.9","999.9","990.7","  55.7","  5.5"," 13.9"
"34504099999","48.6","34.9666666","143.0","2020-10-01","  51.5","010000","999.9","  62.2","  53.1"," 13.6"," 0.12","1012.5","999.9","995.2","  56.2","  4.2"," 10.0"
"34504099999","48.6","34.9666666","143.0","2020-10-02","  53.7","010000","999.9","  67.6","  54.0","  7.8"," 0.08","1016.7","999.9","999.4","  59.5","  4.1","  6.4"
"34504099999","48.6","34.9666666","143.0","2020-10-03","  54.2","000000","999.9","  71.1","  53.1","  5.8"," 0.00","1021.4","999.9","004.1","  62.7","  5.9","  4.5"
"34504099999","48.6","34.9666666","143.0","2020-10-04","  47.9","000000","999.9","  73.6","  50.5"," 11.7"," 0.00","1023.8","999.9","006.4","  60.4","  6.2","  7.5"
"34504099999","48.6","34.9666666","143.0","2020-10-05","  34.7","000000","999.9","  75.7","  50.5"," 13.6"," 0.00","1025.7","999.9","008.2","  60.9","  6.2"," 10.4"
"34504099999","48.6","34.9666666","143.0","2020-10-06","  35.3","000000","999.9","  75.4","  51.3"," 13.6"," 0.00","1022.9","999.9","005.6","  61.7","  6.2"," 10.2"
"34504099999","48.6","34.9666666","143.0","2020-10-07","  44.9","000000","999.9","  72.5","  53.1"," 15.5"," 0.00","1019.4","999.9","002.1","  61.9","  6.2","  9.7"
"34504099999","48.6","34.9666666","143.0","2020-10-08","  42.1","000000","999.9","  74.1","  51.8"," 11.7"," 0.00","1020.2","999.9","002.9","  61.3","  6.2"," 10.7"
"34504099999","48.6","34.9666666","143.0","2020-10-09","  42.1","000000","999.9","  73.4","  50.0"," 11.7"," 0.00","1020.4","999.9","003.0","  58.9","  6.2","  9.2"
"34504099999","48.6","34.9666666","143.0","2020-10-10","  45.6","000000","999.9","  67.3","  50.4","  9.7"," 0.00","1018.3","999.9","000.9","  57.1","  5.2","  8.0"
"34504099999","48.6","34.9666666","143.0","2020-10-11","  53.9","010000","999.9","  63.3","  53.2","  9.7"," 0.08","1014.9","999.9","997.6","  58.6","  3.4","  7.2"
"34504099999","48.6","34.9666666","143.0","2020-10-12","  56.2","100000","999.9","  67.1","  52.9","  7.8"," 0.01","1017.9","999.9","000.6","  58.3","  3.0","  5.8"
"34504099999","48.6","34.9666666","143.0","2020-10-13","  51.8","100000","999.9","  75.7","  50.2"," 11.7"," 0.00","1014.3","999.9","997.1","  60.8","  5.2","  9.0"
"34504099999","48.6","34.9666666","143.0","2020-10-14","  52.0","000000","999.9","  71.4","  53.2","  7.8"," 0.03","1014.3","999.9","997.1","  58.4","  6.2","  5.8"
"34504099999","48.6","34.9666666","143.0","2020-10-15","  48.6","100000","999.9","  69.4","  47.5"," 11.7"," 0.00","1018.9","999.9","001.5","  57.0","  5.5","  5.3"
"34504099999","48.6","34.9666666","143.0","2020-10-16","  53.8","000000","999.9","  72.3","  54.5","  9.7"," 0.00","1015.0","999.9","997.8","  61.7","  5.8","  6.3"
"34504099999","48.6","34.9666666","143.0","2020-10-17","  55.9","100010","999.9","  74.5","  52.7"," 11.7"," 0.02","1011.1","999.9","994.0","  62.4","  5.1","  8.0"
"34504099999","48.6","34.9666666","143.0","2020-10-18","  47.2","000000","999.9","  61.9","  46.8","  9.7"," 0.08","1013.8","999.9","996.3","  53.8","  5.9","  6.1"
"34504099999","48.6","34.9666666","143.0","2020-10-19","  39.4","000000","999.9","  57.7","  40.6","  9.7"," 0.00","1020.6","999.9","002.9","  47.4","  6.0","  4.9"
"34504099999","48.6","34.9666666","143.0","2020-10-20","  35.5","100000","999.9","  55.4","  36.5","  9.7"," 0.00","1026.4","999.9","008.4","  43.1","  5.1","  6.4"
"34504099999","48.6","34.9666666","143.0","2020-10-21","  36.6","000000","999.9","  57.0","  34.7","  9.7"," 0.00","1026.7","999.9","008.8","  46.5","  6.0","  6.4"
"34504099999","48.6","34.9666666","143.0","2020-10-22","  45.6","000000","999.9","  63.1","  49.1","  7.8"," 0.00","1020.4","999.9","002.9","  54.3","  6.2","  4.7"
"34504099999","48.6","34.9666666","143.0","2020-10-23","  48.9","000000","999.9","  68.5","  48.9","  9.7"," 0.00","1017.9","999.9","000.4","  56.7","  6.2","  6.1"
"34504099999","48.6","34.9666666","143.0","2020-10-24","  51.1","000000","999.9","  63.0","  50.5","  7.8"," 0.00","1014.2","999.9","996.8","  55.8","  4.6","  4.6"
"34504099999","48.6","34.9666666","143.0","2020-10-25","  47.3","000000","999.9","  65.5","  46.8","  9.7"," 0.00","1017.4","999.9","999.8","  53.1","  5.3","  7.4"
"34504099999","48.6","34.9666666","143.0","2020-10-26","  42.4","000000","999.9","  60.8","  46.6"," 15.5"," 0.00","1020.2","999.9","002.6","  51.9","  6.2"," 11.2"
"34504099999","48.6","34.9666666","143.0","2020-10-27","  39.9","000000","999.9","  63.0","  45.9"," 13.6"," 0.00","1020.6","999.9","002.9","  51.6","  6.2"," 10.4"
"34504099999","48.6","34.9666666","143.0","2020-10-28","  40.7","000000","999.9","  58.8","  40.5"," 13.6"," 0.00","1020.8","999.9","003.1","  49.1","  6.2","  9.5"
"34504099999","48.6","34.9666666","143.0","2020-10-29","  42.5","000000","999.9","  60.3","  44.6"," 11.7"," 0.00","1016.6","999.9","999.0","  51.6","  6.2","  9.0"
"34504099999","48.6","34.9666666","143.0","2020-10-30","  42.9","000000","999.9","  57.0","  45.0","  7.8"," 0.00","1013.9","999.9","996.3","  49.4","  6.2","  5.0"
"34504099999","48.6","34.9666666","143.0","2020-10-31","  44.7","010000","999.9","  50.2","  46.9","  7.8"," 0.02","1011.9","999.9","994.3","  47.8","  3.2","  6.6"
"34504099999","48.6","34.9666666","143.0","2020-11-01","  46.4","110000","999.9","  51.3","  46.6","  9.7"," 0.09","1012.1","999.9","994.5","  48.6","  3.0","  5.8"
"34504099999","48.6","34.9666666","143.0","2020-11-02","  44.9","010000","999.9","  48.6","  46.0"," 11.7"," 0.98","1015.5","999.9","997.8","  46.8","  4.3","  6.8"
"34504099999","48.6","34.9666666","143.0","2020-11-03","  44.5","010000","999.9","  48.9","  45.5","  9.7"," 0.02","1021.7","999.9","003.9","  46.7","  5.1","  4.7"
"34504099999","48.6","34.9666666","143.0","2020-11-04","  46.8","000000","999.9","  53.8","  44.8"," 11.7"," 0.00","1027.2","999.9","009.3","  49.3","  3.9","  9.7"
"34504099999","48.6","34.9666666","143.0","2020-11-05","  44.6","000000","999.9","  49.1","  44.1"," 11.7"," 0.00","1027.1","999.9","009.2","  46.9","  4.5","  7.8"
"34504099999","48.6","34.9666666","143.0","2020-11-06","  39.1","000000","999.9","  48.4","  37.6"," 13.6"," 0.00","1022.9","999.9","005.0","  44.5","  5.9","  9.2"
"34504099999","48.6","34.9666666","143.0","2020-11-07","  41.7","000000","999.9","  55.6","  42.8"," 17.5"," 0.00","1025.4","999.9","007.5","  47.4","  6.2","  9.7"
"34504099999","48.6","34.9666666","143.0","2020-11-08","  43.2","100000","999.9","  54.1","  40.6"," 13.6"," 0.00","1026.6","999.9","008.6","  46.3","  3.4","  8.3"
"34504099999","48.6","34.9666666","143.0","2020-11-09","  40.3","000000","999.9","  46.2","  43.0","  5.8"," 0.00","1026.4","999.9","008.4","  44.6","  5.5","  3.9"
"34504099999","48.6","34.9666666","143.0","2020-11-10","  34.9","000000","999.9","  50.0","  40.6"," 11.7"," 0.00","1029.6","999.9","011.5","  44.5","  6.2","  8.0"
"34504099999","48.6","34.9666666","143.0","2020-11-11","  27.7","000000","999.9","  46.2","  30.7","  7.8"," 0.00","1033.1","999.9","014.7","  38.1","  6.2","  6.4"
"34504099999","48.6","34.9666666","143.0","2020-11-12","  26.6","000000","999.9","  37.6","  27.9","  7.8"," 0.00","1034.2","999.9","015.6","  32.5","  6.2","  5.8"
"34504099999","48.6","34.9666666","143.0","2020-11-13","  26.7","000000","999.9","  41.5","  24.6","  5.8"," 0.00","1032.3","999.9","013.8","  32.8","  6.2","  4.9"
"34504099999","48.6","34.9666666","143.0","2020-11-14","  28.7","000000","999.9","  43.0","  34.3","  7.8"," 0.00","1027.3","999.9","009.0","  38.0","  6.2","  5.1"
"34504099999","48.6","34.9666666","143.0","2020-11-15","  27.4","000000","999.9","  36.3","  28.4","  7.8"," 0.00","1025.4","999.9","007.0","  33.0","  5.1","  5.8"
"34504099999","48.6","34.9666666","143.0","2020-11-16","  25.8","000000","999.9","  32.2","  27.0","  9.7"," 0.00","1027.1","999.9","008.5","  30.2","  5.0","  7.4"
"34504099999","48.6","34.9666666","143.0","2020-11-17","  21.9","000000","999.9","  29.7","  26.2"," 13.6"," 0.00","1033.2","999.9","014.4","  27.5","  6.2"," 11.4"
"34504099999","48.6","34.9666666","143.0","2020-11-18","  22.4","000000","999.9","  30.6","  25.3","  9.7"," 0.00","1038.2","999.9","019.3","  27.9","  6.2","  7.8"
"34504099999","48.6","34.9666666","143.0","2020-11-19","  24.0","000000","999.9","  40.5","  26.2","  9.7"," 0.00","1034.6","999.9","015.9","  31.4","  5.9","  7.3"
"34504099999","48.6","34.9666666","143.0","2020-11-20","  25.0","111000","999.9","  35.1","  21.4","  9.7","99.99","1024.9","999.9","006.4","  29.5","  4.9","  7.3"
"34504099999","48.6","34.9666666","143.0","2020-11-21","  25.2","011000","999.9","  31.3","  28.9","  7.8"," 0.03","1027.6","999.9","009.0","  29.9","  5.1","  4.7"
"34504099999","48.6","34.9666666","143.0","2020-11-22","  25.3","001000","999.9","  31.1","  26.1","  9.7"," 0.17","1028.5","  1.6","009.9","  28.9","  4.8","  8.1"
"34504099999","48.6","34.9666666","143.0","2020-11-23","  29.2","000000","999.9","  41.5","  26.1","  9.7"," 0.00","1024.2","  0.8","005.8","  33.6","  6.1","  7.0"
"34504099999","48.6","34.9666666","143.0","2020-11-24","  32.8","010000","999.9","  43.5","  31.3"," 11.7"," 0.06","1020.8","999.9","002.6","  36.5","  4.8","  7.2"
"34504099999","48.6","34.9666666","143.0","2020-11-25","  33.6","010000","999.9","  42.6","  30.0"," 11.7"," 0.02","1020.8","999.9","002.7","  37.0","  5.7","  7.3"
"34504099999","48.6","34.9666666","143.0","2020-11-26","  35.3","000000","999.9","  43.3","  36.3","  7.8"," 0.00","1024.3","999.9","006.2","  40.0","  6.2","  5.5"
"34504099999","48.6","34.9666666","143.0","2020-11-27","  35.4","000000","999.9","  47.1","  38.3"," 13.6"," 0.00","1021.8","999.9","003.7","  41.4","  6.2"," 10.0"
"34504099999","48.6","34.9666666","143.0","2020-11-28","  39.5","000000","999.9","  51.3","  41.5"," 11.7"," 0.00","1019.3","999.9","001.4","  44.0","  5.9","  8.9"
"34504099999","48.6","34.9666666","143.0","2020-11-29","  37.2","000000","999.9","  44.2","  39.7"," 11.7"," 0.00","1021.0","999.9","003.0","  41.8","  6.1","  7.8"
"34504099999","48.6","34.9666666","143.0","2020-11-30","  35.5","000000","999.9","  41.7","  38.7"," 11.7"," 0.00","1024.0","999.9","005.8","  39.9","  5.7","  9.0"
"34504099999","48.6","34.9666666","143.0","2020-12-01","  31.0","010000","999.9","  38.3","  29.7"," 11.7"," 0.03","1024.8","999.9","006.4","  33.6","  4.1","  9.7"
"34504099999","48.6","34.9666666","143.0","2020-12-02","  26.3","010000","999.9","  31.6","  28.6"," 11.7"," 0.02","1028.0","999.9","009.4","  29.6","  3.9"," 10.0"
"34504099999","48.6","34.9666666","143.0","2020-12-03","  26.3","000000","999.9","  31.3","  28.0","  9.7"," 0.00","1028.5","999.9","009.9","  29.5","  4.5","  8.3"
"34504099999","48.6","34.9666666","143.0","2020-12-04","  25.5","000000","999.9","  35.4","  27.7"," 13.6"," 0.00","1029.1","999.9","010.5","  30.1","  5.7"," 11.4"
"34504099999","48.6","34.9666666","143.0","2020-12-05","  21.3","000000","999.9","  37.2","  23.5"," 17.5"," 0.00","1032.0","999.9","013.3","  29.5","  5.8"," 13.6"
"34504099999","48.6","34.9666666","143.0","2020-12-06","   9.1","000000","999.9","  32.4","  16.7"," 17.5"," 0.00","1034.8","999.9","015.8","  21.4","  6.2"," 15.8"
"34504099999","48.6","34.9666666","143.0","2020-12-07","   9.2","000000","999.9","  28.4","  14.4"," 23.3"," 0.00","1033.1","999.9","014.0","  19.0","  6.2"," 19.7"
"34504099999","48.6","34.9666666","143.0","2020-12-08","  11.4","000000","999.9","  30.7","  14.9"," 23.3"," 0.00","1028.7","999.9","009.8","  22.4","  6.2"," 18.2"
"34504099999","48.6","34.9666666","143.0","2020-12-09","  15.6","000000","999.9","  35.4","  19.4"," 15.5"," 0.00","1027.8","999.9","009.0","  25.1","  6.2"," 13.4"
"34504099999","48.6","34.9666666","143.0","2020-12-10","  20.8","000000","999.9","  34.7","  22.3"," 17.5"," 0.00","1026.5","999.9","007.9","  29.3","  6.2"," 13.4"
"34504099999","48.6","34.9666666","143.0","2020-12-11","  22.1","000000","999.9","  38.3","  21.6"," 19.4"," 0.00","1022.4","999.9","003.9","  29.4","  6.2"," 16.3"
"34504099999","48.6","34.9666666","143.0","2020-12-12","  25.7","010000","999.9","  34.5","  25.2"," 17.5"," 0.08","1017.2","999.9","998.9","  30.4","  4.8"," 13.9"
"34504099999","48.6","34.9666666","143.0","2020-12-13","  30.2","000000","999.9","  34.3","  32.2"," 15.5"," 0.01","1017.6","999.9","999.4","  33.1","  6.1"," 14.7"
"34504099999","48.6","34.9666666","143.0","2020-12-14","  30.5","010000","999.9","  33.8","  31.6"," 11.7"," 0.25","1017.8","999.9","999.5","  32.4","  3.8","  8.9"
"34504099999","48.6","34.9666666","143.0","2020-12-15","  30.9","100000","999.9","  33.6","  31.3"," 11.7"," 0.00","1021.4","999.9","003.1","  32.2","  1.9","  6.8"
"34504099999","48.6","34.9666666","143.0","2020-12-16","  27.7","000000","999.9","  32.0","  30.6"," 11.7"," 0.00","1027.0","999.9","008.5","  31.0","  5.6","  7.8"
"34504099999","48.6","34.9666666","143.0","2020-12-17","  27.5","101000","999.9","  30.4","  29.8","  5.8"," 0.01","1029.2","999.9","010.6","  30.1","  4.5","  4.3"
"34504099999","48.6","34.9666666","143.0","2020-12-18","  25.8","001000","999.9","  30.7","  28.6","999.9"," 0.01","1030.1","999.9","011.5","  29.6","  5.8","999.9"
"34504099999","48.6","34.9666666","143.0","2020-12-19","  28.3","101000","999.9","  31.5","  27.7","  5.8"," 0.02","1028.6","999.9","010.0","  29.8","  1.8","  2.6"
"34504099999","48.6","34.9666666","143.0","2020-12-20","  28.8","010000","999.9","  33.4","  29.3","  7.8"," 0.01","1030.8","999.9","012.2","  31.4","  3.6","  5.3"
"34504099999","48.6","34.9666666","143.0","2020-12-21","  21.7","000000","999.9","  26.6","  24.6"," 11.7"," 0.00","1033.3","999.9","014.5","  25.9","  6.2"," 10.3"
"34504099999","48.6","34.9666666","143.0","2020-12-22","  18.9","000000","999.9","  27.0","  18.3","  9.7"," 0.00","1031.0","999.9","012.1","  23.4","  6.2","  8.0"
"34504099999","48.6","34.9666666","143.0","2020-12-23","  19.0","001000","999.9","  25.5","  17.8","  5.8"," 0.02","1026.2","999.9","007.4","  23.2","  5.6","  4.6"
"34504099999","48.6","34.9666666","143.0","2020-12-24","  22.5","011000","999.9","  29.5","  23.7"," 15.5"," 0.10","1022.1","  0.4","003.5","  26.2","  4.9"," 10.8"
"34504099999","48.6","34.9666666","143.0","2020-12-25","  31.2","010000","999.9","  39.0","  23.2"," 11.7"," 0.27","1011.9","  0.4","993.8","  32.9","  2.1","  9.4"
"34504099999","48.6","34.9666666","143.0","2020-12-26","  31.0","010000","999.9","  35.4","  31.3","  9.7"," 0.24","1015.9","999.9","997.7","  32.6","  4.2","  5.1"
"34504099999","48.6","34.9666666","143.0","2020-12-27","  25.5","000000","999.9","  39.2","  23.9","  5.8"," 0.00","1026.5","999.9","007.9","  30.1","  5.9","  4.9"
"34504099999","48.6","34.9666666","143.0","2020-12-28","  24.8","000000","999.9","  33.1","  22.8"," 17.5"," 0.00","1023.7","999.9","005.2","  29.4","  6.1"," 13.1"
"34504099999","48.6","34.9666666","143.0","2020-12-29","  32.2","100000","999.9","  37.0","  30.0"," 13.6"," 0.00","1018.9","999.9","000.6","  33.0","  2.2"," 12.1"
"34504099999","48.6","34.9666666","143.0","2020-12-30","  37.4","100000","999.9","  44.2","  34.9"," 11.7"," 0.00","1020.1","999.9","002.0","  40.2","  4.9","  8.0"
"34504099999","48.6","34.9666666","143.0","2020-12-31","  31.8","100000","999.9","  34.0","  30.9"," 11.7"," 0.00","1018.4","999.9","000.1","  32.7","  2.0","  9.7"
